2025-05-03 17:42:34,053 - INFO - IA: Raquette IA initialisée à la position (565, 195)
2025-05-03 17:42:34,053 - INFO - IA: Niveau défini - Vitesse: 6, Précision: 25, Réaction: 0.85
2025-05-03 17:42:34,053 - INFO - INIT: Vitesse initiale de la balle: 5.0, vitesses des raquettes ajustées
2025-05-03 17:42:34,054 - INFO - Jeu initialisé avec succès
2025-05-03 17:42:34,054 - INFO - Taille de l'écran: 600x480
2025-05-03 17:42:34,054 - INFO - Position initiale raquette gauche: <rect(20, 195, 15, 90)>
2025-05-03 17:42:34,054 - INFO - Position initiale raquette droite: <rect(565, 195, 15, 90)>
2025-05-03 17:42:34,058 - INFO - Position initiale balle: <rect(293, 233, 15, 15)>
2025-05-03 17:42:34,058 - INFO - IA: Raquette droite déplacée de 195 à 201
2025-05-03 17:42:34,075 - INFO - IA: Raquette droite déplacée de 201 à 195
2025-05-03 17:42:34,091 - INFO - IA: Raquette droite déplacée de 195 à 201
2025-05-03 17:42:34,107 - INFO - IA: Raquette droite déplacée de 201 à 207
2025-05-03 17:42:34,124 - INFO - IA: Raquette droite déplacée de 207 à 213
2025-05-03 17:42:34,142 - INFO - IA: Raquette droite déplacée de 213 à 219
2025-05-03 17:42:34,158 - INFO - IA: Raquette droite déplacée de 219 à 213
2025-05-03 17:42:34,175 - INFO - IA: Raquette droite déplacée de 213 à 219
2025-05-03 17:42:34,190 - INFO - IA: Raquette droite déplacée de 219 à 225
2025-05-03 17:42:34,206 - INFO - IA: Raquette droite déplacée de 225 à 219
2025-05-03 17:42:34,222 - INFO - IA: Raquette droite déplacée de 219 à 225
2025-05-03 17:42:34,238 - INFO - IA: Raquette droite déplacée de 225 à 231
2025-05-03 17:42:34,255 - INFO - IA: Raquette droite déplacée de 231 à 237
2025-05-03 17:42:34,272 - INFO - IA: Raquette droite déplacée de 237 à 243
2025-05-03 17:42:34,289 - INFO - IA: Raquette droite déplacée de 243 à 249
2025-05-03 17:42:34,305 - INFO - IA: Raquette droite déplacée de 249 à 255
2025-05-03 17:42:34,322 - INFO - IA: Raquette droite déplacée de 255 à 261
2025-05-03 17:42:34,339 - INFO - IA: Raquette droite déplacée de 261 à 267
2025-05-03 17:42:34,356 - INFO - IA: Raquette droite déplacée de 267 à 273
2025-05-03 17:42:34,372 - INFO - IA: Raquette droite déplacée de 273 à 279
2025-05-03 17:42:34,389 - INFO - IA: Raquette droite déplacée de 279 à 285
2025-05-03 17:42:34,405 - INFO - IA: Raquette droite déplacée de 285 à 291
2025-05-03 17:42:34,423 - INFO - IA: Raquette droite déplacée de 291 à 297
2025-05-03 17:42:34,438 - INFO - IA: Raquette droite déplacée de 297 à 291
2025-05-03 17:42:34,455 - INFO - IA: Raquette droite déplacée de 291 à 297
2025-05-03 17:42:34,472 - INFO - IA: Raquette droite déplacée de 297 à 303
2025-05-03 17:42:34,489 - INFO - IA: Raquette droite déplacée de 303 à 309
2025-05-03 17:42:34,506 - INFO - IA: Raquette droite déplacée de 309 à 315
2025-05-03 17:42:34,523 - INFO - IA: Raquette droite déplacée de 315 à 321
2025-05-03 17:42:34,540 - INFO - IA: Raquette droite déplacée de 321 à 327
2025-05-03 17:42:34,557 - INFO - IA: Raquette droite déplacée de 327 à 333
2025-05-03 17:42:34,574 - INFO - IA: Raquette droite déplacée de 333 à 339
2025-05-03 17:42:34,590 - INFO - IA: Raquette droite déplacée de 339 à 345
2025-05-03 17:42:34,606 - INFO - IA: Raquette droite déplacée de 345 à 351
2025-05-03 17:42:34,622 - INFO - IA: Raquette droite déplacée de 351 à 357
2025-05-03 17:42:34,638 - INFO - IA: Raquette droite déplacée de 357 à 363
2025-05-03 17:42:34,654 - INFO - IA: Raquette droite déplacée de 363 à 357
2025-05-03 17:42:34,670 - INFO - IA: Raquette droite déplacée de 357 à 363
2025-05-03 17:42:34,686 - INFO - IA: Raquette droite déplacée de 363 à 369
2025-05-03 17:42:34,702 - INFO - IA: Raquette droite déplacée de 369 à 375
2025-05-03 17:42:34,720 - INFO - IA: Raquette droite déplacée de 375 à 381
2025-05-03 17:42:34,737 - INFO - IA: Raquette droite déplacée de 381 à 387
2025-05-03 17:42:34,754 - INFO - IA: Raquette droite déplacée de 387 à 390
2025-05-03 17:42:34,822 - INFO - COLLISION: Balle a rebondi sur un mur à la position (528, 468)
2025-05-03 17:42:34,905 - INFO - COLLISION: Balle a rebondi sur une raquette à la position (553, 443)
2025-05-03 17:42:34,905 - INFO - VITESSE: Balle accélérée à 5.5, vitesses raquettes ajustées
2025-05-03 17:42:34,971 - INFO - IA: Raquette droite déplacée de 390 à 383
2025-05-03 17:42:34,987 - INFO - IA: Raquette droite déplacée de 383 à 390
2025-05-03 17:42:35,021 - INFO - INPUT: Joueur appuie sur la touche BAS
2025-05-03 17:42:35,022 - INFO - JOUEUR: Raquette gauche déplacée de 195 à 203
2025-05-03 17:42:35,022 - INFO - IA: Raquette droite déplacée de 390 à 383
2025-05-03 17:42:35,037 - INFO - JOUEUR: Raquette gauche déplacée de 203 à 211
2025-05-03 17:42:35,037 - INFO - IA: Raquette droite déplacée de 383 à 376
2025-05-03 17:42:35,053 - INFO - JOUEUR: Raquette gauche déplacée de 211 à 219
2025-05-03 17:42:35,053 - INFO - IA: Raquette droite déplacée de 376 à 369
2025-05-03 17:42:35,070 - INFO - JOUEUR: Raquette gauche déplacée de 219 à 227
2025-05-03 17:42:35,070 - INFO - IA: Raquette droite déplacée de 369 à 376
2025-05-03 17:42:35,087 - INFO - JOUEUR: Raquette gauche déplacée de 227 à 235
2025-05-03 17:42:35,087 - INFO - IA: Raquette droite déplacée de 376 à 383
2025-05-03 17:42:35,103 - INFO - JOUEUR: Raquette gauche déplacée de 235 à 243
2025-05-03 17:42:35,103 - INFO - IA: Raquette droite déplacée de 383 à 376
2025-05-03 17:42:35,119 - INFO - JOUEUR: Raquette gauche déplacée de 243 à 251
2025-05-03 17:42:35,119 - INFO - IA: Raquette droite déplacée de 376 à 369
2025-05-03 17:42:35,136 - INFO - JOUEUR: Raquette gauche déplacée de 251 à 259
2025-05-03 17:42:35,136 - INFO - IA: Raquette droite déplacée de 369 à 362
2025-05-03 17:42:35,152 - INFO - JOUEUR: Raquette gauche déplacée de 259 à 267
2025-05-03 17:42:35,152 - INFO - IA: Raquette droite déplacée de 362 à 355
2025-05-03 17:42:35,168 - INFO - JOUEUR: Raquette gauche déplacée de 267 à 275
2025-05-03 17:42:35,168 - INFO - IA: Raquette droite déplacée de 355 à 348
2025-05-03 17:42:35,185 - INFO - INPUT: Joueur relâche les touches directionnelles
2025-05-03 17:42:35,185 - INFO - IA: Raquette droite déplacée de 348 à 341
2025-05-03 17:42:35,201 - INFO - IA: Raquette droite déplacée de 341 à 334
2025-05-03 17:42:35,218 - INFO - IA: Raquette droite déplacée de 334 à 327
2025-05-03 17:42:35,235 - INFO - IA: Raquette droite déplacée de 327 à 320
2025-05-03 17:42:35,252 - INFO - IA: Raquette droite déplacée de 320 à 313
2025-05-03 17:42:35,269 - INFO - IA: Raquette droite déplacée de 313 à 306
2025-05-03 17:42:35,285 - INFO - IA: Raquette droite déplacée de 306 à 299
2025-05-03 17:42:35,301 - INFO - IA: Raquette droite déplacée de 299 à 292
2025-05-03 17:42:35,318 - INFO - IA: Raquette droite déplacée de 292 à 285
2025-05-03 17:42:35,334 - INFO - IA: Raquette droite déplacée de 285 à 278
2025-05-03 17:42:35,350 - INFO - INPUT: Joueur appuie sur la touche HAUT
2025-05-03 17:42:35,350 - INFO - JOUEUR: Raquette gauche déplacée de 275 à 267
2025-05-03 17:42:35,350 - INFO - IA: Raquette droite déplacée de 278 à 285
2025-05-03 17:42:35,367 - INFO - JOUEUR: Raquette gauche déplacée de 267 à 259
2025-05-03 17:42:35,367 - INFO - IA: Raquette droite déplacée de 285 à 278
2025-05-03 17:42:35,383 - INFO - JOUEUR: Raquette gauche déplacée de 259 à 251
2025-05-03 17:42:35,383 - INFO - IA: Raquette droite déplacée de 278 à 271
2025-05-03 17:42:35,400 - INFO - JOUEUR: Raquette gauche déplacée de 251 à 243
2025-05-03 17:42:35,400 - INFO - IA: Raquette droite déplacée de 271 à 264
2025-05-03 17:42:35,416 - INFO - JOUEUR: Raquette gauche déplacée de 243 à 235
2025-05-03 17:42:35,416 - INFO - IA: Raquette droite déplacée de 264 à 271
2025-05-03 17:42:35,432 - INFO - JOUEUR: Raquette gauche déplacée de 235 à 227
2025-05-03 17:42:35,432 - INFO - IA: Raquette droite déplacée de 271 à 278
2025-05-03 17:42:35,449 - INFO - JOUEUR: Raquette gauche déplacée de 227 à 219
2025-05-03 17:42:35,449 - INFO - IA: Raquette droite déplacée de 278 à 271
2025-05-03 17:42:35,466 - INFO - JOUEUR: Raquette gauche déplacée de 219 à 211
2025-05-03 17:42:35,466 - INFO - IA: Raquette droite déplacée de 271 à 264
2025-05-03 17:42:35,482 - INFO - JOUEUR: Raquette gauche déplacée de 211 à 203
2025-05-03 17:42:35,482 - INFO - IA: Raquette droite déplacée de 264 à 257
2025-05-03 17:42:35,498 - INFO - JOUEUR: Raquette gauche déplacée de 203 à 195
2025-05-03 17:42:35,498 - INFO - IA: Raquette droite déplacée de 257 à 250
2025-05-03 17:42:35,515 - INFO - JOUEUR: Raquette gauche déplacée de 195 à 187
2025-05-03 17:42:35,515 - INFO - IA: Raquette droite déplacée de 250 à 243
2025-05-03 17:42:35,530 - INFO - JOUEUR: Raquette gauche déplacée de 187 à 179
2025-05-03 17:42:35,530 - INFO - IA: Raquette droite déplacée de 243 à 236
2025-05-03 17:42:35,547 - INFO - JOUEUR: Raquette gauche déplacée de 179 à 171
2025-05-03 17:42:35,547 - INFO - IA: Raquette droite déplacée de 236 à 229
2025-05-03 17:42:35,565 - INFO - JOUEUR: Raquette gauche déplacée de 171 à 163
2025-05-03 17:42:35,565 - INFO - IA: Raquette droite déplacée de 229 à 222
2025-05-03 17:42:35,582 - INFO - JOUEUR: Raquette gauche déplacée de 163 à 155
2025-05-03 17:42:35,582 - INFO - IA: Raquette droite déplacée de 222 à 215
2025-05-03 17:42:35,599 - INFO - JOUEUR: Raquette gauche déplacée de 155 à 147
2025-05-03 17:42:35,599 - INFO - IA: Raquette droite déplacée de 215 à 208
2025-05-03 17:42:35,616 - INFO - JOUEUR: Raquette gauche déplacée de 147 à 139
2025-05-03 17:42:35,616 - INFO - IA: Raquette droite déplacée de 208 à 215
2025-05-03 17:42:35,633 - INFO - JOUEUR: Raquette gauche déplacée de 139 à 131
2025-05-03 17:42:35,633 - INFO - IA: Raquette droite déplacée de 215 à 222
2025-05-03 17:42:35,649 - INFO - JOUEUR: Raquette gauche déplacée de 131 à 123
2025-05-03 17:42:35,649 - INFO - IA: Raquette droite déplacée de 222 à 215
2025-05-03 17:42:35,666 - INFO - JOUEUR: Raquette gauche déplacée de 123 à 115
2025-05-03 17:42:35,666 - INFO - IA: Raquette droite déplacée de 215 à 208
2025-05-03 17:42:35,683 - INFO - JOUEUR: Raquette gauche déplacée de 115 à 107
2025-05-03 17:42:35,683 - INFO - IA: Raquette droite déplacée de 208 à 201
2025-05-03 17:42:35,700 - INFO - JOUEUR: Raquette gauche déplacée de 107 à 99
2025-05-03 17:42:35,700 - INFO - IA: Raquette droite déplacée de 201 à 194
2025-05-03 17:42:35,716 - INFO - JOUEUR: Raquette gauche déplacée de 99 à 91
2025-05-03 17:42:35,716 - INFO - IA: Raquette droite déplacée de 194 à 187
2025-05-03 17:42:35,733 - INFO - JOUEUR: Raquette gauche déplacée de 91 à 83
2025-05-03 17:42:35,733 - INFO - IA: Raquette droite déplacée de 187 à 180
2025-05-03 17:42:35,749 - INFO - JOUEUR: Raquette gauche déplacée de 83 à 75
2025-05-03 17:42:35,749 - INFO - IA: Raquette droite déplacée de 180 à 173
2025-05-03 17:42:35,765 - INFO - JOUEUR: Raquette gauche déplacée de 75 à 67
2025-05-03 17:42:35,765 - INFO - IA: Raquette droite déplacée de 173 à 166
2025-05-03 17:42:35,782 - INFO - JOUEUR: Raquette gauche déplacée de 67 à 59
2025-05-03 17:42:35,782 - INFO - IA: Raquette droite déplacée de 166 à 159
2025-05-03 17:42:35,799 - INFO - JOUEUR: Raquette gauche déplacée de 59 à 51
2025-05-03 17:42:35,799 - INFO - IA: Raquette droite déplacée de 159 à 152
2025-05-03 17:42:35,816 - INFO - JOUEUR: Raquette gauche déplacée de 51 à 43
2025-05-03 17:42:35,816 - INFO - IA: Raquette droite déplacée de 152 à 145
2025-05-03 17:42:35,832 - INFO - JOUEUR: Raquette gauche déplacée de 43 à 35
2025-05-03 17:42:35,832 - INFO - IA: Raquette droite déplacée de 145 à 138
2025-05-03 17:42:35,849 - INFO - JOUEUR: Raquette gauche déplacée de 35 à 27
2025-05-03 17:42:35,849 - INFO - IA: Raquette droite déplacée de 138 à 131
2025-05-03 17:42:35,866 - INFO - JOUEUR: Raquette gauche déplacée de 27 à 19
2025-05-03 17:42:35,866 - INFO - IA: Raquette droite déplacée de 131 à 138
2025-05-03 17:42:35,882 - INFO - JOUEUR: Raquette gauche déplacée de 19 à 11
2025-05-03 17:42:35,882 - INFO - IA: Raquette droite déplacée de 138 à 131
2025-05-03 17:42:35,899 - INFO - JOUEUR: Raquette gauche déplacée de 11 à 3
2025-05-03 17:42:35,899 - INFO - IA: Raquette droite déplacée de 131 à 124
2025-05-03 17:42:35,915 - INFO - JOUEUR: Raquette gauche déplacée de 3 à 0
2025-05-03 17:42:35,915 - INFO - IA: Raquette droite déplacée de 124 à 117
2025-05-03 17:42:35,932 - INFO - IA: Raquette droite déplacée de 117 à 110
2025-05-03 17:42:35,948 - INFO - IA: Raquette droite déplacée de 110 à 103
2025-05-03 17:42:35,965 - INFO - IA: Raquette droite déplacée de 103 à 96
2025-05-03 17:42:35,983 - INFO - IA: Raquette droite déplacée de 96 à 89
2025-05-03 17:42:36,000 - INFO - IA: Raquette droite déplacée de 89 à 82
2025-05-03 17:42:36,016 - INFO - IA: Raquette droite déplacée de 82 à 89
2025-05-03 17:42:36,032 - INFO - IA: Raquette droite déplacée de 89 à 82
2025-05-03 17:42:36,049 - INFO - INPUT: Joueur relâche les touches directionnelles
2025-05-03 17:42:36,049 - INFO - IA: Raquette droite déplacée de 82 à 75
2025-05-03 17:42:36,065 - INFO - IA: Raquette droite déplacée de 75 à 82
2025-05-03 17:42:36,082 - INFO - IA: Raquette droite déplacée de 82 à 75
2025-05-03 17:42:36,098 - INFO - IA: Raquette droite déplacée de 75 à 68
2025-05-03 17:42:36,114 - INFO - IA: Raquette droite déplacée de 68 à 61
2025-05-03 17:42:36,131 - INFO - IA: Raquette droite déplacée de 61 à 54
2025-05-03 17:42:36,148 - INFO - IA: Raquette droite déplacée de 54 à 47
2025-05-03 17:42:36,165 - INFO - IA: Raquette droite déplacée de 47 à 54
2025-05-03 17:42:36,182 - INFO - IA: Raquette droite déplacée de 54 à 47
2025-05-03 17:42:36,198 - INFO - IA: Raquette droite déplacée de 47 à 40
2025-05-03 17:42:36,214 - INFO - IA: Raquette droite déplacée de 40 à 33
2025-05-03 17:42:36,230 - INFO - IA: Raquette droite déplacée de 33 à 26
2025-05-03 17:42:36,247 - INFO - IA: Raquette droite déplacée de 26 à 33
2025-05-03 17:42:36,263 - INFO - IA: Raquette droite déplacée de 33 à 26
2025-05-03 17:42:36,280 - INFO - IA: Raquette droite déplacée de 26 à 19
2025-05-03 17:42:36,296 - INFO - IA: Raquette droite déplacée de 19 à 12
2025-05-03 17:42:36,314 - INFO - IA: Raquette droite déplacée de 12 à 5
2025-05-03 17:42:36,331 - INFO - IA: Raquette droite déplacée de 5 à 0
2025-05-03 17:42:36,381 - INFO - COLLISION: Balle a rebondi sur un mur à la position (108, -2)
2025-05-03 17:42:36,495 - INFO - IA: Raquette droite déplacée de 0 à 7
2025-05-03 17:42:36,512 - INFO - IA: Raquette droite déplacée de 7 à 0
2025-05-03 17:42:36,545 - INFO - INPUT: Joueur appuie sur la touche BAS
2025-05-03 17:42:36,546 - INFO - JOUEUR: Raquette gauche déplacée de 0 à 8
2025-05-03 17:42:36,546 - INFO - IA: Raquette droite déplacée de 0 à 7
2025-05-03 17:42:36,560 - INFO - JOUEUR: Raquette gauche déplacée de 8 à 16
2025-05-03 17:42:36,561 - INFO - IA: Raquette droite déplacée de 7 à 14
2025-05-03 17:42:36,576 - INFO - JOUEUR: Raquette gauche déplacée de 16 à 24
2025-05-03 17:42:36,576 - INFO - IA: Raquette droite déplacée de 14 à 7
2025-05-03 17:42:36,593 - INFO - JOUEUR: Raquette gauche déplacée de 24 à 32
2025-05-03 17:42:36,593 - INFO - IA: Raquette droite déplacée de 7 à 0
2025-05-03 17:42:36,610 - INFO - JOUEUR: Raquette gauche déplacée de 32 à 40
2025-05-03 17:42:36,610 - INFO - IA: Raquette droite déplacée de 0 à 7
2025-05-03 17:42:36,627 - INFO - JOUEUR: Raquette gauche déplacée de 40 à 48
2025-05-03 17:42:36,627 - INFO - IA: Raquette droite déplacée de 7 à 14
2025-05-03 17:42:36,627 - INFO - COLLISION: Balle a rebondi sur une raquette à la position (33, 73)
2025-05-03 17:42:36,627 - INFO - VITESSE: Balle accélérée à 6.1, vitesses raquettes ajustées
2025-05-03 17:42:36,643 - INFO - JOUEUR: Raquette gauche déplacée de 48 à 56
2025-05-03 17:42:36,643 - INFO - IA: Raquette droite déplacée de 14 à 21
2025-05-03 17:42:36,660 - INFO - JOUEUR: Raquette gauche déplacée de 56 à 64
2025-05-03 17:42:36,660 - INFO - IA: Raquette droite déplacée de 21 à 28
2025-05-03 17:42:36,676 - INFO - JOUEUR: Raquette gauche déplacée de 64 à 72
2025-05-03 17:42:36,676 - INFO - IA: Raquette droite déplacée de 28 à 35
2025-05-03 17:42:36,692 - INFO - JOUEUR: Raquette gauche déplacée de 72 à 80
2025-05-03 17:42:36,692 - INFO - IA: Raquette droite déplacée de 35 à 42
2025-05-03 17:42:36,708 - INFO - JOUEUR: Raquette gauche déplacée de 80 à 88
2025-05-03 17:42:36,709 - INFO - IA: Raquette droite déplacée de 42 à 49
2025-05-03 17:42:36,725 - INFO - JOUEUR: Raquette gauche déplacée de 88 à 96
2025-05-03 17:42:36,725 - INFO - IA: Raquette droite déplacée de 49 à 56
2025-05-03 17:42:36,741 - INFO - JOUEUR: Raquette gauche déplacée de 96 à 104
2025-05-03 17:42:36,741 - INFO - IA: Raquette droite déplacée de 56 à 63
2025-05-03 17:42:36,758 - INFO - JOUEUR: Raquette gauche déplacée de 104 à 112
2025-05-03 17:42:36,758 - INFO - IA: Raquette droite déplacée de 63 à 56
2025-05-03 17:42:36,775 - INFO - JOUEUR: Raquette gauche déplacée de 112 à 120
2025-05-03 17:42:36,775 - INFO - IA: Raquette droite déplacée de 56 à 63
2025-05-03 17:42:36,792 - INFO - JOUEUR: Raquette gauche déplacée de 120 à 128
2025-05-03 17:42:36,792 - INFO - IA: Raquette droite déplacée de 63 à 70
2025-05-03 17:42:36,808 - INFO - JOUEUR: Raquette gauche déplacée de 128 à 136
2025-05-03 17:42:36,808 - INFO - IA: Raquette droite déplacée de 70 à 77
2025-05-03 17:42:36,824 - INFO - JOUEUR: Raquette gauche déplacée de 136 à 144
2025-05-03 17:42:36,825 - INFO - IA: Raquette droite déplacée de 77 à 84
2025-05-03 17:42:36,841 - INFO - JOUEUR: Raquette gauche déplacée de 144 à 152
2025-05-03 17:42:36,842 - INFO - IA: Raquette droite déplacée de 84 à 91
2025-05-03 17:42:36,858 - INFO - JOUEUR: Raquette gauche déplacée de 152 à 160
2025-05-03 17:42:36,858 - INFO - IA: Raquette droite déplacée de 91 à 84
2025-05-03 17:42:36,875 - INFO - JOUEUR: Raquette gauche déplacée de 160 à 168
2025-05-03 17:42:36,875 - INFO - IA: Raquette droite déplacée de 84 à 91
2025-05-03 17:42:36,891 - INFO - JOUEUR: Raquette gauche déplacée de 168 à 176
2025-05-03 17:42:36,891 - INFO - IA: Raquette droite déplacée de 91 à 98
2025-05-03 17:42:36,907 - INFO - JOUEUR: Raquette gauche déplacée de 176 à 184
2025-05-03 17:42:36,907 - INFO - IA: Raquette droite déplacée de 98 à 105
2025-05-03 17:42:36,923 - INFO - JOUEUR: Raquette gauche déplacée de 184 à 192
2025-05-03 17:42:36,923 - INFO - IA: Raquette droite déplacée de 105 à 112
2025-05-03 17:42:36,940 - INFO - JOUEUR: Raquette gauche déplacée de 192 à 200
2025-05-03 17:42:36,940 - INFO - IA: Raquette droite déplacée de 112 à 119
2025-05-03 17:42:36,956 - INFO - JOUEUR: Raquette gauche déplacée de 200 à 208
2025-05-03 17:42:36,956 - INFO - IA: Raquette droite déplacée de 119 à 112
2025-05-03 17:42:36,973 - INFO - JOUEUR: Raquette gauche déplacée de 208 à 216
2025-05-03 17:42:36,973 - INFO - IA: Raquette droite déplacée de 112 à 105
2025-05-03 17:42:36,989 - INFO - JOUEUR: Raquette gauche déplacée de 216 à 224
2025-05-03 17:42:36,989 - INFO - IA: Raquette droite déplacée de 105 à 98
2025-05-03 17:42:37,005 - INFO - JOUEUR: Raquette gauche déplacée de 224 à 232
2025-05-03 17:42:37,005 - INFO - IA: Raquette droite déplacée de 98 à 105
2025-05-03 17:42:37,021 - INFO - JOUEUR: Raquette gauche déplacée de 232 à 240
2025-05-03 17:42:37,022 - INFO - IA: Raquette droite déplacée de 105 à 112
2025-05-03 17:42:37,038 - INFO - JOUEUR: Raquette gauche déplacée de 240 à 248
2025-05-03 17:42:37,038 - INFO - IA: Raquette droite déplacée de 112 à 119
2025-05-03 17:42:37,054 - INFO - JOUEUR: Raquette gauche déplacée de 248 à 256
2025-05-03 17:42:37,055 - INFO - IA: Raquette droite déplacée de 119 à 126
2025-05-03 17:42:37,071 - INFO - JOUEUR: Raquette gauche déplacée de 256 à 264
2025-05-03 17:42:37,071 - INFO - IA: Raquette droite déplacée de 126 à 133
2025-05-03 17:42:37,087 - INFO - JOUEUR: Raquette gauche déplacée de 264 à 272
2025-05-03 17:42:37,087 - INFO - IA: Raquette droite déplacée de 133 à 140
2025-05-03 17:42:37,104 - INFO - JOUEUR: Raquette gauche déplacée de 272 à 280
2025-05-03 17:42:37,104 - INFO - IA: Raquette droite déplacée de 140 à 147
2025-05-03 17:42:37,120 - INFO - JOUEUR: Raquette gauche déplacée de 280 à 288
2025-05-03 17:42:37,120 - INFO - IA: Raquette droite déplacée de 147 à 154
2025-05-03 17:42:37,136 - INFO - JOUEUR: Raquette gauche déplacée de 288 à 296
2025-05-03 17:42:37,136 - INFO - IA: Raquette droite déplacée de 154 à 161
2025-05-03 17:42:37,154 - INFO - JOUEUR: Raquette gauche déplacée de 296 à 304
2025-05-03 17:42:37,154 - INFO - IA: Raquette droite déplacée de 161 à 168
2025-05-03 17:42:37,171 - INFO - JOUEUR: Raquette gauche déplacée de 304 à 312
2025-05-03 17:42:37,171 - INFO - IA: Raquette droite déplacée de 168 à 175
2025-05-03 17:42:37,185 - INFO - JOUEUR: Raquette gauche déplacée de 312 à 320
2025-05-03 17:42:37,186 - INFO - IA: Raquette droite déplacée de 175 à 182
2025-05-03 17:42:37,203 - INFO - INPUT: Joueur relâche les touches directionnelles
2025-05-03 17:42:37,203 - INFO - IA: Raquette droite déplacée de 182 à 189
2025-05-03 17:42:37,220 - INFO - IA: Raquette droite déplacée de 189 à 196
2025-05-03 17:42:37,236 - INFO - IA: Raquette droite déplacée de 196 à 203
2025-05-03 17:42:37,252 - INFO - IA: Raquette droite déplacée de 203 à 210
2025-05-03 17:42:37,269 - INFO - IA: Raquette droite déplacée de 210 à 217
2025-05-03 17:42:37,287 - INFO - IA: Raquette droite déplacée de 217 à 210
2025-05-03 17:42:37,303 - INFO - IA: Raquette droite déplacée de 210 à 217
2025-05-03 17:42:37,319 - INFO - IA: Raquette droite déplacée de 217 à 224
2025-05-03 17:42:37,336 - INFO - IA: Raquette droite déplacée de 224 à 217
2025-05-03 17:42:37,352 - INFO - INPUT: Joueur appuie sur la touche HAUT
2025-05-03 17:42:37,353 - INFO - JOUEUR: Raquette gauche déplacée de 320 à 312
2025-05-03 17:42:37,353 - INFO - IA: Raquette droite déplacée de 217 à 224
2025-05-03 17:42:37,368 - INFO - JOUEUR: Raquette gauche déplacée de 312 à 304
2025-05-03 17:42:37,369 - INFO - IA: Raquette droite déplacée de 224 à 231
2025-05-03 17:42:37,385 - INFO - JOUEUR: Raquette gauche déplacée de 304 à 296
2025-05-03 17:42:37,385 - INFO - IA: Raquette droite déplacée de 231 à 238
2025-05-03 17:42:37,402 - INFO - JOUEUR: Raquette gauche déplacée de 296 à 288
2025-05-03 17:42:37,402 - INFO - IA: Raquette droite déplacée de 238 à 245
2025-05-03 17:42:37,419 - INFO - JOUEUR: Raquette gauche déplacée de 288 à 280
2025-05-03 17:42:37,419 - INFO - IA: Raquette droite déplacée de 245 à 252
2025-05-03 17:42:37,435 - INFO - JOUEUR: Raquette gauche déplacée de 280 à 272
2025-05-03 17:42:37,436 - INFO - IA: Raquette droite déplacée de 252 à 259
2025-05-03 17:42:37,452 - INFO - JOUEUR: Raquette gauche déplacée de 272 à 264
2025-05-03 17:42:37,452 - INFO - IA: Raquette droite déplacée de 259 à 266
2025-05-03 17:42:37,469 - INFO - JOUEUR: Raquette gauche déplacée de 264 à 256
2025-05-03 17:42:37,469 - INFO - IA: Raquette droite déplacée de 266 à 273
2025-05-03 17:42:37,486 - INFO - JOUEUR: Raquette gauche déplacée de 256 à 248
2025-05-03 17:42:37,486 - INFO - IA: Raquette droite déplacée de 273 à 280
2025-05-03 17:42:37,502 - INFO - JOUEUR: Raquette gauche déplacée de 248 à 240
2025-05-03 17:42:37,502 - INFO - IA: Raquette droite déplacée de 280 à 287
2025-05-03 17:42:37,519 - INFO - JOUEUR: Raquette gauche déplacée de 240 à 232
2025-05-03 17:42:37,519 - INFO - IA: Raquette droite déplacée de 287 à 294
2025-05-03 17:42:37,536 - INFO - JOUEUR: Raquette gauche déplacée de 232 à 224
2025-05-03 17:42:37,536 - INFO - IA: Raquette droite déplacée de 294 à 301
2025-05-03 17:42:37,553 - INFO - JOUEUR: Raquette gauche déplacée de 224 à 216
2025-05-03 17:42:37,553 - INFO - IA: Raquette droite déplacée de 301 à 308
2025-05-03 17:42:37,570 - INFO - JOUEUR: Raquette gauche déplacée de 216 à 208
2025-05-03 17:42:37,570 - INFO - IA: Raquette droite déplacée de 308 à 315
2025-05-03 17:42:37,587 - INFO - JOUEUR: Raquette gauche déplacée de 208 à 200
2025-05-03 17:42:37,587 - INFO - IA: Raquette droite déplacée de 315 à 322
2025-05-03 17:42:37,604 - INFO - JOUEUR: Raquette gauche déplacée de 200 à 192
2025-05-03 17:42:37,605 - INFO - IA: Raquette droite déplacée de 322 à 329
2025-05-03 17:42:37,622 - INFO - JOUEUR: Raquette gauche déplacée de 192 à 184
2025-05-03 17:42:37,622 - INFO - IA: Raquette droite déplacée de 329 à 336
2025-05-03 17:42:37,638 - INFO - JOUEUR: Raquette gauche déplacée de 184 à 176
2025-05-03 17:42:37,639 - INFO - IA: Raquette droite déplacée de 336 à 329
2025-05-03 17:42:37,656 - INFO - INPUT: Joueur relâche les touches directionnelles
2025-05-03 17:42:37,657 - INFO - IA: Raquette droite déplacée de 329 à 322
2025-05-03 17:42:37,673 - INFO - IA: Raquette droite déplacée de 322 à 315
2025-05-03 17:42:37,689 - INFO - IA: Raquette droite déplacée de 315 à 322
2025-05-03 17:42:37,705 - INFO - IA: Raquette droite déplacée de 322 à 329
2025-05-03 17:42:37,722 - INFO - IA: Raquette droite déplacée de 329 à 336
2025-05-03 17:42:37,739 - INFO - IA: Raquette droite déplacée de 336 à 343
2025-05-03 17:42:37,756 - INFO - IA: Raquette droite déplacée de 343 à 350
2025-05-03 17:42:37,773 - INFO - IA: Raquette droite déplacée de 350 à 357
2025-05-03 17:42:37,788 - INFO - IA: Raquette droite déplacée de 357 à 364
2025-05-03 17:42:37,804 - INFO - IA: Raquette droite déplacée de 364 à 371
2025-05-03 17:42:37,822 - INFO - INPUT: Joueur appuie sur la touche BAS
2025-05-03 17:42:37,822 - INFO - JOUEUR: Raquette gauche déplacée de 176 à 184
2025-05-03 17:42:37,822 - INFO - IA: Raquette droite déplacée de 371 à 378
2025-05-03 17:42:37,838 - INFO - JOUEUR: Raquette gauche déplacée de 184 à 192
2025-05-03 17:42:37,838 - INFO - IA: Raquette droite déplacée de 378 à 385
2025-05-03 17:42:37,854 - INFO - JOUEUR: Raquette gauche déplacée de 192 à 200
2025-05-03 17:42:37,854 - INFO - IA: Raquette droite déplacée de 385 à 390
2025-05-03 17:42:37,870 - INFO - JOUEUR: Raquette gauche déplacée de 200 à 208
2025-05-03 17:42:37,886 - INFO - JOUEUR: Raquette gauche déplacée de 208 à 216
2025-05-03 17:42:37,904 - INFO - JOUEUR: Raquette gauche déplacée de 216 à 224
2025-05-03 17:42:37,919 - INFO - JOUEUR: Raquette gauche déplacée de 224 à 232
2025-05-03 17:42:37,935 - INFO - JOUEUR: Raquette gauche déplacée de 232 à 240
2025-05-03 17:42:37,936 - INFO - COLLISION: Balle a rebondi sur un mur à la position (507, 468)
2025-05-03 17:42:37,951 - INFO - JOUEUR: Raquette gauche déplacée de 240 à 248
2025-05-03 17:42:37,968 - INFO - JOUEUR: Raquette gauche déplacée de 248 à 256
2025-05-03 17:42:37,984 - INFO - JOUEUR: Raquette gauche déplacée de 256 à 264
2025-05-03 17:42:38,001 - INFO - JOUEUR: Raquette gauche déplacée de 264 à 272
2025-05-03 17:42:38,017 - INFO - JOUEUR: Raquette gauche déplacée de 272 à 280
2025-05-03 17:42:38,034 - INFO - JOUEUR: Raquette gauche déplacée de 280 à 288
2025-05-03 17:42:38,050 - INFO - JOUEUR: Raquette gauche déplacée de 288 à 296
2025-05-03 17:42:38,067 - INFO - JOUEUR: Raquette gauche déplacée de 296 à 304
2025-05-03 17:42:38,067 - INFO - COLLISION: Balle a rebondi sur une raquette à la position (555, 428)
2025-05-03 17:42:38,067 - INFO - VITESSE: Balle accélérée à 6.7, vitesses raquettes ajustées
2025-05-03 17:42:38,083 - INFO - JOUEUR: Raquette gauche déplacée de 304 à 313
2025-05-03 17:42:38,101 - INFO - INPUT: Joueur relâche les touches directionnelles
2025-05-03 17:42:38,117 - INFO - IA: Raquette droite déplacée de 390 à 382
2025-05-03 17:42:38,134 - INFO - IA: Raquette droite déplacée de 382 à 374
2025-05-03 17:42:38,149 - INFO - IA: Raquette droite déplacée de 374 à 366
2025-05-03 17:42:38,165 - INFO - IA: Raquette droite déplacée de 366 à 358
2025-05-03 17:42:38,181 - INFO - IA: Raquette droite déplacée de 358 à 366
2025-05-03 17:42:38,197 - INFO - IA: Raquette droite déplacée de 366 à 358
2025-05-03 17:42:38,214 - INFO - IA: Raquette droite déplacée de 358 à 350
2025-05-03 17:42:38,230 - INFO - IA: Raquette droite déplacée de 350 à 358
2025-05-03 17:42:38,247 - INFO - IA: Raquette droite déplacée de 358 à 366
2025-05-03 17:42:38,263 - INFO - IA: Raquette droite déplacée de 366 à 358
2025-05-03 17:42:38,280 - INFO - IA: Raquette droite déplacée de 358 à 350
2025-05-03 17:42:38,296 - INFO - IA: Raquette droite déplacée de 350 à 342
2025-05-03 17:42:38,312 - INFO - IA: Raquette droite déplacée de 342 à 334
2025-05-03 17:42:38,328 - INFO - IA: Raquette droite déplacée de 334 à 326
2025-05-03 17:42:38,345 - INFO - INPUT: Joueur appuie sur la touche HAUT
2025-05-03 17:42:38,345 - INFO - JOUEUR: Raquette gauche déplacée de 313 à 304
2025-05-03 17:42:38,345 - INFO - IA: Raquette droite déplacée de 326 à 318
2025-05-03 17:42:38,361 - INFO - JOUEUR: Raquette gauche déplacée de 304 à 295
2025-05-03 17:42:38,361 - INFO - IA: Raquette droite déplacée de 318 à 326
2025-05-03 17:42:38,378 - INFO - JOUEUR: Raquette gauche déplacée de 295 à 286
2025-05-03 17:42:38,378 - INFO - IA: Raquette droite déplacée de 326 à 334
2025-05-03 17:42:38,396 - INFO - JOUEUR: Raquette gauche déplacée de 286 à 277
2025-05-03 17:42:38,396 - INFO - IA: Raquette droite déplacée de 334 à 342
2025-05-03 17:42:38,412 - INFO - JOUEUR: Raquette gauche déplacée de 277 à 268
2025-05-03 17:42:38,412 - INFO - IA: Raquette droite déplacée de 342 à 334
2025-05-03 17:42:38,429 - INFO - JOUEUR: Raquette gauche déplacée de 268 à 259
2025-05-03 17:42:38,429 - INFO - IA: Raquette droite déplacée de 334 à 326
2025-05-03 17:42:38,446 - INFO - INPUT: Joueur relâche les touches directionnelles
2025-05-03 17:42:38,446 - INFO - IA: Raquette droite déplacée de 326 à 318
2025-05-03 17:42:38,462 - INFO - IA: Raquette droite déplacée de 318 à 310
2025-05-03 17:42:38,477 - INFO - IA: Raquette droite déplacée de 310 à 302
2025-05-03 17:42:38,494 - INFO - IA: Raquette droite déplacée de 302 à 294
2025-05-03 17:42:38,511 - INFO - IA: Raquette droite déplacée de 294 à 286
2025-05-03 17:42:38,528 - INFO - IA: Raquette droite déplacée de 286 à 278
2025-05-03 17:42:38,544 - INFO - IA: Raquette droite déplacée de 278 à 270
2025-05-03 17:42:38,561 - INFO - INPUT: Joueur appuie sur la touche HAUT
2025-05-03 17:42:38,562 - INFO - JOUEUR: Raquette gauche déplacée de 259 à 250
2025-05-03 17:42:38,562 - INFO - IA: Raquette droite déplacée de 270 à 262
2025-05-03 17:42:38,578 - INFO - JOUEUR: Raquette gauche déplacée de 250 à 241
2025-05-03 17:42:38,578 - INFO - IA: Raquette droite déplacée de 262 à 254
2025-05-03 17:42:38,593 - INFO - JOUEUR: Raquette gauche déplacée de 241 à 232
2025-05-03 17:42:38,594 - INFO - IA: Raquette droite déplacée de 254 à 246
2025-05-03 17:42:38,610 - INFO - JOUEUR: Raquette gauche déplacée de 232 à 223
2025-05-03 17:42:38,610 - INFO - IA: Raquette droite déplacée de 246 à 238
2025-05-03 17:42:38,626 - INFO - JOUEUR: Raquette gauche déplacée de 223 à 214
2025-05-03 17:42:38,627 - INFO - IA: Raquette droite déplacée de 238 à 230
2025-05-03 17:42:38,642 - INFO - JOUEUR: Raquette gauche déplacée de 214 à 205
2025-05-03 17:42:38,642 - INFO - IA: Raquette droite déplacée de 230 à 222
2025-05-03 17:42:38,659 - INFO - JOUEUR: Raquette gauche déplacée de 205 à 196
2025-05-03 17:42:38,659 - INFO - IA: Raquette droite déplacée de 222 à 214
2025-05-03 17:42:38,676 - INFO - INPUT: Joueur relâche les touches directionnelles
2025-05-03 17:42:38,676 - INFO - IA: Raquette droite déplacée de 214 à 222
2025-05-03 17:42:38,692 - INFO - IA: Raquette droite déplacée de 222 à 214
2025-05-03 17:42:38,708 - INFO - IA: Raquette droite déplacée de 214 à 206
2025-05-03 17:42:38,726 - INFO - IA: Raquette droite déplacée de 206 à 198
2025-05-03 17:42:38,742 - INFO - IA: Raquette droite déplacée de 198 à 206
2025-05-03 17:42:38,760 - INFO - IA: Raquette droite déplacée de 206 à 198
2025-05-03 17:42:38,775 - INFO - IA: Raquette droite déplacée de 198 à 190
2025-05-03 17:42:38,792 - INFO - INPUT: Joueur appuie sur la touche HAUT
2025-05-03 17:42:38,792 - INFO - JOUEUR: Raquette gauche déplacée de 196 à 187
2025-05-03 17:42:38,793 - INFO - IA: Raquette droite déplacée de 190 à 182
2025-05-03 17:42:38,809 - INFO - JOUEUR: Raquette gauche déplacée de 187 à 178
2025-05-03 17:42:38,809 - INFO - IA: Raquette droite déplacée de 182 à 174
2025-05-03 17:42:38,826 - INFO - JOUEUR: Raquette gauche déplacée de 178 à 169
2025-05-03 17:42:38,826 - INFO - IA: Raquette droite déplacée de 174 à 166
2025-05-03 17:42:38,842 - INFO - JOUEUR: Raquette gauche déplacée de 169 à 160
2025-05-03 17:42:38,842 - INFO - IA: Raquette droite déplacée de 166 à 158
2025-05-03 17:42:38,859 - INFO - JOUEUR: Raquette gauche déplacée de 160 à 151
2025-05-03 17:42:38,859 - INFO - IA: Raquette droite déplacée de 158 à 150
2025-05-03 17:42:38,875 - INFO - JOUEUR: Raquette gauche déplacée de 151 à 142
2025-05-03 17:42:38,875 - INFO - IA: Raquette droite déplacée de 150 à 142
2025-05-03 17:42:38,892 - INFO - JOUEUR: Raquette gauche déplacée de 142 à 133
2025-05-03 17:42:38,892 - INFO - IA: Raquette droite déplacée de 142 à 150
2025-05-03 17:42:38,908 - INFO - JOUEUR: Raquette gauche déplacée de 133 à 124
2025-05-03 17:42:38,908 - INFO - IA: Raquette droite déplacée de 150 à 158
2025-05-03 17:42:38,925 - INFO - JOUEUR: Raquette gauche déplacée de 124 à 115
2025-05-03 17:42:38,925 - INFO - IA: Raquette droite déplacée de 158 à 150
2025-05-03 17:42:38,942 - INFO - JOUEUR: Raquette gauche déplacée de 115 à 106
2025-05-03 17:42:38,942 - INFO - IA: Raquette droite déplacée de 150 à 142
2025-05-03 17:42:38,959 - INFO - JOUEUR: Raquette gauche déplacée de 106 à 97
2025-05-03 17:42:38,959 - INFO - IA: Raquette droite déplacée de 142 à 134
2025-05-03 17:42:38,975 - INFO - JOUEUR: Raquette gauche déplacée de 97 à 88
2025-05-03 17:42:38,976 - INFO - IA: Raquette droite déplacée de 134 à 126
2025-05-03 17:42:38,991 - INFO - JOUEUR: Raquette gauche déplacée de 88 à 79
2025-05-03 17:42:38,991 - INFO - IA: Raquette droite déplacée de 126 à 118
2025-05-03 17:42:39,008 - INFO - INPUT: Joueur relâche les touches directionnelles
2025-05-03 17:42:39,008 - INFO - IA: Raquette droite déplacée de 118 à 126
2025-05-03 17:42:39,024 - INFO - IA: Raquette droite déplacée de 126 à 118
2025-05-03 17:42:39,041 - INFO - IA: Raquette droite déplacée de 118 à 110
2025-05-03 17:42:39,057 - INFO - IA: Raquette droite déplacée de 110 à 102
2025-05-03 17:42:39,073 - INFO - IA: Raquette droite déplacée de 102 à 94
2025-05-03 17:42:39,090 - INFO - INPUT: Joueur appuie sur la touche HAUT
2025-05-03 17:42:39,090 - INFO - JOUEUR: Raquette gauche déplacée de 79 à 70
2025-05-03 17:42:39,090 - INFO - IA: Raquette droite déplacée de 94 à 86
2025-05-03 17:42:39,107 - INFO - JOUEUR: Raquette gauche déplacée de 70 à 61
2025-05-03 17:42:39,108 - INFO - IA: Raquette droite déplacée de 86 à 78
2025-05-03 17:42:39,124 - INFO - JOUEUR: Raquette gauche déplacée de 61 à 52
2025-05-03 17:42:39,124 - INFO - IA: Raquette droite déplacée de 78 à 70
2025-05-03 17:42:39,141 - INFO - JOUEUR: Raquette gauche déplacée de 52 à 43
2025-05-03 17:42:39,141 - INFO - IA: Raquette droite déplacée de 70 à 62
2025-05-03 17:42:39,158 - INFO - JOUEUR: Raquette gauche déplacée de 43 à 34
2025-05-03 17:42:39,158 - INFO - IA: Raquette droite déplacée de 62 à 54
2025-05-03 17:42:39,174 - INFO - JOUEUR: Raquette gauche déplacée de 34 à 25
2025-05-03 17:42:39,174 - INFO - IA: Raquette droite déplacée de 54 à 62
2025-05-03 17:42:39,190 - INFO - JOUEUR: Raquette gauche déplacée de 25 à 16
2025-05-03 17:42:39,190 - INFO - IA: Raquette droite déplacée de 62 à 70
2025-05-03 17:42:39,207 - INFO - JOUEUR: Raquette gauche déplacée de 16 à 7
2025-05-03 17:42:39,208 - INFO - IA: Raquette droite déplacée de 70 à 62
2025-05-03 17:42:39,226 - INFO - INPUT: Joueur relâche les touches directionnelles
2025-05-03 17:42:39,226 - INFO - IA: Raquette droite déplacée de 62 à 54
2025-05-03 17:42:39,242 - INFO - IA: Raquette droite déplacée de 54 à 62
2025-05-03 17:42:39,259 - INFO - IA: Raquette droite déplacée de 62 à 70
2025-05-03 17:42:39,275 - INFO - IA: Raquette droite déplacée de 70 à 62
2025-05-03 17:42:39,292 - INFO - IA: Raquette droite déplacée de 62 à 54
2025-05-03 17:42:39,308 - INFO - IA: Raquette droite déplacée de 54 à 46
2025-05-03 17:42:39,308 - INFO - COLLISION: Balle a rebondi sur une raquette à la position (30, 53)
2025-05-03 17:42:39,308 - INFO - VITESSE: Balle accélérée à 7.3, vitesses raquettes ajustées
2025-05-03 17:42:39,325 - INFO - IA: Raquette droite déplacée de 46 à 37
2025-05-03 17:42:39,342 - INFO - IA: Raquette droite déplacée de 37 à 28
2025-05-03 17:42:39,359 - INFO - IA: Raquette droite déplacée de 28 à 19
2025-05-03 17:42:39,375 - INFO - IA: Raquette droite déplacée de 19 à 10
2025-05-03 17:42:39,392 - INFO - IA: Raquette droite déplacée de 10 à 1
2025-05-03 17:42:39,409 - INFO - IA: Raquette droite déplacée de 1 à 0
2025-05-03 17:42:39,458 - INFO - INPUT: Joueur appuie sur la touche BAS
2025-05-03 17:42:39,459 - INFO - JOUEUR: Raquette gauche déplacée de 7 à 17
2025-05-03 17:42:39,474 - INFO - JOUEUR: Raquette gauche déplacée de 17 à 27
2025-05-03 17:42:39,491 - INFO - JOUEUR: Raquette gauche déplacée de 27 à 37
2025-05-03 17:42:39,491 - INFO - COLLISION: Balle a rebondi sur un mur à la position (107, -2)
2025-05-03 17:42:39,507 - INFO - JOUEUR: Raquette gauche déplacée de 37 à 47
2025-05-03 17:42:39,524 - INFO - JOUEUR: Raquette gauche déplacée de 47 à 57
2025-05-03 17:42:39,541 - INFO - JOUEUR: Raquette gauche déplacée de 57 à 67
2025-05-03 17:42:39,557 - INFO - JOUEUR: Raquette gauche déplacée de 67 à 77
2025-05-03 17:42:39,573 - INFO - JOUEUR: Raquette gauche déplacée de 77 à 87
2025-05-03 17:42:39,589 - INFO - JOUEUR: Raquette gauche déplacée de 87 à 97
2025-05-03 17:42:39,589 - INFO - IA: Raquette droite déplacée de 0 à 9
2025-05-03 17:42:39,605 - INFO - JOUEUR: Raquette gauche déplacée de 97 à 107
2025-05-03 17:42:39,622 - INFO - JOUEUR: Raquette gauche déplacée de 107 à 117
2025-05-03 17:42:39,638 - INFO - JOUEUR: Raquette gauche déplacée de 117 à 127
2025-05-03 17:42:39,639 - INFO - IA: Raquette droite déplacée de 9 à 0
2025-05-03 17:42:39,655 - INFO - JOUEUR: Raquette gauche déplacée de 127 à 137
2025-05-03 17:42:39,655 - INFO - IA: Raquette droite déplacée de 0 à 9
2025-05-03 17:42:39,671 - INFO - JOUEUR: Raquette gauche déplacée de 137 à 147
2025-05-03 17:42:39,671 - INFO - IA: Raquette droite déplacée de 9 à 18
2025-05-03 17:42:39,688 - INFO - JOUEUR: Raquette gauche déplacée de 147 à 157
2025-05-03 17:42:39,688 - INFO - IA: Raquette droite déplacée de 18 à 9
2025-05-03 17:42:39,704 - INFO - JOUEUR: Raquette gauche déplacée de 157 à 167
2025-05-03 17:42:39,705 - INFO - IA: Raquette droite déplacée de 9 à 0
2025-05-03 17:42:39,721 - INFO - JOUEUR: Raquette gauche déplacée de 167 à 177
2025-05-03 17:42:39,721 - INFO - IA: Raquette droite déplacée de 0 à 9
2025-05-03 17:42:39,739 - INFO - JOUEUR: Raquette gauche déplacée de 177 à 187
2025-05-03 17:42:39,739 - INFO - IA: Raquette droite déplacée de 9 à 0
2025-05-03 17:42:39,755 - INFO - JOUEUR: Raquette gauche déplacée de 187 à 197
2025-05-03 17:42:39,755 - INFO - IA: Raquette droite déplacée de 0 à 9
2025-05-03 17:42:39,772 - INFO - JOUEUR: Raquette gauche déplacée de 197 à 207
2025-05-03 17:42:39,772 - INFO - IA: Raquette droite déplacée de 9 à 18
2025-05-03 17:42:39,788 - INFO - JOUEUR: Raquette gauche déplacée de 207 à 217
2025-05-03 17:42:39,788 - INFO - IA: Raquette droite déplacée de 18 à 27
2025-05-03 17:42:39,805 - INFO - JOUEUR: Raquette gauche déplacée de 217 à 227
2025-05-03 17:42:39,805 - INFO - IA: Raquette droite déplacée de 27 à 36
2025-05-03 17:42:39,821 - INFO - JOUEUR: Raquette gauche déplacée de 227 à 237
2025-05-03 17:42:39,821 - INFO - IA: Raquette droite déplacée de 36 à 45
2025-05-03 17:42:39,838 - INFO - INPUT: Joueur relâche les touches directionnelles
2025-05-03 17:42:39,838 - INFO - IA: Raquette droite déplacée de 45 à 54
2025-05-03 17:42:39,855 - INFO - IA: Raquette droite déplacée de 54 à 63
2025-05-03 17:42:39,872 - INFO - IA: Raquette droite déplacée de 63 à 54
2025-05-03 17:42:39,889 - INFO - IA: Raquette droite déplacée de 54 à 63
2025-05-03 17:42:39,906 - INFO - IA: Raquette droite déplacée de 63 à 72
2025-05-03 17:42:39,922 - INFO - IA: Raquette droite déplacée de 72 à 63
2025-05-03 17:42:39,939 - INFO - IA: Raquette droite déplacée de 63 à 54
2025-05-03 17:42:39,955 - INFO - IA: Raquette droite déplacée de 54 à 63
2025-05-03 17:42:39,971 - INFO - IA: Raquette droite déplacée de 63 à 72
2025-05-03 17:42:39,988 - INFO - IA: Raquette droite déplacée de 72 à 81
2025-05-03 17:42:40,003 - INFO - IA: Raquette droite déplacée de 81 à 90
2025-05-03 17:42:40,020 - INFO - IA: Raquette droite déplacée de 90 à 99
2025-05-03 17:42:40,036 - INFO - IA: Raquette droite déplacée de 99 à 108
2025-05-03 17:42:40,053 - INFO - IA: Raquette droite déplacée de 108 à 117
2025-05-03 17:42:40,069 - INFO - IA: Raquette droite déplacée de 117 à 126
2025-05-03 17:42:40,086 - INFO - IA: Raquette droite déplacée de 126 à 117
2025-05-03 17:42:40,102 - INFO - IA: Raquette droite déplacée de 117 à 126
2025-05-03 17:42:40,119 - INFO - IA: Raquette droite déplacée de 126 à 135
2025-05-03 17:42:40,135 - INFO - IA: Raquette droite déplacée de 135 à 144
2025-05-03 17:42:40,152 - INFO - IA: Raquette droite déplacée de 144 à 135
2025-05-03 17:42:40,168 - INFO - IA: Raquette droite déplacée de 135 à 144
2025-05-03 17:42:40,185 - INFO - IA: Raquette droite déplacée de 144 à 153
2025-05-03 17:42:40,201 - INFO - IA: Raquette droite déplacée de 153 à 162
2025-05-03 17:42:40,217 - INFO - IA: Raquette droite déplacée de 162 à 153
2025-05-03 17:42:40,233 - INFO - IA: Raquette droite déplacée de 153 à 162
2025-05-03 17:42:40,251 - INFO - IA: Raquette droite déplacée de 162 à 171
2025-05-03 17:42:40,268 - INFO - IA: Raquette droite déplacée de 171 à 180
2025-05-03 17:42:40,285 - INFO - IA: Raquette droite déplacée de 180 à 189
2025-05-03 17:42:40,303 - INFO - INPUT: Joueur appuie sur la touche HAUT
2025-05-03 17:42:40,303 - INFO - JOUEUR: Raquette gauche déplacée de 237 à 227
2025-05-03 17:42:40,303 - INFO - IA: Raquette droite déplacée de 189 à 198
2025-05-03 17:42:40,320 - INFO - JOUEUR: Raquette gauche déplacée de 227 à 217
2025-05-03 17:42:40,320 - INFO - IA: Raquette droite déplacée de 198 à 207
2025-05-03 17:42:40,335 - INFO - JOUEUR: Raquette gauche déplacée de 217 à 207
2025-05-03 17:42:40,335 - INFO - IA: Raquette droite déplacée de 207 à 198
2025-05-03 17:42:40,352 - INFO - JOUEUR: Raquette gauche déplacée de 207 à 197
2025-05-03 17:42:40,352 - INFO - IA: Raquette droite déplacée de 198 à 207
2025-05-03 17:42:40,370 - INFO - JOUEUR: Raquette gauche déplacée de 197 à 187
2025-05-03 17:42:40,370 - INFO - IA: Raquette droite déplacée de 207 à 216
2025-05-03 17:42:40,387 - INFO - INPUT: Joueur relâche les touches directionnelles
2025-05-03 17:42:40,387 - INFO - IA: Raquette droite déplacée de 216 à 225
2025-05-03 17:42:40,402 - INFO - IA: Raquette droite déplacée de 225 à 234
2025-05-03 17:42:40,418 - INFO - IA: Raquette droite déplacée de 234 à 243
2025-05-03 17:42:40,434 - INFO - IA: Raquette droite déplacée de 243 à 234
2025-05-03 17:42:40,451 - INFO - IA: Raquette droite déplacée de 234 à 225
2025-05-03 17:42:40,468 - INFO - IA: Raquette droite déplacée de 225 à 216
2025-05-03 17:42:40,483 - INFO - IA: Raquette droite déplacée de 216 à 225
2025-05-03 17:42:40,499 - INFO - IA: Raquette droite déplacée de 225 à 234
2025-05-03 17:42:40,515 - INFO - IA: Raquette droite déplacée de 234 à 243
2025-05-03 17:42:40,532 - INFO - IA: Raquette droite déplacée de 243 à 252
2025-05-03 17:42:40,549 - INFO - IA: Raquette droite déplacée de 252 à 261
2025-05-03 17:42:40,549 - INFO - COLLISION: Balle a rebondi sur une raquette à la position (555, 318)
2025-05-03 17:42:40,549 - INFO - VITESSE: Balle accélérée à 8.1, vitesses raquettes ajustées
2025-05-03 17:42:40,566 - INFO - IA: Raquette droite déplacée de 261 à 271
2025-05-03 17:42:40,582 - INFO - IA: Raquette droite déplacée de 271 à 261
2025-05-03 17:42:40,598 - INFO - IA: Raquette droite déplacée de 261 à 271
2025-05-03 17:42:40,614 - INFO - IA: Raquette droite déplacée de 271 à 281
2025-05-03 17:42:40,631 - INFO - INPUT: Joueur appuie sur la touche HAUT
2025-05-03 17:42:40,631 - INFO - JOUEUR: Raquette gauche déplacée de 187 à 176
2025-05-03 17:42:40,632 - INFO - IA: Raquette droite déplacée de 281 à 291
2025-05-03 17:42:40,648 - INFO - JOUEUR: Raquette gauche déplacée de 176 à 165
2025-05-03 17:42:40,665 - INFO - JOUEUR: Raquette gauche déplacée de 165 à 154
2025-05-03 17:42:40,665 - INFO - IA: Raquette droite déplacée de 291 à 301
2025-05-03 17:42:40,681 - INFO - JOUEUR: Raquette gauche déplacée de 154 à 143
2025-05-03 17:42:40,681 - INFO - IA: Raquette droite déplacée de 301 à 311
2025-05-03 17:42:40,698 - INFO - JOUEUR: Raquette gauche déplacée de 143 à 132
2025-05-03 17:42:40,698 - INFO - IA: Raquette droite déplacée de 311 à 321
2025-05-03 17:42:40,715 - INFO - JOUEUR: Raquette gauche déplacée de 132 à 121
2025-05-03 17:42:40,716 - INFO - IA: Raquette droite déplacée de 321 à 331
2025-05-03 17:42:40,732 - INFO - JOUEUR: Raquette gauche déplacée de 121 à 110
2025-05-03 17:42:40,732 - INFO - IA: Raquette droite déplacée de 331 à 321
2025-05-03 17:42:40,748 - INFO - INPUT: Joueur relâche les touches directionnelles
2025-05-03 17:42:40,748 - INFO - IA: Raquette droite déplacée de 321 à 331
2025-05-03 17:42:40,765 - INFO - IA: Raquette droite déplacée de 331 à 341
2025-05-03 17:42:40,781 - INFO - IA: Raquette droite déplacée de 341 à 351
2025-05-03 17:42:40,797 - INFO - IA: Raquette droite déplacée de 351 à 341
2025-05-03 17:42:40,813 - INFO - IA: Raquette droite déplacée de 341 à 351
2025-05-03 17:42:40,830 - INFO - IA: Raquette droite déplacée de 351 à 361
2025-05-03 17:42:40,846 - INFO - IA: Raquette droite déplacée de 361 à 371
2025-05-03 17:42:40,863 - INFO - IA: Raquette droite déplacée de 371 à 381
2025-05-03 17:42:40,879 - INFO - IA: Raquette droite déplacée de 381 à 371
2025-05-03 17:42:40,897 - INFO - INPUT: Joueur appuie sur la touche BAS
2025-05-03 17:42:40,897 - INFO - JOUEUR: Raquette gauche déplacée de 110 à 121
2025-05-03 17:42:40,897 - INFO - IA: Raquette droite déplacée de 371 à 381
2025-05-03 17:42:40,912 - INFO - JOUEUR: Raquette gauche déplacée de 121 à 132
2025-05-03 17:42:40,912 - INFO - IA: Raquette droite déplacée de 381 à 390
2025-05-03 17:42:40,928 - INFO - JOUEUR: Raquette gauche déplacée de 132 à 143
2025-05-03 17:42:40,929 - INFO - IA: Raquette droite déplacée de 390 à 380
2025-05-03 17:42:40,944 - INFO - JOUEUR: Raquette gauche déplacée de 143 à 154
2025-05-03 17:42:40,944 - INFO - IA: Raquette droite déplacée de 380 à 390
2025-05-03 17:42:40,961 - INFO - JOUEUR: Raquette gauche déplacée de 154 à 165
2025-05-03 17:42:40,976 - INFO - JOUEUR: Raquette gauche déplacée de 165 à 176
2025-05-03 17:42:40,992 - INFO - JOUEUR: Raquette gauche déplacée de 176 à 187
2025-05-03 17:42:41,008 - INFO - JOUEUR: Raquette gauche déplacée de 187 à 198
2025-05-03 17:42:41,025 - INFO - JOUEUR: Raquette gauche déplacée de 198 à 209
2025-05-03 17:42:41,041 - INFO - JOUEUR: Raquette gauche déplacée de 209 à 220
2025-05-03 17:42:41,042 - INFO - COLLISION: Balle a rebondi sur un mur à la position (315, 468)
2025-05-03 17:42:41,058 - INFO - JOUEUR: Raquette gauche déplacée de 220 à 231
2025-05-03 17:42:41,075 - INFO - JOUEUR: Raquette gauche déplacée de 231 à 242
2025-05-03 17:42:41,092 - INFO - JOUEUR: Raquette gauche déplacée de 242 à 253
2025-05-03 17:42:41,108 - INFO - JOUEUR: Raquette gauche déplacée de 253 à 264
2025-05-03 17:42:41,125 - INFO - JOUEUR: Raquette gauche déplacée de 264 à 275
2025-05-03 17:42:41,125 - INFO - IA: Raquette droite déplacée de 390 à 380
2025-05-03 17:42:41,142 - INFO - JOUEUR: Raquette gauche déplacée de 275 à 286
2025-05-03 17:42:41,143 - INFO - IA: Raquette droite déplacée de 380 à 370
2025-05-03 17:42:41,159 - INFO - JOUEUR: Raquette gauche déplacée de 286 à 297
2025-05-03 17:42:41,159 - INFO - IA: Raquette droite déplacée de 370 à 380
2025-05-03 17:42:41,175 - INFO - JOUEUR: Raquette gauche déplacée de 297 à 308
2025-05-03 17:42:41,176 - INFO - IA: Raquette droite déplacée de 380 à 390
2025-05-03 17:42:41,191 - INFO - JOUEUR: Raquette gauche déplacée de 308 à 319
2025-05-03 17:42:41,191 - INFO - IA: Raquette droite déplacée de 390 à 380
2025-05-03 17:42:41,207 - INFO - JOUEUR: Raquette gauche déplacée de 319 à 330
2025-05-03 17:42:41,207 - INFO - IA: Raquette droite déplacée de 380 à 370
2025-05-03 17:42:41,224 - INFO - JOUEUR: Raquette gauche déplacée de 330 à 341
2025-05-03 17:42:41,224 - INFO - IA: Raquette droite déplacée de 370 à 380
2025-05-03 17:42:41,240 - INFO - INPUT: Joueur relâche les touches directionnelles
2025-05-03 17:42:41,241 - INFO - IA: Raquette droite déplacée de 380 à 370
2025-05-03 17:42:41,257 - INFO - IA: Raquette droite déplacée de 370 à 360
2025-05-03 17:42:41,274 - INFO - IA: Raquette droite déplacée de 360 à 370
2025-05-03 17:42:41,290 - INFO - IA: Raquette droite déplacée de 370 à 360
2025-05-03 17:42:41,306 - INFO - IA: Raquette droite déplacée de 360 à 350
2025-05-03 17:42:41,322 - INFO - IA: Raquette droite déplacée de 350 à 360
2025-05-03 17:42:41,338 - INFO - IA: Raquette droite déplacée de 360 à 370
2025-05-03 17:42:41,355 - INFO - IA: Raquette droite déplacée de 370 à 360
2025-05-03 17:42:41,372 - INFO - IA: Raquette droite déplacée de 360 à 350
2025-05-03 17:42:41,389 - INFO - IA: Raquette droite déplacée de 350 à 340
2025-05-03 17:42:41,405 - INFO - IA: Raquette droite déplacée de 340 à 330
2025-05-03 17:42:41,422 - INFO - IA: Raquette droite déplacée de 330 à 320
2025-05-03 17:42:41,438 - INFO - IA: Raquette droite déplacée de 320 à 310
2025-05-03 17:42:41,455 - INFO - IA: Raquette droite déplacée de 310 à 320
2025-05-03 17:42:41,471 - INFO - IA: Raquette droite déplacée de 320 à 310
2025-05-03 17:42:41,488 - INFO - IA: Raquette droite déplacée de 310 à 300
2025-05-03 17:42:41,504 - INFO - IA: Raquette droite déplacée de 300 à 310
2025-05-03 17:42:41,521 - INFO - IA: Raquette droite déplacée de 310 à 300
2025-05-03 17:42:41,538 - INFO - IA: Raquette droite déplacée de 300 à 290
2025-05-03 17:42:41,557 - INFO - INPUT: Joueur appuie sur la touche HAUT
2025-05-03 17:42:41,557 - INFO - JOUEUR: Raquette gauche déplacée de 341 à 330
2025-05-03 17:42:41,557 - INFO - IA: Raquette droite déplacée de 290 à 280
2025-05-03 17:42:41,571 - INFO - JOUEUR: Raquette gauche déplacée de 330 à 319
2025-05-03 17:42:41,571 - INFO - IA: Raquette droite déplacée de 280 à 270
2025-05-03 17:42:41,588 - INFO - JOUEUR: Raquette gauche déplacée de 319 à 308
2025-05-03 17:42:41,588 - INFO - IA: Raquette droite déplacée de 270 à 280
2025-05-03 17:42:41,604 - INFO - JOUEUR: Raquette gauche déplacée de 308 à 297
2025-05-03 17:42:41,604 - INFO - IA: Raquette droite déplacée de 280 à 290
2025-05-03 17:42:41,621 - INFO - JOUEUR: Raquette gauche déplacée de 297 à 286
2025-05-03 17:42:41,621 - INFO - IA: Raquette droite déplacée de 290 à 300
2025-05-03 17:42:41,638 - INFO - JOUEUR: Raquette gauche déplacée de 286 à 275
2025-05-03 17:42:41,638 - INFO - IA: Raquette droite déplacée de 300 à 290
2025-05-03 17:42:41,638 - INFO - COLLISION: Balle a rebondi sur une raquette à la position (27, 288)
2025-05-03 17:42:41,639 - INFO - VITESSE: Balle accélérée à 8.9, vitesses raquettes ajustées
2025-05-03 17:42:41,655 - INFO - JOUEUR: Raquette gauche déplacée de 275 à 263
2025-05-03 17:42:41,656 - INFO - IA: Raquette droite déplacée de 290 à 279
2025-05-03 17:42:41,672 - INFO - JOUEUR: Raquette gauche déplacée de 263 à 251
2025-05-03 17:42:41,672 - INFO - IA: Raquette droite déplacée de 279 à 268
2025-05-03 17:42:41,689 - INFO - JOUEUR: Raquette gauche déplacée de 251 à 239
2025-05-03 17:42:41,689 - INFO - IA: Raquette droite déplacée de 268 à 257
2025-05-03 17:42:41,705 - INFO - JOUEUR: Raquette gauche déplacée de 239 à 227
2025-05-03 17:42:41,705 - INFO - IA: Raquette droite déplacée de 257 à 246
2025-05-03 17:42:41,722 - INFO - JOUEUR: Raquette gauche déplacée de 227 à 215
2025-05-03 17:42:41,722 - INFO - IA: Raquette droite déplacée de 246 à 235
2025-05-03 17:42:41,739 - INFO - JOUEUR: Raquette gauche déplacée de 215 à 203
2025-05-03 17:42:41,739 - INFO - IA: Raquette droite déplacée de 235 à 246
2025-05-03 17:42:41,755 - INFO - JOUEUR: Raquette gauche déplacée de 203 à 191
2025-05-03 17:42:41,756 - INFO - IA: Raquette droite déplacée de 246 à 235
2025-05-03 17:42:41,772 - INFO - JOUEUR: Raquette gauche déplacée de 191 à 179
2025-05-03 17:42:41,772 - INFO - IA: Raquette droite déplacée de 235 à 224
2025-05-03 17:42:41,788 - INFO - JOUEUR: Raquette gauche déplacée de 179 à 167
2025-05-03 17:42:41,789 - INFO - IA: Raquette droite déplacée de 224 à 213
2025-05-03 17:42:41,805 - INFO - JOUEUR: Raquette gauche déplacée de 167 à 155
2025-05-03 17:42:41,805 - INFO - IA: Raquette droite déplacée de 213 à 202
2025-05-03 17:42:41,821 - INFO - JOUEUR: Raquette gauche déplacée de 155 à 143
2025-05-03 17:42:41,821 - INFO - IA: Raquette droite déplacée de 202 à 191
2025-05-03 17:42:41,837 - INFO - JOUEUR: Raquette gauche déplacée de 143 à 131
2025-05-03 17:42:41,838 - INFO - IA: Raquette droite déplacée de 191 à 180
2025-05-03 17:42:41,854 - INFO - JOUEUR: Raquette gauche déplacée de 131 à 119
2025-05-03 17:42:41,855 - INFO - IA: Raquette droite déplacée de 180 à 191
2025-05-03 17:42:41,871 - INFO - JOUEUR: Raquette gauche déplacée de 119 à 107
2025-05-03 17:42:41,871 - INFO - IA: Raquette droite déplacée de 191 à 202
2025-05-03 17:42:41,888 - INFO - JOUEUR: Raquette gauche déplacée de 107 à 95
2025-05-03 17:42:41,888 - INFO - IA: Raquette droite déplacée de 202 à 191
2025-05-03 17:42:41,905 - INFO - JOUEUR: Raquette gauche déplacée de 95 à 83
2025-05-03 17:42:41,905 - INFO - IA: Raquette droite déplacée de 191 à 180
2025-05-03 17:42:41,921 - INFO - JOUEUR: Raquette gauche déplacée de 83 à 71
2025-05-03 17:42:41,922 - INFO - IA: Raquette droite déplacée de 180 à 191
2025-05-03 17:42:41,938 - INFO - JOUEUR: Raquette gauche déplacée de 71 à 59
2025-05-03 17:42:41,938 - INFO - IA: Raquette droite déplacée de 191 à 180
2025-05-03 17:42:41,954 - INFO - JOUEUR: Raquette gauche déplacée de 59 à 47
2025-05-03 17:42:41,954 - INFO - IA: Raquette droite déplacée de 180 à 169
2025-05-03 17:42:41,971 - INFO - JOUEUR: Raquette gauche déplacée de 47 à 35
2025-05-03 17:42:41,971 - INFO - IA: Raquette droite déplacée de 169 à 180
2025-05-03 17:42:41,986 - INFO - JOUEUR: Raquette gauche déplacée de 35 à 23
2025-05-03 17:42:41,987 - INFO - IA: Raquette droite déplacée de 180 à 191
2025-05-03 17:42:42,003 - INFO - JOUEUR: Raquette gauche déplacée de 23 à 11
2025-05-03 17:42:42,003 - INFO - IA: Raquette droite déplacée de 191 à 180
2025-05-03 17:42:42,020 - INFO - JOUEUR: Raquette gauche déplacée de 11 à 0
2025-05-03 17:42:42,020 - INFO - IA: Raquette droite déplacée de 180 à 169
2025-05-03 17:42:42,037 - INFO - IA: Raquette droite déplacée de 169 à 158
2025-05-03 17:42:42,054 - INFO - INPUT: Joueur relâche les touches directionnelles
2025-05-03 17:42:42,054 - INFO - IA: Raquette droite déplacée de 158 à 147
2025-05-03 17:42:42,072 - INFO - IA: Raquette droite déplacée de 147 à 136
2025-05-03 17:42:42,087 - INFO - IA: Raquette droite déplacée de 136 à 125
2025-05-03 17:42:42,104 - INFO - IA: Raquette droite déplacée de 125 à 114
2025-05-03 17:42:42,120 - INFO - IA: Raquette droite déplacée de 114 à 103
2025-05-03 17:42:42,136 - INFO - IA: Raquette droite déplacée de 103 à 92
2025-05-03 17:42:42,154 - INFO - IA: Raquette droite déplacée de 92 à 103
2025-05-03 17:42:42,171 - INFO - IA: Raquette droite déplacée de 103 à 92
2025-05-03 17:42:42,187 - INFO - IA: Raquette droite déplacée de 92 à 103
2025-05-03 17:42:42,204 - INFO - IA: Raquette droite déplacée de 103 à 114
2025-05-03 17:42:42,221 - INFO - IA: Raquette droite déplacée de 114 à 103
2025-05-03 17:42:42,238 - INFO - IA: Raquette droite déplacée de 103 à 92
2025-05-03 17:42:42,255 - INFO - IA: Raquette droite déplacée de 92 à 81
2025-05-03 17:42:42,272 - INFO - IA: Raquette droite déplacée de 81 à 70
2025-05-03 17:42:42,289 - INFO - IA: Raquette droite déplacée de 70 à 59
2025-05-03 17:42:42,306 - INFO - IA: Raquette droite déplacée de 59 à 48
2025-05-03 17:42:42,323 - INFO - IA: Raquette droite déplacée de 48 à 37
2025-05-03 17:42:42,340 - INFO - IA: Raquette droite déplacée de 37 à 26
2025-05-03 17:42:42,374 - INFO - IA: Raquette droite déplacée de 26 à 15
2025-05-03 17:42:42,391 - INFO - IA: Raquette droite déplacée de 15 à 26
2025-05-03 17:42:42,408 - INFO - IA: Raquette droite déplacée de 26 à 15
2025-05-03 17:42:42,424 - INFO - IA: Raquette droite déplacée de 15 à 4
2025-05-03 17:42:42,441 - INFO - IA: Raquette droite déplacée de 4 à 15
2025-05-03 17:42:42,457 - INFO - IA: Raquette droite déplacée de 15 à 4
2025-05-03 17:42:42,475 - INFO - IA: Raquette droite déplacée de 4 à 15
2025-05-03 17:42:42,491 - INFO - IA: Raquette droite déplacée de 15 à 4
2025-05-03 17:42:42,508 - INFO - IA: Raquette droite déplacée de 4 à 0
2025-05-03 17:42:42,525 - INFO - IA: Raquette droite déplacée de 0 à 11
2025-05-03 17:42:42,542 - INFO - IA: Raquette droite déplacée de 11 à 0
2025-05-03 17:42:42,606 - INFO - COLLISION: Balle a rebondi sur un mur à la position (549, -2)
2025-05-03 17:42:42,623 - INFO - INPUT: Joueur appuie sur la touche BAS
2025-05-03 17:42:42,623 - INFO - JOUEUR: Raquette gauche déplacée de 0 à 12
2025-05-03 17:42:42,623 - INFO - COLLISION: Balle a rebondi sur une raquette à la position (558, 3)
2025-05-03 17:42:42,624 - INFO - VITESSE: Balle accélérée à 9.7, vitesses raquettes ajustées
2025-05-03 17:42:42,639 - INFO - JOUEUR: Raquette gauche déplacée de 12 à 26
2025-05-03 17:42:42,656 - INFO - JOUEUR: Raquette gauche déplacée de 26 à 40
2025-05-03 17:42:42,673 - INFO - JOUEUR: Raquette gauche déplacée de 40 à 54
2025-05-03 17:42:42,689 - INFO - JOUEUR: Raquette gauche déplacée de 54 à 68
2025-05-03 17:42:42,705 - INFO - JOUEUR: Raquette gauche déplacée de 68 à 82
2025-05-03 17:42:42,721 - INFO - JOUEUR: Raquette gauche déplacée de 82 à 96
2025-05-03 17:42:42,722 - INFO - IA: Raquette droite déplacée de 0 à 12
2025-05-03 17:42:42,739 - INFO - INPUT: Joueur relâche les touches directionnelles
2025-05-03 17:42:42,739 - INFO - IA: Raquette droite déplacée de 12 à 0
2025-05-03 17:42:42,789 - INFO - IA: Raquette droite déplacée de 0 à 12
2025-05-03 17:42:42,806 - INFO - IA: Raquette droite déplacée de 12 à 24
2025-05-03 17:42:42,822 - INFO - IA: Raquette droite déplacée de 24 à 36
2025-05-03 17:42:42,838 - INFO - INPUT: Joueur appuie sur la touche BAS
2025-05-03 17:42:42,838 - INFO - JOUEUR: Raquette gauche déplacée de 96 à 110
2025-05-03 17:42:42,838 - INFO - IA: Raquette droite déplacée de 36 à 48
2025-05-03 17:42:42,854 - INFO - JOUEUR: Raquette gauche déplacée de 110 à 124
2025-05-03 17:42:42,854 - INFO - IA: Raquette droite déplacée de 48 à 36
2025-05-03 17:42:42,870 - INFO - JOUEUR: Raquette gauche déplacée de 124 à 138
2025-05-03 17:42:42,887 - INFO - JOUEUR: Raquette gauche déplacée de 138 à 152
2025-05-03 17:42:42,887 - INFO - IA: Raquette droite déplacée de 36 à 24
2025-05-03 17:42:42,904 - INFO - JOUEUR: Raquette gauche déplacée de 152 à 166
2025-05-03 17:42:42,904 - INFO - IA: Raquette droite déplacée de 24 à 12
2025-05-03 17:42:42,920 - INFO - JOUEUR: Raquette gauche déplacée de 166 à 180
2025-05-03 17:42:42,921 - INFO - IA: Raquette droite déplacée de 12 à 24
2025-05-03 17:42:42,937 - INFO - INPUT: Joueur relâche les touches directionnelles
2025-05-03 17:42:42,937 - INFO - IA: Raquette droite déplacée de 24 à 36
2025-05-03 17:42:42,953 - INFO - IA: Raquette droite déplacée de 36 à 48
2025-05-03 17:42:42,968 - INFO - IA: Raquette droite déplacée de 48 à 60
2025-05-03 17:42:42,985 - INFO - IA: Raquette droite déplacée de 60 à 48
2025-05-03 17:42:43,002 - INFO - IA: Raquette droite déplacée de 48 à 60
2025-05-03 17:42:43,019 - INFO - IA: Raquette droite déplacée de 60 à 72
2025-05-03 17:42:43,036 - INFO - IA: Raquette droite déplacée de 72 à 60
2025-05-03 17:42:43,052 - INFO - IA: Raquette droite déplacée de 60 à 72
2025-05-03 17:42:43,068 - INFO - IA: Raquette droite déplacée de 72 à 84
2025-05-03 17:42:43,085 - INFO - IA: Raquette droite déplacée de 84 à 96
2025-05-03 17:42:43,101 - INFO - IA: Raquette droite déplacée de 96 à 108
2025-05-03 17:42:43,118 - INFO - IA: Raquette droite déplacée de 108 à 120
2025-05-03 17:42:43,135 - INFO - IA: Raquette droite déplacée de 120 à 108
2025-05-03 17:42:43,151 - INFO - IA: Raquette droite déplacée de 108 à 120
2025-05-03 17:42:43,168 - INFO - IA: Raquette droite déplacée de 120 à 132
2025-05-03 17:42:43,185 - INFO - IA: Raquette droite déplacée de 132 à 144
2025-05-03 17:42:43,202 - INFO - IA: Raquette droite déplacée de 144 à 132
2025-05-03 17:42:43,219 - INFO - IA: Raquette droite déplacée de 132 à 120
2025-05-03 17:42:43,235 - INFO - IA: Raquette droite déplacée de 120 à 132
2025-05-03 17:42:43,252 - INFO - IA: Raquette droite déplacée de 132 à 144
2025-05-03 17:42:43,268 - INFO - IA: Raquette droite déplacée de 144 à 132
2025-05-03 17:42:43,285 - INFO - IA: Raquette droite déplacée de 132 à 144
2025-05-03 17:42:43,302 - INFO - IA: Raquette droite déplacée de 144 à 156
2025-05-03 17:42:43,318 - INFO - IA: Raquette droite déplacée de 156 à 168
2025-05-03 17:42:43,334 - INFO - IA: Raquette droite déplacée de 168 à 156
2025-05-03 17:42:43,350 - INFO - IA: Raquette droite déplacée de 156 à 168
2025-05-03 17:42:43,366 - INFO - IA: Raquette droite déplacée de 168 à 180
2025-05-03 17:42:43,383 - INFO - IA: Raquette droite déplacée de 180 à 192
2025-05-03 17:42:43,400 - INFO - IA: Raquette droite déplacée de 192 à 204
2025-05-03 17:42:43,417 - INFO - IA: Raquette droite déplacée de 204 à 192
2025-05-03 17:42:43,433 - INFO - IA: Raquette droite déplacée de 192 à 180
2025-05-03 17:42:43,450 - INFO - IA: Raquette droite déplacée de 180 à 192
2025-05-03 17:42:43,468 - INFO - IA: Raquette droite déplacée de 192 à 204
2025-05-03 17:42:43,483 - INFO - IA: Raquette droite déplacée de 204 à 192
2025-05-03 17:42:43,500 - INFO - IA: Raquette droite déplacée de 192 à 204
2025-05-03 17:42:43,501 - INFO - COLLISION: Balle a rebondi sur une raquette à la position (28, 268)
2025-05-03 17:42:43,501 - INFO - VITESSE: Balle accélérée à 10.7, vitesses raquettes ajustées
2025-05-03 17:42:43,517 - INFO - IA: Raquette droite déplacée de 204 à 216
2025-05-03 17:42:43,534 - INFO - IA: Raquette droite déplacée de 216 à 228
2025-05-03 17:42:43,552 - INFO - IA: Raquette droite déplacée de 228 à 240
2025-05-03 17:42:43,569 - INFO - IA: Raquette droite déplacée de 240 à 228
2025-05-03 17:42:43,585 - INFO - IA: Raquette droite déplacée de 228 à 216
2025-05-03 17:42:43,602 - INFO - IA: Raquette droite déplacée de 216 à 228
2025-05-03 17:42:43,619 - INFO - IA: Raquette droite déplacée de 228 à 240
2025-05-03 17:42:43,636 - INFO - IA: Raquette droite déplacée de 240 à 252
2025-05-03 17:42:43,652 - INFO - IA: Raquette droite déplacée de 252 à 264
2025-05-03 17:42:43,668 - INFO - IA: Raquette droite déplacée de 264 à 276
2025-05-03 17:42:43,684 - INFO - IA: Raquette droite déplacée de 276 à 264
2025-05-03 17:42:43,701 - INFO - IA: Raquette droite déplacée de 264 à 252
2025-05-03 17:42:43,717 - INFO - IA: Raquette droite déplacée de 252 à 264
2025-05-03 17:42:43,734 - INFO - IA: Raquette droite déplacée de 264 à 276
2025-05-03 17:42:43,750 - INFO - IA: Raquette droite déplacée de 276 à 288
2025-05-03 17:42:43,767 - INFO - INPUT: Joueur appuie sur la touche BAS
2025-05-03 17:42:43,767 - INFO - JOUEUR: Raquette gauche déplacée de 180 à 194
2025-05-03 17:42:43,767 - INFO - IA: Raquette droite déplacée de 288 à 300
2025-05-03 17:42:43,784 - INFO - JOUEUR: Raquette gauche déplacée de 194 à 208
2025-05-03 17:42:43,784 - INFO - IA: Raquette droite déplacée de 300 à 312
2025-05-03 17:42:43,801 - INFO - JOUEUR: Raquette gauche déplacée de 208 à 222
2025-05-03 17:42:43,801 - INFO - IA: Raquette droite déplacée de 312 à 324
2025-05-03 17:42:43,817 - INFO - JOUEUR: Raquette gauche déplacée de 222 à 236
2025-05-03 17:42:43,817 - INFO - IA: Raquette droite déplacée de 324 à 336
2025-05-03 17:42:43,833 - INFO - JOUEUR: Raquette gauche déplacée de 236 à 250
2025-05-03 17:42:43,833 - INFO - IA: Raquette droite déplacée de 336 à 324
2025-05-03 17:42:43,850 - INFO - JOUEUR: Raquette gauche déplacée de 250 à 264
2025-05-03 17:42:43,850 - INFO - IA: Raquette droite déplacée de 324 à 336
2025-05-03 17:42:43,866 - INFO - JOUEUR: Raquette gauche déplacée de 264 à 278
2025-05-03 17:42:43,866 - INFO - IA: Raquette droite déplacée de 336 à 324
2025-05-03 17:42:43,883 - INFO - JOUEUR: Raquette gauche déplacée de 278 à 292
2025-05-03 17:42:43,883 - INFO - IA: Raquette droite déplacée de 324 à 336
2025-05-03 17:42:43,899 - INFO - JOUEUR: Raquette gauche déplacée de 292 à 306
2025-05-03 17:42:43,899 - INFO - IA: Raquette droite déplacée de 336 à 348
2025-05-03 17:42:43,915 - INFO - JOUEUR: Raquette gauche déplacée de 306 à 320
2025-05-03 17:42:43,916 - INFO - IA: Raquette droite déplacée de 348 à 360
2025-05-03 17:42:43,932 - INFO - JOUEUR: Raquette gauche déplacée de 320 à 334
2025-05-03 17:42:43,932 - INFO - IA: Raquette droite déplacée de 360 à 348
2025-05-03 17:42:43,948 - INFO - JOUEUR: Raquette gauche déplacée de 334 à 348
2025-05-03 17:42:43,948 - INFO - IA: Raquette droite déplacée de 348 à 336
2025-05-03 17:42:43,965 - INFO - JOUEUR: Raquette gauche déplacée de 348 à 362
2025-05-03 17:42:43,965 - INFO - IA: Raquette droite déplacée de 336 à 348
2025-05-03 17:42:43,982 - INFO - JOUEUR: Raquette gauche déplacée de 362 à 376
2025-05-03 17:42:43,982 - INFO - IA: Raquette droite déplacée de 348 à 360
2025-05-03 17:42:43,999 - INFO - JOUEUR: Raquette gauche déplacée de 376 à 390
2025-05-03 17:42:44,000 - INFO - IA: Raquette droite déplacée de 360 à 372
2025-05-03 17:42:44,016 - INFO - IA: Raquette droite déplacée de 372 à 384
2025-05-03 17:42:44,033 - INFO - IA: Raquette droite déplacée de 384 à 372
2025-05-03 17:42:44,049 - INFO - IA: Raquette droite déplacée de 372 à 360
2025-05-03 17:42:44,066 - INFO - IA: Raquette droite déplacée de 360 à 372
2025-05-03 17:42:44,083 - INFO - IA: Raquette droite déplacée de 372 à 384
2025-05-03 17:42:44,099 - INFO - IA: Raquette droite déplacée de 384 à 390
2025-05-03 17:42:44,116 - INFO - INPUT: Joueur relâche les touches directionnelles
2025-05-03 17:42:44,166 - INFO - COLLISION: Balle a rebondi sur un mur à la position (468, 468)
2025-05-03 17:42:44,281 - INFO - IA: Raquette droite déplacée de 390 à 378
2025-05-03 17:42:44,297 - INFO - IA: Raquette droite déplacée de 378 à 390
2025-05-03 17:42:44,297 - INFO - COLLISION: Balle a rebondi sur une raquette à la position (556, 428)
2025-05-03 17:42:44,298 - INFO - VITESSE: Balle accélérée à 11.8, vitesses raquettes ajustées
2025-05-03 17:42:44,330 - INFO - IA: Raquette droite déplacée de 390 à 378
2025-05-03 17:42:44,347 - INFO - IA: Raquette droite déplacée de 378 à 390
2025-05-03 17:42:44,363 - INFO - IA: Raquette droite déplacée de 390 à 378
2025-05-03 17:42:44,380 - INFO - INPUT: Joueur appuie sur la touche HAUT
2025-05-03 17:42:44,380 - INFO - JOUEUR: Raquette gauche déplacée de 390 à 376
2025-05-03 17:42:44,380 - INFO - IA: Raquette droite déplacée de 378 à 390
2025-05-03 17:42:44,396 - INFO - JOUEUR: Raquette gauche déplacée de 376 à 362
2025-05-03 17:42:44,396 - INFO - IA: Raquette droite déplacée de 390 à 378
2025-05-03 17:42:44,413 - INFO - JOUEUR: Raquette gauche déplacée de 362 à 348
2025-05-03 17:42:44,413 - INFO - IA: Raquette droite déplacée de 378 à 366
2025-05-03 17:42:44,429 - INFO - JOUEUR: Raquette gauche déplacée de 348 à 334
2025-05-03 17:42:44,429 - INFO - IA: Raquette droite déplacée de 366 à 378
2025-05-03 17:42:44,447 - INFO - JOUEUR: Raquette gauche déplacée de 334 à 320
2025-05-03 17:42:44,447 - INFO - IA: Raquette droite déplacée de 378 à 366
2025-05-03 17:42:44,463 - INFO - JOUEUR: Raquette gauche déplacée de 320 à 306
2025-05-03 17:42:44,463 - INFO - IA: Raquette droite déplacée de 366 à 354
2025-05-03 17:42:44,481 - INFO - INPUT: Joueur relâche les touches directionnelles
2025-05-03 17:42:44,481 - INFO - IA: Raquette droite déplacée de 354 à 342
2025-05-03 17:42:44,497 - INFO - IA: Raquette droite déplacée de 342 à 354
2025-05-03 17:42:44,513 - INFO - IA: Raquette droite déplacée de 354 à 342
2025-05-03 17:42:44,530 - INFO - IA: Raquette droite déplacée de 342 à 330
2025-05-03 17:42:44,547 - INFO - IA: Raquette droite déplacée de 330 à 318
2025-05-03 17:42:44,563 - INFO - IA: Raquette droite déplacée de 318 à 330
2025-05-03 17:42:44,579 - INFO - IA: Raquette droite déplacée de 330 à 342
2025-05-03 17:42:44,596 - INFO - IA: Raquette droite déplacée de 342 à 354
2025-05-03 17:42:44,613 - INFO - IA: Raquette droite déplacée de 354 à 342
2025-05-03 17:42:44,629 - INFO - IA: Raquette droite déplacée de 342 à 330
2025-05-03 17:42:44,646 - INFO - IA: Raquette droite déplacée de 330 à 318
2025-05-03 17:42:44,662 - INFO - IA: Raquette droite déplacée de 318 à 306
2025-05-03 17:42:44,678 - INFO - IA: Raquette droite déplacée de 306 à 294
2025-05-03 17:42:44,694 - INFO - IA: Raquette droite déplacée de 294 à 282
2025-05-03 17:42:44,711 - INFO - IA: Raquette droite déplacée de 282 à 270
2025-05-03 17:42:44,728 - INFO - IA: Raquette droite déplacée de 270 à 258
2025-05-03 17:42:44,745 - INFO - IA: Raquette droite déplacée de 258 à 246
2025-05-03 17:42:44,761 - INFO - IA: Raquette droite déplacée de 246 à 234
2025-05-03 17:42:44,778 - INFO - IA: Raquette droite déplacée de 234 à 246
2025-05-03 17:42:44,794 - INFO - IA: Raquette droite déplacée de 246 à 258
2025-05-03 17:42:44,811 - INFO - IA: Raquette droite déplacée de 258 à 246
2025-05-03 17:42:44,827 - INFO - IA: Raquette droite déplacée de 246 à 234
2025-05-03 17:42:44,843 - INFO - IA: Raquette droite déplacée de 234 à 246
2025-05-03 17:42:44,860 - INFO - IA: Raquette droite déplacée de 246 à 258
2025-05-03 17:42:44,877 - INFO - IA: Raquette droite déplacée de 258 à 246
2025-05-03 17:42:44,895 - INFO - INPUT: Joueur appuie sur la touche HAUT
2025-05-03 17:42:44,895 - INFO - JOUEUR: Raquette gauche déplacée de 306 à 292
2025-05-03 17:42:44,895 - INFO - IA: Raquette droite déplacée de 246 à 234
2025-05-03 17:42:44,911 - INFO - JOUEUR: Raquette gauche déplacée de 292 à 278
2025-05-03 17:42:44,912 - INFO - IA: Raquette droite déplacée de 234 à 222
2025-05-03 17:42:44,929 - INFO - JOUEUR: Raquette gauche déplacée de 278 à 264
2025-05-03 17:42:44,929 - INFO - IA: Raquette droite déplacée de 222 à 210
2025-05-03 17:42:44,946 - INFO - JOUEUR: Raquette gauche déplacée de 264 à 250
2025-05-03 17:42:44,946 - INFO - IA: Raquette droite déplacée de 210 à 198
2025-05-03 17:42:44,963 - INFO - JOUEUR: Raquette gauche déplacée de 250 à 236
2025-05-03 17:42:44,963 - INFO - IA: Raquette droite déplacée de 198 à 210
2025-05-03 17:42:44,978 - INFO - JOUEUR: Raquette gauche déplacée de 236 à 222
2025-05-03 17:42:44,978 - INFO - IA: Raquette droite déplacée de 210 à 198
2025-05-03 17:42:44,994 - INFO - JOUEUR: Raquette gauche déplacée de 222 à 208
2025-05-03 17:42:44,994 - INFO - IA: Raquette droite déplacée de 198 à 186
2025-05-03 17:42:45,011 - INFO - JOUEUR: Raquette gauche déplacée de 208 à 194
2025-05-03 17:42:45,011 - INFO - IA: Raquette droite déplacée de 186 à 198
2025-05-03 17:42:45,027 - INFO - JOUEUR: Raquette gauche déplacée de 194 à 180
2025-05-03 17:42:45,027 - INFO - IA: Raquette droite déplacée de 198 à 186
2025-05-03 17:42:45,027 - INFO - COLLISION: Balle a rebondi sur une raquette à la position (28, 208)
2025-05-03 17:42:45,028 - INFO - VITESSE: Balle accélérée à 13.0, vitesses raquettes ajustées
2025-05-03 17:42:45,042 - INFO - JOUEUR: Raquette gauche déplacée de 180 à 166
2025-05-03 17:42:45,042 - INFO - IA: Raquette droite déplacée de 186 à 174
2025-05-03 17:42:45,058 - INFO - JOUEUR: Raquette gauche déplacée de 166 à 152
2025-05-03 17:42:45,058 - INFO - IA: Raquette droite déplacée de 174 à 186
2025-05-03 17:42:45,074 - INFO - JOUEUR: Raquette gauche déplacée de 152 à 138
2025-05-03 17:42:45,074 - INFO - IA: Raquette droite déplacée de 186 à 174
2025-05-03 17:42:45,091 - INFO - JOUEUR: Raquette gauche déplacée de 138 à 124
2025-05-03 17:42:45,091 - INFO - IA: Raquette droite déplacée de 174 à 162
2025-05-03 17:42:45,107 - INFO - JOUEUR: Raquette gauche déplacée de 124 à 110
2025-05-03 17:42:45,107 - INFO - IA: Raquette droite déplacée de 162 à 150
2025-05-03 17:42:45,122 - INFO - JOUEUR: Raquette gauche déplacée de 110 à 96
2025-05-03 17:42:45,123 - INFO - IA: Raquette droite déplacée de 150 à 138
2025-05-03 17:42:45,139 - INFO - JOUEUR: Raquette gauche déplacée de 96 à 82
2025-05-03 17:42:45,139 - INFO - IA: Raquette droite déplacée de 138 à 150
2025-05-03 17:42:45,155 - INFO - JOUEUR: Raquette gauche déplacée de 82 à 68
2025-05-03 17:42:45,156 - INFO - IA: Raquette droite déplacée de 150 à 138
2025-05-03 17:42:45,172 - INFO - JOUEUR: Raquette gauche déplacée de 68 à 54
2025-05-03 17:42:45,173 - INFO - IA: Raquette droite déplacée de 138 à 126
2025-05-03 17:42:45,189 - INFO - JOUEUR: Raquette gauche déplacée de 54 à 40
2025-05-03 17:42:45,189 - INFO - IA: Raquette droite déplacée de 126 à 138
2025-05-03 17:42:45,205 - INFO - JOUEUR: Raquette gauche déplacée de 40 à 26
2025-05-03 17:42:45,205 - INFO - IA: Raquette droite déplacée de 138 à 150
2025-05-03 17:42:45,221 - INFO - JOUEUR: Raquette gauche déplacée de 26 à 12
2025-05-03 17:42:45,222 - INFO - IA: Raquette droite déplacée de 150 à 138
2025-05-03 17:42:45,237 - INFO - JOUEUR: Raquette gauche déplacée de 12 à 0
2025-05-03 17:42:45,238 - INFO - IA: Raquette droite déplacée de 138 à 126
2025-05-03 17:42:45,254 - INFO - INPUT: Joueur relâche les touches directionnelles
2025-05-03 17:42:45,270 - INFO - IA: Raquette droite déplacée de 126 à 114
2025-05-03 17:42:45,287 - INFO - IA: Raquette droite déplacée de 114 à 102
2025-05-03 17:42:45,303 - INFO - IA: Raquette droite déplacée de 102 à 114
2025-05-03 17:42:45,319 - INFO - IA: Raquette droite déplacée de 114 à 102
2025-05-03 17:42:45,335 - INFO - IA: Raquette droite déplacée de 102 à 90
2025-05-03 17:42:45,352 - INFO - IA: Raquette droite déplacée de 90 à 78
2025-05-03 17:42:45,369 - INFO - IA: Raquette droite déplacée de 78 à 66
2025-05-03 17:42:45,385 - INFO - IA: Raquette droite déplacée de 66 à 54
2025-05-03 17:42:45,402 - INFO - IA: Raquette droite déplacée de 54 à 42
2025-05-03 17:42:45,418 - INFO - IA: Raquette droite déplacée de 42 à 30
2025-05-03 17:42:45,434 - INFO - IA: Raquette droite déplacée de 30 à 42
2025-05-03 17:42:45,451 - INFO - IA: Raquette droite déplacée de 42 à 30
2025-05-03 17:42:45,468 - INFO - IA: Raquette droite déplacée de 30 à 42
2025-05-03 17:42:45,485 - INFO - INPUT: Joueur appuie sur la touche BAS
2025-05-03 17:42:45,485 - INFO - JOUEUR: Raquette gauche déplacée de 0 à 14
2025-05-03 17:42:45,485 - INFO - IA: Raquette droite déplacée de 42 à 54
2025-05-03 17:42:45,501 - INFO - JOUEUR: Raquette gauche déplacée de 14 à 28
2025-05-03 17:42:45,501 - INFO - IA: Raquette droite déplacée de 54 à 42
2025-05-03 17:42:45,517 - INFO - JOUEUR: Raquette gauche déplacée de 28 à 42
2025-05-03 17:42:45,518 - INFO - IA: Raquette droite déplacée de 42 à 30
2025-05-03 17:42:45,534 - INFO - JOUEUR: Raquette gauche déplacée de 42 à 56
2025-05-03 17:42:45,535 - INFO - IA: Raquette droite déplacée de 30 à 18
2025-05-03 17:42:45,551 - INFO - JOUEUR: Raquette gauche déplacée de 56 à 70
2025-05-03 17:42:45,551 - INFO - IA: Raquette droite déplacée de 18 à 6
2025-05-03 17:42:45,568 - INFO - JOUEUR: Raquette gauche déplacée de 70 à 84
2025-05-03 17:42:45,568 - INFO - IA: Raquette droite déplacée de 6 à 0
2025-05-03 17:42:45,585 - INFO - JOUEUR: Raquette gauche déplacée de 84 à 98
2025-05-03 17:42:45,585 - INFO - IA: Raquette droite déplacée de 0 à 12
2025-05-03 17:42:45,602 - INFO - JOUEUR: Raquette gauche déplacée de 98 à 112
2025-05-03 17:42:45,602 - INFO - IA: Raquette droite déplacée de 12 à 0
2025-05-03 17:42:45,619 - INFO - JOUEUR: Raquette gauche déplacée de 112 à 126
2025-05-03 17:42:45,619 - INFO - IA: Raquette droite déplacée de 0 à 12
2025-05-03 17:42:45,635 - INFO - JOUEUR: Raquette gauche déplacée de 126 à 140
2025-05-03 17:42:45,636 - INFO - IA: Raquette droite déplacée de 12 à 0
2025-05-03 17:42:45,652 - INFO - JOUEUR: Raquette gauche déplacée de 140 à 154
2025-05-03 17:42:45,668 - INFO - JOUEUR: Raquette gauche déplacée de 154 à 168
2025-05-03 17:42:45,668 - INFO - IA: Raquette droite déplacée de 0 à 12
2025-05-03 17:42:45,684 - INFO - JOUEUR: Raquette gauche déplacée de 168 à 182
2025-05-03 17:42:45,684 - INFO - IA: Raquette droite déplacée de 12 à 24
2025-05-03 17:42:45,701 - INFO - JOUEUR: Raquette gauche déplacée de 182 à 196
2025-05-03 17:42:45,701 - INFO - IA: Raquette droite déplacée de 24 à 36
2025-05-03 17:42:45,717 - INFO - JOUEUR: Raquette gauche déplacée de 196 à 210
2025-05-03 17:42:45,717 - INFO - IA: Raquette droite déplacée de 36 à 48
2025-05-03 17:42:45,718 - INFO - COLLISION: Balle a rebondi sur un mur à la position (574, -2)
2025-05-03 17:42:45,734 - INFO - JOUEUR: Raquette gauche déplacée de 210 à 224
2025-05-03 17:42:45,734 - INFO - IA: Raquette droite déplacée de 48 à 36
2025-05-03 17:42:45,734 - INFO - POINT: Joueur gauche marque un point! Score: 1-0
2025-05-03 17:42:45,751 - INFO - JOUEUR: Raquette gauche déplacée de 224 à 231
2025-05-03 17:42:45,751 - INFO - IA: Raquette droite déplacée de 36 à 30
2025-05-03 17:42:45,768 - INFO - JOUEUR: Raquette gauche déplacée de 231 à 238
2025-05-03 17:42:45,768 - INFO - IA: Raquette droite déplacée de 30 à 36
2025-05-03 17:42:45,784 - INFO - JOUEUR: Raquette gauche déplacée de 238 à 245
2025-05-03 17:42:45,784 - INFO - IA: Raquette droite déplacée de 36 à 42
2025-05-03 17:42:45,800 - INFO - JOUEUR: Raquette gauche déplacée de 245 à 252
2025-05-03 17:42:45,801 - INFO - IA: Raquette droite déplacée de 42 à 48
2025-05-03 17:42:45,817 - INFO - JOUEUR: Raquette gauche déplacée de 252 à 259
2025-05-03 17:42:45,818 - INFO - IA: Raquette droite déplacée de 48 à 54
2025-05-03 17:42:45,833 - INFO - INPUT: Joueur relâche les touches directionnelles
2025-05-03 17:42:45,834 - INFO - IA: Raquette droite déplacée de 54 à 60
2025-05-03 17:42:45,850 - INFO - IA: Raquette droite déplacée de 60 à 66
2025-05-03 17:42:45,866 - INFO - IA: Raquette droite déplacée de 66 à 72
2025-05-03 17:42:45,882 - INFO - IA: Raquette droite déplacée de 72 à 78
2025-05-03 17:42:45,898 - INFO - IA: Raquette droite déplacée de 78 à 84
2025-05-03 17:42:45,914 - INFO - IA: Raquette droite déplacée de 84 à 90
2025-05-03 17:42:45,930 - INFO - IA: Raquette droite déplacée de 90 à 96
2025-05-03 17:42:45,947 - INFO - IA: Raquette droite déplacée de 96 à 102
2025-05-03 17:42:45,964 - INFO - IA: Raquette droite déplacée de 102 à 108
2025-05-03 17:42:45,981 - INFO - IA: Raquette droite déplacée de 108 à 114
2025-05-03 17:42:45,997 - INFO - IA: Raquette droite déplacée de 114 à 120
2025-05-03 17:42:46,013 - INFO - IA: Raquette droite déplacée de 120 à 114
2025-05-03 17:42:46,029 - INFO - IA: Raquette droite déplacée de 114 à 108
2025-05-03 17:42:46,045 - INFO - IA: Raquette droite déplacée de 108 à 102
2025-05-03 17:42:46,062 - INFO - IA: Raquette droite déplacée de 102 à 108
2025-05-03 17:42:46,079 - INFO - IA: Raquette droite déplacée de 108 à 102
2025-05-03 17:42:46,095 - INFO - IA: Raquette droite déplacée de 102 à 96
2025-05-03 17:42:46,112 - INFO - IA: Raquette droite déplacée de 96 à 90
2025-05-03 17:42:46,129 - INFO - IA: Raquette droite déplacée de 90 à 84
2025-05-03 17:42:46,145 - INFO - IA: Raquette droite déplacée de 84 à 78
2025-05-03 17:42:46,162 - INFO - IA: Raquette droite déplacée de 78 à 72
2025-05-03 17:42:46,179 - INFO - IA: Raquette droite déplacée de 72 à 66
2025-05-03 17:42:46,195 - INFO - IA: Raquette droite déplacée de 66 à 72
2025-05-03 17:42:46,212 - INFO - IA: Raquette droite déplacée de 72 à 78
2025-05-03 17:42:46,229 - INFO - IA: Raquette droite déplacée de 78 à 72
2025-05-03 17:42:46,246 - INFO - IA: Raquette droite déplacée de 72 à 66
2025-05-03 17:42:46,262 - INFO - IA: Raquette droite déplacée de 66 à 60
2025-05-03 17:42:46,279 - INFO - IA: Raquette droite déplacée de 60 à 54
2025-05-03 17:42:46,295 - INFO - IA: Raquette droite déplacée de 54 à 48
2025-05-03 17:42:46,312 - INFO - IA: Raquette droite déplacée de 48 à 42
2025-05-03 17:42:46,328 - INFO - IA: Raquette droite déplacée de 42 à 36
2025-05-03 17:42:46,345 - INFO - IA: Raquette droite déplacée de 36 à 30
2025-05-03 17:42:46,362 - INFO - IA: Raquette droite déplacée de 30 à 24
2025-05-03 17:42:46,379 - INFO - IA: Raquette droite déplacée de 24 à 18
2025-05-03 17:42:46,395 - INFO - IA: Raquette droite déplacée de 18 à 12
2025-05-03 17:42:46,412 - INFO - IA: Raquette droite déplacée de 12 à 6
2025-05-03 17:42:46,430 - INFO - INPUT: Joueur appuie sur la touche HAUT
2025-05-03 17:42:46,430 - INFO - JOUEUR: Raquette gauche déplacée de 259 à 252
2025-05-03 17:42:46,430 - INFO - IA: Raquette droite déplacée de 6 à 0
2025-05-03 17:42:46,446 - INFO - JOUEUR: Raquette gauche déplacée de 252 à 245
2025-05-03 17:42:46,463 - INFO - JOUEUR: Raquette gauche déplacée de 245 à 238
2025-05-03 17:42:46,479 - INFO - JOUEUR: Raquette gauche déplacée de 238 à 231
2025-05-03 17:42:46,496 - INFO - JOUEUR: Raquette gauche déplacée de 231 à 224
2025-05-03 17:42:46,513 - INFO - JOUEUR: Raquette gauche déplacée de 224 à 217
2025-05-03 17:42:46,513 - INFO - COLLISION: Balle a rebondi sur un mur à la position (528, -2)
2025-05-03 17:42:46,530 - INFO - JOUEUR: Raquette gauche déplacée de 217 à 210
2025-05-03 17:42:46,547 - INFO - JOUEUR: Raquette gauche déplacée de 210 à 203
2025-05-03 17:42:46,564 - INFO - JOUEUR: Raquette gauche déplacée de 203 à 196
2025-05-03 17:42:46,581 - INFO - JOUEUR: Raquette gauche déplacée de 196 à 189
2025-05-03 17:42:46,597 - INFO - JOUEUR: Raquette gauche déplacée de 189 à 182
2025-05-03 17:42:46,598 - INFO - COLLISION: Balle a rebondi sur une raquette à la position (553, 23)
2025-05-03 17:42:46,598 - INFO - VITESSE: Balle accélérée à 5.5, vitesses raquettes ajustées
2025-05-03 17:42:46,614 - INFO - JOUEUR: Raquette gauche déplacée de 182 à 174
2025-05-03 17:42:46,631 - INFO - JOUEUR: Raquette gauche déplacée de 174 à 166
2025-05-03 17:42:46,648 - INFO - JOUEUR: Raquette gauche déplacée de 166 à 158
2025-05-03 17:42:46,664 - INFO - JOUEUR: Raquette gauche déplacée de 158 à 150
2025-05-03 17:42:46,681 - INFO - JOUEUR: Raquette gauche déplacée de 150 à 142
2025-05-03 17:42:46,681 - INFO - IA: Raquette droite déplacée de 0 à 7
2025-05-03 17:42:46,697 - INFO - JOUEUR: Raquette gauche déplacée de 142 à 134
2025-05-03 17:42:46,697 - INFO - IA: Raquette droite déplacée de 7 à 0
2025-05-03 17:42:46,713 - INFO - JOUEUR: Raquette gauche déplacée de 134 à 126
2025-05-03 17:42:46,713 - INFO - IA: Raquette droite déplacée de 0 à 7
2025-05-03 17:42:46,729 - INFO - JOUEUR: Raquette gauche déplacée de 126 à 118
2025-05-03 17:42:46,729 - INFO - IA: Raquette droite déplacée de 7 à 14
2025-05-03 17:42:46,745 - INFO - INPUT: Joueur relâche les touches directionnelles
2025-05-03 17:42:46,745 - INFO - IA: Raquette droite déplacée de 14 à 21
2025-05-03 17:42:46,761 - INFO - IA: Raquette droite déplacée de 21 à 28
2025-05-03 17:42:46,778 - INFO - IA: Raquette droite déplacée de 28 à 35
2025-05-03 17:42:46,795 - INFO - IA: Raquette droite déplacée de 35 à 42
2025-05-03 17:42:46,812 - INFO - IA: Raquette droite déplacée de 42 à 49
2025-05-03 17:42:46,828 - INFO - IA: Raquette droite déplacée de 49 à 56
2025-05-03 17:42:46,845 - INFO - IA: Raquette droite déplacée de 56 à 49
2025-05-03 17:42:46,862 - INFO - IA: Raquette droite déplacée de 49 à 56
2025-05-03 17:42:46,879 - INFO - IA: Raquette droite déplacée de 56 à 63
2025-05-03 17:42:46,896 - INFO - IA: Raquette droite déplacée de 63 à 70
2025-05-03 17:42:46,912 - INFO - IA: Raquette droite déplacée de 70 à 77
2025-05-03 17:42:46,930 - INFO - IA: Raquette droite déplacée de 77 à 84
2025-05-03 17:42:46,946 - INFO - IA: Raquette droite déplacée de 84 à 91
2025-05-03 17:42:46,964 - INFO - IA: Raquette droite déplacée de 91 à 84
2025-05-03 17:42:46,981 - INFO - IA: Raquette droite déplacée de 84 à 77
2025-05-03 17:42:46,999 - INFO - IA: Raquette droite déplacée de 77 à 84
2025-05-03 17:42:47,015 - INFO - IA: Raquette droite déplacée de 84 à 91
2025-05-03 17:42:47,032 - INFO - INPUT: Joueur appuie sur la touche BAS
2025-05-03 17:42:47,032 - INFO - JOUEUR: Raquette gauche déplacée de 118 à 126
2025-05-03 17:42:47,032 - INFO - IA: Raquette droite déplacée de 91 à 98
2025-05-03 17:42:47,049 - INFO - JOUEUR: Raquette gauche déplacée de 126 à 134
2025-05-03 17:42:47,049 - INFO - IA: Raquette droite déplacée de 98 à 105
2025-05-03 17:42:47,066 - INFO - JOUEUR: Raquette gauche déplacée de 134 à 142
2025-05-03 17:42:47,066 - INFO - IA: Raquette droite déplacée de 105 à 112
2025-05-03 17:42:47,083 - INFO - JOUEUR: Raquette gauche déplacée de 142 à 150
2025-05-03 17:42:47,083 - INFO - IA: Raquette droite déplacée de 112 à 119
2025-05-03 17:42:47,099 - INFO - JOUEUR: Raquette gauche déplacée de 150 à 158
2025-05-03 17:42:47,099 - INFO - IA: Raquette droite déplacée de 119 à 126
2025-05-03 17:42:47,115 - INFO - JOUEUR: Raquette gauche déplacée de 158 à 166
2025-05-03 17:42:47,115 - INFO - IA: Raquette droite déplacée de 126 à 133
2025-05-03 17:42:47,132 - INFO - JOUEUR: Raquette gauche déplacée de 166 à 174
2025-05-03 17:42:47,132 - INFO - IA: Raquette droite déplacée de 133 à 126
2025-05-03 17:42:47,148 - INFO - JOUEUR: Raquette gauche déplacée de 174 à 182
2025-05-03 17:42:47,149 - INFO - IA: Raquette droite déplacée de 126 à 133
2025-05-03 17:42:47,165 - INFO - JOUEUR: Raquette gauche déplacée de 182 à 190
2025-05-03 17:42:47,165 - INFO - IA: Raquette droite déplacée de 133 à 140
2025-05-03 17:42:47,181 - INFO - JOUEUR: Raquette gauche déplacée de 190 à 198
2025-05-03 17:42:47,181 - INFO - IA: Raquette droite déplacée de 140 à 147
2025-05-03 17:42:47,197 - INFO - JOUEUR: Raquette gauche déplacée de 198 à 206
2025-05-03 17:42:47,198 - INFO - IA: Raquette droite déplacée de 147 à 154
2025-05-03 17:42:47,214 - INFO - JOUEUR: Raquette gauche déplacée de 206 à 214
2025-05-03 17:42:47,214 - INFO - IA: Raquette droite déplacée de 154 à 147
2025-05-03 17:42:47,231 - INFO - JOUEUR: Raquette gauche déplacée de 214 à 222
2025-05-03 17:42:47,231 - INFO - IA: Raquette droite déplacée de 147 à 154
2025-05-03 17:42:47,248 - INFO - JOUEUR: Raquette gauche déplacée de 222 à 230
2025-05-03 17:42:47,248 - INFO - IA: Raquette droite déplacée de 154 à 161
2025-05-03 17:42:47,265 - INFO - JOUEUR: Raquette gauche déplacée de 230 à 238
2025-05-03 17:42:47,265 - INFO - IA: Raquette droite déplacée de 161 à 168
2025-05-03 17:42:47,281 - INFO - JOUEUR: Raquette gauche déplacée de 238 à 246
2025-05-03 17:42:47,281 - INFO - IA: Raquette droite déplacée de 168 à 175
2025-05-03 17:42:47,297 - INFO - JOUEUR: Raquette gauche déplacée de 246 à 254
2025-05-03 17:42:47,297 - INFO - IA: Raquette droite déplacée de 175 à 182
2025-05-03 17:42:47,313 - INFO - JOUEUR: Raquette gauche déplacée de 254 à 262
2025-05-03 17:42:47,314 - INFO - IA: Raquette droite déplacée de 182 à 189
2025-05-03 17:42:47,329 - INFO - JOUEUR: Raquette gauche déplacée de 262 à 270
2025-05-03 17:42:47,345 - INFO - JOUEUR: Raquette gauche déplacée de 270 à 278
2025-05-03 17:42:47,361 - INFO - JOUEUR: Raquette gauche déplacée de 278 à 286
2025-05-03 17:42:47,361 - INFO - IA: Raquette droite déplacée de 189 à 196
2025-05-03 17:42:47,378 - INFO - JOUEUR: Raquette gauche déplacée de 286 à 294
2025-05-03 17:42:47,378 - INFO - IA: Raquette droite déplacée de 196 à 203
2025-05-03 17:42:47,394 - INFO - JOUEUR: Raquette gauche déplacée de 294 à 302
2025-05-03 17:42:47,395 - INFO - IA: Raquette droite déplacée de 203 à 210
2025-05-03 17:42:47,411 - INFO - JOUEUR: Raquette gauche déplacée de 302 à 310
2025-05-03 17:42:47,411 - INFO - IA: Raquette droite déplacée de 210 à 203
2025-05-03 17:42:47,427 - INFO - JOUEUR: Raquette gauche déplacée de 310 à 318
2025-05-03 17:42:47,427 - INFO - IA: Raquette droite déplacée de 203 à 210
2025-05-03 17:42:47,444 - INFO - JOUEUR: Raquette gauche déplacée de 318 à 326
2025-05-03 17:42:47,444 - INFO - IA: Raquette droite déplacée de 210 à 217
2025-05-03 17:42:47,461 - INFO - JOUEUR: Raquette gauche déplacée de 326 à 334
2025-05-03 17:42:47,461 - INFO - IA: Raquette droite déplacée de 217 à 224
2025-05-03 17:42:47,477 - INFO - JOUEUR: Raquette gauche déplacée de 334 à 342
2025-05-03 17:42:47,477 - INFO - IA: Raquette droite déplacée de 224 à 231
2025-05-03 17:42:47,494 - INFO - JOUEUR: Raquette gauche déplacée de 342 à 350
2025-05-03 17:42:47,494 - INFO - IA: Raquette droite déplacée de 231 à 238
2025-05-03 17:42:47,510 - INFO - JOUEUR: Raquette gauche déplacée de 350 à 358
2025-05-03 17:42:47,510 - INFO - IA: Raquette droite déplacée de 238 à 245
2025-05-03 17:42:47,526 - INFO - JOUEUR: Raquette gauche déplacée de 358 à 366
2025-05-03 17:42:47,527 - INFO - IA: Raquette droite déplacée de 245 à 238
2025-05-03 17:42:47,543 - INFO - JOUEUR: Raquette gauche déplacée de 366 à 374
2025-05-03 17:42:47,543 - INFO - IA: Raquette droite déplacée de 238 à 245
2025-05-03 17:42:47,559 - INFO - JOUEUR: Raquette gauche déplacée de 374 à 382
2025-05-03 17:42:47,559 - INFO - IA: Raquette droite déplacée de 245 à 252
2025-05-03 17:42:47,577 - INFO - INPUT: Joueur relâche les touches directionnelles
2025-05-03 17:42:47,577 - INFO - IA: Raquette droite déplacée de 252 à 259
2025-05-03 17:42:47,593 - INFO - IA: Raquette droite déplacée de 259 à 266
2025-05-03 17:42:47,608 - INFO - IA: Raquette droite déplacée de 266 à 273
2025-05-03 17:42:47,625 - INFO - IA: Raquette droite déplacée de 273 à 280
2025-05-03 17:42:47,642 - INFO - IA: Raquette droite déplacée de 280 à 287
2025-05-03 17:42:47,658 - INFO - IA: Raquette droite déplacée de 287 à 294
2025-05-03 17:42:47,675 - INFO - IA: Raquette droite déplacée de 294 à 301
2025-05-03 17:42:47,692 - INFO - IA: Raquette droite déplacée de 301 à 308
2025-05-03 17:42:47,709 - INFO - IA: Raquette droite déplacée de 308 à 315
2025-05-03 17:42:47,726 - INFO - IA: Raquette droite déplacée de 315 à 322
2025-05-03 17:42:47,742 - INFO - IA: Raquette droite déplacée de 322 à 315
2025-05-03 17:42:47,759 - INFO - IA: Raquette droite déplacée de 315 à 322
2025-05-03 17:42:47,776 - INFO - IA: Raquette droite déplacée de 322 à 329
2025-05-03 17:42:47,793 - INFO - IA: Raquette droite déplacée de 329 à 336
2025-05-03 17:42:47,810 - INFO - IA: Raquette droite déplacée de 336 à 343
2025-05-03 17:42:47,843 - INFO - IA: Raquette droite déplacée de 343 à 350
2025-05-03 17:42:47,860 - INFO - IA: Raquette droite déplacée de 350 à 357
2025-05-03 17:42:47,875 - INFO - IA: Raquette droite déplacée de 357 à 350
2025-05-03 17:42:47,892 - INFO - IA: Raquette droite déplacée de 350 à 357
2025-05-03 17:42:47,908 - INFO - IA: Raquette droite déplacée de 357 à 364
2025-05-03 17:42:47,925 - INFO - IA: Raquette droite déplacée de 364 à 371
2025-05-03 17:42:47,942 - INFO - IA: Raquette droite déplacée de 371 à 378
2025-05-03 17:42:47,959 - INFO - IA: Raquette droite déplacée de 378 à 385
2025-05-03 17:42:47,976 - INFO - IA: Raquette droite déplacée de 385 à 390
2025-05-03 17:42:48,009 - INFO - IA: Raquette droite déplacée de 390 à 383
2025-05-03 17:42:48,026 - INFO - IA: Raquette droite déplacée de 383 à 390
2025-05-03 17:42:48,075 - INFO - COLLISION: Balle a rebondi sur un mur à la position (108, 468)
2025-05-03 17:42:48,173 - INFO - IA: Raquette droite déplacée de 390 à 383
2025-05-03 17:42:48,190 - INFO - IA: Raquette droite déplacée de 383 à 390
2025-05-03 17:42:48,206 - INFO - IA: Raquette droite déplacée de 390 à 383
2025-05-03 17:42:48,223 - INFO - INPUT: Joueur appuie sur la touche HAUT
2025-05-03 17:42:48,223 - INFO - JOUEUR: Raquette gauche déplacée de 382 à 374
2025-05-03 17:42:48,223 - INFO - IA: Raquette droite déplacée de 383 à 376
2025-05-03 17:42:48,240 - INFO - JOUEUR: Raquette gauche déplacée de 374 à 366
2025-05-03 17:42:48,240 - INFO - IA: Raquette droite déplacée de 376 à 369
2025-05-03 17:42:48,256 - INFO - JOUEUR: Raquette gauche déplacée de 366 à 358
2025-05-03 17:42:48,256 - INFO - IA: Raquette droite déplacée de 369 à 376
2025-05-03 17:42:48,273 - INFO - JOUEUR: Raquette gauche déplacée de 358 à 350
2025-05-03 17:42:48,273 - INFO - IA: Raquette droite déplacée de 376 à 383
2025-05-03 17:42:48,289 - INFO - JOUEUR: Raquette gauche déplacée de 350 à 342
2025-05-03 17:42:48,305 - INFO - JOUEUR: Raquette gauche déplacée de 342 à 334
2025-05-03 17:42:48,305 - INFO - IA: Raquette droite déplacée de 383 à 376
2025-05-03 17:42:48,321 - INFO - JOUEUR: Raquette gauche déplacée de 334 à 326
2025-05-03 17:42:48,321 - INFO - IA: Raquette droite déplacée de 376 à 369
2025-05-03 17:42:48,321 - INFO - COLLISION: Balle a rebondi sur une raquette à la position (33, 393)
2025-05-03 17:42:48,321 - INFO - VITESSE: Balle accélérée à 6.1, vitesses raquettes ajustées
2025-05-03 17:42:48,338 - INFO - INPUT: Joueur relâche les touches directionnelles
2025-05-03 17:42:48,338 - INFO - IA: Raquette droite déplacée de 369 à 362
2025-05-03 17:42:48,355 - INFO - IA: Raquette droite déplacée de 362 à 355
2025-05-03 17:42:48,372 - INFO - IA: Raquette droite déplacée de 355 à 348
2025-05-03 17:42:48,388 - INFO - IA: Raquette droite déplacée de 348 à 341
2025-05-03 17:42:48,405 - INFO - IA: Raquette droite déplacée de 341 à 334
2025-05-03 17:42:48,422 - INFO - IA: Raquette droite déplacée de 334 à 327
2025-05-03 17:42:48,439 - INFO - IA: Raquette droite déplacée de 327 à 334
2025-05-03 17:42:48,456 - INFO - IA: Raquette droite déplacée de 334 à 341
2025-05-03 17:42:48,473 - INFO - IA: Raquette droite déplacée de 341 à 348
2025-05-03 17:42:48,489 - INFO - IA: Raquette droite déplacée de 348 à 341
2025-05-03 17:42:48,506 - INFO - INPUT: Joueur appuie sur la touche HAUT
2025-05-03 17:42:48,506 - INFO - JOUEUR: Raquette gauche déplacée de 326 à 318
2025-05-03 17:42:48,506 - INFO - IA: Raquette droite déplacée de 341 à 334
2025-05-03 17:42:48,521 - INFO - JOUEUR: Raquette gauche déplacée de 318 à 310
2025-05-03 17:42:48,521 - INFO - IA: Raquette droite déplacée de 334 à 327
2025-05-03 17:42:48,538 - INFO - JOUEUR: Raquette gauche déplacée de 310 à 302
2025-05-03 17:42:48,538 - INFO - IA: Raquette droite déplacée de 327 à 320
2025-05-03 17:42:48,553 - INFO - JOUEUR: Raquette gauche déplacée de 302 à 294
2025-05-03 17:42:48,554 - INFO - IA: Raquette droite déplacée de 320 à 313
2025-05-03 17:42:48,569 - INFO - JOUEUR: Raquette gauche déplacée de 294 à 286
2025-05-03 17:42:48,570 - INFO - IA: Raquette droite déplacée de 313 à 306
2025-05-03 17:42:48,586 - INFO - JOUEUR: Raquette gauche déplacée de 286 à 278
2025-05-03 17:42:48,586 - INFO - IA: Raquette droite déplacée de 306 à 299
2025-05-03 17:42:48,603 - INFO - INPUT: Joueur relâche les touches directionnelles
2025-05-03 17:42:48,604 - INFO - IA: Raquette droite déplacée de 299 à 292
2025-05-03 17:42:48,621 - INFO - IA: Raquette droite déplacée de 292 à 285
2025-05-03 17:42:48,636 - INFO - IA: Raquette droite déplacée de 285 à 278
2025-05-03 17:42:48,652 - INFO - IA: Raquette droite déplacée de 278 à 271
2025-05-03 17:42:48,668 - INFO - IA: Raquette droite déplacée de 271 à 278
2025-05-03 17:42:48,685 - INFO - IA: Raquette droite déplacée de 278 à 271
2025-05-03 17:42:48,702 - INFO - IA: Raquette droite déplacée de 271 à 264
2025-05-03 17:42:48,717 - INFO - IA: Raquette droite déplacée de 264 à 257
2025-05-03 17:42:48,735 - INFO - IA: Raquette droite déplacée de 257 à 250
2025-05-03 17:42:48,751 - INFO - IA: Raquette droite déplacée de 250 à 243
2025-05-03 17:42:48,767 - INFO - IA: Raquette droite déplacée de 243 à 236
2025-05-03 17:42:48,783 - INFO - IA: Raquette droite déplacée de 236 à 229
2025-05-03 17:42:48,800 - INFO - IA: Raquette droite déplacée de 229 à 222
2025-05-03 17:42:48,817 - INFO - IA: Raquette droite déplacée de 222 à 215
2025-05-03 17:42:48,833 - INFO - IA: Raquette droite déplacée de 215 à 208
2025-05-03 17:42:48,850 - INFO - IA: Raquette droite déplacée de 208 à 201
2025-05-03 17:42:48,867 - INFO - IA: Raquette droite déplacée de 201 à 194
2025-05-03 17:42:48,885 - INFO - IA: Raquette droite déplacée de 194 à 187
2025-05-03 17:42:48,902 - INFO - IA: Raquette droite déplacée de 187 à 180
2025-05-03 17:42:48,919 - INFO - INPUT: Joueur appuie sur la touche HAUT
2025-05-03 17:42:48,919 - INFO - JOUEUR: Raquette gauche déplacée de 278 à 270
2025-05-03 17:42:48,919 - INFO - IA: Raquette droite déplacée de 180 à 187
2025-05-03 17:42:48,936 - INFO - JOUEUR: Raquette gauche déplacée de 270 à 262
2025-05-03 17:42:48,936 - INFO - IA: Raquette droite déplacée de 187 à 194
2025-05-03 17:42:48,951 - INFO - JOUEUR: Raquette gauche déplacée de 262 à 254
2025-05-03 17:42:48,951 - INFO - IA: Raquette droite déplacée de 194 à 187
2025-05-03 17:42:48,968 - INFO - JOUEUR: Raquette gauche déplacée de 254 à 246
2025-05-03 17:42:48,968 - INFO - IA: Raquette droite déplacée de 187 à 180
2025-05-03 17:42:48,984 - INFO - JOUEUR: Raquette gauche déplacée de 246 à 238
2025-05-03 17:42:48,984 - INFO - IA: Raquette droite déplacée de 180 à 173
2025-05-03 17:42:49,000 - INFO - JOUEUR: Raquette gauche déplacée de 238 à 230
2025-05-03 17:42:49,000 - INFO - IA: Raquette droite déplacée de 173 à 166
2025-05-03 17:42:49,017 - INFO - JOUEUR: Raquette gauche déplacée de 230 à 222
2025-05-03 17:42:49,017 - INFO - IA: Raquette droite déplacée de 166 à 159
2025-05-03 17:42:49,034 - INFO - JOUEUR: Raquette gauche déplacée de 222 à 214
2025-05-03 17:42:49,034 - INFO - IA: Raquette droite déplacée de 159 à 152
2025-05-03 17:42:49,050 - INFO - JOUEUR: Raquette gauche déplacée de 214 à 206
2025-05-03 17:42:49,050 - INFO - IA: Raquette droite déplacée de 152 à 159
2025-05-03 17:42:49,067 - INFO - JOUEUR: Raquette gauche déplacée de 206 à 198
2025-05-03 17:42:49,067 - INFO - IA: Raquette droite déplacée de 159 à 152
2025-05-03 17:42:49,084 - INFO - JOUEUR: Raquette gauche déplacée de 198 à 190
2025-05-03 17:42:49,085 - INFO - IA: Raquette droite déplacée de 152 à 145
2025-05-03 17:42:49,101 - INFO - JOUEUR: Raquette gauche déplacée de 190 à 182
2025-05-03 17:42:49,102 - INFO - IA: Raquette droite déplacée de 145 à 138
2025-05-03 17:42:49,118 - INFO - JOUEUR: Raquette gauche déplacée de 182 à 174
2025-05-03 17:42:49,118 - INFO - IA: Raquette droite déplacée de 138 à 131
2025-05-03 17:42:49,135 - INFO - JOUEUR: Raquette gauche déplacée de 174 à 166
2025-05-03 17:42:49,135 - INFO - IA: Raquette droite déplacée de 131 à 124
2025-05-03 17:42:49,152 - INFO - JOUEUR: Raquette gauche déplacée de 166 à 158
2025-05-03 17:42:49,152 - INFO - IA: Raquette droite déplacée de 124 à 117
2025-05-03 17:42:49,169 - INFO - JOUEUR: Raquette gauche déplacée de 158 à 150
2025-05-03 17:42:49,169 - INFO - IA: Raquette droite déplacée de 117 à 110
2025-05-03 17:42:49,186 - INFO - JOUEUR: Raquette gauche déplacée de 150 à 142
2025-05-03 17:42:49,186 - INFO - IA: Raquette droite déplacée de 110 à 103
2025-05-03 17:42:49,202 - INFO - JOUEUR: Raquette gauche déplacée de 142 à 134
2025-05-03 17:42:49,203 - INFO - IA: Raquette droite déplacée de 103 à 96
2025-05-03 17:42:49,218 - INFO - JOUEUR: Raquette gauche déplacée de 134 à 126
2025-05-03 17:42:49,218 - INFO - IA: Raquette droite déplacée de 96 à 89
2025-05-03 17:42:49,234 - INFO - JOUEUR: Raquette gauche déplacée de 126 à 118
2025-05-03 17:42:49,234 - INFO - IA: Raquette droite déplacée de 89 à 82
2025-05-03 17:42:49,251 - INFO - JOUEUR: Raquette gauche déplacée de 118 à 110
2025-05-03 17:42:49,251 - INFO - IA: Raquette droite déplacée de 82 à 89
2025-05-03 17:42:49,267 - INFO - JOUEUR: Raquette gauche déplacée de 110 à 102
2025-05-03 17:42:49,268 - INFO - IA: Raquette droite déplacée de 89 à 96
2025-05-03 17:42:49,283 - INFO - JOUEUR: Raquette gauche déplacée de 102 à 94
2025-05-03 17:42:49,284 - INFO - IA: Raquette droite déplacée de 96 à 89
2025-05-03 17:42:49,299 - INFO - JOUEUR: Raquette gauche déplacée de 94 à 86
2025-05-03 17:42:49,300 - INFO - IA: Raquette droite déplacée de 89 à 82
2025-05-03 17:42:49,316 - INFO - JOUEUR: Raquette gauche déplacée de 86 à 78
2025-05-03 17:42:49,316 - INFO - IA: Raquette droite déplacée de 82 à 75
2025-05-03 17:42:49,333 - INFO - JOUEUR: Raquette gauche déplacée de 78 à 70
2025-05-03 17:42:49,333 - INFO - IA: Raquette droite déplacée de 75 à 82
2025-05-03 17:42:49,349 - INFO - JOUEUR: Raquette gauche déplacée de 70 à 62
2025-05-03 17:42:49,350 - INFO - IA: Raquette droite déplacée de 82 à 75
2025-05-03 17:42:49,365 - INFO - JOUEUR: Raquette gauche déplacée de 62 à 54
2025-05-03 17:42:49,366 - INFO - IA: Raquette droite déplacée de 75 à 68
2025-05-03 17:42:49,382 - INFO - JOUEUR: Raquette gauche déplacée de 54 à 46
2025-05-03 17:42:49,382 - INFO - IA: Raquette droite déplacée de 68 à 61
2025-05-03 17:42:49,400 - INFO - JOUEUR: Raquette gauche déplacée de 46 à 38
2025-05-03 17:42:49,400 - INFO - IA: Raquette droite déplacée de 61 à 54
2025-05-03 17:42:49,416 - INFO - INPUT: Joueur relâche les touches directionnelles
2025-05-03 17:42:49,416 - INFO - IA: Raquette droite déplacée de 54 à 47
2025-05-03 17:42:49,432 - INFO - IA: Raquette droite déplacée de 47 à 54
2025-05-03 17:42:49,447 - INFO - IA: Raquette droite déplacée de 54 à 47
2025-05-03 17:42:49,464 - INFO - IA: Raquette droite déplacée de 47 à 40
2025-05-03 17:42:49,481 - INFO - IA: Raquette droite déplacée de 40 à 33
2025-05-03 17:42:49,499 - INFO - INPUT: Joueur appuie sur la touche BAS
2025-05-03 17:42:49,499 - INFO - JOUEUR: Raquette gauche déplacée de 38 à 46
2025-05-03 17:42:49,499 - INFO - IA: Raquette droite déplacée de 33 à 26
2025-05-03 17:42:49,516 - INFO - JOUEUR: Raquette gauche déplacée de 46 à 54
2025-05-03 17:42:49,516 - INFO - IA: Raquette droite déplacée de 26 à 19
2025-05-03 17:42:49,532 - INFO - JOUEUR: Raquette gauche déplacée de 54 à 62
2025-05-03 17:42:49,532 - INFO - IA: Raquette droite déplacée de 19 à 12
2025-05-03 17:42:49,548 - INFO - JOUEUR: Raquette gauche déplacée de 62 à 70
2025-05-03 17:42:49,548 - INFO - IA: Raquette droite déplacée de 12 à 5
2025-05-03 17:42:49,565 - INFO - JOUEUR: Raquette gauche déplacée de 70 à 78
2025-05-03 17:42:49,565 - INFO - IA: Raquette droite déplacée de 5 à 0
2025-05-03 17:42:49,582 - INFO - JOUEUR: Raquette gauche déplacée de 78 à 86
2025-05-03 17:42:49,599 - INFO - JOUEUR: Raquette gauche déplacée de 86 à 94
2025-05-03 17:42:49,617 - INFO - JOUEUR: Raquette gauche déplacée de 94 à 102
2025-05-03 17:42:49,635 - INFO - JOUEUR: Raquette gauche déplacée de 102 à 110
2025-05-03 17:42:49,635 - INFO - COLLISION: Balle a rebondi sur un mur à la position (507, -2)
2025-05-03 17:42:49,650 - INFO - JOUEUR: Raquette gauche déplacée de 110 à 118
2025-05-03 17:42:49,667 - INFO - JOUEUR: Raquette gauche déplacée de 118 à 126
2025-05-03 17:42:49,683 - INFO - JOUEUR: Raquette gauche déplacée de 126 à 134
2025-05-03 17:42:49,700 - INFO - JOUEUR: Raquette gauche déplacée de 134 à 142
2025-05-03 17:42:49,716 - INFO - JOUEUR: Raquette gauche déplacée de 142 à 150
2025-05-03 17:42:49,732 - INFO - JOUEUR: Raquette gauche déplacée de 150 à 158
2025-05-03 17:42:49,749 - INFO - JOUEUR: Raquette gauche déplacée de 158 à 166
2025-05-03 17:42:49,766 - INFO - JOUEUR: Raquette gauche déplacée de 166 à 174
2025-05-03 17:42:49,766 - INFO - COLLISION: Balle a rebondi sur une raquette à la position (555, 38)
2025-05-03 17:42:49,766 - INFO - VITESSE: Balle accélérée à 6.7, vitesses raquettes ajustées
2025-05-03 17:42:49,782 - INFO - JOUEUR: Raquette gauche déplacée de 174 à 183
2025-05-03 17:42:49,799 - INFO - JOUEUR: Raquette gauche déplacée de 183 à 192
2025-05-03 17:42:49,799 - INFO - IA: Raquette droite déplacée de 0 à 8
2025-05-03 17:42:49,815 - INFO - JOUEUR: Raquette gauche déplacée de 192 à 201
2025-05-03 17:42:49,815 - INFO - IA: Raquette droite déplacée de 8 à 16
2025-05-03 17:42:49,832 - INFO - JOUEUR: Raquette gauche déplacée de 201 à 210
2025-05-03 17:42:49,832 - INFO - IA: Raquette droite déplacée de 16 à 24
2025-05-03 17:42:49,849 - INFO - JOUEUR: Raquette gauche déplacée de 210 à 219
2025-05-03 17:42:49,849 - INFO - IA: Raquette droite déplacée de 24 à 32
2025-05-03 17:42:49,867 - INFO - JOUEUR: Raquette gauche déplacée de 219 à 228
2025-05-03 17:42:49,867 - INFO - IA: Raquette droite déplacée de 32 à 24
2025-05-03 17:42:49,884 - INFO - JOUEUR: Raquette gauche déplacée de 228 à 237
2025-05-03 17:42:49,884 - INFO - IA: Raquette droite déplacée de 24 à 16
2025-05-03 17:42:49,901 - INFO - JOUEUR: Raquette gauche déplacée de 237 à 246
2025-05-03 17:42:49,901 - INFO - IA: Raquette droite déplacée de 16 à 24
2025-05-03 17:42:49,918 - INFO - INPUT: Joueur relâche les touches directionnelles
2025-05-03 17:42:49,919 - INFO - IA: Raquette droite déplacée de 24 à 32
2025-05-03 17:42:49,935 - INFO - IA: Raquette droite déplacée de 32 à 24
2025-05-03 17:42:49,952 - INFO - IA: Raquette droite déplacée de 24 à 32
2025-05-03 17:42:49,969 - INFO - IA: Raquette droite déplacée de 32 à 40
2025-05-03 17:42:49,985 - INFO - IA: Raquette droite déplacée de 40 à 48
2025-05-03 17:42:50,002 - INFO - IA: Raquette droite déplacée de 48 à 40
2025-05-03 17:42:50,018 - INFO - IA: Raquette droite déplacée de 40 à 48
2025-05-03 17:42:50,034 - INFO - IA: Raquette droite déplacée de 48 à 56
2025-05-03 17:42:50,051 - INFO - IA: Raquette droite déplacée de 56 à 64
2025-05-03 17:42:50,068 - INFO - IA: Raquette droite déplacée de 64 à 72
2025-05-03 17:42:50,085 - INFO - IA: Raquette droite déplacée de 72 à 64
2025-05-03 17:42:50,101 - INFO - IA: Raquette droite déplacée de 64 à 72
2025-05-03 17:42:50,118 - INFO - IA: Raquette droite déplacée de 72 à 80
2025-05-03 17:42:50,134 - INFO - IA: Raquette droite déplacée de 80 à 88
2025-05-03 17:42:50,151 - INFO - IA: Raquette droite déplacée de 88 à 96
2025-05-03 17:42:50,169 - INFO - IA: Raquette droite déplacée de 96 à 104
2025-05-03 17:42:50,186 - INFO - IA: Raquette droite déplacée de 104 à 112
2025-05-03 17:42:50,203 - INFO - IA: Raquette droite déplacée de 112 à 120
2025-05-03 17:42:50,219 - INFO - IA: Raquette droite déplacée de 120 à 128
2025-05-03 17:42:50,236 - INFO - IA: Raquette droite déplacée de 128 à 120
2025-05-03 17:42:50,252 - INFO - IA: Raquette droite déplacée de 120 à 128
2025-05-03 17:42:50,270 - INFO - IA: Raquette droite déplacée de 128 à 136
2025-05-03 17:42:50,287 - INFO - IA: Raquette droite déplacée de 136 à 144
2025-05-03 17:42:50,305 - INFO - IA: Raquette droite déplacée de 144 à 152
2025-05-03 17:42:50,322 - INFO - IA: Raquette droite déplacée de 152 à 160
2025-05-03 17:42:50,340 - INFO - IA: Raquette droite déplacée de 160 à 152
2025-05-03 17:42:50,356 - INFO - IA: Raquette droite déplacée de 152 à 160
2025-05-03 17:42:50,373 - INFO - IA: Raquette droite déplacée de 160 à 152
2025-05-03 17:42:50,390 - INFO - IA: Raquette droite déplacée de 152 à 160
2025-05-03 17:42:50,407 - INFO - IA: Raquette droite déplacée de 160 à 168
2025-05-03 17:42:50,424 - INFO - IA: Raquette droite déplacée de 168 à 176
2025-05-03 17:42:50,440 - INFO - IA: Raquette droite déplacée de 176 à 184
2025-05-03 17:42:50,456 - INFO - IA: Raquette droite déplacée de 184 à 192
2025-05-03 17:42:50,472 - INFO - IA: Raquette droite déplacée de 192 à 200
2025-05-03 17:42:50,522 - INFO - IA: Raquette droite déplacée de 200 à 208
2025-05-03 17:42:50,539 - INFO - IA: Raquette droite déplacée de 208 à 216
2025-05-03 17:42:50,556 - INFO - INPUT: Joueur appuie sur la touche BAS
2025-05-03 17:42:50,556 - INFO - JOUEUR: Raquette gauche déplacée de 246 à 255
2025-05-03 17:42:50,556 - INFO - IA: Raquette droite déplacée de 216 à 224
2025-05-03 17:42:50,572 - INFO - JOUEUR: Raquette gauche déplacée de 255 à 264
2025-05-03 17:42:50,572 - INFO - IA: Raquette droite déplacée de 224 à 216
2025-05-03 17:42:50,588 - INFO - JOUEUR: Raquette gauche déplacée de 264 à 273
2025-05-03 17:42:50,588 - INFO - IA: Raquette droite déplacée de 216 à 224
2025-05-03 17:42:50,604 - INFO - JOUEUR: Raquette gauche déplacée de 273 à 282
2025-05-03 17:42:50,605 - INFO - IA: Raquette droite déplacée de 224 à 232
2025-05-03 17:42:50,621 - INFO - JOUEUR: Raquette gauche déplacée de 282 à 291
2025-05-03 17:42:50,621 - INFO - IA: Raquette droite déplacée de 232 à 240
2025-05-03 17:42:50,637 - INFO - JOUEUR: Raquette gauche déplacée de 291 à 300
2025-05-03 17:42:50,637 - INFO - IA: Raquette droite déplacée de 240 à 248
2025-05-03 17:42:50,653 - INFO - JOUEUR: Raquette gauche déplacée de 300 à 309
2025-05-03 17:42:50,653 - INFO - IA: Raquette droite déplacée de 248 à 240
2025-05-03 17:42:50,669 - INFO - JOUEUR: Raquette gauche déplacée de 309 à 318
2025-05-03 17:42:50,669 - INFO - IA: Raquette droite déplacée de 240 à 232
2025-05-03 17:42:50,686 - INFO - JOUEUR: Raquette gauche déplacée de 318 à 327
2025-05-03 17:42:50,686 - INFO - IA: Raquette droite déplacée de 232 à 240
2025-05-03 17:42:50,703 - INFO - JOUEUR: Raquette gauche déplacée de 327 à 336
2025-05-03 17:42:50,703 - INFO - IA: Raquette droite déplacée de 240 à 248
2025-05-03 17:42:50,720 - INFO - JOUEUR: Raquette gauche déplacée de 336 à 345
2025-05-03 17:42:50,720 - INFO - IA: Raquette droite déplacée de 248 à 256
2025-05-03 17:42:50,737 - INFO - JOUEUR: Raquette gauche déplacée de 345 à 354
2025-05-03 17:42:50,737 - INFO - IA: Raquette droite déplacée de 256 à 264
2025-05-03 17:42:50,753 - INFO - JOUEUR: Raquette gauche déplacée de 354 à 363
2025-05-03 17:42:50,753 - INFO - IA: Raquette droite déplacée de 264 à 272
2025-05-03 17:42:50,769 - INFO - JOUEUR: Raquette gauche déplacée de 363 à 372
2025-05-03 17:42:50,770 - INFO - IA: Raquette droite déplacée de 272 à 280
2025-05-03 17:42:50,786 - INFO - JOUEUR: Raquette gauche déplacée de 372 à 381
2025-05-03 17:42:50,786 - INFO - IA: Raquette droite déplacée de 280 à 288
2025-05-03 17:42:50,803 - INFO - JOUEUR: Raquette gauche déplacée de 381 à 390
2025-05-03 17:42:50,803 - INFO - IA: Raquette droite déplacée de 288 à 296
2025-05-03 17:42:50,820 - INFO - IA: Raquette droite déplacée de 296 à 304
2025-05-03 17:42:50,838 - INFO - INPUT: Joueur relâche les touches directionnelles
2025-05-03 17:42:50,839 - INFO - IA: Raquette droite déplacée de 304 à 312
2025-05-03 17:42:50,855 - INFO - IA: Raquette droite déplacée de 312 à 320
2025-05-03 17:42:50,870 - INFO - IA: Raquette droite déplacée de 320 à 312
2025-05-03 17:42:50,886 - INFO - IA: Raquette droite déplacée de 312 à 320
2025-05-03 17:42:50,902 - INFO - IA: Raquette droite déplacée de 320 à 328
2025-05-03 17:42:50,919 - INFO - IA: Raquette droite déplacée de 328 à 336
2025-05-03 17:42:50,935 - INFO - IA: Raquette droite déplacée de 336 à 328
2025-05-03 17:42:50,951 - INFO - IA: Raquette droite déplacée de 328 à 336
2025-05-03 17:42:50,967 - INFO - IA: Raquette droite déplacée de 336 à 344
2025-05-03 17:42:50,984 - INFO - IA: Raquette droite déplacée de 344 à 352
2025-05-03 17:42:51,002 - INFO - INPUT: Joueur appuie sur la touche HAUT
2025-05-03 17:42:51,002 - INFO - JOUEUR: Raquette gauche déplacée de 390 à 381
2025-05-03 17:42:51,003 - INFO - IA: Raquette droite déplacée de 352 à 360
2025-05-03 17:42:51,019 - INFO - JOUEUR: Raquette gauche déplacée de 381 à 372
2025-05-03 17:42:51,020 - INFO - IA: Raquette droite déplacée de 360 à 368
2025-05-03 17:42:51,020 - INFO - COLLISION: Balle a rebondi sur une raquette à la position (30, 413)
2025-05-03 17:42:51,020 - INFO - VITESSE: Balle accélérée à 7.3, vitesses raquettes ajustées
2025-05-03 17:42:51,036 - INFO - JOUEUR: Raquette gauche déplacée de 372 à 362
2025-05-03 17:42:51,053 - INFO - JOUEUR: Raquette gauche déplacée de 362 à 352
2025-05-03 17:42:51,053 - INFO - IA: Raquette droite déplacée de 368 à 377
2025-05-03 17:42:51,070 - INFO - JOUEUR: Raquette gauche déplacée de 352 à 342
2025-05-03 17:42:51,070 - INFO - IA: Raquette droite déplacée de 377 à 386
2025-05-03 17:42:51,087 - INFO - JOUEUR: Raquette gauche déplacée de 342 à 332
2025-05-03 17:42:51,087 - INFO - IA: Raquette droite déplacée de 386 à 377
2025-05-03 17:42:51,104 - INFO - JOUEUR: Raquette gauche déplacée de 332 à 322
2025-05-03 17:42:51,104 - INFO - IA: Raquette droite déplacée de 377 à 386
2025-05-03 17:42:51,120 - INFO - JOUEUR: Raquette gauche déplacée de 322 à 312
2025-05-03 17:42:51,120 - INFO - IA: Raquette droite déplacée de 386 à 390
2025-05-03 17:42:51,136 - INFO - JOUEUR: Raquette gauche déplacée de 312 à 302
2025-05-03 17:42:51,152 - INFO - JOUEUR: Raquette gauche déplacée de 302 à 292
2025-05-03 17:42:51,168 - INFO - JOUEUR: Raquette gauche déplacée de 292 à 282
2025-05-03 17:42:51,185 - INFO - JOUEUR: Raquette gauche déplacée de 282 à 272
2025-05-03 17:42:51,201 - INFO - JOUEUR: Raquette gauche déplacée de 272 à 262
2025-05-03 17:42:51,201 - INFO - COLLISION: Balle a rebondi sur un mur à la position (107, 468)
2025-05-03 17:42:51,218 - INFO - JOUEUR: Raquette gauche déplacée de 262 à 252
2025-05-03 17:42:51,235 - INFO - JOUEUR: Raquette gauche déplacée de 252 à 242
2025-05-03 17:42:51,251 - INFO - JOUEUR: Raquette gauche déplacée de 242 à 232
2025-05-03 17:42:51,267 - INFO - JOUEUR: Raquette gauche déplacée de 232 à 222
2025-05-03 17:42:51,284 - INFO - JOUEUR: Raquette gauche déplacée de 222 à 212
2025-05-03 17:42:51,301 - INFO - JOUEUR: Raquette gauche déplacée de 212 à 202
2025-05-03 17:42:51,317 - INFO - JOUEUR: Raquette gauche déplacée de 202 à 192
2025-05-03 17:42:51,334 - INFO - JOUEUR: Raquette gauche déplacée de 192 à 182
2025-05-03 17:42:51,334 - INFO - IA: Raquette droite déplacée de 390 à 381
2025-05-03 17:42:51,351 - INFO - JOUEUR: Raquette gauche déplacée de 182 à 172
2025-05-03 17:42:51,352 - INFO - IA: Raquette droite déplacée de 381 à 390
2025-05-03 17:42:51,368 - INFO - JOUEUR: Raquette gauche déplacée de 172 à 162
2025-05-03 17:42:51,368 - INFO - IA: Raquette droite déplacée de 390 à 381
2025-05-03 17:42:51,384 - INFO - JOUEUR: Raquette gauche déplacée de 162 à 152
2025-05-03 17:42:51,384 - INFO - IA: Raquette droite déplacée de 381 à 372
2025-05-03 17:42:51,400 - INFO - JOUEUR: Raquette gauche déplacée de 152 à 142
2025-05-03 17:42:51,401 - INFO - IA: Raquette droite déplacée de 372 à 363
2025-05-03 17:42:51,417 - INFO - JOUEUR: Raquette gauche déplacée de 142 à 132
2025-05-03 17:42:51,417 - INFO - IA: Raquette droite déplacée de 363 à 372
2025-05-03 17:42:51,434 - INFO - JOUEUR: Raquette gauche déplacée de 132 à 122
2025-05-03 17:42:51,435 - INFO - IA: Raquette droite déplacée de 372 à 363
2025-05-03 17:42:51,451 - INFO - JOUEUR: Raquette gauche déplacée de 122 à 112
2025-05-03 17:42:51,451 - INFO - IA: Raquette droite déplacée de 363 à 372
2025-05-03 17:42:51,468 - INFO - JOUEUR: Raquette gauche déplacée de 112 à 102
2025-05-03 17:42:51,468 - INFO - IA: Raquette droite déplacée de 372 à 363
2025-05-03 17:42:51,485 - INFO - JOUEUR: Raquette gauche déplacée de 102 à 92
2025-05-03 17:42:51,486 - INFO - IA: Raquette droite déplacée de 363 à 372
2025-05-03 17:42:51,502 - INFO - JOUEUR: Raquette gauche déplacée de 92 à 82
2025-05-03 17:42:51,502 - INFO - IA: Raquette droite déplacée de 372 à 363
2025-05-03 17:42:51,519 - INFO - JOUEUR: Raquette gauche déplacée de 82 à 72
2025-05-03 17:42:51,519 - INFO - IA: Raquette droite déplacée de 363 à 354
2025-05-03 17:42:51,535 - INFO - JOUEUR: Raquette gauche déplacée de 72 à 62
2025-05-03 17:42:51,536 - INFO - IA: Raquette droite déplacée de 354 à 345
2025-05-03 17:42:51,552 - INFO - JOUEUR: Raquette gauche déplacée de 62 à 52
2025-05-03 17:42:51,552 - INFO - IA: Raquette droite déplacée de 345 à 336
2025-05-03 17:42:51,569 - INFO - JOUEUR: Raquette gauche déplacée de 52 à 42
2025-05-03 17:42:51,569 - INFO - IA: Raquette droite déplacée de 336 à 345
2025-05-03 17:42:51,586 - INFO - JOUEUR: Raquette gauche déplacée de 42 à 32
2025-05-03 17:42:51,586 - INFO - IA: Raquette droite déplacée de 345 à 336
2025-05-03 17:42:51,604 - INFO - JOUEUR: Raquette gauche déplacée de 32 à 22
2025-05-03 17:42:51,604 - INFO - IA: Raquette droite déplacée de 336 à 345
2025-05-03 17:42:51,620 - INFO - JOUEUR: Raquette gauche déplacée de 22 à 12
2025-05-03 17:42:51,620 - INFO - IA: Raquette droite déplacée de 345 à 336
2025-05-03 17:42:51,636 - INFO - JOUEUR: Raquette gauche déplacée de 12 à 2
2025-05-03 17:42:51,636 - INFO - IA: Raquette droite déplacée de 336 à 327
2025-05-03 17:42:51,653 - INFO - JOUEUR: Raquette gauche déplacée de 2 à 0
2025-05-03 17:42:51,653 - INFO - IA: Raquette droite déplacée de 327 à 318
2025-05-03 17:42:51,670 - INFO - IA: Raquette droite déplacée de 318 à 309
2025-05-03 17:42:51,686 - INFO - IA: Raquette droite déplacée de 309 à 300
2025-05-03 17:42:51,703 - INFO - INPUT: Joueur relâche les touches directionnelles
2025-05-03 17:42:51,703 - INFO - IA: Raquette droite déplacée de 300 à 291
2025-05-03 17:42:51,719 - INFO - IA: Raquette droite déplacée de 291 à 300
2025-05-03 17:42:51,736 - INFO - IA: Raquette droite déplacée de 300 à 291
2025-05-03 17:42:51,752 - INFO - IA: Raquette droite déplacée de 291 à 282
2025-05-03 17:42:51,769 - INFO - IA: Raquette droite déplacée de 282 à 273
2025-05-03 17:42:51,786 - INFO - IA: Raquette droite déplacée de 273 à 264
2025-05-03 17:42:51,804 - INFO - IA: Raquette droite déplacée de 264 à 273
2025-05-03 17:42:51,819 - INFO - IA: Raquette droite déplacée de 273 à 264
2025-05-03 17:42:51,836 - INFO - IA: Raquette droite déplacée de 264 à 255
2025-05-03 17:42:51,853 - INFO - IA: Raquette droite déplacée de 255 à 246
2025-05-03 17:42:51,870 - INFO - IA: Raquette droite déplacée de 246 à 255
2025-05-03 17:42:51,887 - INFO - INPUT: Joueur appuie sur la touche BAS
2025-05-03 17:42:51,887 - INFO - JOUEUR: Raquette gauche déplacée de 0 à 10
2025-05-03 17:42:51,887 - INFO - IA: Raquette droite déplacée de 255 à 246
2025-05-03 17:42:51,905 - INFO - JOUEUR: Raquette gauche déplacée de 10 à 20
2025-05-03 17:42:51,905 - INFO - IA: Raquette droite déplacée de 246 à 237
2025-05-03 17:42:51,921 - INFO - JOUEUR: Raquette gauche déplacée de 20 à 30
2025-05-03 17:42:51,921 - INFO - IA: Raquette droite déplacée de 237 à 228
2025-05-03 17:42:51,938 - INFO - JOUEUR: Raquette gauche déplacée de 30 à 40
2025-05-03 17:42:51,938 - INFO - IA: Raquette droite déplacée de 228 à 219
2025-05-03 17:42:51,955 - INFO - JOUEUR: Raquette gauche déplacée de 40 à 50
2025-05-03 17:42:51,955 - INFO - IA: Raquette droite déplacée de 219 à 210
2025-05-03 17:42:51,972 - INFO - JOUEUR: Raquette gauche déplacée de 50 à 60
2025-05-03 17:42:51,972 - INFO - IA: Raquette droite déplacée de 210 à 219
2025-05-03 17:42:51,988 - INFO - JOUEUR: Raquette gauche déplacée de 60 à 70
2025-05-03 17:42:51,988 - INFO - IA: Raquette droite déplacée de 219 à 210
2025-05-03 17:42:52,005 - INFO - JOUEUR: Raquette gauche déplacée de 70 à 80
2025-05-03 17:42:52,005 - INFO - IA: Raquette droite déplacée de 210 à 219
2025-05-03 17:42:52,022 - INFO - JOUEUR: Raquette gauche déplacée de 80 à 90
2025-05-03 17:42:52,022 - INFO - IA: Raquette droite déplacée de 219 à 210
2025-05-03 17:42:52,039 - INFO - JOUEUR: Raquette gauche déplacée de 90 à 100
2025-05-03 17:42:52,039 - INFO - IA: Raquette droite déplacée de 210 à 201
2025-05-03 17:42:52,055 - INFO - JOUEUR: Raquette gauche déplacée de 100 à 110
2025-05-03 17:42:52,055 - INFO - IA: Raquette droite déplacée de 201 à 192
2025-05-03 17:42:52,072 - INFO - JOUEUR: Raquette gauche déplacée de 110 à 120
2025-05-03 17:42:52,072 - INFO - IA: Raquette droite déplacée de 192 à 183
2025-05-03 17:42:52,090 - INFO - JOUEUR: Raquette gauche déplacée de 120 à 130
2025-05-03 17:42:52,091 - INFO - IA: Raquette droite déplacée de 183 à 174
2025-05-03 17:42:52,107 - INFO - JOUEUR: Raquette gauche déplacée de 130 à 140
2025-05-03 17:42:52,107 - INFO - IA: Raquette droite déplacée de 174 à 183
2025-05-03 17:42:52,123 - INFO - JOUEUR: Raquette gauche déplacée de 140 à 150
2025-05-03 17:42:52,123 - INFO - IA: Raquette droite déplacée de 183 à 192
2025-05-03 17:42:52,140 - INFO - JOUEUR: Raquette gauche déplacée de 150 à 160
2025-05-03 17:42:52,140 - INFO - IA: Raquette droite déplacée de 192 à 201
2025-05-03 17:42:52,156 - INFO - JOUEUR: Raquette gauche déplacée de 160 à 170
2025-05-03 17:42:52,156 - INFO - IA: Raquette droite déplacée de 201 à 210
2025-05-03 17:42:52,173 - INFO - JOUEUR: Raquette gauche déplacée de 170 à 180
2025-05-03 17:42:52,173 - INFO - IA: Raquette droite déplacée de 210 à 201
2025-05-03 17:42:52,189 - INFO - JOUEUR: Raquette gauche déplacée de 180 à 190
2025-05-03 17:42:52,189 - INFO - IA: Raquette droite déplacée de 201 à 192
2025-05-03 17:42:52,205 - INFO - JOUEUR: Raquette gauche déplacée de 190 à 200
2025-05-03 17:42:52,205 - INFO - IA: Raquette droite déplacée de 192 à 183
2025-05-03 17:42:52,222 - INFO - JOUEUR: Raquette gauche déplacée de 200 à 210
2025-05-03 17:42:52,222 - INFO - IA: Raquette droite déplacée de 183 à 174
2025-05-03 17:42:52,239 - INFO - JOUEUR: Raquette gauche déplacée de 210 à 220
2025-05-03 17:42:52,239 - INFO - IA: Raquette droite déplacée de 174 à 165
2025-05-03 17:42:52,255 - INFO - JOUEUR: Raquette gauche déplacée de 220 à 230
2025-05-03 17:42:52,256 - INFO - IA: Raquette droite déplacée de 165 à 156
2025-05-03 17:42:52,272 - INFO - JOUEUR: Raquette gauche déplacée de 230 à 240
2025-05-03 17:42:52,272 - INFO - IA: Raquette droite déplacée de 156 à 147
2025-05-03 17:42:52,272 - INFO - COLLISION: Balle a rebondi sur une raquette à la position (555, 148)
2025-05-03 17:42:52,272 - INFO - VITESSE: Balle accélérée à 8.1, vitesses raquettes ajustées
2025-05-03 17:42:52,288 - INFO - JOUEUR: Raquette gauche déplacée de 240 à 251
2025-05-03 17:42:52,288 - INFO - IA: Raquette droite déplacée de 147 à 137
2025-05-03 17:42:52,304 - INFO - JOUEUR: Raquette gauche déplacée de 251 à 262
2025-05-03 17:42:52,305 - INFO - IA: Raquette droite déplacée de 137 à 127
2025-05-03 17:42:52,321 - INFO - INPUT: Joueur relâche les touches directionnelles
2025-05-03 17:42:52,321 - INFO - IA: Raquette droite déplacée de 127 à 117
2025-05-03 17:42:52,338 - INFO - IA: Raquette droite déplacée de 117 à 107
2025-05-03 17:42:52,354 - INFO - IA: Raquette droite déplacée de 107 à 97
2025-05-03 17:42:52,371 - INFO - IA: Raquette droite déplacée de 97 à 87
2025-05-03 17:42:52,388 - INFO - IA: Raquette droite déplacée de 87 à 77
2025-05-03 17:42:52,405 - INFO - IA: Raquette droite déplacée de 77 à 67
2025-05-03 17:42:52,422 - INFO - IA: Raquette droite déplacée de 67 à 57
2025-05-03 17:42:52,438 - INFO - IA: Raquette droite déplacée de 57 à 47
2025-05-03 17:42:52,454 - INFO - IA: Raquette droite déplacée de 47 à 57
2025-05-03 17:42:52,471 - INFO - IA: Raquette droite déplacée de 57 à 47
2025-05-03 17:42:52,487 - INFO - IA: Raquette droite déplacée de 47 à 57
2025-05-03 17:42:52,504 - INFO - IA: Raquette droite déplacée de 57 à 67
2025-05-03 17:42:52,519 - INFO - IA: Raquette droite déplacée de 67 à 57
2025-05-03 17:42:52,536 - INFO - IA: Raquette droite déplacée de 57 à 47
2025-05-03 17:42:52,551 - INFO - IA: Raquette droite déplacée de 47 à 37
2025-05-03 17:42:52,568 - INFO - IA: Raquette droite déplacée de 37 à 47
2025-05-03 17:42:52,584 - INFO - IA: Raquette droite déplacée de 47 à 37
2025-05-03 17:42:52,600 - INFO - IA: Raquette droite déplacée de 37 à 27
2025-05-03 17:42:52,617 - INFO - IA: Raquette droite déplacée de 27 à 37
2025-05-03 17:42:52,634 - INFO - IA: Raquette droite déplacée de 37 à 27
2025-05-03 17:42:52,650 - INFO - IA: Raquette droite déplacée de 27 à 17
2025-05-03 17:42:52,666 - INFO - IA: Raquette droite déplacée de 17 à 7
2025-05-03 17:42:52,683 - INFO - IA: Raquette droite déplacée de 7 à 0
2025-05-03 17:42:52,699 - INFO - IA: Raquette droite déplacée de 0 à 10
2025-05-03 17:42:52,716 - INFO - IA: Raquette droite déplacée de 10 à 0
2025-05-03 17:42:52,733 - INFO - INPUT: Joueur appuie sur la touche HAUT
2025-05-03 17:42:52,733 - INFO - JOUEUR: Raquette gauche déplacée de 262 à 251
2025-05-03 17:42:52,750 - INFO - JOUEUR: Raquette gauche déplacée de 251 à 240
2025-05-03 17:42:52,766 - INFO - JOUEUR: Raquette gauche déplacée de 240 à 229
2025-05-03 17:42:52,766 - INFO - COLLISION: Balle a rebondi sur un mur à la position (315, -2)
2025-05-03 17:42:52,783 - INFO - JOUEUR: Raquette gauche déplacée de 229 à 218
2025-05-03 17:42:52,799 - INFO - JOUEUR: Raquette gauche déplacée de 218 à 207
2025-05-03 17:42:52,816 - INFO - JOUEUR: Raquette gauche déplacée de 207 à 196
2025-05-03 17:42:52,831 - INFO - JOUEUR: Raquette gauche déplacée de 196 à 185
2025-05-03 17:42:52,848 - INFO - JOUEUR: Raquette gauche déplacée de 185 à 174
2025-05-03 17:42:52,848 - INFO - IA: Raquette droite déplacée de 0 à 10
2025-05-03 17:42:52,865 - INFO - JOUEUR: Raquette gauche déplacée de 174 à 163
2025-05-03 17:42:52,865 - INFO - IA: Raquette droite déplacée de 10 à 0
2025-05-03 17:42:52,882 - INFO - JOUEUR: Raquette gauche déplacée de 163 à 152
2025-05-03 17:42:52,899 - INFO - JOUEUR: Raquette gauche déplacée de 152 à 141
2025-05-03 17:42:52,900 - INFO - IA: Raquette droite déplacée de 0 à 10
2025-05-03 17:42:52,916 - INFO - JOUEUR: Raquette gauche déplacée de 141 à 130
2025-05-03 17:42:52,916 - INFO - IA: Raquette droite déplacée de 10 à 20
2025-05-03 17:42:52,931 - INFO - JOUEUR: Raquette gauche déplacée de 130 à 119
2025-05-03 17:42:52,931 - INFO - IA: Raquette droite déplacée de 20 à 10
2025-05-03 17:42:52,948 - INFO - JOUEUR: Raquette gauche déplacée de 119 à 108
2025-05-03 17:42:52,948 - INFO - IA: Raquette droite déplacée de 10 à 0
2025-05-03 17:42:52,964 - INFO - JOUEUR: Raquette gauche déplacée de 108 à 97
2025-05-03 17:42:52,980 - INFO - JOUEUR: Raquette gauche déplacée de 97 à 86
2025-05-03 17:42:52,981 - INFO - IA: Raquette droite déplacée de 0 à 10
2025-05-03 17:42:52,996 - INFO - JOUEUR: Raquette gauche déplacée de 86 à 75
2025-05-03 17:42:52,996 - INFO - IA: Raquette droite déplacée de 10 à 20
2025-05-03 17:42:53,012 - INFO - JOUEUR: Raquette gauche déplacée de 75 à 64
2025-05-03 17:42:53,012 - INFO - IA: Raquette droite déplacée de 20 à 30
2025-05-03 17:42:53,028 - INFO - JOUEUR: Raquette gauche déplacée de 64 à 53
2025-05-03 17:42:53,028 - INFO - IA: Raquette droite déplacée de 30 à 40
2025-05-03 17:42:53,045 - INFO - JOUEUR: Raquette gauche déplacée de 53 à 42
2025-05-03 17:42:53,045 - INFO - IA: Raquette droite déplacée de 40 à 30
2025-05-03 17:42:53,061 - INFO - JOUEUR: Raquette gauche déplacée de 42 à 31
2025-05-03 17:42:53,061 - INFO - IA: Raquette droite déplacée de 30 à 20
2025-05-03 17:42:53,077 - INFO - JOUEUR: Raquette gauche déplacée de 31 à 20
2025-05-03 17:42:53,077 - INFO - IA: Raquette droite déplacée de 20 à 30
2025-05-03 17:42:53,094 - INFO - INPUT: Joueur relâche les touches directionnelles
2025-05-03 17:42:53,094 - INFO - IA: Raquette droite déplacée de 30 à 40
2025-05-03 17:42:53,111 - INFO - IA: Raquette droite déplacée de 40 à 30
2025-05-03 17:42:53,128 - INFO - IA: Raquette droite déplacée de 30 à 40
2025-05-03 17:42:53,144 - INFO - IA: Raquette droite déplacée de 40 à 50
2025-05-03 17:42:53,160 - INFO - IA: Raquette droite déplacée de 50 à 60
2025-05-03 17:42:53,177 - INFO - IA: Raquette droite déplacée de 60 à 70
2025-05-03 17:42:53,194 - INFO - IA: Raquette droite déplacée de 70 à 80
2025-05-03 17:42:53,210 - INFO - IA: Raquette droite déplacée de 80 à 90
2025-05-03 17:42:53,227 - INFO - IA: Raquette droite déplacée de 90 à 100
2025-05-03 17:42:53,243 - INFO - IA: Raquette droite déplacée de 100 à 110
2025-05-03 17:42:53,260 - INFO - IA: Raquette droite déplacée de 110 à 120
2025-05-03 17:42:53,277 - INFO - INPUT: Joueur appuie sur la touche BAS
2025-05-03 17:42:53,278 - INFO - JOUEUR: Raquette gauche déplacée de 20 à 31
2025-05-03 17:42:53,278 - INFO - IA: Raquette droite déplacée de 120 à 110
2025-05-03 17:42:53,294 - INFO - JOUEUR: Raquette gauche déplacée de 31 à 42
2025-05-03 17:42:53,294 - INFO - IA: Raquette droite déplacée de 110 à 100
2025-05-03 17:42:53,311 - INFO - JOUEUR: Raquette gauche déplacée de 42 à 53
2025-05-03 17:42:53,311 - INFO - IA: Raquette droite déplacée de 100 à 90
2025-05-03 17:42:53,328 - INFO - JOUEUR: Raquette gauche déplacée de 53 à 64
2025-05-03 17:42:53,328 - INFO - IA: Raquette droite déplacée de 90 à 100
2025-05-03 17:42:53,344 - INFO - JOUEUR: Raquette gauche déplacée de 64 à 75
2025-05-03 17:42:53,344 - INFO - IA: Raquette droite déplacée de 100 à 110
2025-05-03 17:42:53,360 - INFO - JOUEUR: Raquette gauche déplacée de 75 à 86
2025-05-03 17:42:53,361 - INFO - IA: Raquette droite déplacée de 110 à 120
2025-05-03 17:42:53,377 - INFO - JOUEUR: Raquette gauche déplacée de 86 à 97
2025-05-03 17:42:53,377 - INFO - IA: Raquette droite déplacée de 120 à 110
2025-05-03 17:42:53,377 - INFO - COLLISION: Balle a rebondi sur une raquette à la position (19, 183)
2025-05-03 17:42:53,378 - INFO - VITESSE: Balle accélérée à 8.9, vitesses raquettes ajustées
2025-05-03 17:42:53,393 - INFO - JOUEUR: Raquette gauche déplacée de 97 à 109
2025-05-03 17:42:53,393 - INFO - IA: Raquette droite déplacée de 110 à 121
2025-05-03 17:42:53,393 - INFO - COLLISION: Balle a rebondi sur une raquette à la position (28, 188)
2025-05-03 17:42:53,393 - INFO - VITESSE: Balle accélérée à 9.7, vitesses raquettes ajustées
2025-05-03 17:42:53,409 - INFO - JOUEUR: Raquette gauche déplacée de 109 à 123
2025-05-03 17:42:53,409 - INFO - IA: Raquette droite déplacée de 121 à 133
2025-05-03 17:42:53,410 - INFO - COLLISION: Balle a rebondi sur une raquette à la position (18, 193)
2025-05-03 17:42:53,410 - INFO - VITESSE: Balle accélérée à 10.7, vitesses raquettes ajustées
2025-05-03 17:42:53,426 - INFO - JOUEUR: Raquette gauche déplacée de 123 à 137
2025-05-03 17:42:53,426 - INFO - IA: Raquette droite déplacée de 133 à 145
2025-05-03 17:42:53,427 - INFO - COLLISION: Balle a rebondi sur une raquette à la position (29, 198)
2025-05-03 17:42:53,427 - INFO - VITESSE: Balle accélérée à 11.8, vitesses raquettes ajustées
2025-05-03 17:42:53,442 - INFO - JOUEUR: Raquette gauche déplacée de 137 à 151
2025-05-03 17:42:53,443 - INFO - IA: Raquette droite déplacée de 145 à 157
2025-05-03 17:42:53,443 - INFO - COLLISION: Balle a rebondi sur une raquette à la position (17, 203)
2025-05-03 17:42:53,443 - INFO - VITESSE: Balle accélérée à 13.0, vitesses raquettes ajustées
2025-05-03 17:42:53,459 - INFO - JOUEUR: Raquette gauche déplacée de 151 à 165
2025-05-03 17:42:53,459 - INFO - IA: Raquette droite déplacée de 157 à 145
2025-05-03 17:42:53,459 - INFO - COLLISION: Balle a rebondi sur une raquette à la position (30, 208)
2025-05-03 17:42:53,459 - INFO - VITESSE: Balle accélérée à 14.3, vitesses raquettes ajustées
2025-05-03 17:42:53,476 - INFO - JOUEUR: Raquette gauche déplacée de 165 à 179
2025-05-03 17:42:53,476 - INFO - IA: Raquette droite déplacée de 145 à 157
2025-05-03 17:42:53,476 - INFO - COLLISION: Balle a rebondi sur une raquette à la position (16, 213)
2025-05-03 17:42:53,476 - INFO - VITESSE: Balle accélérée à 15.0, vitesses raquettes ajustées
2025-05-03 17:42:53,491 - INFO - JOUEUR: Raquette gauche déplacée de 179 à 193
2025-05-03 17:42:53,491 - INFO - IA: Raquette droite déplacée de 157 à 169
2025-05-03 17:42:53,491 - INFO - COLLISION: Balle a rebondi sur une raquette à la position (31, 218)
2025-05-03 17:42:53,491 - INFO - VITESSE: Balle accélérée à 15.0, vitesses raquettes ajustées
2025-05-03 17:42:53,508 - INFO - JOUEUR: Raquette gauche déplacée de 193 à 207
2025-05-03 17:42:53,508 - INFO - IA: Raquette droite déplacée de 169 à 157
2025-05-03 17:42:53,508 - INFO - COLLISION: Balle a rebondi sur une raquette à la position (16, 223)
2025-05-03 17:42:53,509 - INFO - VITESSE: Balle accélérée à 15.0, vitesses raquettes ajustées
2025-05-03 17:42:53,525 - INFO - JOUEUR: Raquette gauche déplacée de 207 à 221
2025-05-03 17:42:53,525 - INFO - IA: Raquette droite déplacée de 157 à 145
2025-05-03 17:42:53,525 - INFO - COLLISION: Balle a rebondi sur une raquette à la position (31, 228)
2025-05-03 17:42:53,526 - INFO - VITESSE: Balle accélérée à 15.0, vitesses raquettes ajustées
2025-05-03 17:42:53,542 - INFO - JOUEUR: Raquette gauche déplacée de 221 à 235
2025-05-03 17:42:53,542 - INFO - IA: Raquette droite déplacée de 145 à 157
2025-05-03 17:42:53,543 - INFO - COLLISION: Balle a rebondi sur une raquette à la position (16, 233)
2025-05-03 17:42:53,543 - INFO - VITESSE: Balle accélérée à 15.0, vitesses raquettes ajustées
2025-05-03 17:42:53,558 - INFO - JOUEUR: Raquette gauche déplacée de 235 à 249
2025-05-03 17:42:53,559 - INFO - IA: Raquette droite déplacée de 157 à 169
2025-05-03 17:42:53,559 - INFO - COLLISION: Balle a rebondi sur une raquette à la position (31, 238)
2025-05-03 17:42:53,559 - INFO - VITESSE: Balle accélérée à 15.0, vitesses raquettes ajustées
2025-05-03 17:42:53,575 - INFO - JOUEUR: Raquette gauche déplacée de 249 à 263
2025-05-03 17:42:53,575 - INFO - IA: Raquette droite déplacée de 169 à 181
2025-05-03 17:42:53,592 - INFO - JOUEUR: Raquette gauche déplacée de 263 à 277
2025-05-03 17:42:53,592 - INFO - IA: Raquette droite déplacée de 181 à 193
2025-05-03 17:42:53,609 - INFO - JOUEUR: Raquette gauche déplacée de 277 à 291
2025-05-03 17:42:53,609 - INFO - IA: Raquette droite déplacée de 193 à 205
2025-05-03 17:42:53,609 - INFO - POINT: Joueur droite (IA) marque un point! Score: 1-1
2025-05-03 17:42:53,626 - INFO - JOUEUR: Raquette gauche déplacée de 291 à 298
2025-05-03 17:42:53,626 - INFO - IA: Raquette droite déplacée de 205 à 199
2025-05-03 17:42:53,642 - INFO - JOUEUR: Raquette gauche déplacée de 298 à 305
2025-05-03 17:42:53,642 - INFO - IA: Raquette droite déplacée de 199 à 193
2025-05-03 17:42:53,659 - INFO - JOUEUR: Raquette gauche déplacée de 305 à 312
2025-05-03 17:42:53,659 - INFO - IA: Raquette droite déplacée de 193 à 199
2025-05-03 17:42:53,676 - INFO - JOUEUR: Raquette gauche déplacée de 312 à 319
2025-05-03 17:42:53,676 - INFO - IA: Raquette droite déplacée de 199 à 205
2025-05-03 17:42:53,692 - INFO - JOUEUR: Raquette gauche déplacée de 319 à 326
2025-05-03 17:42:53,692 - INFO - IA: Raquette droite déplacée de 205 à 211
2025-05-03 17:42:53,708 - INFO - JOUEUR: Raquette gauche déplacée de 326 à 333
2025-05-03 17:42:53,708 - INFO - IA: Raquette droite déplacée de 211 à 205
2025-05-03 17:42:53,725 - INFO - JOUEUR: Raquette gauche déplacée de 333 à 340
2025-05-03 17:42:53,742 - INFO - JOUEUR: Raquette gauche déplacée de 340 à 347
2025-05-03 17:42:53,743 - INFO - IA: Raquette droite déplacée de 205 à 211
2025-05-03 17:42:53,760 - INFO - JOUEUR: Raquette gauche déplacée de 347 à 354
2025-05-03 17:42:53,760 - INFO - IA: Raquette droite déplacée de 211 à 217
2025-05-03 17:42:53,777 - INFO - JOUEUR: Raquette gauche déplacée de 354 à 361
2025-05-03 17:42:53,777 - INFO - IA: Raquette droite déplacée de 217 à 223
2025-05-03 17:42:53,794 - INFO - JOUEUR: Raquette gauche déplacée de 361 à 368
2025-05-03 17:42:53,794 - INFO - IA: Raquette droite déplacée de 223 à 229
2025-05-03 17:42:53,810 - INFO - JOUEUR: Raquette gauche déplacée de 368 à 375
2025-05-03 17:42:53,811 - INFO - IA: Raquette droite déplacée de 229 à 235
2025-05-03 17:42:53,827 - INFO - JOUEUR: Raquette gauche déplacée de 375 à 382
2025-05-03 17:42:53,827 - INFO - IA: Raquette droite déplacée de 235 à 241
2025-05-03 17:42:53,843 - INFO - JOUEUR: Raquette gauche déplacée de 382 à 389
2025-05-03 17:42:53,844 - INFO - IA: Raquette droite déplacée de 241 à 247
2025-05-03 17:42:53,860 - INFO - JOUEUR: Raquette gauche déplacée de 389 à 390
2025-05-03 17:42:53,860 - INFO - IA: Raquette droite déplacée de 247 à 253
2025-05-03 17:42:53,877 - INFO - IA: Raquette droite déplacée de 253 à 259
2025-05-03 17:42:53,894 - INFO - IA: Raquette droite déplacée de 259 à 265
2025-05-03 17:42:53,909 - INFO - IA: Raquette droite déplacée de 265 à 271
2025-05-03 17:42:53,926 - INFO - IA: Raquette droite déplacée de 271 à 277
2025-05-03 17:42:53,942 - INFO - IA: Raquette droite déplacée de 277 à 271
2025-05-03 17:42:53,958 - INFO - IA: Raquette droite déplacée de 271 à 277
2025-05-03 17:42:53,976 - INFO - INPUT: Joueur relâche les touches directionnelles
2025-05-03 17:42:53,976 - INFO - IA: Raquette droite déplacée de 277 à 283
2025-05-03 17:42:53,992 - INFO - IA: Raquette droite déplacée de 283 à 289
2025-05-03 17:42:54,008 - INFO - IA: Raquette droite déplacée de 289 à 295
2025-05-03 17:42:54,025 - INFO - IA: Raquette droite déplacée de 295 à 301
2025-05-03 17:42:54,042 - INFO - IA: Raquette droite déplacée de 301 à 307
2025-05-03 17:42:54,059 - INFO - IA: Raquette droite déplacée de 307 à 313
2025-05-03 17:42:54,074 - INFO - IA: Raquette droite déplacée de 313 à 319
2025-05-03 17:42:54,090 - INFO - IA: Raquette droite déplacée de 319 à 325
2025-05-03 17:42:54,107 - INFO - IA: Raquette droite déplacée de 325 à 331
2025-05-03 17:42:54,123 - INFO - IA: Raquette droite déplacée de 331 à 337
2025-05-03 17:42:54,139 - INFO - IA: Raquette droite déplacée de 337 à 343
2025-05-03 17:42:54,156 - INFO - IA: Raquette droite déplacée de 343 à 349
2025-05-03 17:42:54,173 - INFO - IA: Raquette droite déplacée de 349 à 355
2025-05-03 17:42:54,190 - INFO - IA: Raquette droite déplacée de 355 à 349
2025-05-03 17:42:54,207 - INFO - IA: Raquette droite déplacée de 349 à 343
2025-05-03 17:42:54,224 - INFO - INPUT: Joueur appuie sur la touche HAUT
2025-05-03 17:42:54,224 - INFO - JOUEUR: Raquette gauche déplacée de 390 à 383
2025-05-03 17:42:54,224 - INFO - IA: Raquette droite déplacée de 343 à 349
2025-05-03 17:42:54,240 - INFO - JOUEUR: Raquette gauche déplacée de 383 à 376
2025-05-03 17:42:54,240 - INFO - IA: Raquette droite déplacée de 349 à 355
2025-05-03 17:42:54,257 - INFO - JOUEUR: Raquette gauche déplacée de 376 à 369
2025-05-03 17:42:54,257 - INFO - IA: Raquette droite déplacée de 355 à 361
2025-05-03 17:42:54,273 - INFO - JOUEUR: Raquette gauche déplacée de 369 à 362
2025-05-03 17:42:54,273 - INFO - IA: Raquette droite déplacée de 361 à 367
2025-05-03 17:42:54,290 - INFO - JOUEUR: Raquette gauche déplacée de 362 à 355
2025-05-03 17:42:54,290 - INFO - IA: Raquette droite déplacée de 367 à 373
2025-05-03 17:42:54,307 - INFO - JOUEUR: Raquette gauche déplacée de 355 à 348
2025-05-03 17:42:54,307 - INFO - IA: Raquette droite déplacée de 373 à 379
2025-05-03 17:42:54,324 - INFO - JOUEUR: Raquette gauche déplacée de 348 à 341
2025-05-03 17:42:54,324 - INFO - IA: Raquette droite déplacée de 379 à 385
2025-05-03 17:42:54,340 - INFO - JOUEUR: Raquette gauche déplacée de 341 à 334
2025-05-03 17:42:54,341 - INFO - IA: Raquette droite déplacée de 385 à 390
2025-05-03 17:42:54,358 - INFO - INPUT: Joueur relâche les touches directionnelles
2025-05-03 17:42:54,390 - INFO - COLLISION: Balle a rebondi sur un mur à la position (528, 468)
2025-05-03 17:42:54,475 - INFO - COLLISION: Balle a rebondi sur une raquette à la position (553, 443)
2025-05-03 17:42:54,475 - INFO - VITESSE: Balle accélérée à 5.5, vitesses raquettes ajustées
2025-05-03 17:42:54,525 - INFO - IA: Raquette droite déplacée de 390 à 383
2025-05-03 17:42:54,542 - INFO - IA: Raquette droite déplacée de 383 à 390
2025-05-03 17:42:54,558 - INFO - IA: Raquette droite déplacée de 390 à 383
2025-05-03 17:42:54,575 - INFO - IA: Raquette droite déplacée de 383 à 376
2025-05-03 17:42:54,592 - INFO - IA: Raquette droite déplacée de 376 à 383
2025-05-03 17:42:54,609 - INFO - IA: Raquette droite déplacée de 383 à 390
2025-05-03 17:42:54,625 - INFO - IA: Raquette droite déplacée de 390 à 383
2025-05-03 17:42:54,641 - INFO - IA: Raquette droite déplacée de 383 à 376
2025-05-03 17:42:54,657 - INFO - IA: Raquette droite déplacée de 376 à 369
2025-05-03 17:42:54,675 - INFO - IA: Raquette droite déplacée de 369 à 362
2025-05-03 17:42:54,692 - INFO - IA: Raquette droite déplacée de 362 à 355
2025-05-03 17:42:54,709 - INFO - IA: Raquette droite déplacée de 355 à 348
2025-05-03 17:42:54,725 - INFO - IA: Raquette droite déplacée de 348 à 341
2025-05-03 17:42:54,741 - INFO - IA: Raquette droite déplacée de 341 à 334
2025-05-03 17:42:54,758 - INFO - IA: Raquette droite déplacée de 334 à 327
2025-05-03 17:42:54,773 - INFO - IA: Raquette droite déplacée de 327 à 334
2025-05-03 17:42:54,789 - INFO - IA: Raquette droite déplacée de 334 à 327
2025-05-03 17:42:54,805 - INFO - IA: Raquette droite déplacée de 327 à 320
2025-05-03 17:42:54,821 - INFO - IA: Raquette droite déplacée de 320 à 313
2025-05-03 17:42:54,837 - INFO - IA: Raquette droite déplacée de 313 à 306
2025-05-03 17:42:54,853 - INFO - IA: Raquette droite déplacée de 306 à 313
2025-05-03 17:42:54,870 - INFO - INPUT: Joueur appuie sur la touche HAUT
2025-05-03 17:42:54,870 - INFO - JOUEUR: Raquette gauche déplacée de 334 à 326
2025-05-03 17:42:54,870 - INFO - IA: Raquette droite déplacée de 313 à 306
2025-05-03 17:42:54,886 - INFO - JOUEUR: Raquette gauche déplacée de 326 à 318
2025-05-03 17:42:54,886 - INFO - IA: Raquette droite déplacée de 306 à 299
2025-05-03 17:42:54,902 - INFO - JOUEUR: Raquette gauche déplacée de 318 à 310
2025-05-03 17:42:54,902 - INFO - IA: Raquette droite déplacée de 299 à 292
2025-05-03 17:42:54,918 - INFO - JOUEUR: Raquette gauche déplacée de 310 à 302
2025-05-03 17:42:54,918 - INFO - IA: Raquette droite déplacée de 292 à 285
2025-05-03 17:42:54,934 - INFO - JOUEUR: Raquette gauche déplacée de 302 à 294
2025-05-03 17:42:54,934 - INFO - IA: Raquette droite déplacée de 285 à 278
2025-05-03 17:42:54,951 - INFO - JOUEUR: Raquette gauche déplacée de 294 à 286
2025-05-03 17:42:54,951 - INFO - IA: Raquette droite déplacée de 278 à 271
2025-05-03 17:42:54,968 - INFO - JOUEUR: Raquette gauche déplacée de 286 à 278
2025-05-03 17:42:54,969 - INFO - IA: Raquette droite déplacée de 271 à 264
2025-05-03 17:42:54,984 - INFO - JOUEUR: Raquette gauche déplacée de 278 à 270
2025-05-03 17:42:54,985 - INFO - IA: Raquette droite déplacée de 264 à 257
2025-05-03 17:42:55,001 - INFO - JOUEUR: Raquette gauche déplacée de 270 à 262
2025-05-03 17:42:55,001 - INFO - IA: Raquette droite déplacée de 257 à 264
2025-05-03 17:42:55,016 - INFO - JOUEUR: Raquette gauche déplacée de 262 à 254
2025-05-03 17:42:55,016 - INFO - IA: Raquette droite déplacée de 264 à 271
2025-05-03 17:42:55,032 - INFO - JOUEUR: Raquette gauche déplacée de 254 à 246
2025-05-03 17:42:55,032 - INFO - IA: Raquette droite déplacée de 271 à 264
2025-05-03 17:42:55,049 - INFO - JOUEUR: Raquette gauche déplacée de 246 à 238
2025-05-03 17:42:55,049 - INFO - IA: Raquette droite déplacée de 264 à 257
2025-05-03 17:42:55,065 - INFO - JOUEUR: Raquette gauche déplacée de 238 à 230
2025-05-03 17:42:55,065 - INFO - IA: Raquette droite déplacée de 257 à 250
2025-05-03 17:42:55,081 - INFO - JOUEUR: Raquette gauche déplacée de 230 à 222
2025-05-03 17:42:55,081 - INFO - IA: Raquette droite déplacée de 250 à 243
2025-05-03 17:42:55,098 - INFO - JOUEUR: Raquette gauche déplacée de 222 à 214
2025-05-03 17:42:55,098 - INFO - IA: Raquette droite déplacée de 243 à 236
2025-05-03 17:42:55,114 - INFO - JOUEUR: Raquette gauche déplacée de 214 à 206
2025-05-03 17:42:55,114 - INFO - IA: Raquette droite déplacée de 236 à 229
2025-05-03 17:42:55,130 - INFO - JOUEUR: Raquette gauche déplacée de 206 à 198
2025-05-03 17:42:55,131 - INFO - IA: Raquette droite déplacée de 229 à 222
2025-05-03 17:42:55,146 - INFO - JOUEUR: Raquette gauche déplacée de 198 à 190
2025-05-03 17:42:55,146 - INFO - IA: Raquette droite déplacée de 222 à 215
2025-05-03 17:42:55,162 - INFO - JOUEUR: Raquette gauche déplacée de 190 à 182
2025-05-03 17:42:55,162 - INFO - IA: Raquette droite déplacée de 215 à 208
2025-05-03 17:42:55,179 - INFO - JOUEUR: Raquette gauche déplacée de 182 à 174
2025-05-03 17:42:55,179 - INFO - IA: Raquette droite déplacée de 208 à 201
2025-05-03 17:42:55,196 - INFO - INPUT: Joueur relâche les touches directionnelles
2025-05-03 17:42:55,196 - INFO - IA: Raquette droite déplacée de 201 à 194
2025-05-03 17:42:55,212 - INFO - IA: Raquette droite déplacée de 194 à 187
2025-05-03 17:42:55,228 - INFO - IA: Raquette droite déplacée de 187 à 180
2025-05-03 17:42:55,244 - INFO - IA: Raquette droite déplacée de 180 à 173
2025-05-03 17:42:55,260 - INFO - IA: Raquette droite déplacée de 173 à 166
2025-05-03 17:42:55,277 - INFO - IA: Raquette droite déplacée de 166 à 159
2025-05-03 17:42:55,310 - INFO - IA: Raquette droite déplacée de 159 à 166
2025-05-03 17:42:55,327 - INFO - INPUT: Joueur appuie sur la touche HAUT
2025-05-03 17:42:55,327 - INFO - JOUEUR: Raquette gauche déplacée de 174 à 166
2025-05-03 17:42:55,327 - INFO - IA: Raquette droite déplacée de 166 à 159
2025-05-03 17:42:55,343 - INFO - JOUEUR: Raquette gauche déplacée de 166 à 158
2025-05-03 17:42:55,343 - INFO - IA: Raquette droite déplacée de 159 à 166
2025-05-03 17:42:55,360 - INFO - JOUEUR: Raquette gauche déplacée de 158 à 150
2025-05-03 17:42:55,360 - INFO - IA: Raquette droite déplacée de 166 à 159
2025-05-03 17:42:55,376 - INFO - JOUEUR: Raquette gauche déplacée de 150 à 142
2025-05-03 17:42:55,376 - INFO - IA: Raquette droite déplacée de 159 à 152
2025-05-03 17:42:55,392 - INFO - JOUEUR: Raquette gauche déplacée de 142 à 134
2025-05-03 17:42:55,392 - INFO - IA: Raquette droite déplacée de 152 à 145
2025-05-03 17:42:55,409 - INFO - JOUEUR: Raquette gauche déplacée de 134 à 126
2025-05-03 17:42:55,409 - INFO - IA: Raquette droite déplacée de 145 à 138
2025-05-03 17:42:55,425 - INFO - JOUEUR: Raquette gauche déplacée de 126 à 118
2025-05-03 17:42:55,426 - INFO - IA: Raquette droite déplacée de 138 à 145
2025-05-03 17:42:55,442 - INFO - JOUEUR: Raquette gauche déplacée de 118 à 110
2025-05-03 17:42:55,443 - INFO - IA: Raquette droite déplacée de 145 à 138
2025-05-03 17:42:55,459 - INFO - JOUEUR: Raquette gauche déplacée de 110 à 102
2025-05-03 17:42:55,459 - INFO - IA: Raquette droite déplacée de 138 à 131
2025-05-03 17:42:55,476 - INFO - JOUEUR: Raquette gauche déplacée de 102 à 94
2025-05-03 17:42:55,476 - INFO - IA: Raquette droite déplacée de 131 à 124
2025-05-03 17:42:55,492 - INFO - JOUEUR: Raquette gauche déplacée de 94 à 86
2025-05-03 17:42:55,492 - INFO - IA: Raquette droite déplacée de 124 à 117
2025-05-03 17:42:55,509 - INFO - JOUEUR: Raquette gauche déplacée de 86 à 78
2025-05-03 17:42:55,509 - INFO - IA: Raquette droite déplacée de 117 à 110
2025-05-03 17:42:55,526 - INFO - JOUEUR: Raquette gauche déplacée de 78 à 70
2025-05-03 17:42:55,526 - INFO - IA: Raquette droite déplacée de 110 à 103
2025-05-03 17:42:55,543 - INFO - JOUEUR: Raquette gauche déplacée de 70 à 62
2025-05-03 17:42:55,543 - INFO - IA: Raquette droite déplacée de 103 à 96
2025-05-03 17:42:55,560 - INFO - JOUEUR: Raquette gauche déplacée de 62 à 54
2025-05-03 17:42:55,560 - INFO - IA: Raquette droite déplacée de 96 à 89
2025-05-03 17:42:55,577 - INFO - JOUEUR: Raquette gauche déplacée de 54 à 46
2025-05-03 17:42:55,577 - INFO - IA: Raquette droite déplacée de 89 à 96
2025-05-03 17:42:55,593 - INFO - JOUEUR: Raquette gauche déplacée de 46 à 38
2025-05-03 17:42:55,594 - INFO - IA: Raquette droite déplacée de 96 à 89
2025-05-03 17:42:55,610 - INFO - JOUEUR: Raquette gauche déplacée de 38 à 30
2025-05-03 17:42:55,610 - INFO - IA: Raquette droite déplacée de 89 à 82
2025-05-03 17:42:55,627 - INFO - JOUEUR: Raquette gauche déplacée de 30 à 22
2025-05-03 17:42:55,627 - INFO - IA: Raquette droite déplacée de 82 à 75
2025-05-03 17:42:55,642 - INFO - JOUEUR: Raquette gauche déplacée de 22 à 14
2025-05-03 17:42:55,643 - INFO - IA: Raquette droite déplacée de 75 à 68
2025-05-03 17:42:55,660 - INFO - INPUT: Joueur relâche les touches directionnelles
2025-05-03 17:42:55,660 - INFO - IA: Raquette droite déplacée de 68 à 61
2025-05-03 17:42:55,676 - INFO - IA: Raquette droite déplacée de 61 à 54
2025-05-03 17:42:55,692 - INFO - IA: Raquette droite déplacée de 54 à 47
2025-05-03 17:42:55,709 - INFO - IA: Raquette droite déplacée de 47 à 40
2025-05-03 17:42:55,725 - INFO - IA: Raquette droite déplacée de 40 à 33
2025-05-03 17:42:55,742 - INFO - IA: Raquette droite déplacée de 33 à 26
2025-05-03 17:42:55,759 - INFO - IA: Raquette droite déplacée de 26 à 33
2025-05-03 17:42:55,776 - INFO - IA: Raquette droite déplacée de 33 à 26
2025-05-03 17:42:55,792 - INFO - IA: Raquette droite déplacée de 26 à 19
2025-05-03 17:42:55,825 - INFO - IA: Raquette droite déplacée de 19 à 12
2025-05-03 17:42:55,842 - INFO - IA: Raquette droite déplacée de 12 à 5
2025-05-03 17:42:55,858 - INFO - IA: Raquette droite déplacée de 5 à 0
2025-05-03 17:42:55,943 - INFO - COLLISION: Balle a rebondi sur un mur à la position (108, -2)
2025-05-03 17:42:56,160 - INFO - IA: Raquette droite déplacée de 0 à 7
2025-05-03 17:42:56,177 - INFO - IA: Raquette droite déplacée de 7 à 14
2025-05-03 17:42:56,193 - INFO - IA: Raquette droite déplacée de 14 à 21
2025-05-03 17:42:56,193 - INFO - COLLISION: Balle a rebondi sur une raquette à la position (33, 73)
2025-05-03 17:42:56,193 - INFO - VITESSE: Balle accélérée à 6.1, vitesses raquettes ajustées
2025-05-03 17:42:56,209 - INFO - INPUT: Joueur appuie sur la touche BAS
2025-05-03 17:42:56,209 - INFO - JOUEUR: Raquette gauche déplacée de 14 à 22
2025-05-03 17:42:56,209 - INFO - IA: Raquette droite déplacée de 21 à 28
2025-05-03 17:42:56,225 - INFO - JOUEUR: Raquette gauche déplacée de 22 à 30
2025-05-03 17:42:56,226 - INFO - IA: Raquette droite déplacée de 28 à 21
2025-05-03 17:42:56,242 - INFO - JOUEUR: Raquette gauche déplacée de 30 à 38
2025-05-03 17:42:56,242 - INFO - IA: Raquette droite déplacée de 21 à 28
2025-05-03 17:42:56,259 - INFO - JOUEUR: Raquette gauche déplacée de 38 à 46
2025-05-03 17:42:56,259 - INFO - IA: Raquette droite déplacée de 28 à 35
2025-05-03 17:42:56,276 - INFO - JOUEUR: Raquette gauche déplacée de 46 à 54
2025-05-03 17:42:56,276 - INFO - IA: Raquette droite déplacée de 35 à 42
2025-05-03 17:42:56,292 - INFO - JOUEUR: Raquette gauche déplacée de 54 à 62
2025-05-03 17:42:56,292 - INFO - IA: Raquette droite déplacée de 42 à 49
2025-05-03 17:42:56,308 - INFO - JOUEUR: Raquette gauche déplacée de 62 à 70
2025-05-03 17:42:56,308 - INFO - IA: Raquette droite déplacée de 49 à 56
2025-05-03 17:42:56,325 - INFO - JOUEUR: Raquette gauche déplacée de 70 à 78
2025-05-03 17:42:56,325 - INFO - IA: Raquette droite déplacée de 56 à 63
2025-05-03 17:42:56,342 - INFO - JOUEUR: Raquette gauche déplacée de 78 à 86
2025-05-03 17:42:56,342 - INFO - IA: Raquette droite déplacée de 63 à 70
2025-05-03 17:42:56,358 - INFO - JOUEUR: Raquette gauche déplacée de 86 à 94
2025-05-03 17:42:56,358 - INFO - IA: Raquette droite déplacée de 70 à 77
2025-05-03 17:42:56,374 - INFO - JOUEUR: Raquette gauche déplacée de 94 à 102
2025-05-03 17:42:56,375 - INFO - IA: Raquette droite déplacée de 77 à 70
2025-05-03 17:42:56,392 - INFO - JOUEUR: Raquette gauche déplacée de 102 à 110
2025-05-03 17:42:56,392 - INFO - IA: Raquette droite déplacée de 70 à 63
2025-05-03 17:42:56,408 - INFO - JOUEUR: Raquette gauche déplacée de 110 à 118
2025-05-03 17:42:56,409 - INFO - IA: Raquette droite déplacée de 63 à 70
2025-05-03 17:42:56,425 - INFO - JOUEUR: Raquette gauche déplacée de 118 à 126
2025-05-03 17:42:56,425 - INFO - IA: Raquette droite déplacée de 70 à 77
2025-05-03 17:42:56,442 - INFO - JOUEUR: Raquette gauche déplacée de 126 à 134
2025-05-03 17:42:56,442 - INFO - IA: Raquette droite déplacée de 77 à 84
2025-05-03 17:42:56,459 - INFO - JOUEUR: Raquette gauche déplacée de 134 à 142
2025-05-03 17:42:56,459 - INFO - IA: Raquette droite déplacée de 84 à 91
2025-05-03 17:42:56,476 - INFO - JOUEUR: Raquette gauche déplacée de 142 à 150
2025-05-03 17:42:56,476 - INFO - IA: Raquette droite déplacée de 91 à 98
2025-05-03 17:42:56,492 - INFO - JOUEUR: Raquette gauche déplacée de 150 à 158
2025-05-03 17:42:56,492 - INFO - IA: Raquette droite déplacée de 98 à 105
2025-05-03 17:42:56,508 - INFO - JOUEUR: Raquette gauche déplacée de 158 à 166
2025-05-03 17:42:56,508 - INFO - IA: Raquette droite déplacée de 105 à 112
2025-05-03 17:42:56,525 - INFO - JOUEUR: Raquette gauche déplacée de 166 à 174
2025-05-03 17:42:56,525 - INFO - IA: Raquette droite déplacée de 112 à 119
2025-05-03 17:42:56,542 - INFO - JOUEUR: Raquette gauche déplacée de 174 à 182
2025-05-03 17:42:56,542 - INFO - IA: Raquette droite déplacée de 119 à 126
2025-05-03 17:42:56,558 - INFO - JOUEUR: Raquette gauche déplacée de 182 à 190
2025-05-03 17:42:56,558 - INFO - IA: Raquette droite déplacée de 126 à 133
2025-05-03 17:42:56,576 - INFO - JOUEUR: Raquette gauche déplacée de 190 à 198
2025-05-03 17:42:56,576 - INFO - IA: Raquette droite déplacée de 133 à 140
2025-05-03 17:42:56,592 - INFO - JOUEUR: Raquette gauche déplacée de 198 à 206
2025-05-03 17:42:56,592 - INFO - IA: Raquette droite déplacée de 140 à 147
2025-05-03 17:42:56,609 - INFO - JOUEUR: Raquette gauche déplacée de 206 à 214
2025-05-03 17:42:56,609 - INFO - IA: Raquette droite déplacée de 147 à 140
2025-05-03 17:42:56,625 - INFO - JOUEUR: Raquette gauche déplacée de 214 à 222
2025-05-03 17:42:56,626 - INFO - IA: Raquette droite déplacée de 140 à 147
2025-05-03 17:42:56,642 - INFO - JOUEUR: Raquette gauche déplacée de 222 à 230
2025-05-03 17:42:56,643 - INFO - IA: Raquette droite déplacée de 147 à 154
2025-05-03 17:42:56,659 - INFO - JOUEUR: Raquette gauche déplacée de 230 à 238
2025-05-03 17:42:56,659 - INFO - IA: Raquette droite déplacée de 154 à 161
2025-05-03 17:42:56,675 - INFO - JOUEUR: Raquette gauche déplacée de 238 à 246
2025-05-03 17:42:56,675 - INFO - IA: Raquette droite déplacée de 161 à 168
2025-05-03 17:42:56,692 - INFO - JOUEUR: Raquette gauche déplacée de 246 à 254
2025-05-03 17:42:56,692 - INFO - IA: Raquette droite déplacée de 168 à 161
2025-05-03 17:42:56,709 - INFO - JOUEUR: Raquette gauche déplacée de 254 à 262
2025-05-03 17:42:56,709 - INFO - IA: Raquette droite déplacée de 161 à 168
2025-05-03 17:42:56,726 - INFO - JOUEUR: Raquette gauche déplacée de 262 à 270
2025-05-03 17:42:56,727 - INFO - IA: Raquette droite déplacée de 168 à 175
2025-05-03 17:42:56,743 - INFO - JOUEUR: Raquette gauche déplacée de 270 à 278
2025-05-03 17:42:56,743 - INFO - IA: Raquette droite déplacée de 175 à 182
2025-05-03 17:42:56,760 - INFO - JOUEUR: Raquette gauche déplacée de 278 à 286
2025-05-03 17:42:56,760 - INFO - IA: Raquette droite déplacée de 182 à 189
2025-05-03 17:42:56,777 - INFO - JOUEUR: Raquette gauche déplacée de 286 à 294
2025-05-03 17:42:56,777 - INFO - IA: Raquette droite déplacée de 189 à 182
2025-05-03 17:42:56,794 - INFO - JOUEUR: Raquette gauche déplacée de 294 à 302
2025-05-03 17:42:56,794 - INFO - IA: Raquette droite déplacée de 182 à 189
2025-05-03 17:42:56,812 - INFO - JOUEUR: Raquette gauche déplacée de 302 à 310
2025-05-03 17:42:56,813 - INFO - IA: Raquette droite déplacée de 189 à 196
2025-05-03 17:42:56,830 - INFO - JOUEUR: Raquette gauche déplacée de 310 à 318
2025-05-03 17:42:56,830 - INFO - IA: Raquette droite déplacée de 196 à 203
2025-05-03 17:42:56,846 - INFO - JOUEUR: Raquette gauche déplacée de 318 à 326
2025-05-03 17:42:56,846 - INFO - IA: Raquette droite déplacée de 203 à 210
2025-05-03 17:42:56,862 - INFO - JOUEUR: Raquette gauche déplacée de 326 à 334
2025-05-03 17:42:56,862 - INFO - IA: Raquette droite déplacée de 210 à 217
2025-05-03 17:42:56,878 - INFO - JOUEUR: Raquette gauche déplacée de 334 à 342
2025-05-03 17:42:56,879 - INFO - IA: Raquette droite déplacée de 217 à 224
2025-05-03 17:42:56,895 - INFO - JOUEUR: Raquette gauche déplacée de 342 à 350
2025-05-03 17:42:56,896 - INFO - IA: Raquette droite déplacée de 224 à 231
2025-05-03 17:42:56,912 - INFO - INPUT: Joueur relâche les touches directionnelles
2025-05-03 17:42:56,913 - INFO - IA: Raquette droite déplacée de 231 à 224
2025-05-03 17:42:56,928 - INFO - IA: Raquette droite déplacée de 224 à 231
2025-05-03 17:42:56,944 - INFO - IA: Raquette droite déplacée de 231 à 238
2025-05-03 17:42:56,960 - INFO - IA: Raquette droite déplacée de 238 à 245
2025-05-03 17:42:56,977 - INFO - IA: Raquette droite déplacée de 245 à 252
2025-05-03 17:42:56,993 - INFO - IA: Raquette droite déplacée de 252 à 259
2025-05-03 17:42:57,009 - INFO - IA: Raquette droite déplacée de 259 à 266
2025-05-03 17:42:57,025 - INFO - IA: Raquette droite déplacée de 266 à 273
2025-05-03 17:42:57,042 - INFO - IA: Raquette droite déplacée de 273 à 280
2025-05-03 17:42:57,059 - INFO - INPUT: Joueur appuie sur la touche HAUT
2025-05-03 17:42:57,059 - INFO - JOUEUR: Raquette gauche déplacée de 350 à 342
2025-05-03 17:42:57,059 - INFO - IA: Raquette droite déplacée de 280 à 287
2025-05-03 17:42:57,076 - INFO - JOUEUR: Raquette gauche déplacée de 342 à 334
2025-05-03 17:42:57,076 - INFO - IA: Raquette droite déplacée de 287 à 294
2025-05-03 17:42:57,092 - INFO - JOUEUR: Raquette gauche déplacée de 334 à 326
2025-05-03 17:42:57,092 - INFO - IA: Raquette droite déplacée de 294 à 287
2025-05-03 17:42:57,108 - INFO - JOUEUR: Raquette gauche déplacée de 326 à 318
2025-05-03 17:42:57,109 - INFO - IA: Raquette droite déplacée de 287 à 294
2025-05-03 17:42:57,125 - INFO - JOUEUR: Raquette gauche déplacée de 318 à 310
2025-05-03 17:42:57,125 - INFO - IA: Raquette droite déplacée de 294 à 301
2025-05-03 17:42:57,141 - INFO - JOUEUR: Raquette gauche déplacée de 310 à 302
2025-05-03 17:42:57,141 - INFO - IA: Raquette droite déplacée de 301 à 308
2025-05-03 17:42:57,158 - INFO - JOUEUR: Raquette gauche déplacée de 302 à 294
2025-05-03 17:42:57,158 - INFO - IA: Raquette droite déplacée de 308 à 315
2025-05-03 17:42:57,174 - INFO - JOUEUR: Raquette gauche déplacée de 294 à 286
2025-05-03 17:42:57,174 - INFO - IA: Raquette droite déplacée de 315 à 322
2025-05-03 17:42:57,191 - INFO - JOUEUR: Raquette gauche déplacée de 286 à 278
2025-05-03 17:42:57,191 - INFO - IA: Raquette droite déplacée de 322 à 329
2025-05-03 17:42:57,208 - INFO - JOUEUR: Raquette gauche déplacée de 278 à 270
2025-05-03 17:42:57,208 - INFO - IA: Raquette droite déplacée de 329 à 336
2025-05-03 17:42:57,224 - INFO - JOUEUR: Raquette gauche déplacée de 270 à 262
2025-05-03 17:42:57,224 - INFO - IA: Raquette droite déplacée de 336 à 329
2025-05-03 17:42:57,240 - INFO - JOUEUR: Raquette gauche déplacée de 262 à 254
2025-05-03 17:42:57,240 - INFO - IA: Raquette droite déplacée de 329 à 336
2025-05-03 17:42:57,257 - INFO - JOUEUR: Raquette gauche déplacée de 254 à 246
2025-05-03 17:42:57,257 - INFO - IA: Raquette droite déplacée de 336 à 343
2025-05-03 17:42:57,273 - INFO - JOUEUR: Raquette gauche déplacée de 246 à 238
2025-05-03 17:42:57,274 - INFO - IA: Raquette droite déplacée de 343 à 350
2025-05-03 17:42:57,289 - INFO - JOUEUR: Raquette gauche déplacée de 238 à 230
2025-05-03 17:42:57,290 - INFO - IA: Raquette droite déplacée de 350 à 357
2025-05-03 17:42:57,306 - INFO - JOUEUR: Raquette gauche déplacée de 230 à 222
2025-05-03 17:42:57,306 - INFO - IA: Raquette droite déplacée de 357 à 350
2025-05-03 17:42:57,323 - INFO - JOUEUR: Raquette gauche déplacée de 222 à 214
2025-05-03 17:42:57,323 - INFO - IA: Raquette droite déplacée de 350 à 357
2025-05-03 17:42:57,340 - INFO - JOUEUR: Raquette gauche déplacée de 214 à 206
2025-05-03 17:42:57,340 - INFO - IA: Raquette droite déplacée de 357 à 364
2025-05-03 17:42:57,356 - INFO - JOUEUR: Raquette gauche déplacée de 206 à 198
2025-05-03 17:42:57,357 - INFO - IA: Raquette droite déplacée de 364 à 357
2025-05-03 17:42:57,373 - INFO - JOUEUR: Raquette gauche déplacée de 198 à 190
2025-05-03 17:42:57,373 - INFO - IA: Raquette droite déplacée de 357 à 364
2025-05-03 17:42:57,391 - INFO - JOUEUR: Raquette gauche déplacée de 190 à 182
2025-05-03 17:42:57,391 - INFO - IA: Raquette droite déplacée de 364 à 371
2025-05-03 17:42:57,408 - INFO - JOUEUR: Raquette gauche déplacée de 182 à 174
2025-05-03 17:42:57,408 - INFO - IA: Raquette droite déplacée de 371 à 378
2025-05-03 17:42:57,425 - INFO - JOUEUR: Raquette gauche déplacée de 174 à 166
2025-05-03 17:42:57,425 - INFO - IA: Raquette droite déplacée de 378 à 385
2025-05-03 17:42:57,442 - INFO - JOUEUR: Raquette gauche déplacée de 166 à 158
2025-05-03 17:42:57,442 - INFO - IA: Raquette droite déplacée de 385 à 390
2025-05-03 17:42:57,458 - INFO - JOUEUR: Raquette gauche déplacée de 158 à 150
2025-05-03 17:42:57,474 - INFO - JOUEUR: Raquette gauche déplacée de 150 à 142
2025-05-03 17:42:57,490 - INFO - INPUT: Joueur relâche les touches directionnelles
2025-05-03 17:42:57,506 - INFO - COLLISION: Balle a rebondi sur un mur à la position (507, 468)
2025-05-03 17:42:57,622 - INFO - IA: Raquette droite déplacée de 390 à 383
2025-05-03 17:42:57,638 - INFO - IA: Raquette droite déplacée de 383 à 390
2025-05-03 17:42:57,638 - INFO - COLLISION: Balle a rebondi sur une raquette à la position (555, 428)
2025-05-03 17:42:57,638 - INFO - VITESSE: Balle accélérée à 6.7, vitesses raquettes ajustées
2025-05-03 17:42:57,672 - INFO - IA: Raquette droite déplacée de 390 à 382
2025-05-03 17:42:57,689 - INFO - IA: Raquette droite déplacée de 382 à 374
2025-05-03 17:42:57,707 - INFO - INPUT: Joueur appuie sur la touche BAS
2025-05-03 17:42:57,707 - INFO - JOUEUR: Raquette gauche déplacée de 142 à 151
2025-05-03 17:42:57,707 - INFO - IA: Raquette droite déplacée de 374 à 366
2025-05-03 17:42:57,723 - INFO - JOUEUR: Raquette gauche déplacée de 151 à 160
2025-05-03 17:42:57,723 - INFO - IA: Raquette droite déplacée de 366 à 374
2025-05-03 17:42:57,740 - INFO - JOUEUR: Raquette gauche déplacée de 160 à 169
2025-05-03 17:42:57,740 - INFO - IA: Raquette droite déplacée de 374 à 366
2025-05-03 17:42:57,757 - INFO - JOUEUR: Raquette gauche déplacée de 169 à 178
2025-05-03 17:42:57,757 - INFO - IA: Raquette droite déplacée de 366 à 358
2025-05-03 17:42:57,773 - INFO - JOUEUR: Raquette gauche déplacée de 178 à 187
2025-05-03 17:42:57,773 - INFO - IA: Raquette droite déplacée de 358 à 350
2025-05-03 17:42:57,789 - INFO - JOUEUR: Raquette gauche déplacée de 187 à 196
2025-05-03 17:42:57,789 - INFO - IA: Raquette droite déplacée de 350 à 358
2025-05-03 17:42:57,805 - INFO - JOUEUR: Raquette gauche déplacée de 196 à 205
2025-05-03 17:42:57,806 - INFO - IA: Raquette droite déplacée de 358 à 350
2025-05-03 17:42:57,822 - INFO - JOUEUR: Raquette gauche déplacée de 205 à 214
2025-05-03 17:42:57,822 - INFO - IA: Raquette droite déplacée de 350 à 342
2025-05-03 17:42:57,839 - INFO - JOUEUR: Raquette gauche déplacée de 214 à 223
2025-05-03 17:42:57,840 - INFO - IA: Raquette droite déplacée de 342 à 334
2025-05-03 17:42:57,857 - INFO - JOUEUR: Raquette gauche déplacée de 223 à 232
2025-05-03 17:42:57,857 - INFO - IA: Raquette droite déplacée de 334 à 342
2025-05-03 17:42:57,873 - INFO - JOUEUR: Raquette gauche déplacée de 232 à 241
2025-05-03 17:42:57,874 - INFO - IA: Raquette droite déplacée de 342 à 350
2025-05-03 17:42:57,891 - INFO - INPUT: Joueur relâche les touches directionnelles
2025-05-03 17:42:57,892 - INFO - IA: Raquette droite déplacée de 350 à 342
2025-05-03 17:42:57,906 - INFO - IA: Raquette droite déplacée de 342 à 334
2025-05-03 17:42:57,922 - INFO - IA: Raquette droite déplacée de 334 à 326
2025-05-03 17:42:57,938 - INFO - IA: Raquette droite déplacée de 326 à 318
2025-05-03 17:42:57,954 - INFO - IA: Raquette droite déplacée de 318 à 326
2025-05-03 17:42:57,970 - INFO - IA: Raquette droite déplacée de 326 à 318
2025-05-03 17:42:57,987 - INFO - IA: Raquette droite déplacée de 318 à 310
2025-05-03 17:42:58,004 - INFO - IA: Raquette droite déplacée de 310 à 302
2025-05-03 17:42:58,021 - INFO - IA: Raquette droite déplacée de 302 à 294
2025-05-03 17:42:58,038 - INFO - IA: Raquette droite déplacée de 294 à 286
2025-05-03 17:42:58,055 - INFO - IA: Raquette droite déplacée de 286 à 294
2025-05-03 17:42:58,072 - INFO - IA: Raquette droite déplacée de 294 à 286
2025-05-03 17:42:58,088 - INFO - IA: Raquette droite déplacée de 286 à 278
2025-05-03 17:42:58,105 - INFO - IA: Raquette droite déplacée de 278 à 270
2025-05-03 17:42:58,122 - INFO - IA: Raquette droite déplacée de 270 à 262
2025-05-03 17:42:58,139 - INFO - IA: Raquette droite déplacée de 262 à 254
2025-05-03 17:42:58,155 - INFO - IA: Raquette droite déplacée de 254 à 262
2025-05-03 17:42:58,172 - INFO - IA: Raquette droite déplacée de 262 à 254
2025-05-03 17:42:58,188 - INFO - IA: Raquette droite déplacée de 254 à 246
2025-05-03 17:42:58,204 - INFO - IA: Raquette droite déplacée de 246 à 238
2025-05-03 17:42:58,222 - INFO - IA: Raquette droite déplacée de 238 à 230
2025-05-03 17:42:58,239 - INFO - IA: Raquette droite déplacée de 230 à 222
2025-05-03 17:42:58,256 - INFO - IA: Raquette droite déplacée de 222 à 214
2025-05-03 17:42:58,272 - INFO - IA: Raquette droite déplacée de 214 à 206
2025-05-03 17:42:58,288 - INFO - IA: Raquette droite déplacée de 206 à 214
2025-05-03 17:42:58,305 - INFO - IA: Raquette droite déplacée de 214 à 206
2025-05-03 17:42:58,321 - INFO - IA: Raquette droite déplacée de 206 à 198
2025-05-03 17:42:58,337 - INFO - IA: Raquette droite déplacée de 198 à 190
2025-05-03 17:42:58,353 - INFO - IA: Raquette droite déplacée de 190 à 182
2025-05-03 17:42:58,370 - INFO - IA: Raquette droite déplacée de 182 à 190
2025-05-03 17:42:58,403 - INFO - IA: Raquette droite déplacée de 190 à 182
2025-05-03 17:42:58,419 - INFO - IA: Raquette droite déplacée de 182 à 174
2025-05-03 17:42:58,436 - INFO - IA: Raquette droite déplacée de 174 à 166
2025-05-03 17:42:58,453 - INFO - IA: Raquette droite déplacée de 166 à 158
2025-05-03 17:42:58,469 - INFO - INPUT: Joueur appuie sur la touche HAUT
2025-05-03 17:42:58,469 - INFO - JOUEUR: Raquette gauche déplacée de 241 à 232
2025-05-03 17:42:58,470 - INFO - IA: Raquette droite déplacée de 158 à 150
2025-05-03 17:42:58,486 - INFO - JOUEUR: Raquette gauche déplacée de 232 à 223
2025-05-03 17:42:58,486 - INFO - IA: Raquette droite déplacée de 150 à 142
2025-05-03 17:42:58,502 - INFO - JOUEUR: Raquette gauche déplacée de 223 à 214
2025-05-03 17:42:58,502 - INFO - IA: Raquette droite déplacée de 142 à 134
2025-05-03 17:42:58,519 - INFO - JOUEUR: Raquette gauche déplacée de 214 à 205
2025-05-03 17:42:58,519 - INFO - IA: Raquette droite déplacée de 134 à 126
2025-05-03 17:42:58,534 - INFO - JOUEUR: Raquette gauche déplacée de 205 à 196
2025-05-03 17:42:58,550 - INFO - JOUEUR: Raquette gauche déplacée de 196 à 187
2025-05-03 17:42:58,550 - INFO - IA: Raquette droite déplacée de 126 à 134
2025-05-03 17:42:58,566 - INFO - JOUEUR: Raquette gauche déplacée de 187 à 178
2025-05-03 17:42:58,567 - INFO - IA: Raquette droite déplacée de 134 à 126
2025-05-03 17:42:58,583 - INFO - JOUEUR: Raquette gauche déplacée de 178 à 169
2025-05-03 17:42:58,583 - INFO - IA: Raquette droite déplacée de 126 à 118
2025-05-03 17:42:58,600 - INFO - JOUEUR: Raquette gauche déplacée de 169 à 160
2025-05-03 17:42:58,600 - INFO - IA: Raquette droite déplacée de 118 à 110
2025-05-03 17:42:58,616 - INFO - JOUEUR: Raquette gauche déplacée de 160 à 151
2025-05-03 17:42:58,616 - INFO - IA: Raquette droite déplacée de 110 à 102
2025-05-03 17:42:58,632 - INFO - JOUEUR: Raquette gauche déplacée de 151 à 142
2025-05-03 17:42:58,632 - INFO - IA: Raquette droite déplacée de 102 à 94
2025-05-03 17:42:58,649 - INFO - JOUEUR: Raquette gauche déplacée de 142 à 133
2025-05-03 17:42:58,650 - INFO - IA: Raquette droite déplacée de 94 à 86
2025-05-03 17:42:58,666 - INFO - JOUEUR: Raquette gauche déplacée de 133 à 124
2025-05-03 17:42:58,666 - INFO - IA: Raquette droite déplacée de 86 à 94
2025-05-03 17:42:58,682 - INFO - JOUEUR: Raquette gauche déplacée de 124 à 115
2025-05-03 17:42:58,682 - INFO - IA: Raquette droite déplacée de 94 à 86
2025-05-03 17:42:58,699 - INFO - JOUEUR: Raquette gauche déplacée de 115 à 106
2025-05-03 17:42:58,699 - INFO - IA: Raquette droite déplacée de 86 à 78
2025-05-03 17:42:58,715 - INFO - JOUEUR: Raquette gauche déplacée de 106 à 97
2025-05-03 17:42:58,715 - INFO - IA: Raquette droite déplacée de 78 à 70
2025-05-03 17:42:58,731 - INFO - JOUEUR: Raquette gauche déplacée de 97 à 88
2025-05-03 17:42:58,732 - INFO - IA: Raquette droite déplacée de 70 à 78
2025-05-03 17:42:58,747 - INFO - JOUEUR: Raquette gauche déplacée de 88 à 79
2025-05-03 17:42:58,747 - INFO - IA: Raquette droite déplacée de 78 à 70
2025-05-03 17:42:58,763 - INFO - JOUEUR: Raquette gauche déplacée de 79 à 70
2025-05-03 17:42:58,763 - INFO - IA: Raquette droite déplacée de 70 à 78
2025-05-03 17:42:58,779 - INFO - JOUEUR: Raquette gauche déplacée de 70 à 61
2025-05-03 17:42:58,779 - INFO - IA: Raquette droite déplacée de 78 à 70
2025-05-03 17:42:58,796 - INFO - JOUEUR: Raquette gauche déplacée de 61 à 52
2025-05-03 17:42:58,796 - INFO - IA: Raquette droite déplacée de 70 à 62
2025-05-03 17:42:58,813 - INFO - JOUEUR: Raquette gauche déplacée de 52 à 43
2025-05-03 17:42:58,813 - INFO - IA: Raquette droite déplacée de 62 à 54
2025-05-03 17:42:58,829 - INFO - JOUEUR: Raquette gauche déplacée de 43 à 34
2025-05-03 17:42:58,829 - INFO - IA: Raquette droite déplacée de 54 à 62
2025-05-03 17:42:58,846 - INFO - JOUEUR: Raquette gauche déplacée de 34 à 25
2025-05-03 17:42:58,846 - INFO - IA: Raquette droite déplacée de 62 à 54
2025-05-03 17:42:58,862 - INFO - JOUEUR: Raquette gauche déplacée de 25 à 16
2025-05-03 17:42:58,862 - INFO - IA: Raquette droite déplacée de 54 à 46
2025-05-03 17:42:58,879 - INFO - JOUEUR: Raquette gauche déplacée de 16 à 7
2025-05-03 17:42:58,880 - INFO - IA: Raquette droite déplacée de 46 à 38
2025-05-03 17:42:58,880 - INFO - COLLISION: Balle a rebondi sur une raquette à la position (30, 53)
2025-05-03 17:42:58,880 - INFO - VITESSE: Balle accélérée à 7.3, vitesses raquettes ajustées
2025-05-03 17:42:58,895 - INFO - JOUEUR: Raquette gauche déplacée de 7 à 0
2025-05-03 17:42:58,895 - INFO - IA: Raquette droite déplacée de 38 à 29
2025-05-03 17:42:58,911 - INFO - IA: Raquette droite déplacée de 29 à 20
2025-05-03 17:42:58,928 - INFO - INPUT: Joueur relâche les touches directionnelles
2025-05-03 17:42:58,929 - INFO - IA: Raquette droite déplacée de 20 à 29
2025-05-03 17:42:58,944 - INFO - IA: Raquette droite déplacée de 29 à 20
2025-05-03 17:42:58,960 - INFO - IA: Raquette droite déplacée de 20 à 11
2025-05-03 17:42:58,977 - INFO - IA: Raquette droite déplacée de 11 à 2
2025-05-03 17:42:58,995 - INFO - IA: Raquette droite déplacée de 2 à 0
2025-05-03 17:42:59,061 - INFO - COLLISION: Balle a rebondi sur un mur à la position (107, -2)
2025-05-03 17:42:59,161 - INFO - INPUT: Joueur appuie sur la touche BAS
2025-05-03 17:42:59,161 - INFO - JOUEUR: Raquette gauche déplacée de 0 à 10
2025-05-03 17:42:59,177 - INFO - JOUEUR: Raquette gauche déplacée de 10 à 20
2025-05-03 17:42:59,194 - INFO - JOUEUR: Raquette gauche déplacée de 20 à 30
2025-05-03 17:42:59,212 - INFO - JOUEUR: Raquette gauche déplacée de 30 à 40
2025-05-03 17:42:59,228 - INFO - JOUEUR: Raquette gauche déplacée de 40 à 50
2025-05-03 17:42:59,245 - INFO - JOUEUR: Raquette gauche déplacée de 50 à 60
2025-05-03 17:42:59,261 - INFO - JOUEUR: Raquette gauche déplacée de 60 à 70
2025-05-03 17:42:59,261 - INFO - IA: Raquette droite déplacée de 0 à 9
2025-05-03 17:42:59,277 - INFO - JOUEUR: Raquette gauche déplacée de 70 à 80
2025-05-03 17:42:59,278 - INFO - IA: Raquette droite déplacée de 9 à 18
2025-05-03 17:42:59,295 - INFO - JOUEUR: Raquette gauche déplacée de 80 à 90
2025-05-03 17:42:59,295 - INFO - IA: Raquette droite déplacée de 18 à 27
2025-05-03 17:42:59,312 - INFO - JOUEUR: Raquette gauche déplacée de 90 à 100
2025-05-03 17:42:59,312 - INFO - IA: Raquette droite déplacée de 27 à 36
2025-05-03 17:42:59,328 - INFO - JOUEUR: Raquette gauche déplacée de 100 à 110
2025-05-03 17:42:59,328 - INFO - IA: Raquette droite déplacée de 36 à 27
2025-05-03 17:42:59,344 - INFO - JOUEUR: Raquette gauche déplacée de 110 à 120
2025-05-03 17:42:59,344 - INFO - IA: Raquette droite déplacée de 27 à 36
2025-05-03 17:42:59,360 - INFO - JOUEUR: Raquette gauche déplacée de 120 à 130
2025-05-03 17:42:59,360 - INFO - IA: Raquette droite déplacée de 36 à 45
2025-05-03 17:42:59,377 - INFO - JOUEUR: Raquette gauche déplacée de 130 à 140
2025-05-03 17:42:59,377 - INFO - IA: Raquette droite déplacée de 45 à 54
2025-05-03 17:42:59,395 - INFO - JOUEUR: Raquette gauche déplacée de 140 à 150
2025-05-03 17:42:59,395 - INFO - IA: Raquette droite déplacée de 54 à 63
2025-05-03 17:42:59,411 - INFO - JOUEUR: Raquette gauche déplacée de 150 à 160
2025-05-03 17:42:59,411 - INFO - IA: Raquette droite déplacée de 63 à 72
2025-05-03 17:42:59,428 - INFO - JOUEUR: Raquette gauche déplacée de 160 à 170
2025-05-03 17:42:59,428 - INFO - IA: Raquette droite déplacée de 72 à 81
2025-05-03 17:42:59,445 - INFO - JOUEUR: Raquette gauche déplacée de 170 à 180
2025-05-03 17:42:59,445 - INFO - IA: Raquette droite déplacée de 81 à 72
2025-05-03 17:42:59,461 - INFO - JOUEUR: Raquette gauche déplacée de 180 à 190
2025-05-03 17:42:59,461 - INFO - IA: Raquette droite déplacée de 72 à 63
2025-05-03 17:42:59,478 - INFO - JOUEUR: Raquette gauche déplacée de 190 à 200
2025-05-03 17:42:59,478 - INFO - IA: Raquette droite déplacée de 63 à 72
2025-05-03 17:42:59,494 - INFO - JOUEUR: Raquette gauche déplacée de 200 à 210
2025-05-03 17:42:59,494 - INFO - IA: Raquette droite déplacée de 72 à 81
2025-05-03 17:42:59,511 - INFO - JOUEUR: Raquette gauche déplacée de 210 à 220
2025-05-03 17:42:59,511 - INFO - IA: Raquette droite déplacée de 81 à 72
2025-05-03 17:42:59,527 - INFO - JOUEUR: Raquette gauche déplacée de 220 à 230
2025-05-03 17:42:59,527 - INFO - IA: Raquette droite déplacée de 72 à 63
2025-05-03 17:42:59,543 - INFO - JOUEUR: Raquette gauche déplacée de 230 à 240
2025-05-03 17:42:59,543 - INFO - IA: Raquette droite déplacée de 63 à 72
2025-05-03 17:42:59,560 - INFO - JOUEUR: Raquette gauche déplacée de 240 à 250
2025-05-03 17:42:59,560 - INFO - IA: Raquette droite déplacée de 72 à 81
2025-05-03 17:42:59,577 - INFO - JOUEUR: Raquette gauche déplacée de 250 à 260
2025-05-03 17:42:59,577 - INFO - IA: Raquette droite déplacée de 81 à 90
2025-05-03 17:42:59,593 - INFO - JOUEUR: Raquette gauche déplacée de 260 à 270
2025-05-03 17:42:59,593 - INFO - IA: Raquette droite déplacée de 90 à 99
2025-05-03 17:42:59,609 - INFO - JOUEUR: Raquette gauche déplacée de 270 à 280
2025-05-03 17:42:59,609 - INFO - IA: Raquette droite déplacée de 99 à 108
2025-05-03 17:42:59,626 - INFO - JOUEUR: Raquette gauche déplacée de 280 à 290
2025-05-03 17:42:59,626 - INFO - IA: Raquette droite déplacée de 108 à 117
2025-05-03 17:42:59,643 - INFO - JOUEUR: Raquette gauche déplacée de 290 à 300
2025-05-03 17:42:59,643 - INFO - IA: Raquette droite déplacée de 117 à 126
2025-05-03 17:42:59,659 - INFO - JOUEUR: Raquette gauche déplacée de 300 à 310
2025-05-03 17:42:59,659 - INFO - IA: Raquette droite déplacée de 126 à 135
2025-05-03 17:42:59,676 - INFO - JOUEUR: Raquette gauche déplacée de 310 à 320
2025-05-03 17:42:59,676 - INFO - IA: Raquette droite déplacée de 135 à 144
2025-05-03 17:42:59,692 - INFO - JOUEUR: Raquette gauche déplacée de 320 à 330
2025-05-03 17:42:59,693 - INFO - IA: Raquette droite déplacée de 144 à 153
2025-05-03 17:42:59,709 - INFO - JOUEUR: Raquette gauche déplacée de 330 à 340
2025-05-03 17:42:59,709 - INFO - IA: Raquette droite déplacée de 153 à 162
2025-05-03 17:42:59,725 - INFO - JOUEUR: Raquette gauche déplacée de 340 à 350
2025-05-03 17:42:59,725 - INFO - IA: Raquette droite déplacée de 162 à 153
2025-05-03 17:42:59,741 - INFO - JOUEUR: Raquette gauche déplacée de 350 à 360
2025-05-03 17:42:59,741 - INFO - IA: Raquette droite déplacée de 153 à 162
2025-05-03 17:42:59,758 - INFO - JOUEUR: Raquette gauche déplacée de 360 à 370
2025-05-03 17:42:59,758 - INFO - IA: Raquette droite déplacée de 162 à 153
2025-05-03 17:42:59,773 - INFO - JOUEUR: Raquette gauche déplacée de 370 à 380
2025-05-03 17:42:59,773 - INFO - IA: Raquette droite déplacée de 153 à 162
2025-05-03 17:42:59,790 - INFO - JOUEUR: Raquette gauche déplacée de 380 à 390
2025-05-03 17:42:59,790 - INFO - IA: Raquette droite déplacée de 162 à 171
2025-05-03 17:42:59,806 - INFO - INPUT: Joueur relâche les touches directionnelles
2025-05-03 17:42:59,806 - INFO - IA: Raquette droite déplacée de 171 à 180
2025-05-03 17:42:59,822 - INFO - IA: Raquette droite déplacée de 180 à 171
2025-05-03 17:42:59,838 - INFO - IA: Raquette droite déplacée de 171 à 162
2025-05-03 17:42:59,854 - INFO - IA: Raquette droite déplacée de 162 à 171
2025-05-03 17:42:59,870 - INFO - IA: Raquette droite déplacée de 171 à 180
2025-05-03 17:42:59,887 - INFO - IA: Raquette droite déplacée de 180 à 189
2025-05-03 17:42:59,904 - INFO - IA: Raquette droite déplacée de 189 à 198
2025-05-03 17:42:59,921 - INFO - IA: Raquette droite déplacée de 198 à 207
2025-05-03 17:42:59,937 - INFO - IA: Raquette droite déplacée de 207 à 216
2025-05-03 17:42:59,954 - INFO - IA: Raquette droite déplacée de 216 à 207
2025-05-03 17:42:59,971 - INFO - IA: Raquette droite déplacée de 207 à 216
2025-05-03 17:42:59,988 - INFO - IA: Raquette droite déplacée de 216 à 225
2025-05-03 17:43:00,004 - INFO - IA: Raquette droite déplacée de 225 à 216
2025-05-03 17:43:00,021 - INFO - IA: Raquette droite déplacée de 216 à 225
2025-05-03 17:43:00,038 - INFO - IA: Raquette droite déplacée de 225 à 234
2025-05-03 17:43:00,054 - INFO - IA: Raquette droite déplacée de 234 à 243
2025-05-03 17:43:00,070 - INFO - IA: Raquette droite déplacée de 243 à 234
2025-05-03 17:43:00,087 - INFO - IA: Raquette droite déplacée de 234 à 243
2025-05-03 17:43:00,103 - INFO - IA: Raquette droite déplacée de 243 à 252
2025-05-03 17:43:00,119 - INFO - IA: Raquette droite déplacée de 252 à 261
2025-05-03 17:43:00,120 - INFO - COLLISION: Balle a rebondi sur une raquette à la position (555, 318)
2025-05-03 17:43:00,120 - INFO - VITESSE: Balle accélérée à 8.1, vitesses raquettes ajustées
2025-05-03 17:43:00,136 - INFO - IA: Raquette droite déplacée de 261 à 271
2025-05-03 17:43:00,153 - INFO - IA: Raquette droite déplacée de 271 à 281
2025-05-03 17:43:00,170 - INFO - IA: Raquette droite déplacée de 281 à 271
2025-05-03 17:43:00,186 - INFO - IA: Raquette droite déplacée de 271 à 281
2025-05-03 17:43:00,202 - INFO - IA: Raquette droite déplacée de 281 à 291
2025-05-03 17:43:00,218 - INFO - IA: Raquette droite déplacée de 291 à 281
2025-05-03 17:43:00,234 - INFO - IA: Raquette droite déplacée de 281 à 291
2025-05-03 17:43:00,250 - INFO - IA: Raquette droite déplacée de 291 à 301
2025-05-03 17:43:00,268 - INFO - IA: Raquette droite déplacée de 301 à 311
2025-05-03 17:43:00,285 - INFO - INPUT: Joueur appuie sur la touche HAUT
2025-05-03 17:43:00,286 - INFO - JOUEUR: Raquette gauche déplacée de 390 à 379
2025-05-03 17:43:00,286 - INFO - IA: Raquette droite déplacée de 311 à 321
2025-05-03 17:43:00,301 - INFO - JOUEUR: Raquette gauche déplacée de 379 à 368
2025-05-03 17:43:00,301 - INFO - IA: Raquette droite déplacée de 321 à 331
2025-05-03 17:43:00,317 - INFO - JOUEUR: Raquette gauche déplacée de 368 à 357
2025-05-03 17:43:00,318 - INFO - IA: Raquette droite déplacée de 331 à 341
2025-05-03 17:43:00,334 - INFO - JOUEUR: Raquette gauche déplacée de 357 à 346
2025-05-03 17:43:00,334 - INFO - IA: Raquette droite déplacée de 341 à 331
2025-05-03 17:43:00,351 - INFO - JOUEUR: Raquette gauche déplacée de 346 à 335
2025-05-03 17:43:00,351 - INFO - IA: Raquette droite déplacée de 331 à 341
2025-05-03 17:43:00,368 - INFO - JOUEUR: Raquette gauche déplacée de 335 à 324
2025-05-03 17:43:00,368 - INFO - IA: Raquette droite déplacée de 341 à 351
2025-05-03 17:43:00,385 - INFO - JOUEUR: Raquette gauche déplacée de 324 à 313
2025-05-03 17:43:00,385 - INFO - IA: Raquette droite déplacée de 351 à 361
2025-05-03 17:43:00,402 - INFO - JOUEUR: Raquette gauche déplacée de 313 à 302
2025-05-03 17:43:00,418 - INFO - JOUEUR: Raquette gauche déplacée de 302 à 291
2025-05-03 17:43:00,419 - INFO - IA: Raquette droite déplacée de 361 à 371
2025-05-03 17:43:00,434 - INFO - JOUEUR: Raquette gauche déplacée de 291 à 280
2025-05-03 17:43:00,435 - INFO - IA: Raquette droite déplacée de 371 à 381
2025-05-03 17:43:00,450 - INFO - JOUEUR: Raquette gauche déplacée de 280 à 269
2025-05-03 17:43:00,450 - INFO - IA: Raquette droite déplacée de 381 à 371
2025-05-03 17:43:00,466 - INFO - JOUEUR: Raquette gauche déplacée de 269 à 258
2025-05-03 17:43:00,466 - INFO - IA: Raquette droite déplacée de 371 à 381
2025-05-03 17:43:00,483 - INFO - INPUT: Joueur relâche les touches directionnelles
2025-05-03 17:43:00,483 - INFO - IA: Raquette droite déplacée de 381 à 390
2025-05-03 17:43:00,499 - INFO - IA: Raquette droite déplacée de 390 à 380
2025-05-03 17:43:00,515 - INFO - IA: Raquette droite déplacée de 380 à 390
2025-05-03 17:43:00,616 - INFO - COLLISION: Balle a rebondi sur un mur à la position (315, 468)
2025-05-03 17:43:00,697 - INFO - IA: Raquette droite déplacée de 390 à 380
2025-05-03 17:43:00,713 - INFO - IA: Raquette droite déplacée de 380 à 390
2025-05-03 17:43:00,761 - INFO - IA: Raquette droite déplacée de 390 à 380
2025-05-03 17:43:00,778 - INFO - IA: Raquette droite déplacée de 380 à 390
2025-05-03 17:43:00,794 - INFO - IA: Raquette droite déplacée de 390 à 380
2025-05-03 17:43:00,811 - INFO - IA: Raquette droite déplacée de 380 à 390
2025-05-03 17:43:00,827 - INFO - IA: Raquette droite déplacée de 390 à 380
2025-05-03 17:43:00,843 - INFO - IA: Raquette droite déplacée de 380 à 370
2025-05-03 17:43:00,859 - INFO - IA: Raquette droite déplacée de 370 à 360
2025-05-03 17:43:00,875 - INFO - IA: Raquette droite déplacée de 360 à 350
2025-05-03 17:43:00,892 - INFO - IA: Raquette droite déplacée de 350 à 340
2025-05-03 17:43:00,909 - INFO - IA: Raquette droite déplacée de 340 à 350
2025-05-03 17:43:00,926 - INFO - IA: Raquette droite déplacée de 350 à 340
2025-05-03 17:43:00,942 - INFO - IA: Raquette droite déplacée de 340 à 350
2025-05-03 17:43:00,958 - INFO - IA: Raquette droite déplacée de 350 à 340
2025-05-03 17:43:00,975 - INFO - IA: Raquette droite déplacée de 340 à 330
2025-05-03 17:43:00,992 - INFO - IA: Raquette droite déplacée de 330 à 320
2025-05-03 17:43:01,009 - INFO - IA: Raquette droite déplacée de 320 à 330
2025-05-03 17:43:01,027 - INFO - IA: Raquette droite déplacée de 330 à 340
2025-05-03 17:43:01,043 - INFO - IA: Raquette droite déplacée de 340 à 330
2025-05-03 17:43:01,060 - INFO - INPUT: Joueur appuie sur la touche HAUT
2025-05-03 17:43:01,061 - INFO - JOUEUR: Raquette gauche déplacée de 258 à 247
2025-05-03 17:43:01,061 - INFO - IA: Raquette droite déplacée de 330 à 320
2025-05-03 17:43:01,077 - INFO - JOUEUR: Raquette gauche déplacée de 247 à 236
2025-05-03 17:43:01,078 - INFO - IA: Raquette droite déplacée de 320 à 310
2025-05-03 17:43:01,094 - INFO - JOUEUR: Raquette gauche déplacée de 236 à 225
2025-05-03 17:43:01,094 - INFO - IA: Raquette droite déplacée de 310 à 300
2025-05-03 17:43:01,110 - INFO - JOUEUR: Raquette gauche déplacée de 225 à 214
2025-05-03 17:43:01,110 - INFO - IA: Raquette droite déplacée de 300 à 290
2025-05-03 17:43:01,126 - INFO - JOUEUR: Raquette gauche déplacée de 214 à 203
2025-05-03 17:43:01,126 - INFO - IA: Raquette droite déplacée de 290 à 280
2025-05-03 17:43:01,143 - INFO - JOUEUR: Raquette gauche déplacée de 203 à 192
2025-05-03 17:43:01,144 - INFO - IA: Raquette droite déplacée de 280 à 290
2025-05-03 17:43:01,160 - INFO - JOUEUR: Raquette gauche déplacée de 192 à 181
2025-05-03 17:43:01,160 - INFO - IA: Raquette droite déplacée de 290 à 300
2025-05-03 17:43:01,176 - INFO - JOUEUR: Raquette gauche déplacée de 181 à 170
2025-05-03 17:43:01,176 - INFO - IA: Raquette droite déplacée de 300 à 290
2025-05-03 17:43:01,193 - INFO - JOUEUR: Raquette gauche déplacée de 170 à 159
2025-05-03 17:43:01,193 - INFO - IA: Raquette droite déplacée de 290 à 280
2025-05-03 17:43:01,210 - INFO - JOUEUR: Raquette gauche déplacée de 159 à 148
2025-05-03 17:43:01,210 - INFO - IA: Raquette droite déplacée de 280 à 270
2025-05-03 17:43:01,226 - INFO - JOUEUR: Raquette gauche déplacée de 148 à 137
2025-05-03 17:43:01,226 - INFO - IA: Raquette droite déplacée de 270 à 280
2025-05-03 17:43:01,243 - INFO - JOUEUR: Raquette gauche déplacée de 137 à 126
2025-05-03 17:43:01,243 - INFO - IA: Raquette droite déplacée de 280 à 270
2025-05-03 17:43:01,259 - INFO - JOUEUR: Raquette gauche déplacée de 126 à 115
2025-05-03 17:43:01,259 - INFO - IA: Raquette droite déplacée de 270 à 260
2025-05-03 17:43:01,276 - INFO - JOUEUR: Raquette gauche déplacée de 115 à 104
2025-05-03 17:43:01,277 - INFO - IA: Raquette droite déplacée de 260 à 250
2025-05-03 17:43:01,277 - INFO - POINT: Joueur droite (IA) marque un point! Score: 1-2
2025-05-03 17:43:01,293 - INFO - JOUEUR: Raquette gauche déplacée de 104 à 97
2025-05-03 17:43:01,294 - INFO - IA: Raquette droite déplacée de 250 à 244
2025-05-03 17:43:01,310 - INFO - INPUT: Joueur relâche les touches directionnelles
2025-05-03 17:43:01,310 - INFO - IA: Raquette droite déplacée de 244 à 238
2025-05-03 17:43:01,327 - INFO - IA: Raquette droite déplacée de 238 à 232
2025-05-03 17:43:01,342 - INFO - IA: Raquette droite déplacée de 232 à 226
2025-05-03 17:43:01,359 - INFO - IA: Raquette droite déplacée de 226 à 220
2025-05-03 17:43:01,376 - INFO - IA: Raquette droite déplacée de 220 à 214
2025-05-03 17:43:01,393 - INFO - IA: Raquette droite déplacée de 214 à 208
2025-05-03 17:43:01,409 - INFO - IA: Raquette droite déplacée de 208 à 202
2025-05-03 17:43:01,425 - INFO - IA: Raquette droite déplacée de 202 à 196
2025-05-03 17:43:01,442 - INFO - IA: Raquette droite déplacée de 196 à 190
2025-05-03 17:43:01,458 - INFO - IA: Raquette droite déplacée de 190 à 184
2025-05-03 17:43:01,474 - INFO - IA: Raquette droite déplacée de 184 à 178
2025-05-03 17:43:01,491 - INFO - IA: Raquette droite déplacée de 178 à 172
2025-05-03 17:43:01,508 - INFO - IA: Raquette droite déplacée de 172 à 166
2025-05-03 17:43:01,525 - INFO - IA: Raquette droite déplacée de 166 à 160
2025-05-03 17:43:01,541 - INFO - IA: Raquette droite déplacée de 160 à 154
2025-05-03 17:43:01,558 - INFO - IA: Raquette droite déplacée de 154 à 148
2025-05-03 17:43:01,575 - INFO - IA: Raquette droite déplacée de 148 à 142
2025-05-03 17:43:01,592 - INFO - IA: Raquette droite déplacée de 142 à 136
2025-05-03 17:43:01,609 - INFO - IA: Raquette droite déplacée de 136 à 130
2025-05-03 17:43:01,626 - INFO - IA: Raquette droite déplacée de 130 à 124
2025-05-03 17:43:01,643 - INFO - IA: Raquette droite déplacée de 124 à 118
2025-05-03 17:43:01,660 - INFO - IA: Raquette droite déplacée de 118 à 112
2025-05-03 17:43:01,677 - INFO - IA: Raquette droite déplacée de 112 à 106
2025-05-03 17:43:01,693 - INFO - IA: Raquette droite déplacée de 106 à 100
2025-05-03 17:43:01,710 - INFO - IA: Raquette droite déplacée de 100 à 94
2025-05-03 17:43:01,727 - INFO - IA: Raquette droite déplacée de 94 à 88
2025-05-03 17:43:01,743 - INFO - IA: Raquette droite déplacée de 88 à 82
2025-05-03 17:43:01,759 - INFO - IA: Raquette droite déplacée de 82 à 76
2025-05-03 17:43:01,776 - INFO - IA: Raquette droite déplacée de 76 à 70
2025-05-03 17:43:01,793 - INFO - IA: Raquette droite déplacée de 70 à 64
2025-05-03 17:43:01,811 - INFO - IA: Raquette droite déplacée de 64 à 58
2025-05-03 17:43:01,827 - INFO - IA: Raquette droite déplacée de 58 à 52
2025-05-03 17:43:01,843 - INFO - IA: Raquette droite déplacée de 52 à 46
2025-05-03 17:43:01,860 - INFO - IA: Raquette droite déplacée de 46 à 40
2025-05-03 17:43:01,876 - INFO - IA: Raquette droite déplacée de 40 à 34
2025-05-03 17:43:01,893 - INFO - IA: Raquette droite déplacée de 34 à 28
2025-05-03 17:43:01,909 - INFO - IA: Raquette droite déplacée de 28 à 22
2025-05-03 17:43:01,925 - INFO - IA: Raquette droite déplacée de 22 à 16
2025-05-03 17:43:01,942 - INFO - IA: Raquette droite déplacée de 16 à 10
2025-05-03 17:43:01,958 - INFO - IA: Raquette droite déplacée de 10 à 4
2025-05-03 17:43:01,974 - INFO - IA: Raquette droite déplacée de 4 à 0
2025-05-03 17:43:02,038 - INFO - PAUSE: Jeu mis en pause
2025-05-03 17:43:03,367 - INFO - PAUSE: Jeu quitté (via bouton)
