2025-05-03 16:17:15,187 - INFO - IA: Raquette IA initialisée à la position (565, 195)
2025-05-03 16:17:15,190 - INFO - Jeu initialisé avec succès
2025-05-03 16:17:15,191 - INFO - Taille de l'écran: 600x480
2025-05-03 16:17:15,191 - INFO - Position initiale raquette gauche: <rect(20, 195, 15, 90)>
2025-05-03 16:17:15,192 - INFO - Position initiale raquette droite: <rect(565, 195, 15, 90)>
2025-05-03 16:17:15,192 - INFO - Position initiale balle: <rect(293, 233, 15, 15)>
2025-05-03 16:17:15,193 - INFO - IA: Raquette droite déplacée de 195 à 188
2025-05-03 16:17:15,212 - INFO - IA: Raquette droite déplacée de 188 à 181
2025-05-03 16:17:15,230 - INFO - IA: Raquette droite déplacée de 181 à 188
2025-05-03 16:17:15,247 - INFO - IA: Raquette droite déplacée de 188 à 195
2025-05-03 16:17:15,264 - INFO - IA: Raquette droite déplacée de 195 à 202
2025-05-03 16:17:15,281 - INFO - IA: Raquette droite déplacée de 202 à 209
2025-05-03 16:17:15,299 - INFO - IA: Raquette droite déplacée de 209 à 216
2025-05-03 16:17:15,317 - INFO - IA: Raquette droite déplacée de 216 à 223
2025-05-03 16:17:15,336 - INFO - IA: Raquette droite déplacée de 223 à 216
2025-05-03 16:17:15,355 - INFO - IA: Raquette droite déplacée de 216 à 223
2025-05-03 16:17:15,374 - INFO - IA: Raquette droite déplacée de 223 à 230
2025-05-03 16:17:15,392 - INFO - IA: Raquette droite déplacée de 230 à 237
2025-05-03 16:17:15,410 - INFO - IA: Raquette droite déplacée de 237 à 244
2025-05-03 16:17:15,427 - INFO - IA: Raquette droite déplacée de 244 à 251
2025-05-03 16:17:15,445 - INFO - IA: Raquette droite déplacée de 251 à 258
2025-05-03 16:17:15,463 - INFO - IA: Raquette droite déplacée de 258 à 251
2025-05-03 16:17:15,481 - INFO - IA: Raquette droite déplacée de 251 à 258
2025-05-03 16:17:15,500 - INFO - IA: Raquette droite déplacée de 258 à 265
2025-05-03 16:17:15,520 - INFO - IA: Raquette droite déplacée de 265 à 272
2025-05-03 16:17:15,539 - INFO - IA: Raquette droite déplacée de 272 à 279
2025-05-03 16:17:15,557 - INFO - IA: Raquette droite déplacée de 279 à 286
2025-05-03 16:17:15,574 - INFO - IA: Raquette droite déplacée de 286 à 293
2025-05-03 16:17:15,593 - INFO - IA: Raquette droite déplacée de 293 à 300
2025-05-03 16:17:15,610 - INFO - IA: Raquette droite déplacée de 300 à 293
2025-05-03 16:17:15,628 - INFO - IA: Raquette droite déplacée de 293 à 300
2025-05-03 16:17:15,646 - INFO - IA: Raquette droite déplacée de 300 à 307
2025-05-03 16:17:15,663 - INFO - IA: Raquette droite déplacée de 307 à 314
2025-05-03 16:17:15,682 - INFO - IA: Raquette droite déplacée de 314 à 321
2025-05-03 16:17:15,699 - INFO - IA: Raquette droite déplacée de 321 à 328
2025-05-03 16:17:15,718 - INFO - IA: Raquette droite déplacée de 328 à 335
2025-05-03 16:17:15,738 - INFO - IA: Raquette droite déplacée de 335 à 342
2025-05-03 16:17:15,758 - INFO - IA: Raquette droite déplacée de 342 à 335
2025-05-03 16:17:15,778 - INFO - IA: Raquette droite déplacée de 335 à 342
2025-05-03 16:17:15,797 - INFO - IA: Raquette droite déplacée de 342 à 349
2025-05-03 16:17:15,816 - INFO - IA: Raquette droite déplacée de 349 à 356
2025-05-03 16:17:15,835 - INFO - IA: Raquette droite déplacée de 356 à 363
2025-05-03 16:17:15,855 - INFO - IA: Raquette droite déplacée de 363 à 370
2025-05-03 16:17:15,876 - INFO - IA: Raquette droite déplacée de 370 à 377
2025-05-03 16:17:15,894 - INFO - IA: Raquette droite déplacée de 377 à 384
2025-05-03 16:17:15,912 - INFO - IA: Raquette droite déplacée de 384 à 377
2025-05-03 16:17:15,932 - INFO - IA: Raquette droite déplacée de 377 à 384
2025-05-03 16:17:15,950 - INFO - IA: Raquette droite déplacée de 384 à 377
2025-05-03 16:17:15,973 - INFO - IA: Raquette droite déplacée de 377 à 384
2025-05-03 16:17:15,992 - INFO - IA: Raquette droite déplacée de 384 à 390
2025-05-03 16:17:16,044 - INFO - COLLISION: Balle a rebondi sur un mur à la position (528, 468)
2025-05-03 16:17:16,131 - INFO - COLLISION: Balle a rebondi sur une raquette à la position (553, 443)
2025-05-03 16:17:16,179 - INFO - IA: Raquette droite déplacée de 390 à 383
2025-05-03 16:17:16,207 - INFO - IA: Raquette droite déplacée de 383 à 390
2025-05-03 16:17:16,224 - INFO - IA: Raquette droite déplacée de 390 à 383
2025-05-03 16:17:16,242 - INFO - IA: Raquette droite déplacée de 383 à 376
2025-05-03 16:17:16,261 - INFO - IA: Raquette droite déplacée de 376 à 383
2025-05-03 16:17:16,279 - INFO - IA: Raquette droite déplacée de 383 à 390
2025-05-03 16:17:16,298 - INFO - IA: Raquette droite déplacée de 390 à 383
2025-05-03 16:17:16,316 - INFO - IA: Raquette droite déplacée de 383 à 376
2025-05-03 16:17:16,335 - INFO - IA: Raquette droite déplacée de 376 à 369
2025-05-03 16:17:16,353 - INFO - IA: Raquette droite déplacée de 369 à 376
2025-05-03 16:17:16,372 - INFO - IA: Raquette droite déplacée de 376 à 369
2025-05-03 16:17:16,390 - INFO - IA: Raquette droite déplacée de 369 à 362
2025-05-03 16:17:16,408 - INFO - IA: Raquette droite déplacée de 362 à 355
2025-05-03 16:17:16,426 - INFO - IA: Raquette droite déplacée de 355 à 348
2025-05-03 16:17:16,444 - INFO - IA: Raquette droite déplacée de 348 à 341
2025-05-03 16:17:16,461 - INFO - IA: Raquette droite déplacée de 341 à 348
2025-05-03 16:17:16,479 - INFO - IA: Raquette droite déplacée de 348 à 341
2025-05-03 16:17:16,497 - INFO - IA: Raquette droite déplacée de 341 à 334
2025-05-03 16:17:16,514 - INFO - IA: Raquette droite déplacée de 334 à 327
2025-05-03 16:17:16,531 - INFO - IA: Raquette droite déplacée de 327 à 320
2025-05-03 16:17:16,548 - INFO - IA: Raquette droite déplacée de 320 à 313
2025-05-03 16:17:16,566 - INFO - IA: Raquette droite déplacée de 313 à 320
2025-05-03 16:17:16,584 - INFO - IA: Raquette droite déplacée de 320 à 313
2025-05-03 16:17:16,603 - INFO - IA: Raquette droite déplacée de 313 à 306
2025-05-03 16:17:16,621 - INFO - IA: Raquette droite déplacée de 306 à 299
2025-05-03 16:17:16,639 - INFO - IA: Raquette droite déplacée de 299 à 292
2025-05-03 16:17:16,658 - INFO - IA: Raquette droite déplacée de 292 à 285
2025-05-03 16:17:16,676 - INFO - IA: Raquette droite déplacée de 285 à 292
2025-05-03 16:17:16,695 - INFO - IA: Raquette droite déplacée de 292 à 285
2025-05-03 16:17:16,714 - INFO - IA: Raquette droite déplacée de 285 à 278
2025-05-03 16:17:16,733 - INFO - IA: Raquette droite déplacée de 278 à 285
2025-05-03 16:17:16,755 - INFO - IA: Raquette droite déplacée de 285 à 278
2025-05-03 16:17:16,773 - INFO - IA: Raquette droite déplacée de 278 à 271
2025-05-03 16:17:16,791 - INFO - IA: Raquette droite déplacée de 271 à 264
2025-05-03 16:17:16,809 - INFO - IA: Raquette droite déplacée de 264 à 257
2025-05-03 16:17:16,828 - INFO - IA: Raquette droite déplacée de 257 à 250
2025-05-03 16:17:16,846 - INFO - IA: Raquette droite déplacée de 250 à 243
2025-05-03 16:17:16,865 - INFO - IA: Raquette droite déplacée de 243 à 236
2025-05-03 16:17:16,883 - INFO - IA: Raquette droite déplacée de 236 à 229
2025-05-03 16:17:16,903 - INFO - IA: Raquette droite déplacée de 229 à 222
2025-05-03 16:17:16,921 - INFO - IA: Raquette droite déplacée de 222 à 215
2025-05-03 16:17:16,939 - INFO - IA: Raquette droite déplacée de 215 à 208
2025-05-03 16:17:16,957 - INFO - IA: Raquette droite déplacée de 208 à 201
2025-05-03 16:17:16,976 - INFO - IA: Raquette droite déplacée de 201 à 194
2025-05-03 16:17:16,994 - INFO - IA: Raquette droite déplacée de 194 à 201
2025-05-03 16:17:17,011 - INFO - IA: Raquette droite déplacée de 201 à 194
2025-05-03 16:17:17,029 - INFO - IA: Raquette droite déplacée de 194 à 187
2025-05-03 16:17:17,047 - INFO - IA: Raquette droite déplacée de 187 à 180
2025-05-03 16:17:17,064 - INFO - IA: Raquette droite déplacée de 180 à 173
2025-05-03 16:17:17,082 - INFO - IA: Raquette droite déplacée de 173 à 180
2025-05-03 16:17:17,101 - INFO - IA: Raquette droite déplacée de 180 à 173
2025-05-03 16:17:17,121 - INFO - IA: Raquette droite déplacée de 173 à 166
2025-05-03 16:17:17,138 - INFO - IA: Raquette droite déplacée de 166 à 159
2025-05-03 16:17:17,156 - INFO - IA: Raquette droite déplacée de 159 à 152
2025-05-03 16:17:17,174 - INFO - IA: Raquette droite déplacée de 152 à 145
2025-05-03 16:17:17,193 - INFO - IA: Raquette droite déplacée de 145 à 138
2025-05-03 16:17:17,212 - INFO - IA: Raquette droite déplacée de 138 à 131
2025-05-03 16:17:17,230 - INFO - IA: Raquette droite déplacée de 131 à 124
2025-05-03 16:17:17,247 - INFO - IA: Raquette droite déplacée de 124 à 117
2025-05-03 16:17:17,266 - INFO - IA: Raquette droite déplacée de 117 à 124
2025-05-03 16:17:17,286 - INFO - IA: Raquette droite déplacée de 124 à 117
2025-05-03 16:17:17,305 - INFO - IA: Raquette droite déplacée de 117 à 110
2025-05-03 16:17:17,323 - INFO - IA: Raquette droite déplacée de 110 à 103
2025-05-03 16:17:17,341 - INFO - IA: Raquette droite déplacée de 103 à 96
2025-05-03 16:17:17,359 - INFO - IA: Raquette droite déplacée de 96 à 89
2025-05-03 16:17:17,378 - INFO - IA: Raquette droite déplacée de 89 à 82
2025-05-03 16:17:17,396 - INFO - IA: Raquette droite déplacée de 82 à 89
2025-05-03 16:17:17,413 - INFO - IA: Raquette droite déplacée de 89 à 82
2025-05-03 16:17:17,449 - INFO - IA: Raquette droite déplacée de 82 à 75
2025-05-03 16:17:17,467 - INFO - IA: Raquette droite déplacée de 75 à 68
2025-05-03 16:17:17,486 - INFO - IA: Raquette droite déplacée de 68 à 61
2025-05-03 16:17:17,503 - INFO - IA: Raquette droite déplacée de 61 à 54
2025-05-03 16:17:17,521 - INFO - IA: Raquette droite déplacée de 54 à 47
2025-05-03 16:17:17,539 - INFO - IA: Raquette droite déplacée de 47 à 40
2025-05-03 16:17:17,557 - INFO - IA: Raquette droite déplacée de 40 à 47
2025-05-03 16:17:17,575 - INFO - IA: Raquette droite déplacée de 47 à 40
2025-05-03 16:17:17,592 - INFO - IA: Raquette droite déplacée de 40 à 33
2025-05-03 16:17:17,610 - INFO - IA: Raquette droite déplacée de 33 à 26
2025-05-03 16:17:17,628 - INFO - IA: Raquette droite déplacée de 26 à 33
2025-05-03 16:17:17,646 - INFO - IA: Raquette droite déplacée de 33 à 26
2025-05-03 16:17:17,664 - INFO - IA: Raquette droite déplacée de 26 à 19
2025-05-03 16:17:17,682 - INFO - IA: Raquette droite déplacée de 19 à 12
2025-05-03 16:17:17,701 - INFO - IA: Raquette droite déplacée de 12 à 5
2025-05-03 16:17:17,721 - INFO - IA: Raquette droite déplacée de 5 à 0
2025-05-03 16:17:17,774 - INFO - COLLISION: Balle a rebondi sur un mur à la position (108, -2)
2025-05-03 16:17:17,860 - INFO - IA: Raquette droite déplacée de 0 à 7
2025-05-03 16:17:17,878 - INFO - IA: Raquette droite déplacée de 7 à 0
2025-05-03 16:17:17,930 - INFO - IA: Raquette droite déplacée de 0 à 7
2025-05-03 16:17:17,948 - INFO - IA: Raquette droite déplacée de 7 à 14
2025-05-03 16:17:17,967 - INFO - IA: Raquette droite déplacée de 14 à 21
2025-05-03 16:17:17,986 - INFO - IA: Raquette droite déplacée de 21 à 28
2025-05-03 16:17:18,004 - INFO - IA: Raquette droite déplacée de 28 à 35
2025-05-03 16:17:18,022 - INFO - IA: Raquette droite déplacée de 35 à 28
2025-05-03 16:17:18,039 - INFO - IA: Raquette droite déplacée de 28 à 21
2025-05-03 16:17:18,058 - INFO - IA: Raquette droite déplacée de 21 à 14
2025-05-03 16:17:18,077 - INFO - IA: Raquette droite déplacée de 14 à 21
2025-05-03 16:17:18,096 - INFO - IA: Raquette droite déplacée de 21 à 14
2025-05-03 16:17:18,114 - INFO - IA: Raquette droite déplacée de 14 à 21
2025-05-03 16:17:18,132 - INFO - IA: Raquette droite déplacée de 21 à 28
2025-05-03 16:17:18,150 - INFO - IA: Raquette droite déplacée de 28 à 35
2025-05-03 16:17:18,171 - INFO - IA: Raquette droite déplacée de 35 à 42
2025-05-03 16:17:18,171 - INFO - POINT: Joueur droite (IA) marque un point! Score: 0-1
2025-05-03 16:17:18,189 - INFO - IA: Raquette droite déplacée de 42 à 49
2025-05-03 16:17:18,207 - INFO - IA: Raquette droite déplacée de 49 à 56
2025-05-03 16:17:18,226 - INFO - IA: Raquette droite déplacée de 56 à 63
2025-05-03 16:17:18,244 - INFO - IA: Raquette droite déplacée de 63 à 70
2025-05-03 16:17:18,263 - INFO - IA: Raquette droite déplacée de 70 à 77
2025-05-03 16:17:18,282 - INFO - IA: Raquette droite déplacée de 77 à 84
2025-05-03 16:17:18,301 - INFO - IA: Raquette droite déplacée de 84 à 91
2025-05-03 16:17:18,321 - INFO - IA: Raquette droite déplacée de 91 à 98
2025-05-03 16:17:18,339 - INFO - IA: Raquette droite déplacée de 98 à 105
2025-05-03 16:17:18,357 - INFO - IA: Raquette droite déplacée de 105 à 112
2025-05-03 16:17:18,374 - INFO - IA: Raquette droite déplacée de 112 à 119
2025-05-03 16:17:18,391 - INFO - IA: Raquette droite déplacée de 119 à 126
2025-05-03 16:17:18,408 - INFO - IA: Raquette droite déplacée de 126 à 133
2025-05-03 16:17:18,426 - INFO - IA: Raquette droite déplacée de 133 à 140
2025-05-03 16:17:18,444 - INFO - IA: Raquette droite déplacée de 140 à 147
2025-05-03 16:17:18,462 - INFO - IA: Raquette droite déplacée de 147 à 154
2025-05-03 16:17:18,480 - INFO - IA: Raquette droite déplacée de 154 à 161
2025-05-03 16:17:18,499 - INFO - IA: Raquette droite déplacée de 161 à 168
2025-05-03 16:17:18,518 - INFO - IA: Raquette droite déplacée de 168 à 175
2025-05-03 16:17:18,536 - INFO - IA: Raquette droite déplacée de 175 à 182
2025-05-03 16:17:18,554 - INFO - IA: Raquette droite déplacée de 182 à 189
2025-05-03 16:17:18,572 - INFO - IA: Raquette droite déplacée de 189 à 196
2025-05-03 16:17:18,589 - INFO - IA: Raquette droite déplacée de 196 à 203
2025-05-03 16:17:18,607 - INFO - IA: Raquette droite déplacée de 203 à 210
2025-05-03 16:17:18,624 - INFO - IA: Raquette droite déplacée de 210 à 217
2025-05-03 16:17:18,641 - INFO - IA: Raquette droite déplacée de 217 à 224
2025-05-03 16:17:18,658 - INFO - IA: Raquette droite déplacée de 224 à 231
2025-05-03 16:17:18,676 - INFO - IA: Raquette droite déplacée de 231 à 238
2025-05-03 16:17:18,693 - INFO - IA: Raquette droite déplacée de 238 à 245
2025-05-03 16:17:18,710 - INFO - IA: Raquette droite déplacée de 245 à 252
2025-05-03 16:17:18,728 - INFO - IA: Raquette droite déplacée de 252 à 259
2025-05-03 16:17:18,747 - INFO - IA: Raquette droite déplacée de 259 à 266
2025-05-03 16:17:18,766 - INFO - IA: Raquette droite déplacée de 266 à 273
2025-05-03 16:17:18,786 - INFO - IA: Raquette droite déplacée de 273 à 280
2025-05-03 16:17:18,804 - INFO - IA: Raquette droite déplacée de 280 à 287
2025-05-03 16:17:18,823 - INFO - IA: Raquette droite déplacée de 287 à 294
2025-05-03 16:17:18,840 - INFO - IA: Raquette droite déplacée de 294 à 301
2025-05-03 16:17:18,858 - INFO - IA: Raquette droite déplacée de 301 à 308
2025-05-03 16:17:18,876 - INFO - IA: Raquette droite déplacée de 308 à 315
2025-05-03 16:17:18,895 - INFO - IA: Raquette droite déplacée de 315 à 322
2025-05-03 16:17:18,913 - INFO - IA: Raquette droite déplacée de 322 à 329
2025-05-03 16:17:18,931 - INFO - IA: Raquette droite déplacée de 329 à 336
2025-05-03 16:17:18,953 - INFO - IA: Raquette droite déplacée de 336 à 343
2025-05-03 16:17:18,971 - INFO - IA: Raquette droite déplacée de 343 à 350
2025-05-03 16:17:18,989 - INFO - IA: Raquette droite déplacée de 350 à 357
2025-05-03 16:17:19,007 - INFO - IA: Raquette droite déplacée de 357 à 364
2025-05-03 16:17:19,026 - INFO - IA: Raquette droite déplacée de 364 à 371
2025-05-03 16:17:19,027 - INFO - COLLISION: Balle a rebondi sur un mur à la position (58, 468)
2025-05-03 16:17:19,045 - INFO - IA: Raquette droite déplacée de 371 à 378
2025-05-03 16:17:19,064 - INFO - IA: Raquette droite déplacée de 378 à 385
2025-05-03 16:17:19,085 - INFO - IA: Raquette droite déplacée de 385 à 390
2025-05-03 16:17:19,176 - INFO - IA: Raquette droite déplacée de 390 à 383
2025-05-03 16:17:19,194 - INFO - IA: Raquette droite déplacée de 383 à 390
2025-05-03 16:17:19,213 - INFO - IA: Raquette droite déplacée de 390 à 383
2025-05-03 16:17:19,232 - INFO - IA: Raquette droite déplacée de 383 à 390
2025-05-03 16:17:19,254 - INFO - IA: Raquette droite déplacée de 390 à 383
2025-05-03 16:17:19,255 - INFO - POINT: Joueur droite (IA) marque un point! Score: 0-2
2025-05-03 16:17:19,274 - INFO - IA: Raquette droite déplacée de 383 à 376
2025-05-03 16:17:19,291 - INFO - IA: Raquette droite déplacée de 376 à 369
2025-05-03 16:17:19,309 - INFO - IA: Raquette droite déplacée de 369 à 362
2025-05-03 16:17:19,327 - INFO - IA: Raquette droite déplacée de 362 à 355
2025-05-03 16:17:19,344 - INFO - IA: Raquette droite déplacée de 355 à 348
2025-05-03 16:17:19,362 - INFO - IA: Raquette droite déplacée de 348 à 341
2025-05-03 16:17:19,379 - INFO - IA: Raquette droite déplacée de 341 à 334
2025-05-03 16:17:19,398 - INFO - IA: Raquette droite déplacée de 334 à 327
2025-05-03 16:17:19,416 - INFO - IA: Raquette droite déplacée de 327 à 320
2025-05-03 16:17:19,434 - INFO - IA: Raquette droite déplacée de 320 à 313
2025-05-03 16:17:19,452 - INFO - IA: Raquette droite déplacée de 313 à 306
2025-05-03 16:17:19,470 - INFO - IA: Raquette droite déplacée de 306 à 299
2025-05-03 16:17:19,488 - INFO - IA: Raquette droite déplacée de 299 à 292
2025-05-03 16:17:19,506 - INFO - IA: Raquette droite déplacée de 292 à 285
2025-05-03 16:17:19,525 - INFO - IA: Raquette droite déplacée de 285 à 278
2025-05-03 16:17:19,543 - INFO - IA: Raquette droite déplacée de 278 à 271
2025-05-03 16:17:19,562 - INFO - IA: Raquette droite déplacée de 271 à 264
2025-05-03 16:17:19,580 - INFO - IA: Raquette droite déplacée de 264 à 257
2025-05-03 16:17:19,598 - INFO - IA: Raquette droite déplacée de 257 à 250
2025-05-03 16:17:19,616 - INFO - IA: Raquette droite déplacée de 250 à 243
2025-05-03 16:17:19,634 - INFO - IA: Raquette droite déplacée de 243 à 236
2025-05-03 16:17:19,652 - INFO - IA: Raquette droite déplacée de 236 à 229
2025-05-03 16:17:19,670 - INFO - IA: Raquette droite déplacée de 229 à 222
2025-05-03 16:17:19,688 - INFO - IA: Raquette droite déplacée de 222 à 215
2025-05-03 16:17:19,706 - INFO - IA: Raquette droite déplacée de 215 à 208
2025-05-03 16:17:19,723 - INFO - IA: Raquette droite déplacée de 208 à 201
2025-05-03 16:17:19,740 - INFO - IA: Raquette droite déplacée de 201 à 194
2025-05-03 16:17:19,759 - INFO - IA: Raquette droite déplacée de 194 à 187
2025-05-03 16:17:19,777 - INFO - IA: Raquette droite déplacée de 187 à 180
2025-05-03 16:17:19,797 - INFO - IA: Raquette droite déplacée de 180 à 173
2025-05-03 16:17:19,817 - INFO - IA: Raquette droite déplacée de 173 à 166
2025-05-03 16:17:19,836 - INFO - IA: Raquette droite déplacée de 166 à 159
2025-05-03 16:17:19,855 - INFO - IA: Raquette droite déplacée de 159 à 152
2025-05-03 16:17:19,873 - INFO - IA: Raquette droite déplacée de 152 à 145
2025-05-03 16:17:19,891 - INFO - IA: Raquette droite déplacée de 145 à 138
2025-05-03 16:17:19,909 - INFO - IA: Raquette droite déplacée de 138 à 131
2025-05-03 16:17:19,927 - INFO - IA: Raquette droite déplacée de 131 à 124
2025-05-03 16:17:19,944 - INFO - IA: Raquette droite déplacée de 124 à 117
2025-05-03 16:17:19,964 - INFO - IA: Raquette droite déplacée de 117 à 110
2025-05-03 16:17:19,986 - INFO - IA: Raquette droite déplacée de 110 à 103
2025-05-03 16:17:20,005 - INFO - IA: Raquette droite déplacée de 103 à 96
2025-05-03 16:17:20,024 - INFO - IA: Raquette droite déplacée de 96 à 89
2025-05-03 16:17:20,043 - INFO - IA: Raquette droite déplacée de 89 à 82
2025-05-03 16:17:20,062 - INFO - IA: Raquette droite déplacée de 82 à 75
2025-05-03 16:17:20,080 - INFO - IA: Raquette droite déplacée de 75 à 68
2025-05-03 16:17:20,101 - INFO - IA: Raquette droite déplacée de 68 à 61
2025-05-03 16:17:20,201 - INFO - IA: Raquette droite déplacée de 61 à 54
2025-05-03 16:17:20,202 - INFO - COLLISION: Balle a rebondi sur un mur à la position (58, -2)
2025-05-03 16:17:20,221 - INFO - IA: Raquette droite déplacée de 54 à 47
2025-05-03 16:17:20,240 - INFO - IA: Raquette droite déplacée de 47 à 40
2025-05-03 16:17:20,258 - INFO - IA: Raquette droite déplacée de 40 à 33
2025-05-03 16:17:20,276 - INFO - IA: Raquette droite déplacée de 33 à 26
2025-05-03 16:17:20,295 - INFO - IA: Raquette droite déplacée de 26 à 19
2025-05-03 16:17:20,312 - INFO - IA: Raquette droite déplacée de 19 à 12
2025-05-03 16:17:20,332 - INFO - IA: Raquette droite déplacée de 12 à 19
2025-05-03 16:17:20,351 - INFO - IA: Raquette droite déplacée de 19 à 12
2025-05-03 16:17:20,367 - INFO - IA: Raquette droite déplacée de 12 à 5
2025-05-03 16:17:20,385 - INFO - IA: Raquette droite déplacée de 5 à 12
2025-05-03 16:17:20,402 - INFO - IA: Raquette droite déplacée de 12 à 19
2025-05-03 16:17:20,419 - INFO - IA: Raquette droite déplacée de 19 à 26
2025-05-03 16:17:20,420 - INFO - POINT: Joueur droite (IA) marque un point! Score: 0-3
2025-05-03 16:17:20,438 - INFO - IA: Raquette droite déplacée de 26 à 33
2025-05-03 16:17:20,456 - INFO - IA: Raquette droite déplacée de 33 à 40
2025-05-03 16:17:20,474 - INFO - IA: Raquette droite déplacée de 40 à 47
2025-05-03 16:17:20,492 - INFO - IA: Raquette droite déplacée de 47 à 54
2025-05-03 16:17:20,509 - INFO - IA: Raquette droite déplacée de 54 à 61
2025-05-03 16:17:20,527 - INFO - IA: Raquette droite déplacée de 61 à 68
2025-05-03 16:17:20,557 - INFO - IA: Raquette droite déplacée de 68 à 75
2025-05-03 16:17:20,575 - INFO - IA: Raquette droite déplacée de 75 à 82
2025-05-03 16:17:20,593 - INFO - IA: Raquette droite déplacée de 82 à 89
2025-05-03 16:17:20,611 - INFO - IA: Raquette droite déplacée de 89 à 96
2025-05-03 16:17:20,629 - INFO - IA: Raquette droite déplacée de 96 à 103
2025-05-03 16:17:20,650 - INFO - IA: Raquette droite déplacée de 103 à 110
2025-05-03 16:17:20,670 - INFO - IA: Raquette droite déplacée de 110 à 117
2025-05-03 16:17:20,688 - INFO - IA: Raquette droite déplacée de 117 à 124
2025-05-03 16:17:20,706 - INFO - IA: Raquette droite déplacée de 124 à 131
2025-05-03 16:17:20,723 - INFO - IA: Raquette droite déplacée de 131 à 124
2025-05-03 16:17:20,742 - INFO - IA: Raquette droite déplacée de 124 à 117
2025-05-03 16:17:20,760 - INFO - IA: Raquette droite déplacée de 117 à 110
2025-05-03 16:17:20,778 - INFO - IA: Raquette droite déplacée de 110 à 117
2025-05-03 16:17:20,798 - INFO - IA: Raquette droite déplacée de 117 à 110
2025-05-03 16:17:20,816 - INFO - IA: Raquette droite déplacée de 110 à 103
2025-05-03 16:17:20,835 - INFO - IA: Raquette droite déplacée de 103 à 96
2025-05-03 16:17:20,854 - INFO - IA: Raquette droite déplacée de 96 à 103
2025-05-03 16:17:20,871 - INFO - IA: Raquette droite déplacée de 103 à 96
2025-05-03 16:17:20,890 - INFO - IA: Raquette droite déplacée de 96 à 89
2025-05-03 16:17:20,908 - INFO - IA: Raquette droite déplacée de 89 à 82
2025-05-03 16:17:20,926 - INFO - IA: Raquette droite déplacée de 82 à 75
2025-05-03 16:17:20,944 - INFO - IA: Raquette droite déplacée de 75 à 82
2025-05-03 16:17:20,961 - INFO - IA: Raquette droite déplacée de 82 à 75
2025-05-03 16:17:20,979 - INFO - IA: Raquette droite déplacée de 75 à 68
2025-05-03 16:17:20,999 - INFO - IA: Raquette droite déplacée de 68 à 61
2025-05-03 16:17:21,017 - INFO - IA: Raquette droite déplacée de 61 à 54
2025-05-03 16:17:21,035 - INFO - IA: Raquette droite déplacée de 54 à 47
2025-05-03 16:17:21,052 - INFO - IA: Raquette droite déplacée de 47 à 54
2025-05-03 16:17:21,072 - INFO - IA: Raquette droite déplacée de 54 à 47
2025-05-03 16:17:21,090 - INFO - IA: Raquette droite déplacée de 47 à 40
2025-05-03 16:17:21,109 - INFO - IA: Raquette droite déplacée de 40 à 33
2025-05-03 16:17:21,127 - INFO - IA: Raquette droite déplacée de 33 à 26
2025-05-03 16:17:21,144 - INFO - IA: Raquette droite déplacée de 26 à 19
2025-05-03 16:17:21,162 - INFO - IA: Raquette droite déplacée de 19 à 12
2025-05-03 16:17:21,179 - INFO - IA: Raquette droite déplacée de 12 à 5
2025-05-03 16:17:21,198 - INFO - IA: Raquette droite déplacée de 5 à 12
2025-05-03 16:17:21,217 - INFO - IA: Raquette droite déplacée de 12 à 5
2025-05-03 16:17:21,234 - INFO - IA: Raquette droite déplacée de 5 à 0
2025-05-03 16:17:21,286 - INFO - COLLISION: Balle a rebondi sur un mur à la position (528, -2)
2025-05-03 16:17:21,305 - INFO - INPUT: Joueur appuie sur la touche HAUT
2025-05-03 16:17:21,305 - INFO - JOUEUR: Raquette gauche déplacée de 195 à 188
2025-05-03 16:17:21,324 - INFO - JOUEUR: Raquette gauche déplacée de 188 à 181
2025-05-03 16:17:21,342 - INFO - JOUEUR: Raquette gauche déplacée de 181 à 174
2025-05-03 16:17:21,360 - INFO - JOUEUR: Raquette gauche déplacée de 174 à 167
2025-05-03 16:17:21,378 - INFO - JOUEUR: Raquette gauche déplacée de 167 à 160
2025-05-03 16:17:21,378 - INFO - COLLISION: Balle a rebondi sur une raquette à la position (553, 23)
2025-05-03 16:17:21,396 - INFO - JOUEUR: Raquette gauche déplacée de 160 à 153
2025-05-03 16:17:21,397 - INFO - IA: Raquette droite déplacée de 0 à 7
2025-05-03 16:17:21,416 - INFO - JOUEUR: Raquette gauche déplacée de 153 à 146
2025-05-03 16:17:21,433 - INFO - JOUEUR: Raquette gauche déplacée de 146 à 139
2025-05-03 16:17:21,434 - INFO - IA: Raquette droite déplacée de 7 à 14
2025-05-03 16:17:21,452 - INFO - INPUT: Joueur relâche les touches directionnelles
2025-05-03 16:17:21,452 - INFO - IA: Raquette droite déplacée de 14 à 7
2025-05-03 16:17:21,470 - INFO - IA: Raquette droite déplacée de 7 à 0
2025-05-03 16:17:21,488 - INFO - IA: Raquette droite déplacée de 0 à 7
2025-05-03 16:17:21,505 - INFO - IA: Raquette droite déplacée de 7 à 14
2025-05-03 16:17:21,523 - INFO - IA: Raquette droite déplacée de 14 à 7
2025-05-03 16:17:21,540 - INFO - IA: Raquette droite déplacée de 7 à 14
2025-05-03 16:17:21,558 - INFO - IA: Raquette droite déplacée de 14 à 21
2025-05-03 16:17:21,576 - INFO - IA: Raquette droite déplacée de 21 à 28
2025-05-03 16:17:21,594 - INFO - IA: Raquette droite déplacée de 28 à 35
2025-05-03 16:17:21,612 - INFO - IA: Raquette droite déplacée de 35 à 42
2025-05-03 16:17:21,630 - INFO - IA: Raquette droite déplacée de 42 à 49
2025-05-03 16:17:21,648 - INFO - IA: Raquette droite déplacée de 49 à 42
2025-05-03 16:17:21,666 - INFO - IA: Raquette droite déplacée de 42 à 49
2025-05-03 16:17:21,684 - INFO - IA: Raquette droite déplacée de 49 à 42
2025-05-03 16:17:21,702 - INFO - IA: Raquette droite déplacée de 42 à 49
2025-05-03 16:17:21,720 - INFO - IA: Raquette droite déplacée de 49 à 42
2025-05-03 16:17:21,737 - INFO - IA: Raquette droite déplacée de 42 à 49
2025-05-03 16:17:21,754 - INFO - IA: Raquette droite déplacée de 49 à 56
2025-05-03 16:17:21,772 - INFO - IA: Raquette droite déplacée de 56 à 63
2025-05-03 16:17:21,790 - INFO - IA: Raquette droite déplacée de 63 à 70
2025-05-03 16:17:21,807 - INFO - IA: Raquette droite déplacée de 70 à 77
2025-05-03 16:17:21,825 - INFO - IA: Raquette droite déplacée de 77 à 84
2025-05-03 16:17:21,844 - INFO - IA: Raquette droite déplacée de 84 à 91
2025-05-03 16:17:21,865 - INFO - IA: Raquette droite déplacée de 91 à 98
2025-05-03 16:17:21,883 - INFO - IA: Raquette droite déplacée de 98 à 105
2025-05-03 16:17:21,902 - INFO - IA: Raquette droite déplacée de 105 à 98
2025-05-03 16:17:21,920 - INFO - IA: Raquette droite déplacée de 98 à 105
2025-05-03 16:17:21,941 - INFO - IA: Raquette droite déplacée de 105 à 112
2025-05-03 16:17:21,959 - INFO - IA: Raquette droite déplacée de 112 à 119
2025-05-03 16:17:21,977 - INFO - IA: Raquette droite déplacée de 119 à 126
2025-05-03 16:17:21,994 - INFO - IA: Raquette droite déplacée de 126 à 133
2025-05-03 16:17:22,013 - INFO - IA: Raquette droite déplacée de 133 à 140
2025-05-03 16:17:22,031 - INFO - IA: Raquette droite déplacée de 140 à 147
2025-05-03 16:17:22,050 - INFO - IA: Raquette droite déplacée de 147 à 154
2025-05-03 16:17:22,068 - INFO - INPUT: Joueur appuie sur la touche BAS
2025-05-03 16:17:22,068 - INFO - JOUEUR: Raquette gauche déplacée de 139 à 146
2025-05-03 16:17:22,068 - INFO - IA: Raquette droite déplacée de 154 à 161
2025-05-03 16:17:22,086 - INFO - JOUEUR: Raquette gauche déplacée de 146 à 153
2025-05-03 16:17:22,086 - INFO - IA: Raquette droite déplacée de 161 à 154
2025-05-03 16:17:22,105 - INFO - JOUEUR: Raquette gauche déplacée de 153 à 160
2025-05-03 16:17:22,105 - INFO - IA: Raquette droite déplacée de 154 à 161
2025-05-03 16:17:22,125 - INFO - JOUEUR: Raquette gauche déplacée de 160 à 167
2025-05-03 16:17:22,125 - INFO - IA: Raquette droite déplacée de 161 à 168
2025-05-03 16:17:22,143 - INFO - JOUEUR: Raquette gauche déplacée de 167 à 174
2025-05-03 16:17:22,144 - INFO - IA: Raquette droite déplacée de 168 à 175
2025-05-03 16:17:22,163 - INFO - JOUEUR: Raquette gauche déplacée de 174 à 181
2025-05-03 16:17:22,164 - INFO - IA: Raquette droite déplacée de 175 à 182
2025-05-03 16:17:22,182 - INFO - JOUEUR: Raquette gauche déplacée de 181 à 188
2025-05-03 16:17:22,183 - INFO - IA: Raquette droite déplacée de 182 à 189
2025-05-03 16:17:22,201 - INFO - JOUEUR: Raquette gauche déplacée de 188 à 195
2025-05-03 16:17:22,201 - INFO - IA: Raquette droite déplacée de 189 à 196
2025-05-03 16:17:22,218 - INFO - JOUEUR: Raquette gauche déplacée de 195 à 202
2025-05-03 16:17:22,218 - INFO - IA: Raquette droite déplacée de 196 à 189
2025-05-03 16:17:22,236 - INFO - JOUEUR: Raquette gauche déplacée de 202 à 209
2025-05-03 16:17:22,236 - INFO - IA: Raquette droite déplacée de 189 à 196
2025-05-03 16:17:22,253 - INFO - JOUEUR: Raquette gauche déplacée de 209 à 216
2025-05-03 16:17:22,254 - INFO - IA: Raquette droite déplacée de 196 à 203
2025-05-03 16:17:22,271 - INFO - JOUEUR: Raquette gauche déplacée de 216 à 223
2025-05-03 16:17:22,271 - INFO - IA: Raquette droite déplacée de 203 à 210
2025-05-03 16:17:22,288 - INFO - JOUEUR: Raquette gauche déplacée de 223 à 230
2025-05-03 16:17:22,289 - INFO - IA: Raquette droite déplacée de 210 à 217
2025-05-03 16:17:22,306 - INFO - JOUEUR: Raquette gauche déplacée de 230 à 237
2025-05-03 16:17:22,306 - INFO - IA: Raquette droite déplacée de 217 à 224
2025-05-03 16:17:22,324 - INFO - JOUEUR: Raquette gauche déplacée de 237 à 244
2025-05-03 16:17:22,325 - INFO - IA: Raquette droite déplacée de 224 à 231
2025-05-03 16:17:22,343 - INFO - JOUEUR: Raquette gauche déplacée de 244 à 251
2025-05-03 16:17:22,343 - INFO - IA: Raquette droite déplacée de 231 à 224
2025-05-03 16:17:22,361 - INFO - JOUEUR: Raquette gauche déplacée de 251 à 258
2025-05-03 16:17:22,363 - INFO - IA: Raquette droite déplacée de 224 à 231
2025-05-03 16:17:22,382 - INFO - JOUEUR: Raquette gauche déplacée de 258 à 265
2025-05-03 16:17:22,382 - INFO - IA: Raquette droite déplacée de 231 à 238
2025-05-03 16:17:22,400 - INFO - JOUEUR: Raquette gauche déplacée de 265 à 272
2025-05-03 16:17:22,401 - INFO - IA: Raquette droite déplacée de 238 à 245
2025-05-03 16:17:22,419 - INFO - JOUEUR: Raquette gauche déplacée de 272 à 279
2025-05-03 16:17:22,420 - INFO - IA: Raquette droite déplacée de 245 à 238
2025-05-03 16:17:22,437 - INFO - JOUEUR: Raquette gauche déplacée de 279 à 286
2025-05-03 16:17:22,437 - INFO - IA: Raquette droite déplacée de 238 à 245
2025-05-03 16:17:22,455 - INFO - INPUT: Joueur relâche les touches directionnelles
2025-05-03 16:17:22,456 - INFO - IA: Raquette droite déplacée de 245 à 252
2025-05-03 16:17:22,474 - INFO - IA: Raquette droite déplacée de 252 à 259
2025-05-03 16:17:22,491 - INFO - IA: Raquette droite déplacée de 259 à 266
2025-05-03 16:17:22,509 - INFO - IA: Raquette droite déplacée de 266 à 273
2025-05-03 16:17:22,526 - INFO - IA: Raquette droite déplacée de 273 à 280
2025-05-03 16:17:22,543 - INFO - IA: Raquette droite déplacée de 280 à 287
2025-05-03 16:17:22,560 - INFO - IA: Raquette droite déplacée de 287 à 294
2025-05-03 16:17:22,578 - INFO - IA: Raquette droite déplacée de 294 à 301
2025-05-03 16:17:22,597 - INFO - IA: Raquette droite déplacée de 301 à 308
2025-05-03 16:17:22,616 - INFO - IA: Raquette droite déplacée de 308 à 315
2025-05-03 16:17:22,635 - INFO - IA: Raquette droite déplacée de 315 à 322
2025-05-03 16:17:22,654 - INFO - INPUT: Joueur appuie sur la touche BAS
2025-05-03 16:17:22,654 - INFO - JOUEUR: Raquette gauche déplacée de 286 à 293
2025-05-03 16:17:22,655 - INFO - IA: Raquette droite déplacée de 322 à 329
2025-05-03 16:17:22,673 - INFO - JOUEUR: Raquette gauche déplacée de 293 à 300
2025-05-03 16:17:22,674 - INFO - IA: Raquette droite déplacée de 329 à 322
2025-05-03 16:17:22,691 - INFO - JOUEUR: Raquette gauche déplacée de 300 à 307
2025-05-03 16:17:22,691 - INFO - IA: Raquette droite déplacée de 322 à 315
2025-05-03 16:17:22,710 - INFO - JOUEUR: Raquette gauche déplacée de 307 à 314
2025-05-03 16:17:22,710 - INFO - IA: Raquette droite déplacée de 315 à 322
2025-05-03 16:17:22,728 - INFO - JOUEUR: Raquette gauche déplacée de 314 à 321
2025-05-03 16:17:22,729 - INFO - IA: Raquette droite déplacée de 322 à 329
2025-05-03 16:17:22,747 - INFO - JOUEUR: Raquette gauche déplacée de 321 à 328
2025-05-03 16:17:22,748 - INFO - IA: Raquette droite déplacée de 329 à 336
2025-05-03 16:17:22,766 - INFO - JOUEUR: Raquette gauche déplacée de 328 à 335
2025-05-03 16:17:22,766 - INFO - IA: Raquette droite déplacée de 336 à 343
2025-05-03 16:17:22,784 - INFO - JOUEUR: Raquette gauche déplacée de 335 à 342
2025-05-03 16:17:22,784 - INFO - IA: Raquette droite déplacée de 343 à 336
2025-05-03 16:17:22,802 - INFO - JOUEUR: Raquette gauche déplacée de 342 à 349
2025-05-03 16:17:22,805 - INFO - IA: Raquette droite déplacée de 336 à 343
2025-05-03 16:17:22,823 - INFO - JOUEUR: Raquette gauche déplacée de 349 à 356
2025-05-03 16:17:22,824 - INFO - IA: Raquette droite déplacée de 343 à 350
2025-05-03 16:17:22,842 - INFO - JOUEUR: Raquette gauche déplacée de 356 à 363
2025-05-03 16:17:22,842 - INFO - IA: Raquette droite déplacée de 350 à 357
2025-05-03 16:17:22,860 - INFO - JOUEUR: Raquette gauche déplacée de 363 à 370
2025-05-03 16:17:22,860 - INFO - IA: Raquette droite déplacée de 357 à 364
2025-05-03 16:17:22,879 - INFO - JOUEUR: Raquette gauche déplacée de 370 à 377
2025-05-03 16:17:22,880 - INFO - IA: Raquette droite déplacée de 364 à 371
2025-05-03 16:17:22,899 - INFO - JOUEUR: Raquette gauche déplacée de 377 à 384
2025-05-03 16:17:22,899 - INFO - IA: Raquette droite déplacée de 371 à 378
2025-05-03 16:17:22,918 - INFO - JOUEUR: Raquette gauche déplacée de 384 à 390
2025-05-03 16:17:22,919 - INFO - IA: Raquette droite déplacée de 378 à 371
2025-05-03 16:17:22,940 - INFO - IA: Raquette droite déplacée de 371 à 378
2025-05-03 16:17:22,958 - INFO - IA: Raquette droite déplacée de 378 à 385
2025-05-03 16:17:22,978 - INFO - INPUT: Joueur relâche les touches directionnelles
2025-05-03 16:17:22,981 - INFO - IA: Raquette droite déplacée de 385 à 390
2025-05-03 16:17:23,017 - INFO - COLLISION: Balle a rebondi sur un mur à la position (108, 468)
2025-05-03 16:17:23,192 - INFO - IA: Raquette droite déplacée de 390 à 383
2025-05-03 16:17:23,209 - INFO - IA: Raquette droite déplacée de 383 à 390
2025-05-03 16:17:23,244 - INFO - IA: Raquette droite déplacée de 390 à 383
2025-05-03 16:17:23,263 - INFO - IA: Raquette droite déplacée de 383 à 376
2025-05-03 16:17:23,281 - INFO - IA: Raquette droite déplacée de 376 à 369
2025-05-03 16:17:23,282 - INFO - COLLISION: Balle a rebondi sur une raquette à la position (33, 393)
2025-05-03 16:17:23,301 - INFO - INPUT: Joueur appuie sur la touche HAUT
2025-05-03 16:17:23,301 - INFO - JOUEUR: Raquette gauche déplacée de 390 à 383
2025-05-03 16:17:23,301 - INFO - IA: Raquette droite déplacée de 369 à 362
2025-05-03 16:17:23,319 - INFO - JOUEUR: Raquette gauche déplacée de 383 à 376
2025-05-03 16:17:23,320 - INFO - IA: Raquette droite déplacée de 362 à 355
2025-05-03 16:17:23,337 - INFO - JOUEUR: Raquette gauche déplacée de 376 à 369
2025-05-03 16:17:23,338 - INFO - IA: Raquette droite déplacée de 355 à 348
2025-05-03 16:17:23,356 - INFO - JOUEUR: Raquette gauche déplacée de 369 à 362
2025-05-03 16:17:23,356 - INFO - IA: Raquette droite déplacée de 348 à 355
2025-05-03 16:17:23,374 - INFO - JOUEUR: Raquette gauche déplacée de 362 à 355
2025-05-03 16:17:23,374 - INFO - IA: Raquette droite déplacée de 355 à 362
2025-05-03 16:17:23,392 - INFO - JOUEUR: Raquette gauche déplacée de 355 à 348
2025-05-03 16:17:23,393 - INFO - IA: Raquette droite déplacée de 362 à 355
2025-05-03 16:17:23,411 - INFO - JOUEUR: Raquette gauche déplacée de 348 à 341
2025-05-03 16:17:23,413 - INFO - IA: Raquette droite déplacée de 355 à 348
2025-05-03 16:17:23,431 - INFO - JOUEUR: Raquette gauche déplacée de 341 à 334
2025-05-03 16:17:23,431 - INFO - IA: Raquette droite déplacée de 348 à 341
2025-05-03 16:17:23,449 - INFO - JOUEUR: Raquette gauche déplacée de 334 à 327
2025-05-03 16:17:23,450 - INFO - IA: Raquette droite déplacée de 341 à 334
2025-05-03 16:17:23,467 - INFO - JOUEUR: Raquette gauche déplacée de 327 à 320
2025-05-03 16:17:23,467 - INFO - IA: Raquette droite déplacée de 334 à 327
2025-05-03 16:17:23,484 - INFO - JOUEUR: Raquette gauche déplacée de 320 à 313
2025-05-03 16:17:23,485 - INFO - IA: Raquette droite déplacée de 327 à 320
2025-05-03 16:17:23,503 - INFO - JOUEUR: Raquette gauche déplacée de 313 à 306
2025-05-03 16:17:23,503 - INFO - IA: Raquette droite déplacée de 320 à 313
2025-05-03 16:17:23,521 - INFO - JOUEUR: Raquette gauche déplacée de 306 à 299
2025-05-03 16:17:23,521 - INFO - IA: Raquette droite déplacée de 313 à 320
2025-05-03 16:17:23,538 - INFO - JOUEUR: Raquette gauche déplacée de 299 à 292
2025-05-03 16:17:23,539 - INFO - IA: Raquette droite déplacée de 320 à 313
2025-05-03 16:17:23,556 - INFO - JOUEUR: Raquette gauche déplacée de 292 à 285
2025-05-03 16:17:23,556 - INFO - IA: Raquette droite déplacée de 313 à 306
2025-05-03 16:17:23,574 - INFO - JOUEUR: Raquette gauche déplacée de 285 à 278
2025-05-03 16:17:23,574 - INFO - IA: Raquette droite déplacée de 306 à 299
2025-05-03 16:17:23,592 - INFO - JOUEUR: Raquette gauche déplacée de 278 à 271
2025-05-03 16:17:23,592 - INFO - IA: Raquette droite déplacée de 299 à 292
2025-05-03 16:17:23,609 - INFO - JOUEUR: Raquette gauche déplacée de 271 à 264
2025-05-03 16:17:23,610 - INFO - IA: Raquette droite déplacée de 292 à 285
2025-05-03 16:17:23,627 - INFO - JOUEUR: Raquette gauche déplacée de 264 à 257
2025-05-03 16:17:23,627 - INFO - IA: Raquette droite déplacée de 285 à 278
2025-05-03 16:17:23,647 - INFO - JOUEUR: Raquette gauche déplacée de 257 à 250
2025-05-03 16:17:23,648 - INFO - IA: Raquette droite déplacée de 278 à 285
2025-05-03 16:17:23,666 - INFO - JOUEUR: Raquette gauche déplacée de 250 à 243
2025-05-03 16:17:23,666 - INFO - IA: Raquette droite déplacée de 285 à 278
2025-05-03 16:17:23,684 - INFO - JOUEUR: Raquette gauche déplacée de 243 à 236
2025-05-03 16:17:23,684 - INFO - IA: Raquette droite déplacée de 278 à 271
2025-05-03 16:17:23,702 - INFO - JOUEUR: Raquette gauche déplacée de 236 à 229
2025-05-03 16:17:23,702 - INFO - IA: Raquette droite déplacée de 271 à 264
2025-05-03 16:17:23,721 - INFO - JOUEUR: Raquette gauche déplacée de 229 à 222
2025-05-03 16:17:23,721 - INFO - IA: Raquette droite déplacée de 264 à 257
2025-05-03 16:17:23,738 - INFO - JOUEUR: Raquette gauche déplacée de 222 à 215
2025-05-03 16:17:23,739 - INFO - IA: Raquette droite déplacée de 257 à 250
2025-05-03 16:17:23,757 - INFO - JOUEUR: Raquette gauche déplacée de 215 à 208
2025-05-03 16:17:23,757 - INFO - IA: Raquette droite déplacée de 250 à 243
2025-05-03 16:17:23,774 - INFO - JOUEUR: Raquette gauche déplacée de 208 à 201
2025-05-03 16:17:23,775 - INFO - IA: Raquette droite déplacée de 243 à 236
2025-05-03 16:17:23,793 - INFO - JOUEUR: Raquette gauche déplacée de 201 à 194
2025-05-03 16:17:23,793 - INFO - IA: Raquette droite déplacée de 236 à 229
2025-05-03 16:17:23,811 - INFO - JOUEUR: Raquette gauche déplacée de 194 à 187
2025-05-03 16:17:23,813 - INFO - IA: Raquette droite déplacée de 229 à 222
2025-05-03 16:17:23,831 - INFO - JOUEUR: Raquette gauche déplacée de 187 à 180
2025-05-03 16:17:23,831 - INFO - IA: Raquette droite déplacée de 222 à 215
2025-05-03 16:17:23,849 - INFO - JOUEUR: Raquette gauche déplacée de 180 à 173
2025-05-03 16:17:23,850 - INFO - IA: Raquette droite déplacée de 215 à 208
2025-05-03 16:17:23,867 - INFO - JOUEUR: Raquette gauche déplacée de 173 à 166
2025-05-03 16:17:23,868 - INFO - IA: Raquette droite déplacée de 208 à 201
2025-05-03 16:17:23,885 - INFO - JOUEUR: Raquette gauche déplacée de 166 à 159
2025-05-03 16:17:23,885 - INFO - IA: Raquette droite déplacée de 201 à 208
2025-05-03 16:17:23,903 - INFO - JOUEUR: Raquette gauche déplacée de 159 à 152
2025-05-03 16:17:23,903 - INFO - IA: Raquette droite déplacée de 208 à 215
2025-05-03 16:17:23,921 - INFO - JOUEUR: Raquette gauche déplacée de 152 à 145
2025-05-03 16:17:23,921 - INFO - IA: Raquette droite déplacée de 215 à 208
2025-05-03 16:17:23,939 - INFO - JOUEUR: Raquette gauche déplacée de 145 à 138
2025-05-03 16:17:23,940 - INFO - IA: Raquette droite déplacée de 208 à 201
2025-05-03 16:17:23,958 - INFO - JOUEUR: Raquette gauche déplacée de 138 à 131
2025-05-03 16:17:23,958 - INFO - IA: Raquette droite déplacée de 201 à 194
2025-05-03 16:17:23,976 - INFO - JOUEUR: Raquette gauche déplacée de 131 à 124
2025-05-03 16:17:23,978 - INFO - IA: Raquette droite déplacée de 194 à 187
2025-05-03 16:17:23,998 - INFO - JOUEUR: Raquette gauche déplacée de 124 à 117
2025-05-03 16:17:23,999 - INFO - IA: Raquette droite déplacée de 187 à 180
2025-05-03 16:17:24,018 - INFO - INPUT: Joueur relâche les touches directionnelles
2025-05-03 16:17:24,019 - INFO - IA: Raquette droite déplacée de 180 à 173
2025-05-03 16:17:24,037 - INFO - IA: Raquette droite déplacée de 173 à 180
2025-05-03 16:17:24,056 - INFO - IA: Raquette droite déplacée de 180 à 173
2025-05-03 16:17:24,074 - INFO - IA: Raquette droite déplacée de 173 à 166
2025-05-03 16:17:24,092 - INFO - IA: Raquette droite déplacée de 166 à 159
2025-05-03 16:17:24,112 - INFO - IA: Raquette droite déplacée de 159 à 152
2025-05-03 16:17:24,130 - INFO - IA: Raquette droite déplacée de 152 à 145
2025-05-03 16:17:24,149 - INFO - IA: Raquette droite déplacée de 145 à 152
2025-05-03 16:17:24,168 - INFO - IA: Raquette droite déplacée de 152 à 145
2025-05-03 16:17:24,186 - INFO - IA: Raquette droite déplacée de 145 à 138
2025-05-03 16:17:24,204 - INFO - IA: Raquette droite déplacée de 138 à 131
2025-05-03 16:17:24,222 - INFO - IA: Raquette droite déplacée de 131 à 124
2025-05-03 16:17:24,240 - INFO - IA: Raquette droite déplacée de 124 à 117
2025-05-03 16:17:24,258 - INFO - IA: Raquette droite déplacée de 117 à 110
2025-05-03 16:17:24,276 - INFO - IA: Raquette droite déplacée de 110 à 103
2025-05-03 16:17:24,294 - INFO - IA: Raquette droite déplacée de 103 à 96
2025-05-03 16:17:24,312 - INFO - IA: Raquette droite déplacée de 96 à 103
2025-05-03 16:17:24,330 - INFO - IA: Raquette droite déplacée de 103 à 96
2025-05-03 16:17:24,348 - INFO - IA: Raquette droite déplacée de 96 à 89
2025-05-03 16:17:24,366 - INFO - IA: Raquette droite déplacée de 89 à 82
2025-05-03 16:17:24,383 - INFO - IA: Raquette droite déplacée de 82 à 89
2025-05-03 16:17:24,401 - INFO - IA: Raquette droite déplacée de 89 à 82
2025-05-03 16:17:24,419 - INFO - IA: Raquette droite déplacée de 82 à 75
2025-05-03 16:17:24,437 - INFO - IA: Raquette droite déplacée de 75 à 68
2025-05-03 16:17:24,456 - INFO - IA: Raquette droite déplacée de 68 à 61
2025-05-03 16:17:24,473 - INFO - IA: Raquette droite déplacée de 61 à 54
2025-05-03 16:17:24,491 - INFO - IA: Raquette droite déplacée de 54 à 61
2025-05-03 16:17:24,509 - INFO - IA: Raquette droite déplacée de 61 à 54
2025-05-03 16:17:24,528 - INFO - IA: Raquette droite déplacée de 54 à 47
2025-05-03 16:17:24,546 - INFO - IA: Raquette droite déplacée de 47 à 40
2025-05-03 16:17:24,564 - INFO - IA: Raquette droite déplacée de 40 à 33
2025-05-03 16:17:24,583 - INFO - IA: Raquette droite déplacée de 33 à 26
2025-05-03 16:17:24,601 - INFO - IA: Raquette droite déplacée de 26 à 33
2025-05-03 16:17:24,619 - INFO - IA: Raquette droite déplacée de 33 à 26
2025-05-03 16:17:24,637 - INFO - IA: Raquette droite déplacée de 26 à 19
2025-05-03 16:17:24,654 - INFO - IA: Raquette droite déplacée de 19 à 12
2025-05-03 16:17:24,671 - INFO - IA: Raquette droite déplacée de 12 à 5
2025-05-03 16:17:24,688 - INFO - IA: Raquette droite déplacée de 5 à 0
2025-05-03 16:17:24,722 - INFO - COLLISION: Balle a rebondi sur un mur à la position (507, -2)
2025-05-03 16:17:24,863 - INFO - COLLISION: Balle a rebondi sur une raquette à la position (555, 38)
2025-05-03 16:17:24,899 - INFO - INPUT: Joueur appuie sur la touche BAS
2025-05-03 16:17:24,899 - INFO - JOUEUR: Raquette gauche déplacée de 117 à 124
2025-05-03 16:17:24,917 - INFO - JOUEUR: Raquette gauche déplacée de 124 à 131
2025-05-03 16:17:24,918 - INFO - IA: Raquette droite déplacée de 0 à 7
2025-05-03 16:17:24,936 - INFO - JOUEUR: Raquette gauche déplacée de 131 à 138
2025-05-03 16:17:24,936 - INFO - IA: Raquette droite déplacée de 7 à 14
2025-05-03 16:17:24,954 - INFO - JOUEUR: Raquette gauche déplacée de 138 à 145
2025-05-03 16:17:24,954 - INFO - IA: Raquette droite déplacée de 14 à 7
2025-05-03 16:17:24,972 - INFO - JOUEUR: Raquette gauche déplacée de 145 à 152
2025-05-03 16:17:24,973 - INFO - IA: Raquette droite déplacée de 7 à 14
2025-05-03 16:17:24,990 - INFO - JOUEUR: Raquette gauche déplacée de 152 à 159
2025-05-03 16:17:24,990 - INFO - IA: Raquette droite déplacée de 14 à 7
2025-05-03 16:17:25,008 - INFO - JOUEUR: Raquette gauche déplacée de 159 à 166
2025-05-03 16:17:25,009 - INFO - IA: Raquette droite déplacée de 7 à 14
2025-05-03 16:17:25,027 - INFO - JOUEUR: Raquette gauche déplacée de 166 à 173
2025-05-03 16:17:25,028 - INFO - IA: Raquette droite déplacée de 14 à 21
2025-05-03 16:17:25,046 - INFO - JOUEUR: Raquette gauche déplacée de 173 à 180
2025-05-03 16:17:25,047 - INFO - IA: Raquette droite déplacée de 21 à 28
2025-05-03 16:17:25,065 - INFO - JOUEUR: Raquette gauche déplacée de 180 à 187
2025-05-03 16:17:25,066 - INFO - IA: Raquette droite déplacée de 28 à 35
2025-05-03 16:17:25,085 - INFO - JOUEUR: Raquette gauche déplacée de 187 à 194
2025-05-03 16:17:25,086 - INFO - IA: Raquette droite déplacée de 35 à 42
2025-05-03 16:17:25,104 - INFO - JOUEUR: Raquette gauche déplacée de 194 à 201
2025-05-03 16:17:25,105 - INFO - IA: Raquette droite déplacée de 42 à 49
2025-05-03 16:17:25,123 - INFO - JOUEUR: Raquette gauche déplacée de 201 à 208
2025-05-03 16:17:25,123 - INFO - IA: Raquette droite déplacée de 49 à 56
2025-05-03 16:17:25,142 - INFO - JOUEUR: Raquette gauche déplacée de 208 à 215
2025-05-03 16:17:25,142 - INFO - IA: Raquette droite déplacée de 56 à 63
2025-05-03 16:17:25,161 - INFO - JOUEUR: Raquette gauche déplacée de 215 à 222
2025-05-03 16:17:25,162 - INFO - IA: Raquette droite déplacée de 63 à 70
2025-05-03 16:17:25,180 - INFO - JOUEUR: Raquette gauche déplacée de 222 à 229
2025-05-03 16:17:25,181 - INFO - IA: Raquette droite déplacée de 70 à 77
2025-05-03 16:17:25,198 - INFO - JOUEUR: Raquette gauche déplacée de 229 à 236
2025-05-03 16:17:25,198 - INFO - IA: Raquette droite déplacée de 77 à 84
2025-05-03 16:17:25,216 - INFO - JOUEUR: Raquette gauche déplacée de 236 à 243
2025-05-03 16:17:25,216 - INFO - IA: Raquette droite déplacée de 84 à 91
2025-05-03 16:17:25,234 - INFO - JOUEUR: Raquette gauche déplacée de 243 à 250
2025-05-03 16:17:25,234 - INFO - IA: Raquette droite déplacée de 91 à 98
2025-05-03 16:17:25,252 - INFO - JOUEUR: Raquette gauche déplacée de 250 à 257
2025-05-03 16:17:25,252 - INFO - IA: Raquette droite déplacée de 98 à 105
2025-05-03 16:17:25,270 - INFO - JOUEUR: Raquette gauche déplacée de 257 à 264
2025-05-03 16:17:25,271 - INFO - IA: Raquette droite déplacée de 105 à 112
2025-05-03 16:17:25,289 - INFO - JOUEUR: Raquette gauche déplacée de 264 à 271
2025-05-03 16:17:25,289 - INFO - IA: Raquette droite déplacée de 112 à 105
2025-05-03 16:17:25,307 - INFO - JOUEUR: Raquette gauche déplacée de 271 à 278
2025-05-03 16:17:25,307 - INFO - IA: Raquette droite déplacée de 105 à 112
2025-05-03 16:17:25,324 - INFO - JOUEUR: Raquette gauche déplacée de 278 à 285
2025-05-03 16:17:25,325 - INFO - IA: Raquette droite déplacée de 112 à 105
2025-05-03 16:17:25,343 - INFO - JOUEUR: Raquette gauche déplacée de 285 à 292
2025-05-03 16:17:25,343 - INFO - IA: Raquette droite déplacée de 105 à 112
2025-05-03 16:17:25,362 - INFO - JOUEUR: Raquette gauche déplacée de 292 à 299
2025-05-03 16:17:25,363 - INFO - IA: Raquette droite déplacée de 112 à 119
2025-05-03 16:17:25,380 - INFO - JOUEUR: Raquette gauche déplacée de 299 à 306
2025-05-03 16:17:25,380 - INFO - IA: Raquette droite déplacée de 119 à 112
2025-05-03 16:17:25,398 - INFO - JOUEUR: Raquette gauche déplacée de 306 à 313
2025-05-03 16:17:25,398 - INFO - IA: Raquette droite déplacée de 112 à 119
2025-05-03 16:17:25,416 - INFO - JOUEUR: Raquette gauche déplacée de 313 à 320
2025-05-03 16:17:25,416 - INFO - IA: Raquette droite déplacée de 119 à 126
2025-05-03 16:17:25,434 - INFO - INPUT: Joueur relâche les touches directionnelles
2025-05-03 16:17:25,434 - INFO - IA: Raquette droite déplacée de 126 à 133
2025-05-03 16:17:25,452 - INFO - IA: Raquette droite déplacée de 133 à 126
2025-05-03 16:17:25,469 - INFO - IA: Raquette droite déplacée de 126 à 133
2025-05-03 16:17:25,487 - INFO - IA: Raquette droite déplacée de 133 à 140
2025-05-03 16:17:25,504 - INFO - IA: Raquette droite déplacée de 140 à 147
2025-05-03 16:17:25,522 - INFO - IA: Raquette droite déplacée de 147 à 154
2025-05-03 16:17:25,539 - INFO - IA: Raquette droite déplacée de 154 à 161
2025-05-03 16:17:25,557 - INFO - IA: Raquette droite déplacée de 161 à 168
2025-05-03 16:17:25,576 - INFO - IA: Raquette droite déplacée de 168 à 175
2025-05-03 16:17:25,596 - INFO - IA: Raquette droite déplacée de 175 à 168
2025-05-03 16:17:25,614 - INFO - IA: Raquette droite déplacée de 168 à 175
2025-05-03 16:17:25,632 - INFO - IA: Raquette droite déplacée de 175 à 182
2025-05-03 16:17:25,649 - INFO - INPUT: Joueur appuie sur la touche HAUT
2025-05-03 16:17:25,650 - INFO - JOUEUR: Raquette gauche déplacée de 320 à 313
2025-05-03 16:17:25,650 - INFO - IA: Raquette droite déplacée de 182 à 189
2025-05-03 16:17:25,668 - INFO - JOUEUR: Raquette gauche déplacée de 313 à 306
2025-05-03 16:17:25,668 - INFO - IA: Raquette droite déplacée de 189 à 196
2025-05-03 16:17:25,686 - INFO - JOUEUR: Raquette gauche déplacée de 306 à 299
2025-05-03 16:17:25,686 - INFO - IA: Raquette droite déplacée de 196 à 189
2025-05-03 16:17:25,703 - INFO - JOUEUR: Raquette gauche déplacée de 299 à 292
2025-05-03 16:17:25,704 - INFO - IA: Raquette droite déplacée de 189 à 196
2025-05-03 16:17:25,721 - INFO - JOUEUR: Raquette gauche déplacée de 292 à 285
2025-05-03 16:17:25,721 - INFO - IA: Raquette droite déplacée de 196 à 203
2025-05-03 16:17:25,739 - INFO - JOUEUR: Raquette gauche déplacée de 285 à 278
2025-05-03 16:17:25,739 - INFO - IA: Raquette droite déplacée de 203 à 210
2025-05-03 16:17:25,756 - INFO - JOUEUR: Raquette gauche déplacée de 278 à 271
2025-05-03 16:17:25,757 - INFO - IA: Raquette droite déplacée de 210 à 217
2025-05-03 16:17:25,774 - INFO - JOUEUR: Raquette gauche déplacée de 271 à 264
2025-05-03 16:17:25,774 - INFO - IA: Raquette droite déplacée de 217 à 224
2025-05-03 16:17:25,793 - INFO - JOUEUR: Raquette gauche déplacée de 264 à 257
2025-05-03 16:17:25,793 - INFO - IA: Raquette droite déplacée de 224 à 231
2025-05-03 16:17:25,811 - INFO - JOUEUR: Raquette gauche déplacée de 257 à 250
2025-05-03 16:17:25,812 - INFO - IA: Raquette droite déplacée de 231 à 238
2025-05-03 16:17:25,831 - INFO - INPUT: Joueur relâche les touches directionnelles
2025-05-03 16:17:25,832 - INFO - IA: Raquette droite déplacée de 238 à 245
2025-05-03 16:17:25,850 - INFO - IA: Raquette droite déplacée de 245 à 252
2025-05-03 16:17:25,869 - INFO - IA: Raquette droite déplacée de 252 à 259
2025-05-03 16:17:25,888 - INFO - IA: Raquette droite déplacée de 259 à 252
2025-05-03 16:17:25,907 - INFO - IA: Raquette droite déplacée de 252 à 259
2025-05-03 16:17:25,925 - INFO - IA: Raquette droite déplacée de 259 à 252
2025-05-03 16:17:25,944 - INFO - IA: Raquette droite déplacée de 252 à 259
2025-05-03 16:17:25,963 - INFO - IA: Raquette droite déplacée de 259 à 266
2025-05-03 16:17:25,980 - INFO - IA: Raquette droite déplacée de 266 à 273
2025-05-03 16:17:25,999 - INFO - IA: Raquette droite déplacée de 273 à 280
2025-05-03 16:17:26,017 - INFO - IA: Raquette droite déplacée de 280 à 287
2025-05-03 16:17:26,034 - INFO - INPUT: Joueur appuie sur la touche BAS
2025-05-03 16:17:26,035 - INFO - JOUEUR: Raquette gauche déplacée de 250 à 257
2025-05-03 16:17:26,035 - INFO - IA: Raquette droite déplacée de 287 à 294
2025-05-03 16:17:26,053 - INFO - JOUEUR: Raquette gauche déplacée de 257 à 264
2025-05-03 16:17:26,054 - INFO - IA: Raquette droite déplacée de 294 à 301
2025-05-03 16:17:26,071 - INFO - JOUEUR: Raquette gauche déplacée de 264 à 271
2025-05-03 16:17:26,072 - INFO - IA: Raquette droite déplacée de 301 à 294
2025-05-03 16:17:26,089 - INFO - JOUEUR: Raquette gauche déplacée de 271 à 278
2025-05-03 16:17:26,090 - INFO - IA: Raquette droite déplacée de 294 à 301
2025-05-03 16:17:26,109 - INFO - JOUEUR: Raquette gauche déplacée de 278 à 285
2025-05-03 16:17:26,111 - INFO - IA: Raquette droite déplacée de 301 à 308
2025-05-03 16:17:26,129 - INFO - JOUEUR: Raquette gauche déplacée de 285 à 292
2025-05-03 16:17:26,130 - INFO - IA: Raquette droite déplacée de 308 à 315
2025-05-03 16:17:26,148 - INFO - JOUEUR: Raquette gauche déplacée de 292 à 299
2025-05-03 16:17:26,149 - INFO - IA: Raquette droite déplacée de 315 à 322
2025-05-03 16:17:26,166 - INFO - JOUEUR: Raquette gauche déplacée de 299 à 306
2025-05-03 16:17:26,167 - INFO - IA: Raquette droite déplacée de 322 à 329
2025-05-03 16:17:26,186 - INFO - JOUEUR: Raquette gauche déplacée de 306 à 313
2025-05-03 16:17:26,187 - INFO - IA: Raquette droite déplacée de 329 à 336
2025-05-03 16:17:26,204 - INFO - JOUEUR: Raquette gauche déplacée de 313 à 320
2025-05-03 16:17:26,204 - INFO - IA: Raquette droite déplacée de 336 à 343
2025-05-03 16:17:26,222 - INFO - JOUEUR: Raquette gauche déplacée de 320 à 327
2025-05-03 16:17:26,222 - INFO - IA: Raquette droite déplacée de 343 à 350
2025-05-03 16:17:26,239 - INFO - INPUT: Joueur relâche les touches directionnelles
2025-05-03 16:17:26,240 - INFO - IA: Raquette droite déplacée de 350 à 357
2025-05-03 16:17:26,240 - INFO - COLLISION: Balle a rebondi sur une raquette à la position (30, 413)
2025-05-03 16:17:26,258 - INFO - IA: Raquette droite déplacée de 357 à 350
2025-05-03 16:17:26,277 - INFO - IA: Raquette droite déplacée de 350 à 357
2025-05-03 16:17:26,296 - INFO - IA: Raquette droite déplacée de 357 à 364
2025-05-03 16:17:26,313 - INFO - IA: Raquette droite déplacée de 364 à 371
2025-05-03 16:17:26,330 - INFO - IA: Raquette droite déplacée de 371 à 378
2025-05-03 16:17:26,348 - INFO - IA: Raquette droite déplacée de 378 à 385
2025-05-03 16:17:26,366 - INFO - IA: Raquette droite déplacée de 385 à 390
2025-05-03 16:17:26,401 - INFO - IA: Raquette droite déplacée de 390 à 383
2025-05-03 16:17:26,419 - INFO - IA: Raquette droite déplacée de 383 à 390
2025-05-03 16:17:26,437 - INFO - COLLISION: Balle a rebondi sur un mur à la position (107, 468)
2025-05-03 16:17:26,539 - INFO - IA: Raquette droite déplacée de 390 à 383
2025-05-03 16:17:26,558 - INFO - IA: Raquette droite déplacée de 383 à 376
2025-05-03 16:17:26,577 - INFO - IA: Raquette droite déplacée de 376 à 369
2025-05-03 16:17:26,596 - INFO - IA: Raquette droite déplacée de 369 à 376
2025-05-03 16:17:26,614 - INFO - IA: Raquette droite déplacée de 376 à 383
2025-05-03 16:17:26,633 - INFO - IA: Raquette droite déplacée de 383 à 390
2025-05-03 16:17:26,651 - INFO - IA: Raquette droite déplacée de 390 à 383
2025-05-03 16:17:26,669 - INFO - IA: Raquette droite déplacée de 383 à 376
2025-05-03 16:17:26,687 - INFO - IA: Raquette droite déplacée de 376 à 383
2025-05-03 16:17:26,706 - INFO - IA: Raquette droite déplacée de 383 à 376
2025-05-03 16:17:26,724 - INFO - IA: Raquette droite déplacée de 376 à 369
2025-05-03 16:17:26,747 - INFO - IA: Raquette droite déplacée de 369 à 362
2025-05-03 16:17:26,764 - INFO - IA: Raquette droite déplacée de 362 à 355
2025-05-03 16:17:26,782 - INFO - IA: Raquette droite déplacée de 355 à 348
2025-05-03 16:17:26,800 - INFO - IA: Raquette droite déplacée de 348 à 341
2025-05-03 16:17:26,819 - INFO - IA: Raquette droite déplacée de 341 à 334
2025-05-03 16:17:26,837 - INFO - IA: Raquette droite déplacée de 334 à 327
2025-05-03 16:17:26,855 - INFO - IA: Raquette droite déplacée de 327 à 320
2025-05-03 16:17:26,873 - INFO - IA: Raquette droite déplacée de 320 à 313
2025-05-03 16:17:26,892 - INFO - IA: Raquette droite déplacée de 313 à 306
2025-05-03 16:17:26,913 - INFO - IA: Raquette droite déplacée de 306 à 299
2025-05-03 16:17:26,932 - INFO - IA: Raquette droite déplacée de 299 à 306
2025-05-03 16:17:26,950 - INFO - IA: Raquette droite déplacée de 306 à 299
2025-05-03 16:17:26,969 - INFO - IA: Raquette droite déplacée de 299 à 292
2025-05-03 16:17:26,987 - INFO - IA: Raquette droite déplacée de 292 à 299
2025-05-03 16:17:27,005 - INFO - IA: Raquette droite déplacée de 299 à 306
2025-05-03 16:17:27,024 - INFO - IA: Raquette droite déplacée de 306 à 299
2025-05-03 16:17:27,050 - INFO - IA: Raquette droite déplacée de 299 à 292
2025-05-03 16:17:27,069 - INFO - IA: Raquette droite déplacée de 292 à 285
2025-05-03 16:17:27,087 - INFO - IA: Raquette droite déplacée de 285 à 278
2025-05-03 16:17:27,106 - INFO - IA: Raquette droite déplacée de 278 à 285
2025-05-03 16:17:27,126 - INFO - IA: Raquette droite déplacée de 285 à 278
2025-05-03 16:17:27,148 - INFO - IA: Raquette droite déplacée de 278 à 271
2025-05-03 16:17:27,166 - INFO - IA: Raquette droite déplacée de 271 à 264
2025-05-03 16:17:27,185 - INFO - IA: Raquette droite déplacée de 264 à 257
2025-05-03 16:17:27,205 - INFO - IA: Raquette droite déplacée de 257 à 250
2025-05-03 16:17:27,222 - INFO - IA: Raquette droite déplacée de 250 à 243
2025-05-03 16:17:27,241 - INFO - IA: Raquette droite déplacée de 243 à 236
2025-05-03 16:17:27,261 - INFO - IA: Raquette droite déplacée de 236 à 243
2025-05-03 16:17:27,280 - INFO - IA: Raquette droite déplacée de 243 à 236
2025-05-03 16:17:27,298 - INFO - IA: Raquette droite déplacée de 236 à 229
2025-05-03 16:17:27,317 - INFO - IA: Raquette droite déplacée de 229 à 222
2025-05-03 16:17:27,336 - INFO - INPUT: Joueur appuie sur la touche HAUT
2025-05-03 16:17:27,336 - INFO - JOUEUR: Raquette gauche déplacée de 327 à 320
2025-05-03 16:17:27,337 - INFO - IA: Raquette droite déplacée de 222 à 215
2025-05-03 16:17:27,355 - INFO - JOUEUR: Raquette gauche déplacée de 320 à 313
2025-05-03 16:17:27,357 - INFO - IA: Raquette droite déplacée de 215 à 208
2025-05-03 16:17:27,378 - INFO - JOUEUR: Raquette gauche déplacée de 313 à 306
2025-05-03 16:17:27,379 - INFO - IA: Raquette droite déplacée de 208 à 201
2025-05-03 16:17:27,397 - INFO - JOUEUR: Raquette gauche déplacée de 306 à 299
2025-05-03 16:17:27,399 - INFO - IA: Raquette droite déplacée de 201 à 194
2025-05-03 16:17:27,417 - INFO - JOUEUR: Raquette gauche déplacée de 299 à 292
2025-05-03 16:17:27,418 - INFO - IA: Raquette droite déplacée de 194 à 187
2025-05-03 16:17:27,436 - INFO - JOUEUR: Raquette gauche déplacée de 292 à 285
2025-05-03 16:17:27,436 - INFO - IA: Raquette droite déplacée de 187 à 180
2025-05-03 16:17:27,456 - INFO - JOUEUR: Raquette gauche déplacée de 285 à 278
2025-05-03 16:17:27,456 - INFO - IA: Raquette droite déplacée de 180 à 173
2025-05-03 16:17:27,474 - INFO - JOUEUR: Raquette gauche déplacée de 278 à 271
2025-05-03 16:17:27,478 - INFO - IA: Raquette droite déplacée de 173 à 166
2025-05-03 16:17:27,497 - INFO - JOUEUR: Raquette gauche déplacée de 271 à 264
2025-05-03 16:17:27,497 - INFO - IA: Raquette droite déplacée de 166 à 159
2025-05-03 16:17:27,516 - INFO - JOUEUR: Raquette gauche déplacée de 264 à 257
2025-05-03 16:17:27,517 - INFO - IA: Raquette droite déplacée de 159 à 152
2025-05-03 16:17:27,535 - INFO - JOUEUR: Raquette gauche déplacée de 257 à 250
2025-05-03 16:17:27,535 - INFO - IA: Raquette droite déplacée de 152 à 145
2025-05-03 16:17:27,554 - INFO - INPUT: Joueur relâche les touches directionnelles
2025-05-03 16:17:27,554 - INFO - IA: Raquette droite déplacée de 145 à 138
2025-05-03 16:17:27,572 - INFO - IA: Raquette droite déplacée de 138 à 131
2025-05-03 16:17:27,591 - INFO - IA: Raquette droite déplacée de 131 à 138
2025-05-03 16:17:27,610 - INFO - IA: Raquette droite déplacée de 138 à 131
2025-05-03 16:17:27,629 - INFO - IA: Raquette droite déplacée de 131 à 138
2025-05-03 16:17:27,647 - INFO - IA: Raquette droite déplacée de 138 à 131
2025-05-03 16:17:27,648 - INFO - COLLISION: Balle a rebondi sur une raquette à la position (555, 148)
2025-05-03 16:17:27,665 - INFO - IA: Raquette droite déplacée de 131 à 124
2025-05-03 16:17:27,684 - INFO - IA: Raquette droite déplacée de 124 à 117
2025-05-03 16:17:27,702 - INFO - IA: Raquette droite déplacée de 117 à 110
2025-05-03 16:17:27,720 - INFO - INPUT: Joueur appuie sur la touche HAUT
2025-05-03 16:17:27,721 - INFO - JOUEUR: Raquette gauche déplacée de 250 à 243
2025-05-03 16:17:27,721 - INFO - IA: Raquette droite déplacée de 110 à 103
2025-05-03 16:17:27,739 - INFO - JOUEUR: Raquette gauche déplacée de 243 à 236
2025-05-03 16:17:27,740 - INFO - IA: Raquette droite déplacée de 103 à 96
2025-05-03 16:17:27,759 - INFO - JOUEUR: Raquette gauche déplacée de 236 à 229
2025-05-03 16:17:27,760 - INFO - IA: Raquette droite déplacée de 96 à 89
2025-05-03 16:17:27,778 - INFO - JOUEUR: Raquette gauche déplacée de 229 à 222
2025-05-03 16:17:27,778 - INFO - IA: Raquette droite déplacée de 89 à 82
2025-05-03 16:17:27,798 - INFO - INPUT: Joueur relâche les touches directionnelles
2025-05-03 16:17:27,798 - INFO - IA: Raquette droite déplacée de 82 à 75
2025-05-03 16:17:27,816 - INFO - IA: Raquette droite déplacée de 75 à 68
2025-05-03 16:17:27,835 - INFO - IA: Raquette droite déplacée de 68 à 75
2025-05-03 16:17:27,853 - INFO - IA: Raquette droite déplacée de 75 à 68
2025-05-03 16:17:27,872 - INFO - IA: Raquette droite déplacée de 68 à 61
2025-05-03 16:17:27,891 - INFO - IA: Raquette droite déplacée de 61 à 68
2025-05-03 16:17:27,910 - INFO - IA: Raquette droite déplacée de 68 à 61
2025-05-03 16:17:27,928 - INFO - IA: Raquette droite déplacée de 61 à 54
2025-05-03 16:17:27,947 - INFO - INPUT: Joueur appuie sur la touche HAUT
2025-05-03 16:17:27,948 - INFO - JOUEUR: Raquette gauche déplacée de 222 à 215
2025-05-03 16:17:27,966 - INFO - JOUEUR: Raquette gauche déplacée de 215 à 208
2025-05-03 16:17:27,967 - INFO - IA: Raquette droite déplacée de 54 à 47
2025-05-03 16:17:27,985 - INFO - JOUEUR: Raquette gauche déplacée de 208 à 201
2025-05-03 16:17:27,985 - INFO - IA: Raquette droite déplacée de 47 à 40
2025-05-03 16:17:28,003 - INFO - JOUEUR: Raquette gauche déplacée de 201 à 194
2025-05-03 16:17:28,003 - INFO - IA: Raquette droite déplacée de 40 à 47
2025-05-03 16:17:28,021 - INFO - JOUEUR: Raquette gauche déplacée de 194 à 187
2025-05-03 16:17:28,022 - INFO - IA: Raquette droite déplacée de 47 à 40
2025-05-03 16:17:28,041 - INFO - INPUT: Joueur relâche les touches directionnelles
2025-05-03 16:17:28,043 - INFO - IA: Raquette droite déplacée de 40 à 33
2025-05-03 16:17:28,063 - INFO - IA: Raquette droite déplacée de 33 à 26
2025-05-03 16:17:28,081 - INFO - IA: Raquette droite déplacée de 26 à 19
2025-05-03 16:17:28,100 - INFO - IA: Raquette droite déplacée de 19 à 12
2025-05-03 16:17:28,118 - INFO - IA: Raquette droite déplacée de 12 à 5
2025-05-03 16:17:28,136 - INFO - IA: Raquette droite déplacée de 5 à 0
2025-05-03 16:17:28,153 - INFO - INPUT: Joueur appuie sur la touche HAUT
2025-05-03 16:17:28,154 - INFO - JOUEUR: Raquette gauche déplacée de 187 à 180
2025-05-03 16:17:28,172 - INFO - JOUEUR: Raquette gauche déplacée de 180 à 173
2025-05-03 16:17:28,189 - INFO - JOUEUR: Raquette gauche déplacée de 173 à 166
2025-05-03 16:17:28,209 - INFO - INPUT: Joueur relâche les touches directionnelles
2025-05-03 16:17:28,210 - INFO - COLLISION: Balle a rebondi sur un mur à la position (315, -2)
2025-05-03 16:17:28,297 - INFO - IA: Raquette droite déplacée de 0 à 7
2025-05-03 16:17:28,314 - INFO - IA: Raquette droite déplacée de 7 à 0
2025-05-03 16:17:28,331 - INFO - IA: Raquette droite déplacée de 0 à 7
2025-05-03 16:17:28,349 - INFO - IA: Raquette droite déplacée de 7 à 0
2025-05-03 16:17:28,367 - INFO - IA: Raquette droite déplacée de 0 à 7
2025-05-03 16:17:28,384 - INFO - IA: Raquette droite déplacée de 7 à 0
2025-05-03 16:17:28,402 - INFO - IA: Raquette droite déplacée de 0 à 7
2025-05-03 16:17:28,419 - INFO - IA: Raquette droite déplacée de 7 à 14
2025-05-03 16:17:28,436 - INFO - IA: Raquette droite déplacée de 14 à 21
2025-05-03 16:17:28,454 - INFO - IA: Raquette droite déplacée de 21 à 28
2025-05-03 16:17:28,472 - INFO - IA: Raquette droite déplacée de 28 à 35
2025-05-03 16:17:28,489 - INFO - IA: Raquette droite déplacée de 35 à 28
2025-05-03 16:17:28,508 - INFO - IA: Raquette droite déplacée de 28 à 35
2025-05-03 16:17:28,528 - INFO - IA: Raquette droite déplacée de 35 à 42
2025-05-03 16:17:28,547 - INFO - IA: Raquette droite déplacée de 42 à 35
2025-05-03 16:17:28,565 - INFO - IA: Raquette droite déplacée de 35 à 42
2025-05-03 16:17:28,582 - INFO - INPUT: Joueur appuie sur la touche HAUT
2025-05-03 16:17:28,582 - INFO - JOUEUR: Raquette gauche déplacée de 166 à 159
2025-05-03 16:17:28,583 - INFO - IA: Raquette droite déplacée de 42 à 49
2025-05-03 16:17:28,600 - INFO - JOUEUR: Raquette gauche déplacée de 159 à 152
2025-05-03 16:17:28,600 - INFO - IA: Raquette droite déplacée de 49 à 56
2025-05-03 16:17:28,617 - INFO - JOUEUR: Raquette gauche déplacée de 152 à 145
2025-05-03 16:17:28,617 - INFO - IA: Raquette droite déplacée de 56 à 63
2025-05-03 16:17:28,635 - INFO - JOUEUR: Raquette gauche déplacée de 145 à 138
2025-05-03 16:17:28,635 - INFO - IA: Raquette droite déplacée de 63 à 70
2025-05-03 16:17:28,653 - INFO - INPUT: Joueur relâche les touches directionnelles
2025-05-03 16:17:28,653 - INFO - IA: Raquette droite déplacée de 70 à 77
2025-05-03 16:17:28,688 - INFO - IA: Raquette droite déplacée de 77 à 84
2025-05-03 16:17:28,706 - INFO - IA: Raquette droite déplacée de 84 à 91
2025-05-03 16:17:28,726 - INFO - IA: Raquette droite déplacée de 91 à 84
2025-05-03 16:17:28,746 - INFO - IA: Raquette droite déplacée de 84 à 91
2025-05-03 16:17:28,764 - INFO - IA: Raquette droite déplacée de 91 à 98
2025-05-03 16:17:28,782 - INFO - IA: Raquette droite déplacée de 98 à 105
2025-05-03 16:17:28,800 - INFO - IA: Raquette droite déplacée de 105 à 112
2025-05-03 16:17:28,817 - INFO - IA: Raquette droite déplacée de 112 à 119
2025-05-03 16:17:28,836 - INFO - IA: Raquette droite déplacée de 119 à 126
2025-05-03 16:17:28,853 - INFO - INPUT: Joueur appuie sur la touche HAUT
2025-05-03 16:17:28,854 - INFO - JOUEUR: Raquette gauche déplacée de 138 à 131
2025-05-03 16:17:28,854 - INFO - IA: Raquette droite déplacée de 126 à 119
2025-05-03 16:17:28,855 - INFO - COLLISION: Balle a rebondi sur une raquette à la position (27, 178)
2025-05-03 16:17:28,874 - INFO - JOUEUR: Raquette gauche déplacée de 131 à 124
2025-05-03 16:17:28,875 - INFO - IA: Raquette droite déplacée de 119 à 126
2025-05-03 16:17:28,893 - INFO - JOUEUR: Raquette gauche déplacée de 124 à 117
2025-05-03 16:17:28,894 - INFO - IA: Raquette droite déplacée de 126 à 133
2025-05-03 16:17:28,912 - INFO - INPUT: Joueur relâche les touches directionnelles
2025-05-03 16:17:28,912 - INFO - IA: Raquette droite déplacée de 133 à 140
2025-05-03 16:17:28,930 - INFO - IA: Raquette droite déplacée de 140 à 133
2025-05-03 16:17:28,948 - INFO - IA: Raquette droite déplacée de 133 à 140
2025-05-03 16:17:28,966 - INFO - IA: Raquette droite déplacée de 140 à 147
2025-05-03 16:17:28,983 - INFO - IA: Raquette droite déplacée de 147 à 154
2025-05-03 16:17:29,000 - INFO - IA: Raquette droite déplacée de 154 à 161
2025-05-03 16:17:29,019 - INFO - IA: Raquette droite déplacée de 161 à 168
2025-05-03 16:17:29,037 - INFO - IA: Raquette droite déplacée de 168 à 175
2025-05-03 16:17:29,056 - INFO - IA: Raquette droite déplacée de 175 à 182
2025-05-03 16:17:29,076 - INFO - IA: Raquette droite déplacée de 182 à 189
2025-05-03 16:17:29,096 - INFO - IA: Raquette droite déplacée de 189 à 182
2025-05-03 16:17:29,114 - INFO - IA: Raquette droite déplacée de 182 à 189
2025-05-03 16:17:29,133 - INFO - IA: Raquette droite déplacée de 189 à 196
2025-05-03 16:17:29,151 - INFO - IA: Raquette droite déplacée de 196 à 189
2025-05-03 16:17:29,168 - INFO - IA: Raquette droite déplacée de 189 à 196
2025-05-03 16:17:29,186 - INFO - IA: Raquette droite déplacée de 196 à 203
2025-05-03 16:17:29,204 - INFO - IA: Raquette droite déplacée de 203 à 210
2025-05-03 16:17:29,222 - INFO - IA: Raquette droite déplacée de 210 à 217
2025-05-03 16:17:29,241 - INFO - IA: Raquette droite déplacée de 217 à 210
2025-05-03 16:17:29,259 - INFO - IA: Raquette droite déplacée de 210 à 217
2025-05-03 16:17:29,278 - INFO - IA: Raquette droite déplacée de 217 à 224
2025-05-03 16:17:29,296 - INFO - IA: Raquette droite déplacée de 224 à 231
2025-05-03 16:17:29,314 - INFO - IA: Raquette droite déplacée de 231 à 238
2025-05-03 16:17:29,332 - INFO - IA: Raquette droite déplacée de 238 à 245
2025-05-03 16:17:29,350 - INFO - IA: Raquette droite déplacée de 245 à 252
2025-05-03 16:17:29,385 - INFO - IA: Raquette droite déplacée de 252 à 259
2025-05-03 16:17:29,403 - INFO - IA: Raquette droite déplacée de 259 à 266
2025-05-03 16:17:29,420 - INFO - IA: Raquette droite déplacée de 266 à 273
2025-05-03 16:17:29,438 - INFO - IA: Raquette droite déplacée de 273 à 280
2025-05-03 16:17:29,456 - INFO - IA: Raquette droite déplacée de 280 à 287
2025-05-03 16:17:29,475 - INFO - IA: Raquette droite déplacée de 287 à 294
2025-05-03 16:17:29,493 - INFO - IA: Raquette droite déplacée de 294 à 301
2025-05-03 16:17:29,510 - INFO - IA: Raquette droite déplacée de 301 à 294
2025-05-03 16:17:29,527 - INFO - IA: Raquette droite déplacée de 294 à 287
2025-05-03 16:17:29,546 - INFO - IA: Raquette droite déplacée de 287 à 294
2025-05-03 16:17:29,564 - INFO - IA: Raquette droite déplacée de 294 à 301
2025-05-03 16:17:29,582 - INFO - INPUT: Joueur appuie sur la touche BAS
2025-05-03 16:17:29,582 - INFO - JOUEUR: Raquette gauche déplacée de 117 à 124
2025-05-03 16:17:29,583 - INFO - IA: Raquette droite déplacée de 301 à 308
2025-05-03 16:17:29,600 - INFO - JOUEUR: Raquette gauche déplacée de 124 à 131
2025-05-03 16:17:29,601 - INFO - IA: Raquette droite déplacée de 308 à 315
2025-05-03 16:17:29,619 - INFO - JOUEUR: Raquette gauche déplacée de 131 à 138
2025-05-03 16:17:29,619 - INFO - IA: Raquette droite déplacée de 315 à 322
2025-05-03 16:17:29,636 - INFO - JOUEUR: Raquette gauche déplacée de 138 à 145
2025-05-03 16:17:29,636 - INFO - IA: Raquette droite déplacée de 322 à 329
2025-05-03 16:17:29,654 - INFO - JOUEUR: Raquette gauche déplacée de 145 à 152
2025-05-03 16:17:29,654 - INFO - IA: Raquette droite déplacée de 329 à 336
2025-05-03 16:17:29,672 - INFO - JOUEUR: Raquette gauche déplacée de 152 à 159
2025-05-03 16:17:29,673 - INFO - IA: Raquette droite déplacée de 336 à 343
2025-05-03 16:17:29,692 - INFO - JOUEUR: Raquette gauche déplacée de 159 à 166
2025-05-03 16:17:29,693 - INFO - IA: Raquette droite déplacée de 343 à 350
2025-05-03 16:17:29,710 - INFO - JOUEUR: Raquette gauche déplacée de 166 à 173
2025-05-03 16:17:29,711 - INFO - IA: Raquette droite déplacée de 350 à 343
2025-05-03 16:17:29,728 - INFO - JOUEUR: Raquette gauche déplacée de 173 à 180
2025-05-03 16:17:29,729 - INFO - IA: Raquette droite déplacée de 343 à 350
2025-05-03 16:17:29,746 - INFO - JOUEUR: Raquette gauche déplacée de 180 à 187
2025-05-03 16:17:29,747 - INFO - IA: Raquette droite déplacée de 350 à 357
2025-05-03 16:17:29,765 - INFO - JOUEUR: Raquette gauche déplacée de 187 à 194
2025-05-03 16:17:29,765 - INFO - IA: Raquette droite déplacée de 357 à 364
2025-05-03 16:17:29,782 - INFO - JOUEUR: Raquette gauche déplacée de 194 à 201
2025-05-03 16:17:29,783 - INFO - IA: Raquette droite déplacée de 364 à 371
2025-05-03 16:17:29,801 - INFO - INPUT: Joueur relâche les touches directionnelles
2025-05-03 16:17:29,802 - INFO - IA: Raquette droite déplacée de 371 à 378
2025-05-03 16:17:29,820 - INFO - IA: Raquette droite déplacée de 378 à 385
2025-05-03 16:17:29,838 - INFO - IA: Raquette droite déplacée de 385 à 390
2025-05-03 16:17:29,911 - INFO - COLLISION: Balle a rebondi sur un mur à la position (549, 468)
2025-05-03 16:17:29,929 - INFO - COLLISION: Balle a rebondi sur une raquette à la position (558, 463)
2025-05-03 16:17:29,983 - INFO - INPUT: Joueur appuie sur la touche BAS
2025-05-03 16:17:29,983 - INFO - JOUEUR: Raquette gauche déplacée de 201 à 208
2025-05-03 16:17:30,002 - INFO - JOUEUR: Raquette gauche déplacée de 208 à 215
2025-05-03 16:17:30,020 - INFO - JOUEUR: Raquette gauche déplacée de 215 à 222
2025-05-03 16:17:30,021 - INFO - IA: Raquette droite déplacée de 390 à 383
2025-05-03 16:17:30,040 - INFO - JOUEUR: Raquette gauche déplacée de 222 à 229
2025-05-03 16:17:30,042 - INFO - IA: Raquette droite déplacée de 383 à 390
2025-05-03 16:17:30,060 - INFO - JOUEUR: Raquette gauche déplacée de 229 à 236
2025-05-03 16:17:30,079 - INFO - INPUT: Joueur relâche les touches directionnelles
2025-05-03 16:17:30,116 - INFO - IA: Raquette droite déplacée de 390 à 383
2025-05-03 16:17:30,135 - INFO - IA: Raquette droite déplacée de 383 à 376
2025-05-03 16:17:30,153 - INFO - IA: Raquette droite déplacée de 376 à 369
2025-05-03 16:17:30,170 - INFO - IA: Raquette droite déplacée de 369 à 376
2025-05-03 16:17:30,188 - INFO - IA: Raquette droite déplacée de 376 à 383
2025-05-03 16:17:30,207 - INFO - IA: Raquette droite déplacée de 383 à 376
2025-05-03 16:17:30,226 - INFO - IA: Raquette droite déplacée de 376 à 369
2025-05-03 16:17:30,244 - INFO - IA: Raquette droite déplacée de 369 à 362
2025-05-03 16:17:30,261 - INFO - IA: Raquette droite déplacée de 362 à 355
2025-05-03 16:17:30,279 - INFO - IA: Raquette droite déplacée de 355 à 348
2025-05-03 16:17:30,297 - INFO - IA: Raquette droite déplacée de 348 à 341
2025-05-03 16:17:30,316 - INFO - IA: Raquette droite déplacée de 341 à 334
2025-05-03 16:17:30,334 - INFO - IA: Raquette droite déplacée de 334 à 327
2025-05-03 16:17:30,352 - INFO - IA: Raquette droite déplacée de 327 à 320
2025-05-03 16:17:30,370 - INFO - IA: Raquette droite déplacée de 320 à 327
2025-05-03 16:17:30,387 - INFO - IA: Raquette droite déplacée de 327 à 320
2025-05-03 16:17:30,404 - INFO - IA: Raquette droite déplacée de 320 à 313
2025-05-03 16:17:30,422 - INFO - IA: Raquette droite déplacée de 313 à 306
2025-05-03 16:17:30,441 - INFO - IA: Raquette droite déplacée de 306 à 299
2025-05-03 16:17:30,458 - INFO - IA: Raquette droite déplacée de 299 à 292
2025-05-03 16:17:30,476 - INFO - IA: Raquette droite déplacée de 292 à 285
2025-05-03 16:17:30,493 - INFO - IA: Raquette droite déplacée de 285 à 278
2025-05-03 16:17:30,512 - INFO - IA: Raquette droite déplacée de 278 à 271
2025-05-03 16:17:30,529 - INFO - IA: Raquette droite déplacée de 271 à 264
2025-05-03 16:17:30,546 - INFO - IA: Raquette droite déplacée de 264 à 257
2025-05-03 16:17:30,564 - INFO - IA: Raquette droite déplacée de 257 à 250
2025-05-03 16:17:30,581 - INFO - IA: Raquette droite déplacée de 250 à 243
2025-05-03 16:17:30,599 - INFO - IA: Raquette droite déplacée de 243 à 236
2025-05-03 16:17:30,618 - INFO - INPUT: Joueur appuie sur la touche HAUT
2025-05-03 16:17:30,619 - INFO - JOUEUR: Raquette gauche déplacée de 236 à 229
2025-05-03 16:17:30,619 - INFO - IA: Raquette droite déplacée de 236 à 243
2025-05-03 16:17:30,637 - INFO - JOUEUR: Raquette gauche déplacée de 229 à 222
2025-05-03 16:17:30,638 - INFO - IA: Raquette droite déplacée de 243 à 250
2025-05-03 16:17:30,656 - INFO - JOUEUR: Raquette gauche déplacée de 222 à 215
2025-05-03 16:17:30,657 - INFO - IA: Raquette droite déplacée de 250 à 243
2025-05-03 16:17:30,675 - INFO - JOUEUR: Raquette gauche déplacée de 215 à 208
2025-05-03 16:17:30,675 - INFO - IA: Raquette droite déplacée de 243 à 236
2025-05-03 16:17:30,693 - INFO - JOUEUR: Raquette gauche déplacée de 208 à 201
2025-05-03 16:17:30,694 - INFO - IA: Raquette droite déplacée de 236 à 229
2025-05-03 16:17:30,711 - INFO - JOUEUR: Raquette gauche déplacée de 201 à 194
2025-05-03 16:17:30,711 - INFO - IA: Raquette droite déplacée de 229 à 236
2025-05-03 16:17:30,729 - INFO - JOUEUR: Raquette gauche déplacée de 194 à 187
2025-05-03 16:17:30,729 - INFO - IA: Raquette droite déplacée de 236 à 229
2025-05-03 16:17:30,746 - INFO - JOUEUR: Raquette gauche déplacée de 187 à 180
2025-05-03 16:17:30,746 - INFO - IA: Raquette droite déplacée de 229 à 222
2025-05-03 16:17:30,764 - INFO - JOUEUR: Raquette gauche déplacée de 180 à 173
2025-05-03 16:17:30,764 - INFO - IA: Raquette droite déplacée de 222 à 215
2025-05-03 16:17:30,782 - INFO - JOUEUR: Raquette gauche déplacée de 173 à 166
2025-05-03 16:17:30,782 - INFO - IA: Raquette droite déplacée de 215 à 208
2025-05-03 16:17:30,799 - INFO - JOUEUR: Raquette gauche déplacée de 166 à 159
2025-05-03 16:17:30,800 - INFO - IA: Raquette droite déplacée de 208 à 215
2025-05-03 16:17:30,818 - INFO - JOUEUR: Raquette gauche déplacée de 159 à 152
2025-05-03 16:17:30,818 - INFO - IA: Raquette droite déplacée de 215 à 208
2025-05-03 16:17:30,836 - INFO - JOUEUR: Raquette gauche déplacée de 152 à 145
2025-05-03 16:17:30,836 - INFO - IA: Raquette droite déplacée de 208 à 201
2025-05-03 16:17:30,855 - INFO - JOUEUR: Raquette gauche déplacée de 145 à 138
2025-05-03 16:17:30,857 - INFO - IA: Raquette droite déplacée de 201 à 194
2025-05-03 16:17:30,876 - INFO - JOUEUR: Raquette gauche déplacée de 138 à 131
2025-05-03 16:17:30,876 - INFO - IA: Raquette droite déplacée de 194 à 187
2025-05-03 16:17:30,896 - INFO - JOUEUR: Raquette gauche déplacée de 131 à 124
2025-05-03 16:17:30,896 - INFO - IA: Raquette droite déplacée de 187 à 180
2025-05-03 16:17:30,897 - INFO - COLLISION: Balle a rebondi sur une raquette à la position (28, 198)
2025-05-03 16:17:30,916 - INFO - JOUEUR: Raquette gauche déplacée de 124 à 117
2025-05-03 16:17:30,917 - INFO - IA: Raquette droite déplacée de 180 à 173
2025-05-03 16:17:30,936 - INFO - INPUT: Joueur relâche les touches directionnelles
2025-05-03 16:17:30,937 - INFO - IA: Raquette droite déplacée de 173 à 166
2025-05-03 16:17:30,955 - INFO - IA: Raquette droite déplacée de 166 à 173
2025-05-03 16:17:30,974 - INFO - IA: Raquette droite déplacée de 173 à 166
2025-05-03 16:17:30,993 - INFO - IA: Raquette droite déplacée de 166 à 159
2025-05-03 16:17:31,011 - INFO - IA: Raquette droite déplacée de 159 à 152
2025-05-03 16:17:31,028 - INFO - IA: Raquette droite déplacée de 152 à 145
2025-05-03 16:17:31,046 - INFO - IA: Raquette droite déplacée de 145 à 138
2025-05-03 16:17:31,063 - INFO - IA: Raquette droite déplacée de 138 à 145
2025-05-03 16:17:31,081 - INFO - IA: Raquette droite déplacée de 145 à 138
2025-05-03 16:17:31,099 - INFO - IA: Raquette droite déplacée de 138 à 131
2025-05-03 16:17:31,117 - INFO - IA: Raquette droite déplacée de 131 à 124
2025-05-03 16:17:31,135 - INFO - IA: Raquette droite déplacée de 124 à 117
2025-05-03 16:17:31,154 - INFO - IA: Raquette droite déplacée de 117 à 110
2025-05-03 16:17:31,172 - INFO - IA: Raquette droite déplacée de 110 à 117
2025-05-03 16:17:31,190 - INFO - IA: Raquette droite déplacée de 117 à 110
2025-05-03 16:17:31,208 - INFO - IA: Raquette droite déplacée de 110 à 103
2025-05-03 16:17:31,226 - INFO - IA: Raquette droite déplacée de 103 à 96
2025-05-03 16:17:31,244 - INFO - IA: Raquette droite déplacée de 96 à 89
2025-05-03 16:17:31,262 - INFO - IA: Raquette droite déplacée de 89 à 82
2025-05-03 16:17:31,279 - INFO - IA: Raquette droite déplacée de 82 à 75
2025-05-03 16:17:31,297 - INFO - IA: Raquette droite déplacée de 75 à 68
2025-05-03 16:17:31,316 - INFO - IA: Raquette droite déplacée de 68 à 61
2025-05-03 16:17:31,334 - INFO - IA: Raquette droite déplacée de 61 à 54
2025-05-03 16:17:31,351 - INFO - IA: Raquette droite déplacée de 54 à 47
2025-05-03 16:17:31,370 - INFO - IA: Raquette droite déplacée de 47 à 54
2025-05-03 16:17:31,388 - INFO - IA: Raquette droite déplacée de 54 à 47
2025-05-03 16:17:31,407 - INFO - IA: Raquette droite déplacée de 47 à 40
2025-05-03 16:17:31,426 - INFO - IA: Raquette droite déplacée de 40 à 33
2025-05-03 16:17:31,444 - INFO - IA: Raquette droite déplacée de 33 à 26
2025-05-03 16:17:31,461 - INFO - IA: Raquette droite déplacée de 26 à 19
2025-05-03 16:17:31,479 - INFO - IA: Raquette droite déplacée de 19 à 12
2025-05-03 16:17:31,497 - INFO - IA: Raquette droite déplacée de 12 à 5
2025-05-03 16:17:31,514 - INFO - IA: Raquette droite déplacée de 5 à 12
2025-05-03 16:17:31,532 - INFO - IA: Raquette droite déplacée de 12 à 5
2025-05-03 16:17:31,550 - INFO - IA: Raquette droite déplacée de 5 à 0
2025-05-03 16:17:31,618 - INFO - COLLISION: Balle a rebondi sur un mur à la position (468, -2)
2025-05-03 16:17:31,707 - INFO - IA: Raquette droite déplacée de 0 à 7
2025-05-03 16:17:31,725 - INFO - IA: Raquette droite déplacée de 7 à 0
2025-05-03 16:17:31,760 - INFO - COLLISION: Balle a rebondi sur une raquette à la position (556, 38)
2025-05-03 16:17:31,777 - INFO - IA: Raquette droite déplacée de 0 à 7
2025-05-03 16:17:31,795 - INFO - IA: Raquette droite déplacée de 7 à 0
2025-05-03 16:17:31,813 - INFO - IA: Raquette droite déplacée de 0 à 7
2025-05-03 16:17:31,830 - INFO - IA: Raquette droite déplacée de 7 à 14
2025-05-03 16:17:31,848 - INFO - IA: Raquette droite déplacée de 14 à 7
2025-05-03 16:17:31,866 - INFO - IA: Raquette droite déplacée de 7 à 14
2025-05-03 16:17:31,885 - INFO - INPUT: Joueur appuie sur la touche BAS
2025-05-03 16:17:31,885 - INFO - JOUEUR: Raquette gauche déplacée de 117 à 124
2025-05-03 16:17:31,886 - INFO - IA: Raquette droite déplacée de 14 à 21
2025-05-03 16:17:31,905 - INFO - JOUEUR: Raquette gauche déplacée de 124 à 131
2025-05-03 16:17:31,907 - INFO - IA: Raquette droite déplacée de 21 à 28
2025-05-03 16:17:31,926 - INFO - JOUEUR: Raquette gauche déplacée de 131 à 138
2025-05-03 16:17:31,928 - INFO - IA: Raquette droite déplacée de 28 à 35
2025-05-03 16:17:31,946 - INFO - JOUEUR: Raquette gauche déplacée de 138 à 145
2025-05-03 16:17:31,947 - INFO - IA: Raquette droite déplacée de 35 à 42
2025-05-03 16:17:31,964 - INFO - JOUEUR: Raquette gauche déplacée de 145 à 152
2025-05-03 16:17:31,965 - INFO - IA: Raquette droite déplacée de 42 à 35
2025-05-03 16:17:31,985 - INFO - JOUEUR: Raquette gauche déplacée de 152 à 159
2025-05-03 16:17:31,985 - INFO - IA: Raquette droite déplacée de 35 à 42
2025-05-03 16:17:32,004 - INFO - JOUEUR: Raquette gauche déplacée de 159 à 166
2025-05-03 16:17:32,005 - INFO - IA: Raquette droite déplacée de 42 à 49
2025-05-03 16:17:32,023 - INFO - JOUEUR: Raquette gauche déplacée de 166 à 173
2025-05-03 16:17:32,024 - INFO - IA: Raquette droite déplacée de 49 à 56
2025-05-03 16:17:32,041 - INFO - JOUEUR: Raquette gauche déplacée de 173 à 180
2025-05-03 16:17:32,042 - INFO - IA: Raquette droite déplacée de 56 à 49
2025-05-03 16:17:32,060 - INFO - JOUEUR: Raquette gauche déplacée de 180 à 187
2025-05-03 16:17:32,060 - INFO - IA: Raquette droite déplacée de 49 à 56
2025-05-03 16:17:32,078 - INFO - JOUEUR: Raquette gauche déplacée de 187 à 194
2025-05-03 16:17:32,078 - INFO - IA: Raquette droite déplacée de 56 à 63
2025-05-03 16:17:32,096 - INFO - JOUEUR: Raquette gauche déplacée de 194 à 201
2025-05-03 16:17:32,096 - INFO - IA: Raquette droite déplacée de 63 à 70
2025-05-03 16:17:32,115 - INFO - JOUEUR: Raquette gauche déplacée de 201 à 208
2025-05-03 16:17:32,115 - INFO - IA: Raquette droite déplacée de 70 à 77
2025-05-03 16:17:32,133 - INFO - JOUEUR: Raquette gauche déplacée de 208 à 215
2025-05-03 16:17:32,133 - INFO - IA: Raquette droite déplacée de 77 à 84
2025-05-03 16:17:32,151 - INFO - JOUEUR: Raquette gauche déplacée de 215 à 222
2025-05-03 16:17:32,152 - INFO - IA: Raquette droite déplacée de 84 à 91
2025-05-03 16:17:32,170 - INFO - JOUEUR: Raquette gauche déplacée de 222 à 229
2025-05-03 16:17:32,188 - INFO - JOUEUR: Raquette gauche déplacée de 229 à 236
2025-05-03 16:17:32,189 - INFO - IA: Raquette droite déplacée de 91 à 98
2025-05-03 16:17:32,207 - INFO - JOUEUR: Raquette gauche déplacée de 236 à 243
2025-05-03 16:17:32,208 - INFO - IA: Raquette droite déplacée de 98 à 105
2025-05-03 16:17:32,227 - INFO - INPUT: Joueur relâche les touches directionnelles
2025-05-03 16:17:32,227 - INFO - IA: Raquette droite déplacée de 105 à 98
2025-05-03 16:17:32,245 - INFO - IA: Raquette droite déplacée de 98 à 105
2025-05-03 16:17:32,263 - INFO - IA: Raquette droite déplacée de 105 à 112
2025-05-03 16:17:32,281 - INFO - IA: Raquette droite déplacée de 112 à 119
2025-05-03 16:17:32,300 - INFO - IA: Raquette droite déplacée de 119 à 126
2025-05-03 16:17:32,317 - INFO - IA: Raquette droite déplacée de 126 à 133
2025-05-03 16:17:32,334 - INFO - IA: Raquette droite déplacée de 133 à 140
2025-05-03 16:17:32,353 - INFO - IA: Raquette droite déplacée de 140 à 147
2025-05-03 16:17:32,372 - INFO - INPUT: Joueur appuie sur la touche HAUT
2025-05-03 16:17:32,375 - INFO - JOUEUR: Raquette gauche déplacée de 243 à 236
2025-05-03 16:17:32,376 - INFO - IA: Raquette droite déplacée de 147 à 154
2025-05-03 16:17:32,394 - INFO - JOUEUR: Raquette gauche déplacée de 236 à 229
2025-05-03 16:17:32,395 - INFO - IA: Raquette droite déplacée de 154 à 147
2025-05-03 16:17:32,412 - INFO - JOUEUR: Raquette gauche déplacée de 229 à 222
2025-05-03 16:17:32,413 - INFO - IA: Raquette droite déplacée de 147 à 154
2025-05-03 16:17:32,431 - INFO - JOUEUR: Raquette gauche déplacée de 222 à 215
2025-05-03 16:17:32,431 - INFO - IA: Raquette droite déplacée de 154 à 161
2025-05-03 16:17:32,449 - INFO - JOUEUR: Raquette gauche déplacée de 215 à 208
2025-05-03 16:17:32,450 - INFO - IA: Raquette droite déplacée de 161 à 168
2025-05-03 16:17:32,468 - INFO - JOUEUR: Raquette gauche déplacée de 208 à 201
2025-05-03 16:17:32,468 - INFO - IA: Raquette droite déplacée de 168 à 161
2025-05-03 16:17:32,486 - INFO - JOUEUR: Raquette gauche déplacée de 201 à 194
2025-05-03 16:17:32,490 - INFO - IA: Raquette droite déplacée de 161 à 168
2025-05-03 16:17:32,508 - INFO - JOUEUR: Raquette gauche déplacée de 194 à 187
2025-05-03 16:17:32,509 - INFO - IA: Raquette droite déplacée de 168 à 175
2025-05-03 16:17:32,526 - INFO - JOUEUR: Raquette gauche déplacée de 187 à 180
2025-05-03 16:17:32,527 - INFO - IA: Raquette droite déplacée de 175 à 182
2025-05-03 16:17:32,545 - INFO - JOUEUR: Raquette gauche déplacée de 180 à 173
2025-05-03 16:17:32,545 - INFO - IA: Raquette droite déplacée de 182 à 189
2025-05-03 16:17:32,563 - INFO - INPUT: Joueur relâche les touches directionnelles
2025-05-03 16:17:32,564 - INFO - IA: Raquette droite déplacée de 189 à 196
2025-05-03 16:17:32,582 - INFO - IA: Raquette droite déplacée de 196 à 203
2025-05-03 16:17:32,582 - INFO - COLLISION: Balle a rebondi sur une raquette à la position (28, 258)
2025-05-03 16:17:32,599 - INFO - IA: Raquette droite déplacée de 203 à 210
2025-05-03 16:17:32,618 - INFO - IA: Raquette droite déplacée de 210 à 203
2025-05-03 16:17:32,636 - INFO - IA: Raquette droite déplacée de 203 à 210
2025-05-03 16:17:32,654 - INFO - IA: Raquette droite déplacée de 210 à 217
2025-05-03 16:17:32,673 - INFO - IA: Raquette droite déplacée de 217 à 224
2025-05-03 16:17:32,691 - INFO - IA: Raquette droite déplacée de 224 à 231
2025-05-03 16:17:32,709 - INFO - IA: Raquette droite déplacée de 231 à 238
2025-05-03 16:17:32,727 - INFO - IA: Raquette droite déplacée de 238 à 245
2025-05-03 16:17:32,745 - INFO - IA: Raquette droite déplacée de 245 à 252
2025-05-03 16:17:32,764 - INFO - IA: Raquette droite déplacée de 252 à 245
2025-05-03 16:17:32,783 - INFO - IA: Raquette droite déplacée de 245 à 252
2025-05-03 16:17:32,801 - INFO - IA: Raquette droite déplacée de 252 à 245
2025-05-03 16:17:32,820 - INFO - IA: Raquette droite déplacée de 245 à 252
2025-05-03 16:17:32,839 - INFO - IA: Raquette droite déplacée de 252 à 259
2025-05-03 16:17:32,858 - INFO - IA: Raquette droite déplacée de 259 à 266
2025-05-03 16:17:32,877 - INFO - IA: Raquette droite déplacée de 266 à 273
2025-05-03 16:17:32,895 - INFO - IA: Raquette droite déplacée de 273 à 280
2025-05-03 16:17:32,913 - INFO - IA: Raquette droite déplacée de 280 à 287
2025-05-03 16:17:32,931 - INFO - IA: Raquette droite déplacée de 287 à 294
2025-05-03 16:17:32,949 - INFO - IA: Raquette droite déplacée de 294 à 301
2025-05-03 16:17:32,967 - INFO - IA: Raquette droite déplacée de 301 à 294
2025-05-03 16:17:32,986 - INFO - IA: Raquette droite déplacée de 294 à 301
2025-05-03 16:17:33,006 - INFO - IA: Raquette droite déplacée de 301 à 308
2025-05-03 16:17:33,025 - INFO - IA: Raquette droite déplacée de 308 à 315
2025-05-03 16:17:33,043 - INFO - IA: Raquette droite déplacée de 315 à 322
2025-05-03 16:17:33,061 - INFO - IA: Raquette droite déplacée de 322 à 329
2025-05-03 16:17:33,078 - INFO - IA: Raquette droite déplacée de 329 à 322
2025-05-03 16:17:33,096 - INFO - IA: Raquette droite déplacée de 322 à 329
2025-05-03 16:17:33,114 - INFO - IA: Raquette droite déplacée de 329 à 336
2025-05-03 16:17:33,132 - INFO - IA: Raquette droite déplacée de 336 à 343
2025-05-03 16:17:33,150 - INFO - IA: Raquette droite déplacée de 343 à 350
2025-05-03 16:17:33,168 - INFO - IA: Raquette droite déplacée de 350 à 357
2025-05-03 16:17:33,186 - INFO - IA: Raquette droite déplacée de 357 à 364
2025-05-03 16:17:33,205 - INFO - IA: Raquette droite déplacée de 364 à 371
2025-05-03 16:17:33,224 - INFO - IA: Raquette droite déplacée de 371 à 378
2025-05-03 16:17:33,243 - INFO - IA: Raquette droite déplacée de 378 à 385
2025-05-03 16:17:33,261 - INFO - IA: Raquette droite déplacée de 385 à 390
2025-05-03 16:17:33,333 - INFO - COLLISION: Balle a rebondi sur une raquette à la position (561, 463)
2025-05-03 16:17:33,351 - INFO - COLLISION: Balle a rebondi sur un mur à la position (547, 468)
2025-05-03 16:17:33,477 - INFO - IA: Raquette droite déplacée de 390 à 383
2025-05-03 16:17:33,496 - INFO - IA: Raquette droite déplacée de 383 à 376
2025-05-03 16:17:33,513 - INFO - IA: Raquette droite déplacée de 376 à 369
2025-05-03 16:17:33,530 - INFO - IA: Raquette droite déplacée de 369 à 376
2025-05-03 16:17:33,548 - INFO - IA: Raquette droite déplacée de 376 à 369
2025-05-03 16:17:33,566 - INFO - IA: Raquette droite déplacée de 369 à 376
2025-05-03 16:17:33,583 - INFO - IA: Raquette droite déplacée de 376 à 369
2025-05-03 16:17:33,600 - INFO - IA: Raquette droite déplacée de 369 à 376
2025-05-03 16:17:33,617 - INFO - IA: Raquette droite déplacée de 376 à 369
2025-05-03 16:17:33,634 - INFO - IA: Raquette droite déplacée de 369 à 362
2025-05-03 16:17:33,652 - INFO - IA: Raquette droite déplacée de 362 à 355
2025-05-03 16:17:33,670 - INFO - IA: Raquette droite déplacée de 355 à 348
2025-05-03 16:17:33,688 - INFO - INPUT: Joueur appuie sur la touche BAS
2025-05-03 16:17:33,689 - INFO - JOUEUR: Raquette gauche déplacée de 173 à 180
2025-05-03 16:17:33,689 - INFO - IA: Raquette droite déplacée de 348 à 355
2025-05-03 16:17:33,707 - INFO - JOUEUR: Raquette gauche déplacée de 180 à 187
2025-05-03 16:17:33,708 - INFO - IA: Raquette droite déplacée de 355 à 362
2025-05-03 16:17:33,726 - INFO - JOUEUR: Raquette gauche déplacée de 187 à 194
2025-05-03 16:17:33,726 - INFO - IA: Raquette droite déplacée de 362 à 355
2025-05-03 16:17:33,745 - INFO - JOUEUR: Raquette gauche déplacée de 194 à 201
2025-05-03 16:17:33,745 - INFO - IA: Raquette droite déplacée de 355 à 348
2025-05-03 16:17:33,763 - INFO - JOUEUR: Raquette gauche déplacée de 201 à 208
2025-05-03 16:17:33,764 - INFO - IA: Raquette droite déplacée de 348 à 341
2025-05-03 16:17:33,781 - INFO - JOUEUR: Raquette gauche déplacée de 208 à 215
2025-05-03 16:17:33,781 - INFO - IA: Raquette droite déplacée de 341 à 334
2025-05-03 16:17:33,799 - INFO - JOUEUR: Raquette gauche déplacée de 215 à 222
2025-05-03 16:17:33,800 - INFO - IA: Raquette droite déplacée de 334 à 327
2025-05-03 16:17:33,817 - INFO - JOUEUR: Raquette gauche déplacée de 222 à 229
2025-05-03 16:17:33,817 - INFO - IA: Raquette droite déplacée de 327 à 320
2025-05-03 16:17:33,837 - INFO - INPUT: Joueur relâche les touches directionnelles
2025-05-03 16:17:33,838 - INFO - IA: Raquette droite déplacée de 320 à 313
2025-05-03 16:17:33,856 - INFO - IA: Raquette droite déplacée de 313 à 306
2025-05-03 16:17:33,874 - INFO - IA: Raquette droite déplacée de 306 à 299
2025-05-03 16:17:33,892 - INFO - IA: Raquette droite déplacée de 299 à 306
2025-05-03 16:17:33,910 - INFO - IA: Raquette droite déplacée de 306 à 299
2025-05-03 16:17:33,928 - INFO - IA: Raquette droite déplacée de 299 à 292
2025-05-03 16:17:33,946 - INFO - IA: Raquette droite déplacée de 292 à 285
2025-05-03 16:17:33,964 - INFO - IA: Raquette droite déplacée de 285 à 292
2025-05-03 16:17:33,984 - INFO - IA: Raquette droite déplacée de 292 à 285
2025-05-03 16:17:34,002 - INFO - IA: Raquette droite déplacée de 285 à 278
2025-05-03 16:17:34,022 - INFO - IA: Raquette droite déplacée de 278 à 271
2025-05-03 16:17:34,023 - INFO - COLLISION: Balle a rebondi sur une raquette à la position (29, 283)
2025-05-03 16:17:34,041 - INFO - IA: Raquette droite déplacée de 271 à 264
2025-05-03 16:17:34,059 - INFO - IA: Raquette droite déplacée de 264 à 257
2025-05-03 16:17:34,076 - INFO - IA: Raquette droite déplacée de 257 à 250
2025-05-03 16:17:34,094 - INFO - IA: Raquette droite déplacée de 250 à 243
2025-05-03 16:17:34,112 - INFO - IA: Raquette droite déplacée de 243 à 250
2025-05-03 16:17:34,130 - INFO - IA: Raquette droite déplacée de 250 à 243
2025-05-03 16:17:34,148 - INFO - IA: Raquette droite déplacée de 243 à 236
2025-05-03 16:17:34,166 - INFO - IA: Raquette droite déplacée de 236 à 229
2025-05-03 16:17:34,184 - INFO - IA: Raquette droite déplacée de 229 à 222
2025-05-03 16:17:34,203 - INFO - IA: Raquette droite déplacée de 222 à 215
2025-05-03 16:17:34,221 - INFO - IA: Raquette droite déplacée de 215 à 208
2025-05-03 16:17:34,239 - INFO - IA: Raquette droite déplacée de 208 à 201
2025-05-03 16:17:34,257 - INFO - IA: Raquette droite déplacée de 201 à 194
2025-05-03 16:17:34,293 - INFO - IA: Raquette droite déplacée de 194 à 187
2025-05-03 16:17:34,311 - INFO - IA: Raquette droite déplacée de 187 à 180
2025-05-03 16:17:34,328 - INFO - IA: Raquette droite déplacée de 180 à 187
2025-05-03 16:17:34,346 - INFO - IA: Raquette droite déplacée de 187 à 180
2025-05-03 16:17:34,363 - INFO - IA: Raquette droite déplacée de 180 à 173
2025-05-03 16:17:34,380 - INFO - IA: Raquette droite déplacée de 173 à 166
2025-05-03 16:17:34,398 - INFO - IA: Raquette droite déplacée de 166 à 159
2025-05-03 16:17:34,416 - INFO - IA: Raquette droite déplacée de 159 à 166
2025-05-03 16:17:34,433 - INFO - IA: Raquette droite déplacée de 166 à 159
2025-05-03 16:17:34,450 - INFO - IA: Raquette droite déplacée de 159 à 152
2025-05-03 16:17:34,468 - INFO - IA: Raquette droite déplacée de 152 à 145
2025-05-03 16:17:34,487 - INFO - IA: Raquette droite déplacée de 145 à 138
2025-05-03 16:17:34,506 - INFO - IA: Raquette droite déplacée de 138 à 131
2025-05-03 16:17:34,524 - INFO - IA: Raquette droite déplacée de 131 à 138
2025-05-03 16:17:34,542 - INFO - IA: Raquette droite déplacée de 138 à 131
2025-05-03 16:17:34,560 - INFO - IA: Raquette droite déplacée de 131 à 124
2025-05-03 16:17:34,577 - INFO - IA: Raquette droite déplacée de 124 à 117
2025-05-03 16:17:34,594 - INFO - IA: Raquette droite déplacée de 117 à 110
2025-05-03 16:17:34,612 - INFO - IA: Raquette droite déplacée de 110 à 103
2025-05-03 16:17:34,629 - INFO - IA: Raquette droite déplacée de 103 à 96
2025-05-03 16:17:34,647 - INFO - IA: Raquette droite déplacée de 96 à 89
2025-05-03 16:17:34,647 - INFO - COLLISION: Balle a rebondi sur une raquette à la position (554, 108)
2025-05-03 16:17:34,664 - INFO - IA: Raquette droite déplacée de 89 à 82
2025-05-03 16:17:34,682 - INFO - IA: Raquette droite déplacée de 82 à 75
2025-05-03 16:17:34,700 - INFO - IA: Raquette droite déplacée de 75 à 68
2025-05-03 16:17:34,718 - INFO - INPUT: Joueur appuie sur la touche HAUT
2025-05-03 16:17:34,719 - INFO - JOUEUR: Raquette gauche déplacée de 229 à 222
2025-05-03 16:17:34,720 - INFO - IA: Raquette droite déplacée de 68 à 61
2025-05-03 16:17:34,738 - INFO - JOUEUR: Raquette gauche déplacée de 222 à 215
2025-05-03 16:17:34,739 - INFO - IA: Raquette droite déplacée de 61 à 54
2025-05-03 16:17:34,756 - INFO - JOUEUR: Raquette gauche déplacée de 215 à 208
2025-05-03 16:17:34,756 - INFO - IA: Raquette droite déplacée de 54 à 47
2025-05-03 16:17:34,775 - INFO - JOUEUR: Raquette gauche déplacée de 208 à 201
2025-05-03 16:17:34,776 - INFO - IA: Raquette droite déplacée de 47 à 40
2025-05-03 16:17:34,794 - INFO - JOUEUR: Raquette gauche déplacée de 201 à 194
2025-05-03 16:17:34,795 - INFO - IA: Raquette droite déplacée de 40 à 47
2025-05-03 16:17:34,812 - INFO - JOUEUR: Raquette gauche déplacée de 194 à 187
2025-05-03 16:17:34,812 - INFO - IA: Raquette droite déplacée de 47 à 40
2025-05-03 16:17:34,830 - INFO - JOUEUR: Raquette gauche déplacée de 187 à 180
2025-05-03 16:17:34,830 - INFO - IA: Raquette droite déplacée de 40 à 47
2025-05-03 16:17:34,847 - INFO - JOUEUR: Raquette gauche déplacée de 180 à 173
2025-05-03 16:17:34,847 - INFO - IA: Raquette droite déplacée de 47 à 40
2025-05-03 16:17:34,864 - INFO - JOUEUR: Raquette gauche déplacée de 173 à 166
2025-05-03 16:17:34,865 - INFO - IA: Raquette droite déplacée de 40 à 33
2025-05-03 16:17:34,882 - INFO - JOUEUR: Raquette gauche déplacée de 166 à 159
2025-05-03 16:17:34,882 - INFO - IA: Raquette droite déplacée de 33 à 26
2025-05-03 16:17:34,900 - INFO - JOUEUR: Raquette gauche déplacée de 159 à 152
2025-05-03 16:17:34,900 - INFO - IA: Raquette droite déplacée de 26 à 19
2025-05-03 16:17:34,919 - INFO - JOUEUR: Raquette gauche déplacée de 152 à 145
2025-05-03 16:17:34,920 - INFO - IA: Raquette droite déplacée de 19 à 12
2025-05-03 16:17:34,938 - INFO - JOUEUR: Raquette gauche déplacée de 145 à 138
2025-05-03 16:17:34,939 - INFO - IA: Raquette droite déplacée de 12 à 19
2025-05-03 16:17:34,957 - INFO - JOUEUR: Raquette gauche déplacée de 138 à 131
2025-05-03 16:17:34,957 - INFO - IA: Raquette droite déplacée de 19 à 12
2025-05-03 16:17:34,975 - INFO - JOUEUR: Raquette gauche déplacée de 131 à 124
2025-05-03 16:17:34,975 - INFO - IA: Raquette droite déplacée de 12 à 5
2025-05-03 16:17:34,994 - INFO - JOUEUR: Raquette gauche déplacée de 124 à 117
2025-05-03 16:17:34,994 - INFO - IA: Raquette droite déplacée de 5 à 0
2025-05-03 16:17:35,012 - INFO - JOUEUR: Raquette gauche déplacée de 117 à 110
2025-05-03 16:17:35,030 - INFO - JOUEUR: Raquette gauche déplacée de 110 à 103
2025-05-03 16:17:35,048 - INFO - JOUEUR: Raquette gauche déplacée de 103 à 96
2025-05-03 16:17:35,049 - INFO - COLLISION: Balle a rebondi sur un mur à la position (224, -2)
2025-05-03 16:17:35,067 - INFO - JOUEUR: Raquette gauche déplacée de 96 à 89
2025-05-03 16:17:35,088 - INFO - INPUT: Joueur relâche les touches directionnelles
2025-05-03 16:17:35,193 - INFO - IA: Raquette droite déplacée de 0 à 7
2025-05-03 16:17:35,210 - INFO - IA: Raquette droite déplacée de 7 à 14
2025-05-03 16:17:35,228 - INFO - IA: Raquette droite déplacée de 14 à 7
2025-05-03 16:17:35,246 - INFO - IA: Raquette droite déplacée de 7 à 14
2025-05-03 16:17:35,264 - INFO - IA: Raquette droite déplacée de 14 à 7
2025-05-03 16:17:35,281 - INFO - IA: Raquette droite déplacée de 7 à 0
2025-05-03 16:17:35,318 - INFO - IA: Raquette droite déplacée de 0 à 7
2025-05-03 16:17:35,319 - INFO - POINT: Joueur droite (IA) marque un point! Score: 0-4
2025-05-03 16:17:35,337 - INFO - IA: Raquette droite déplacée de 7 à 14
2025-05-03 16:17:35,355 - INFO - IA: Raquette droite déplacée de 14 à 21
2025-05-03 16:17:35,372 - INFO - IA: Raquette droite déplacée de 21 à 28
2025-05-03 16:17:35,390 - INFO - IA: Raquette droite déplacée de 28 à 35
2025-05-03 16:17:35,408 - INFO - IA: Raquette droite déplacée de 35 à 42
2025-05-03 16:17:35,425 - INFO - IA: Raquette droite déplacée de 42 à 49
2025-05-03 16:17:35,443 - INFO - IA: Raquette droite déplacée de 49 à 56
2025-05-03 16:17:35,461 - INFO - IA: Raquette droite déplacée de 56 à 63
2025-05-03 16:17:35,478 - INFO - IA: Raquette droite déplacée de 63 à 70
2025-05-03 16:17:35,496 - INFO - IA: Raquette droite déplacée de 70 à 77
2025-05-03 16:17:35,514 - INFO - IA: Raquette droite déplacée de 77 à 84
2025-05-03 16:17:35,532 - INFO - IA: Raquette droite déplacée de 84 à 91
2025-05-03 16:17:35,550 - INFO - IA: Raquette droite déplacée de 91 à 98
2025-05-03 16:17:35,569 - INFO - IA: Raquette droite déplacée de 98 à 105
2025-05-03 16:17:35,589 - INFO - IA: Raquette droite déplacée de 105 à 112
2025-05-03 16:17:35,606 - INFO - IA: Raquette droite déplacée de 112 à 119
2025-05-03 16:17:35,624 - INFO - IA: Raquette droite déplacée de 119 à 112
2025-05-03 16:17:35,641 - INFO - IA: Raquette droite déplacée de 112 à 119
2025-05-03 16:17:35,659 - INFO - IA: Raquette droite déplacée de 119 à 112
2025-05-03 16:17:35,676 - INFO - IA: Raquette droite déplacée de 112 à 105
2025-05-03 16:17:35,694 - INFO - IA: Raquette droite déplacée de 105 à 98
2025-05-03 16:17:35,711 - INFO - IA: Raquette droite déplacée de 98 à 91
2025-05-03 16:17:35,729 - INFO - IA: Raquette droite déplacée de 91 à 84
2025-05-03 16:17:35,746 - INFO - IA: Raquette droite déplacée de 84 à 77
2025-05-03 16:17:35,764 - INFO - IA: Raquette droite déplacée de 77 à 84
2025-05-03 16:17:35,799 - INFO - IA: Raquette droite déplacée de 84 à 77
2025-05-03 16:17:35,817 - INFO - IA: Raquette droite déplacée de 77 à 70
2025-05-03 16:17:35,836 - INFO - IA: Raquette droite déplacée de 70 à 63
2025-05-03 16:17:35,854 - INFO - IA: Raquette droite déplacée de 63 à 56
2025-05-03 16:17:35,872 - INFO - IA: Raquette droite déplacée de 56 à 49
2025-05-03 16:17:35,890 - INFO - IA: Raquette droite déplacée de 49 à 42
2025-05-03 16:17:35,908 - INFO - IA: Raquette droite déplacée de 42 à 35
2025-05-03 16:17:35,926 - INFO - IA: Raquette droite déplacée de 35 à 28
2025-05-03 16:17:35,943 - INFO - IA: Raquette droite déplacée de 28 à 21
2025-05-03 16:17:35,962 - INFO - INPUT: Joueur appuie sur la touche HAUT
2025-05-03 16:17:35,962 - INFO - JOUEUR: Raquette gauche déplacée de 89 à 82
2025-05-03 16:17:35,962 - INFO - IA: Raquette droite déplacée de 21 à 14
2025-05-03 16:17:35,981 - INFO - JOUEUR: Raquette gauche déplacée de 82 à 75
2025-05-03 16:17:35,981 - INFO - IA: Raquette droite déplacée de 14 à 21
2025-05-03 16:17:35,999 - INFO - JOUEUR: Raquette gauche déplacée de 75 à 68
2025-05-03 16:17:35,999 - INFO - IA: Raquette droite déplacée de 21 à 14
2025-05-03 16:17:36,018 - INFO - JOUEUR: Raquette gauche déplacée de 68 à 61
2025-05-03 16:17:36,018 - INFO - IA: Raquette droite déplacée de 14 à 21
2025-05-03 16:17:36,037 - INFO - JOUEUR: Raquette gauche déplacée de 61 à 54
2025-05-03 16:17:36,038 - INFO - IA: Raquette droite déplacée de 21 à 14
2025-05-03 16:17:36,056 - INFO - JOUEUR: Raquette gauche déplacée de 54 à 47
2025-05-03 16:17:36,056 - INFO - IA: Raquette droite déplacée de 14 à 7
2025-05-03 16:17:36,074 - INFO - JOUEUR: Raquette gauche déplacée de 47 à 40
2025-05-03 16:17:36,074 - INFO - IA: Raquette droite déplacée de 7 à 0
2025-05-03 16:17:36,092 - INFO - JOUEUR: Raquette gauche déplacée de 40 à 33
2025-05-03 16:17:36,110 - INFO - JOUEUR: Raquette gauche déplacée de 33 à 26
2025-05-03 16:17:36,127 - INFO - JOUEUR: Raquette gauche déplacée de 26 à 19
2025-05-03 16:17:36,146 - INFO - JOUEUR: Raquette gauche déplacée de 19 à 12
2025-05-03 16:17:36,164 - INFO - JOUEUR: Raquette gauche déplacée de 12 à 5
2025-05-03 16:17:36,165 - INFO - COLLISION: Balle a rebondi sur un mur à la position (58, -2)
2025-05-03 16:17:36,182 - INFO - JOUEUR: Raquette gauche déplacée de 5 à 0
2025-05-03 16:17:36,253 - INFO - IA: Raquette droite déplacée de 0 à 7
2025-05-03 16:17:36,253 - INFO - COLLISION: Balle a rebondi sur une raquette à la position (33, 23)
2025-05-03 16:17:36,270 - INFO - IA: Raquette droite déplacée de 7 à 0
2025-05-03 16:17:36,288 - INFO - INPUT: Joueur relâche les touches directionnelles
2025-05-03 16:17:36,323 - INFO - IA: Raquette droite déplacée de 0 à 7
2025-05-03 16:17:36,343 - INFO - IA: Raquette droite déplacée de 7 à 0
2025-05-03 16:17:36,361 - INFO - IA: Raquette droite déplacée de 0 à 7
2025-05-03 16:17:36,378 - INFO - IA: Raquette droite déplacée de 7 à 0
2025-05-03 16:17:36,396 - INFO - IA: Raquette droite déplacée de 0 à 7
2025-05-03 16:17:36,414 - INFO - IA: Raquette droite déplacée de 7 à 14
2025-05-03 16:17:36,432 - INFO - IA: Raquette droite déplacée de 14 à 21
2025-05-03 16:17:36,450 - INFO - IA: Raquette droite déplacée de 21 à 28
2025-05-03 16:17:36,468 - INFO - IA: Raquette droite déplacée de 28 à 21
2025-05-03 16:17:36,486 - INFO - IA: Raquette droite déplacée de 21 à 28
2025-05-03 16:17:36,504 - INFO - IA: Raquette droite déplacée de 28 à 35
2025-05-03 16:17:36,521 - INFO - IA: Raquette droite déplacée de 35 à 42
2025-05-03 16:17:36,540 - INFO - IA: Raquette droite déplacée de 42 à 49
2025-05-03 16:17:36,557 - INFO - IA: Raquette droite déplacée de 49 à 56
2025-05-03 16:17:36,574 - INFO - IA: Raquette droite déplacée de 56 à 49
2025-05-03 16:17:36,592 - INFO - IA: Raquette droite déplacée de 49 à 56
2025-05-03 16:17:36,610 - INFO - IA: Raquette droite déplacée de 56 à 63
2025-05-03 16:17:36,628 - INFO - IA: Raquette droite déplacée de 63 à 70
2025-05-03 16:17:36,647 - INFO - IA: Raquette droite déplacée de 70 à 77
2025-05-03 16:17:36,665 - INFO - IA: Raquette droite déplacée de 77 à 84
2025-05-03 16:17:36,683 - INFO - IA: Raquette droite déplacée de 84 à 91
2025-05-03 16:17:36,701 - INFO - IA: Raquette droite déplacée de 91 à 98
2025-05-03 16:17:36,719 - INFO - IA: Raquette droite déplacée de 98 à 105
2025-05-03 16:17:36,738 - INFO - IA: Raquette droite déplacée de 105 à 112
2025-05-03 16:17:36,756 - INFO - IA: Raquette droite déplacée de 112 à 119
2025-05-03 16:17:36,774 - INFO - IA: Raquette droite déplacée de 119 à 112
2025-05-03 16:17:36,791 - INFO - IA: Raquette droite déplacée de 112 à 119
2025-05-03 16:17:36,810 - INFO - INPUT: Joueur appuie sur la touche BAS
2025-05-03 16:17:36,810 - INFO - JOUEUR: Raquette gauche déplacée de 0 à 7
2025-05-03 16:17:36,811 - INFO - IA: Raquette droite déplacée de 119 à 126
2025-05-03 16:17:36,829 - INFO - JOUEUR: Raquette gauche déplacée de 7 à 14
2025-05-03 16:17:36,829 - INFO - IA: Raquette droite déplacée de 126 à 119
2025-05-03 16:17:36,847 - INFO - JOUEUR: Raquette gauche déplacée de 14 à 21
2025-05-03 16:17:36,864 - INFO - JOUEUR: Raquette gauche déplacée de 21 à 28
2025-05-03 16:17:36,864 - INFO - IA: Raquette droite déplacée de 119 à 126
2025-05-03 16:17:36,881 - INFO - JOUEUR: Raquette gauche déplacée de 28 à 35
2025-05-03 16:17:36,900 - INFO - JOUEUR: Raquette gauche déplacée de 35 à 42
2025-05-03 16:17:36,900 - INFO - IA: Raquette droite déplacée de 126 à 133
2025-05-03 16:17:36,919 - INFO - JOUEUR: Raquette gauche déplacée de 42 à 49
2025-05-03 16:17:36,921 - INFO - IA: Raquette droite déplacée de 133 à 140
2025-05-03 16:17:36,939 - INFO - JOUEUR: Raquette gauche déplacée de 49 à 56
2025-05-03 16:17:36,940 - INFO - IA: Raquette droite déplacée de 140 à 147
2025-05-03 16:17:36,957 - INFO - JOUEUR: Raquette gauche déplacée de 56 à 63
2025-05-03 16:17:36,958 - INFO - IA: Raquette droite déplacée de 147 à 154
2025-05-03 16:17:36,976 - INFO - JOUEUR: Raquette gauche déplacée de 63 à 70
2025-05-03 16:17:36,976 - INFO - IA: Raquette droite déplacée de 154 à 161
2025-05-03 16:17:36,994 - INFO - JOUEUR: Raquette gauche déplacée de 70 à 77
2025-05-03 16:17:36,994 - INFO - IA: Raquette droite déplacée de 161 à 168
2025-05-03 16:17:37,012 - INFO - JOUEUR: Raquette gauche déplacée de 77 à 84
2025-05-03 16:17:37,013 - INFO - IA: Raquette droite déplacée de 168 à 175
2025-05-03 16:17:37,030 - INFO - JOUEUR: Raquette gauche déplacée de 84 à 91
2025-05-03 16:17:37,031 - INFO - IA: Raquette droite déplacée de 175 à 182
2025-05-03 16:17:37,049 - INFO - JOUEUR: Raquette gauche déplacée de 91 à 98
2025-05-03 16:17:37,049 - INFO - IA: Raquette droite déplacée de 182 à 189
2025-05-03 16:17:37,067 - INFO - JOUEUR: Raquette gauche déplacée de 98 à 105
2025-05-03 16:17:37,069 - INFO - IA: Raquette droite déplacée de 189 à 196
2025-05-03 16:17:37,087 - INFO - JOUEUR: Raquette gauche déplacée de 105 à 112
2025-05-03 16:17:37,088 - INFO - IA: Raquette droite déplacée de 196 à 203
2025-05-03 16:17:37,105 - INFO - JOUEUR: Raquette gauche déplacée de 112 à 119
2025-05-03 16:17:37,105 - INFO - IA: Raquette droite déplacée de 203 à 196
2025-05-03 16:17:37,123 - INFO - JOUEUR: Raquette gauche déplacée de 119 à 126
2025-05-03 16:17:37,123 - INFO - IA: Raquette droite déplacée de 196 à 203
2025-05-03 16:17:37,140 - INFO - JOUEUR: Raquette gauche déplacée de 126 à 133
2025-05-03 16:17:37,141 - INFO - IA: Raquette droite déplacée de 203 à 210
2025-05-03 16:17:37,158 - INFO - JOUEUR: Raquette gauche déplacée de 133 à 140
2025-05-03 16:17:37,158 - INFO - IA: Raquette droite déplacée de 210 à 217
2025-05-03 16:17:37,176 - INFO - JOUEUR: Raquette gauche déplacée de 140 à 147
2025-05-03 16:17:37,176 - INFO - IA: Raquette droite déplacée de 217 à 224
2025-05-03 16:17:37,194 - INFO - JOUEUR: Raquette gauche déplacée de 147 à 154
2025-05-03 16:17:37,195 - INFO - IA: Raquette droite déplacée de 224 à 231
2025-05-03 16:17:37,213 - INFO - JOUEUR: Raquette gauche déplacée de 154 à 161
2025-05-03 16:17:37,232 - INFO - INPUT: Joueur relâche les touches directionnelles
2025-05-03 16:17:37,232 - INFO - IA: Raquette droite déplacée de 231 à 238
2025-05-03 16:17:37,251 - INFO - IA: Raquette droite déplacée de 238 à 231
2025-05-03 16:17:37,270 - INFO - IA: Raquette droite déplacée de 231 à 238
2025-05-03 16:17:37,288 - INFO - IA: Raquette droite déplacée de 238 à 231
2025-05-03 16:17:37,306 - INFO - IA: Raquette droite déplacée de 231 à 238
2025-05-03 16:17:37,324 - INFO - IA: Raquette droite déplacée de 238 à 245
2025-05-03 16:17:37,341 - INFO - IA: Raquette droite déplacée de 245 à 252
2025-05-03 16:17:37,359 - INFO - INPUT: Joueur appuie sur la touche BAS
2025-05-03 16:17:37,360 - INFO - JOUEUR: Raquette gauche déplacée de 161 à 168
2025-05-03 16:17:37,360 - INFO - IA: Raquette droite déplacée de 252 à 259
2025-05-03 16:17:37,377 - INFO - JOUEUR: Raquette gauche déplacée de 168 à 175
2025-05-03 16:17:37,377 - INFO - IA: Raquette droite déplacée de 259 à 266
2025-05-03 16:17:37,395 - INFO - JOUEUR: Raquette gauche déplacée de 175 à 182
2025-05-03 16:17:37,395 - INFO - IA: Raquette droite déplacée de 266 à 273
2025-05-03 16:17:37,413 - INFO - JOUEUR: Raquette gauche déplacée de 182 à 189
2025-05-03 16:17:37,431 - INFO - JOUEUR: Raquette gauche déplacée de 189 à 196
2025-05-03 16:17:37,432 - INFO - IA: Raquette droite déplacée de 273 à 280
2025-05-03 16:17:37,449 - INFO - JOUEUR: Raquette gauche déplacée de 196 à 203
2025-05-03 16:17:37,450 - INFO - IA: Raquette droite déplacée de 280 à 287
2025-05-03 16:17:37,470 - INFO - INPUT: Joueur relâche les touches directionnelles
2025-05-03 16:17:37,471 - INFO - IA: Raquette droite déplacée de 287 à 294
2025-05-03 16:17:37,489 - INFO - IA: Raquette droite déplacée de 294 à 301
2025-05-03 16:17:37,507 - INFO - IA: Raquette droite déplacée de 301 à 308
2025-05-03 16:17:37,541 - INFO - IA: Raquette droite déplacée de 308 à 315
2025-05-03 16:17:37,558 - INFO - IA: Raquette droite déplacée de 315 à 322
2025-05-03 16:17:37,576 - INFO - IA: Raquette droite déplacée de 322 à 329
2025-05-03 16:17:37,593 - INFO - IA: Raquette droite déplacée de 329 à 336
2025-05-03 16:17:37,611 - INFO - IA: Raquette droite déplacée de 336 à 329
2025-05-03 16:17:37,628 - INFO - IA: Raquette droite déplacée de 329 à 336
2025-05-03 16:17:37,645 - INFO - IA: Raquette droite déplacée de 336 à 343
2025-05-03 16:17:37,663 - INFO - IA: Raquette droite déplacée de 343 à 350
2025-05-03 16:17:37,680 - INFO - IA: Raquette droite déplacée de 350 à 357
2025-05-03 16:17:37,698 - INFO - IA: Raquette droite déplacée de 357 à 364
2025-05-03 16:17:37,717 - INFO - IA: Raquette droite déplacée de 364 à 371
2025-05-03 16:17:37,736 - INFO - IA: Raquette droite déplacée de 371 à 378
2025-05-03 16:17:37,754 - INFO - IA: Raquette droite déplacée de 378 à 385
2025-05-03 16:17:37,771 - INFO - IA: Raquette droite déplacée de 385 à 390
2025-05-03 16:17:37,806 - INFO - IA: Raquette droite déplacée de 390 à 383
2025-05-03 16:17:37,824 - INFO - IA: Raquette droite déplacée de 383 à 390
2025-05-03 16:17:37,824 - INFO - COLLISION: Balle a rebondi sur une raquette à la position (555, 458)
2025-05-03 16:17:37,859 - INFO - COLLISION: Balle a rebondi sur un mur à la position (543, 468)
2025-05-03 16:17:37,944 - INFO - IA: Raquette droite déplacée de 390 à 383
2025-05-03 16:17:37,962 - INFO - IA: Raquette droite déplacée de 383 à 390
2025-05-03 16:17:37,981 - INFO - IA: Raquette droite déplacée de 390 à 383
2025-05-03 16:17:37,999 - INFO - IA: Raquette droite déplacée de 383 à 376
2025-05-03 16:17:38,018 - INFO - IA: Raquette droite déplacée de 376 à 383
2025-05-03 16:17:38,037 - INFO - IA: Raquette droite déplacée de 383 à 390
2025-05-03 16:17:38,056 - INFO - IA: Raquette droite déplacée de 390 à 383
2025-05-03 16:17:38,073 - INFO - IA: Raquette droite déplacée de 383 à 376
2025-05-03 16:17:38,091 - INFO - IA: Raquette droite déplacée de 376 à 369
2025-05-03 16:17:38,108 - INFO - IA: Raquette droite déplacée de 369 à 376
2025-05-03 16:17:38,126 - INFO - IA: Raquette droite déplacée de 376 à 369
2025-05-03 16:17:38,143 - INFO - IA: Raquette droite déplacée de 369 à 362
2025-05-03 16:17:38,160 - INFO - IA: Raquette droite déplacée de 362 à 355
2025-05-03 16:17:38,178 - INFO - IA: Raquette droite déplacée de 355 à 348
2025-05-03 16:17:38,196 - INFO - IA: Raquette droite déplacée de 348 à 355
2025-05-03 16:17:38,214 - INFO - IA: Raquette droite déplacée de 355 à 348
2025-05-03 16:17:38,232 - INFO - IA: Raquette droite déplacée de 348 à 341
2025-05-03 16:17:38,251 - INFO - IA: Raquette droite déplacée de 341 à 348
2025-05-03 16:17:38,270 - INFO - IA: Raquette droite déplacée de 348 à 341
2025-05-03 16:17:38,288 - INFO - IA: Raquette droite déplacée de 341 à 334
2025-05-03 16:17:38,305 - INFO - IA: Raquette droite déplacée de 334 à 327
2025-05-03 16:17:38,322 - INFO - IA: Raquette droite déplacée de 327 à 320
2025-05-03 16:17:38,340 - INFO - IA: Raquette droite déplacée de 320 à 313
2025-05-03 16:17:38,358 - INFO - IA: Raquette droite déplacée de 313 à 306
2025-05-03 16:17:38,376 - INFO - IA: Raquette droite déplacée de 306 à 299
2025-05-03 16:17:38,394 - INFO - IA: Raquette droite déplacée de 299 à 292
2025-05-03 16:17:38,411 - INFO - IA: Raquette droite déplacée de 292 à 285
2025-05-03 16:17:38,428 - INFO - IA: Raquette droite déplacée de 285 à 278
2025-05-03 16:17:38,446 - INFO - IA: Raquette droite déplacée de 278 à 271
2025-05-03 16:17:38,463 - INFO - IA: Raquette droite déplacée de 271 à 264
2025-05-03 16:17:38,482 - INFO - IA: Raquette droite déplacée de 264 à 257
2025-05-03 16:17:38,500 - INFO - IA: Raquette droite déplacée de 257 à 264
2025-05-03 16:17:38,518 - INFO - IA: Raquette droite déplacée de 264 à 257
2025-05-03 16:17:38,536 - INFO - IA: Raquette droite déplacée de 257 à 250
2025-05-03 16:17:38,554 - INFO - IA: Raquette droite déplacée de 250 à 243
2025-05-03 16:17:38,571 - INFO - IA: Raquette droite déplacée de 243 à 250
2025-05-03 16:17:38,589 - INFO - IA: Raquette droite déplacée de 250 à 243
2025-05-03 16:17:38,607 - INFO - IA: Raquette droite déplacée de 243 à 236
2025-05-03 16:17:38,625 - INFO - IA: Raquette droite déplacée de 236 à 229
2025-05-03 16:17:38,643 - INFO - IA: Raquette droite déplacée de 229 à 222
2025-05-03 16:17:38,660 - INFO - IA: Raquette droite déplacée de 222 à 215
2025-05-03 16:17:38,677 - INFO - IA: Raquette droite déplacée de 215 à 222
2025-05-03 16:17:38,694 - INFO - IA: Raquette droite déplacée de 222 à 215
2025-05-03 16:17:38,713 - INFO - IA: Raquette droite déplacée de 215 à 208
2025-05-03 16:17:38,730 - INFO - IA: Raquette droite déplacée de 208 à 201
2025-05-03 16:17:38,748 - INFO - IA: Raquette droite déplacée de 201 à 194
2025-05-03 16:17:38,767 - INFO - IA: Raquette droite déplacée de 194 à 187
2025-05-03 16:17:38,786 - INFO - IA: Raquette droite déplacée de 187 à 180
2025-05-03 16:17:38,805 - INFO - IA: Raquette droite déplacée de 180 à 173
2025-05-03 16:17:38,823 - INFO - IA: Raquette droite déplacée de 173 à 166
2025-05-03 16:17:38,841 - INFO - IA: Raquette droite déplacée de 166 à 159
2025-05-03 16:17:38,858 - INFO - IA: Raquette droite déplacée de 159 à 152
2025-05-03 16:17:38,875 - INFO - IA: Raquette droite déplacée de 152 à 145
2025-05-03 16:17:38,892 - INFO - IA: Raquette droite déplacée de 145 à 152
2025-05-03 16:17:38,910 - INFO - IA: Raquette droite déplacée de 152 à 145
2025-05-03 16:17:38,928 - INFO - IA: Raquette droite déplacée de 145 à 138
2025-05-03 16:17:38,946 - INFO - INPUT: Joueur appuie sur la touche HAUT
2025-05-03 16:17:38,947 - INFO - JOUEUR: Raquette gauche déplacée de 203 à 196
2025-05-03 16:17:38,948 - INFO - IA: Raquette droite déplacée de 138 à 131
2025-05-03 16:17:38,966 - INFO - JOUEUR: Raquette gauche déplacée de 196 à 189
2025-05-03 16:17:38,967 - INFO - IA: Raquette droite déplacée de 131 à 124
2025-05-03 16:17:38,986 - INFO - JOUEUR: Raquette gauche déplacée de 189 à 182
2025-05-03 16:17:38,987 - INFO - IA: Raquette droite déplacée de 124 à 131
2025-05-03 16:17:39,006 - INFO - JOUEUR: Raquette gauche déplacée de 182 à 175
2025-05-03 16:17:39,007 - INFO - IA: Raquette droite déplacée de 131 à 124
2025-05-03 16:17:39,025 - INFO - JOUEUR: Raquette gauche déplacée de 175 à 168
2025-05-03 16:17:39,026 - INFO - IA: Raquette droite déplacée de 124 à 117
2025-05-03 16:17:39,045 - INFO - JOUEUR: Raquette gauche déplacée de 168 à 161
2025-05-03 16:17:39,045 - INFO - IA: Raquette droite déplacée de 117 à 110
2025-05-03 16:17:39,063 - INFO - JOUEUR: Raquette gauche déplacée de 161 à 154
2025-05-03 16:17:39,064 - INFO - IA: Raquette droite déplacée de 110 à 103
2025-05-03 16:17:39,081 - INFO - JOUEUR: Raquette gauche déplacée de 154 à 147
2025-05-03 16:17:39,083 - INFO - IA: Raquette droite déplacée de 103 à 110
2025-05-03 16:17:39,102 - INFO - JOUEUR: Raquette gauche déplacée de 147 à 140
2025-05-03 16:17:39,102 - INFO - IA: Raquette droite déplacée de 110 à 103
2025-05-03 16:17:39,120 - INFO - JOUEUR: Raquette gauche déplacée de 140 à 133
2025-05-03 16:17:39,120 - INFO - IA: Raquette droite déplacée de 103 à 96
2025-05-03 16:17:39,137 - INFO - JOUEUR: Raquette gauche déplacée de 133 à 126
2025-05-03 16:17:39,138 - INFO - IA: Raquette droite déplacée de 96 à 89
2025-05-03 16:17:39,155 - INFO - JOUEUR: Raquette gauche déplacée de 126 à 119
2025-05-03 16:17:39,155 - INFO - IA: Raquette droite déplacée de 89 à 82
2025-05-03 16:17:39,172 - INFO - JOUEUR: Raquette gauche déplacée de 119 à 112
2025-05-03 16:17:39,173 - INFO - IA: Raquette droite déplacée de 82 à 75
2025-05-03 16:17:39,191 - INFO - JOUEUR: Raquette gauche déplacée de 112 à 105
2025-05-03 16:17:39,191 - INFO - IA: Raquette droite déplacée de 75 à 68
2025-05-03 16:17:39,209 - INFO - JOUEUR: Raquette gauche déplacée de 105 à 98
2025-05-03 16:17:39,209 - INFO - IA: Raquette droite déplacée de 68 à 61
2025-05-03 16:17:39,227 - INFO - JOUEUR: Raquette gauche déplacée de 98 à 91
2025-05-03 16:17:39,227 - INFO - IA: Raquette droite déplacée de 61 à 54
2025-05-03 16:17:39,245 - INFO - JOUEUR: Raquette gauche déplacée de 91 à 84
2025-05-03 16:17:39,246 - INFO - IA: Raquette droite déplacée de 54 à 47
2025-05-03 16:17:39,264 - INFO - JOUEUR: Raquette gauche déplacée de 84 à 77
2025-05-03 16:17:39,264 - INFO - IA: Raquette droite déplacée de 47 à 54
2025-05-03 16:17:39,283 - INFO - JOUEUR: Raquette gauche déplacée de 77 à 70
2025-05-03 16:17:39,284 - INFO - IA: Raquette droite déplacée de 54 à 61
2025-05-03 16:17:39,302 - INFO - JOUEUR: Raquette gauche déplacée de 70 à 63
2025-05-03 16:17:39,303 - INFO - IA: Raquette droite déplacée de 61 à 54
2025-05-03 16:17:39,320 - INFO - JOUEUR: Raquette gauche déplacée de 63 à 56
2025-05-03 16:17:39,321 - INFO - IA: Raquette droite déplacée de 54 à 47
2025-05-03 16:17:39,338 - INFO - JOUEUR: Raquette gauche déplacée de 56 à 49
2025-05-03 16:17:39,339 - INFO - IA: Raquette droite déplacée de 47 à 40
2025-05-03 16:17:39,356 - INFO - INPUT: Joueur relâche les touches directionnelles
2025-05-03 16:17:39,357 - INFO - IA: Raquette droite déplacée de 40 à 33
2025-05-03 16:17:39,375 - INFO - IA: Raquette droite déplacée de 33 à 26
2025-05-03 16:17:39,392 - INFO - IA: Raquette droite déplacée de 26 à 33
2025-05-03 16:17:39,392 - INFO - COLLISION: Balle a rebondi sur une raquette à la position (33, 43)
2025-05-03 16:17:39,410 - INFO - IA: Raquette droite déplacée de 33 à 26
2025-05-03 16:17:39,429 - INFO - IA: Raquette droite déplacée de 26 à 19
2025-05-03 16:17:39,446 - INFO - IA: Raquette droite déplacée de 19 à 12
2025-05-03 16:17:39,464 - INFO - IA: Raquette droite déplacée de 12 à 5
2025-05-03 16:17:39,482 - INFO - IA: Raquette droite déplacée de 5 à 0
2025-05-03 16:17:39,500 - INFO - IA: Raquette droite déplacée de 0 à 7
2025-05-03 16:17:39,518 - INFO - IA: Raquette droite déplacée de 7 à 0
2025-05-03 16:17:39,553 - INFO - COLLISION: Balle a rebondi sur un mur à la position (96, -2)
2025-05-03 16:17:39,674 - INFO - IA: Raquette droite déplacée de 0 à 7
2025-05-03 16:17:39,692 - INFO - IA: Raquette droite déplacée de 7 à 0
2025-05-03 16:17:39,728 - INFO - IA: Raquette droite déplacée de 0 à 7
2025-05-03 16:17:39,745 - INFO - IA: Raquette droite déplacée de 7 à 0
2025-05-03 16:17:39,763 - INFO - IA: Raquette droite déplacée de 0 à 7
2025-05-03 16:17:39,781 - INFO - IA: Raquette droite déplacée de 7 à 14
2025-05-03 16:17:39,800 - INFO - IA: Raquette droite déplacée de 14 à 21
2025-05-03 16:17:39,818 - INFO - IA: Raquette droite déplacée de 21 à 28
2025-05-03 16:17:39,836 - INFO - IA: Raquette droite déplacée de 28 à 21
2025-05-03 16:17:39,854 - INFO - IA: Raquette droite déplacée de 21 à 14
2025-05-03 16:17:39,872 - INFO - IA: Raquette droite déplacée de 14 à 21
2025-05-03 16:17:39,890 - INFO - IA: Raquette droite déplacée de 21 à 28
2025-05-03 16:17:39,907 - INFO - IA: Raquette droite déplacée de 28 à 35
2025-05-03 16:17:39,925 - INFO - IA: Raquette droite déplacée de 35 à 42
2025-05-03 16:17:39,943 - INFO - IA: Raquette droite déplacée de 42 à 49
2025-05-03 16:17:39,961 - INFO - IA: Raquette droite déplacée de 49 à 56
2025-05-03 16:17:39,980 - INFO - IA: Raquette droite déplacée de 56 à 63
2025-05-03 16:17:39,999 - INFO - IA: Raquette droite déplacée de 63 à 70
2025-05-03 16:17:40,017 - INFO - IA: Raquette droite déplacée de 70 à 77
2025-05-03 16:17:40,037 - INFO - INPUT: Joueur appuie sur la touche BAS
2025-05-03 16:17:40,037 - INFO - JOUEUR: Raquette gauche déplacée de 49 à 56
2025-05-03 16:17:40,038 - INFO - IA: Raquette droite déplacée de 77 à 84
2025-05-03 16:17:40,056 - INFO - JOUEUR: Raquette gauche déplacée de 56 à 63
2025-05-03 16:17:40,057 - INFO - IA: Raquette droite déplacée de 84 à 91
2025-05-03 16:17:40,076 - INFO - JOUEUR: Raquette gauche déplacée de 63 à 70
2025-05-03 16:17:40,076 - INFO - IA: Raquette droite déplacée de 91 à 98
2025-05-03 16:17:40,094 - INFO - JOUEUR: Raquette gauche déplacée de 70 à 77
2025-05-03 16:17:40,094 - INFO - IA: Raquette droite déplacée de 98 à 105
2025-05-03 16:17:40,112 - INFO - JOUEUR: Raquette gauche déplacée de 77 à 84
2025-05-03 16:17:40,113 - INFO - IA: Raquette droite déplacée de 105 à 98
2025-05-03 16:17:40,131 - INFO - JOUEUR: Raquette gauche déplacée de 84 à 91
2025-05-03 16:17:40,132 - INFO - IA: Raquette droite déplacée de 98 à 105
2025-05-03 16:17:40,150 - INFO - JOUEUR: Raquette gauche déplacée de 91 à 98
2025-05-03 16:17:40,152 - INFO - IA: Raquette droite déplacée de 105 à 98
2025-05-03 16:17:40,170 - INFO - JOUEUR: Raquette gauche déplacée de 98 à 105
2025-05-03 16:17:40,171 - INFO - IA: Raquette droite déplacée de 98 à 105
2025-05-03 16:17:40,189 - INFO - JOUEUR: Raquette gauche déplacée de 105 à 112
2025-05-03 16:17:40,190 - INFO - IA: Raquette droite déplacée de 105 à 112
2025-05-03 16:17:40,207 - INFO - JOUEUR: Raquette gauche déplacée de 112 à 119
2025-05-03 16:17:40,207 - INFO - IA: Raquette droite déplacée de 112 à 105
2025-05-03 16:17:40,224 - INFO - JOUEUR: Raquette gauche déplacée de 119 à 126
2025-05-03 16:17:40,225 - INFO - IA: Raquette droite déplacée de 105 à 112
2025-05-03 16:17:40,242 - INFO - JOUEUR: Raquette gauche déplacée de 126 à 133
2025-05-03 16:17:40,242 - INFO - IA: Raquette droite déplacée de 112 à 119
2025-05-03 16:17:40,260 - INFO - JOUEUR: Raquette gauche déplacée de 133 à 140
2025-05-03 16:17:40,261 - INFO - IA: Raquette droite déplacée de 119 à 126
2025-05-03 16:17:40,279 - INFO - JOUEUR: Raquette gauche déplacée de 140 à 147
2025-05-03 16:17:40,279 - INFO - IA: Raquette droite déplacée de 126 à 133
2025-05-03 16:17:40,298 - INFO - JOUEUR: Raquette gauche déplacée de 147 à 154
2025-05-03 16:17:40,299 - INFO - IA: Raquette droite déplacée de 133 à 140
2025-05-03 16:17:40,318 - INFO - JOUEUR: Raquette gauche déplacée de 154 à 161
2025-05-03 16:17:40,319 - INFO - IA: Raquette droite déplacée de 140 à 147
2025-05-03 16:17:40,337 - INFO - JOUEUR: Raquette gauche déplacée de 161 à 168
2025-05-03 16:17:40,337 - INFO - IA: Raquette droite déplacée de 147 à 154
2025-05-03 16:17:40,354 - INFO - JOUEUR: Raquette gauche déplacée de 168 à 175
2025-05-03 16:17:40,355 - INFO - IA: Raquette droite déplacée de 154 à 161
2025-05-03 16:17:40,372 - INFO - JOUEUR: Raquette gauche déplacée de 175 à 182
2025-05-03 16:17:40,372 - INFO - IA: Raquette droite déplacée de 161 à 168
2025-05-03 16:17:40,390 - INFO - JOUEUR: Raquette gauche déplacée de 182 à 189
2025-05-03 16:17:40,390 - INFO - IA: Raquette droite déplacée de 168 à 175
2025-05-03 16:17:40,408 - INFO - JOUEUR: Raquette gauche déplacée de 189 à 196
2025-05-03 16:17:40,408 - INFO - IA: Raquette droite déplacée de 175 à 182
2025-05-03 16:17:40,426 - INFO - JOUEUR: Raquette gauche déplacée de 196 à 203
2025-05-03 16:17:40,426 - INFO - IA: Raquette droite déplacée de 182 à 189
2025-05-03 16:17:40,443 - INFO - JOUEUR: Raquette gauche déplacée de 203 à 210
2025-05-03 16:17:40,444 - INFO - IA: Raquette droite déplacée de 189 à 196
2025-05-03 16:17:40,461 - INFO - JOUEUR: Raquette gauche déplacée de 210 à 217
2025-05-03 16:17:40,461 - INFO - IA: Raquette droite déplacée de 196 à 189
2025-05-03 16:17:40,478 - INFO - JOUEUR: Raquette gauche déplacée de 217 à 224
2025-05-03 16:17:40,478 - INFO - IA: Raquette droite déplacée de 189 à 196
2025-05-03 16:17:40,496 - INFO - JOUEUR: Raquette gauche déplacée de 224 à 231
2025-05-03 16:17:40,496 - INFO - IA: Raquette droite déplacée de 196 à 203
2025-05-03 16:17:40,514 - INFO - JOUEUR: Raquette gauche déplacée de 231 à 238
2025-05-03 16:17:40,514 - INFO - IA: Raquette droite déplacée de 203 à 210
2025-05-03 16:17:40,533 - INFO - JOUEUR: Raquette gauche déplacée de 238 à 245
2025-05-03 16:17:40,533 - INFO - IA: Raquette droite déplacée de 210 à 203
2025-05-03 16:17:40,551 - INFO - JOUEUR: Raquette gauche déplacée de 245 à 252
2025-05-03 16:17:40,552 - INFO - IA: Raquette droite déplacée de 203 à 210
2025-05-03 16:17:40,570 - INFO - JOUEUR: Raquette gauche déplacée de 252 à 259
2025-05-03 16:17:40,571 - INFO - IA: Raquette droite déplacée de 210 à 217
2025-05-03 16:17:40,589 - INFO - JOUEUR: Raquette gauche déplacée de 259 à 266
2025-05-03 16:17:40,589 - INFO - IA: Raquette droite déplacée de 217 à 224
2025-05-03 16:17:40,607 - INFO - JOUEUR: Raquette gauche déplacée de 266 à 273
2025-05-03 16:17:40,608 - INFO - IA: Raquette droite déplacée de 224 à 231
2025-05-03 16:17:40,626 - INFO - JOUEUR: Raquette gauche déplacée de 273 à 280
2025-05-03 16:17:40,626 - INFO - IA: Raquette droite déplacée de 231 à 238
2025-05-03 16:17:40,646 - INFO - INPUT: Joueur relâche les touches directionnelles
2025-05-03 16:17:40,647 - INFO - IA: Raquette droite déplacée de 238 à 245
2025-05-03 16:17:40,664 - INFO - IA: Raquette droite déplacée de 245 à 252
2025-05-03 16:17:40,682 - INFO - IA: Raquette droite déplacée de 252 à 259
2025-05-03 16:17:40,700 - INFO - IA: Raquette droite déplacée de 259 à 266
2025-05-03 16:17:40,719 - INFO - IA: Raquette droite déplacée de 266 à 273
2025-05-03 16:17:40,736 - INFO - IA: Raquette droite déplacée de 273 à 280
2025-05-03 16:17:40,736 - INFO - COLLISION: Balle a rebondi sur une raquette à la position (551, 323)
2025-05-03 16:17:40,754 - INFO - IA: Raquette droite déplacée de 280 à 273
2025-05-03 16:17:40,772 - INFO - IA: Raquette droite déplacée de 273 à 280
2025-05-03 16:17:40,789 - INFO - IA: Raquette droite déplacée de 280 à 287
2025-05-03 16:17:40,806 - INFO - IA: Raquette droite déplacée de 287 à 294
2025-05-03 16:17:40,823 - INFO - IA: Raquette droite déplacée de 294 à 287
2025-05-03 16:17:40,842 - INFO - IA: Raquette droite déplacée de 287 à 280
2025-05-03 16:17:40,861 - INFO - IA: Raquette droite déplacée de 280 à 287
2025-05-03 16:17:40,878 - INFO - IA: Raquette droite déplacée de 287 à 294
2025-05-03 16:17:40,896 - INFO - IA: Raquette droite déplacée de 294 à 301
2025-05-03 16:17:40,914 - INFO - IA: Raquette droite déplacée de 301 à 308
2025-05-03 16:17:40,931 - INFO - IA: Raquette droite déplacée de 308 à 315
2025-05-03 16:17:40,950 - INFO - IA: Raquette droite déplacée de 315 à 322
2025-05-03 16:17:40,968 - INFO - IA: Raquette droite déplacée de 322 à 329
2025-05-03 16:17:40,986 - INFO - IA: Raquette droite déplacée de 329 à 336
2025-05-03 16:17:41,003 - INFO - IA: Raquette droite déplacée de 336 à 343
2025-05-03 16:17:41,022 - INFO - IA: Raquette droite déplacée de 343 à 350
2025-05-03 16:17:41,040 - INFO - IA: Raquette droite déplacée de 350 à 343
2025-05-03 16:17:41,057 - INFO - IA: Raquette droite déplacée de 343 à 350
2025-05-03 16:17:41,093 - INFO - INPUT: Joueur appuie sur la touche HAUT
2025-05-03 16:17:41,095 - INFO - JOUEUR: Raquette gauche déplacée de 280 à 273
2025-05-03 16:17:41,096 - INFO - IA: Raquette droite déplacée de 350 à 357
2025-05-03 16:17:41,115 - INFO - JOUEUR: Raquette gauche déplacée de 273 à 266
2025-05-03 16:17:41,118 - INFO - IA: Raquette droite déplacée de 357 à 364
2025-05-03 16:17:41,137 - INFO - JOUEUR: Raquette gauche déplacée de 266 à 259
2025-05-03 16:17:41,138 - INFO - IA: Raquette droite déplacée de 364 à 371
2025-05-03 16:17:41,156 - INFO - JOUEUR: Raquette gauche déplacée de 259 à 252
2025-05-03 16:17:41,156 - INFO - IA: Raquette droite déplacée de 371 à 378
2025-05-03 16:17:41,173 - INFO - JOUEUR: Raquette gauche déplacée de 252 à 245
2025-05-03 16:17:41,173 - INFO - IA: Raquette droite déplacée de 378 à 385
2025-05-03 16:17:41,190 - INFO - JOUEUR: Raquette gauche déplacée de 245 à 238
2025-05-03 16:17:41,191 - INFO - IA: Raquette droite déplacée de 385 à 390
2025-05-03 16:17:41,209 - INFO - INPUT: Joueur relâche les touches directionnelles
2025-05-03 16:17:41,209 - INFO - IA: Raquette droite déplacée de 390 à 383
2025-05-03 16:17:41,227 - INFO - IA: Raquette droite déplacée de 383 à 390
2025-05-03 16:17:41,262 - INFO - COLLISION: Balle a rebondi sur un mur à la position (348, 468)
2025-05-03 16:17:41,434 - INFO - IA: Raquette droite déplacée de 390 à 383
2025-05-03 16:17:41,452 - INFO - IA: Raquette droite déplacée de 383 à 376
2025-05-03 16:17:41,469 - INFO - IA: Raquette droite déplacée de 376 à 369
2025-05-03 16:17:41,486 - INFO - IA: Raquette droite déplacée de 369 à 376
2025-05-03 16:17:41,504 - INFO - IA: Raquette droite déplacée de 376 à 369
2025-05-03 16:17:41,521 - INFO - IA: Raquette droite déplacée de 369 à 362
2025-05-03 16:17:41,539 - INFO - IA: Raquette droite déplacée de 362 à 355
2025-05-03 16:17:41,557 - INFO - IA: Raquette droite déplacée de 355 à 348
2025-05-03 16:17:41,574 - INFO - IA: Raquette droite déplacée de 348 à 355
2025-05-03 16:17:41,592 - INFO - IA: Raquette droite déplacée de 355 à 362
2025-05-03 16:17:41,610 - INFO - IA: Raquette droite déplacée de 362 à 355
2025-05-03 16:17:41,628 - INFO - IA: Raquette droite déplacée de 355 à 348
2025-05-03 16:17:41,646 - INFO - IA: Raquette droite déplacée de 348 à 341
2025-05-03 16:17:41,663 - INFO - IA: Raquette droite déplacée de 341 à 334
2025-05-03 16:17:41,681 - INFO - IA: Raquette droite déplacée de 334 à 327
2025-05-03 16:17:41,699 - INFO - IA: Raquette droite déplacée de 327 à 320
2025-05-03 16:17:41,718 - INFO - IA: Raquette droite déplacée de 320 à 313
2025-05-03 16:17:41,736 - INFO - IA: Raquette droite déplacée de 313 à 306
2025-05-03 16:17:41,753 - INFO - IA: Raquette droite déplacée de 306 à 299
2025-05-03 16:17:41,771 - INFO - IA: Raquette droite déplacée de 299 à 306
2025-05-03 16:17:41,789 - INFO - IA: Raquette droite déplacée de 306 à 299
2025-05-03 16:17:41,807 - INFO - IA: Raquette droite déplacée de 299 à 292
2025-05-03 16:17:41,824 - INFO - IA: Raquette droite déplacée de 292 à 285
2025-05-03 16:17:41,842 - INFO - IA: Raquette droite déplacée de 285 à 278
2025-05-03 16:17:41,860 - INFO - INPUT: Joueur appuie sur la touche HAUT
2025-05-03 16:17:41,861 - INFO - JOUEUR: Raquette gauche déplacée de 238 à 231
2025-05-03 16:17:41,861 - INFO - IA: Raquette droite déplacée de 278 à 271
2025-05-03 16:17:41,880 - INFO - JOUEUR: Raquette gauche déplacée de 231 à 224
2025-05-03 16:17:41,881 - INFO - IA: Raquette droite déplacée de 271 à 264
2025-05-03 16:17:41,899 - INFO - JOUEUR: Raquette gauche déplacée de 224 à 217
2025-05-03 16:17:41,899 - INFO - IA: Raquette droite déplacée de 264 à 257
2025-05-03 16:17:41,918 - INFO - JOUEUR: Raquette gauche déplacée de 217 à 210
2025-05-03 16:17:41,918 - INFO - IA: Raquette droite déplacée de 257 à 250
2025-05-03 16:17:41,936 - INFO - JOUEUR: Raquette gauche déplacée de 210 à 203
2025-05-03 16:17:41,936 - INFO - IA: Raquette droite déplacée de 250 à 243
2025-05-03 16:17:41,954 - INFO - JOUEUR: Raquette gauche déplacée de 203 à 196
2025-05-03 16:17:41,954 - INFO - IA: Raquette droite déplacée de 243 à 236
2025-05-03 16:17:41,972 - INFO - INPUT: Joueur relâche les touches directionnelles
2025-05-03 16:17:41,972 - INFO - IA: Raquette droite déplacée de 236 à 243
2025-05-03 16:17:41,990 - INFO - IA: Raquette droite déplacée de 243 à 236
2025-05-03 16:17:42,008 - INFO - IA: Raquette droite déplacée de 236 à 229
2025-05-03 16:17:42,025 - INFO - IA: Raquette droite déplacée de 229 à 222
2025-05-03 16:17:42,043 - INFO - IA: Raquette droite déplacée de 222 à 229
2025-05-03 16:17:42,061 - INFO - IA: Raquette droite déplacée de 229 à 222
2025-05-03 16:17:42,062 - INFO - COLLISION: Balle a rebondi sur une raquette à la position (33, 243)
2025-05-03 16:17:42,083 - INFO - IA: Raquette droite déplacée de 222 à 215
2025-05-03 16:17:42,101 - INFO - IA: Raquette droite déplacée de 215 à 208
2025-05-03 16:17:42,119 - INFO - IA: Raquette droite déplacée de 208 à 201
2025-05-03 16:17:42,138 - INFO - IA: Raquette droite déplacée de 201 à 194
2025-05-03 16:17:42,156 - INFO - IA: Raquette droite déplacée de 194 à 187
2025-05-03 16:17:42,175 - INFO - IA: Raquette droite déplacée de 187 à 180
2025-05-03 16:17:42,194 - INFO - IA: Raquette droite déplacée de 180 à 187
2025-05-03 16:17:42,211 - INFO - IA: Raquette droite déplacée de 187 à 180
2025-05-03 16:17:42,230 - INFO - IA: Raquette droite déplacée de 180 à 173
2025-05-03 16:17:42,248 - INFO - IA: Raquette droite déplacée de 173 à 166
2025-05-03 16:17:42,267 - INFO - INPUT: Joueur appuie sur la touche HAUT
2025-05-03 16:17:42,268 - INFO - JOUEUR: Raquette gauche déplacée de 196 à 189
2025-05-03 16:17:42,268 - INFO - IA: Raquette droite déplacée de 166 à 159
2025-05-03 16:17:42,285 - INFO - JOUEUR: Raquette gauche déplacée de 189 à 182
2025-05-03 16:17:42,285 - INFO - IA: Raquette droite déplacée de 159 à 152
2025-05-03 16:17:42,302 - INFO - JOUEUR: Raquette gauche déplacée de 182 à 175
2025-05-03 16:17:42,303 - INFO - IA: Raquette droite déplacée de 152 à 145
2025-05-03 16:17:42,320 - INFO - JOUEUR: Raquette gauche déplacée de 175 à 168
2025-05-03 16:17:42,320 - INFO - IA: Raquette droite déplacée de 145 à 138
2025-05-03 16:17:42,338 - INFO - JOUEUR: Raquette gauche déplacée de 168 à 161
2025-05-03 16:17:42,339 - INFO - IA: Raquette droite déplacée de 138 à 131
2025-05-03 16:17:42,356 - INFO - JOUEUR: Raquette gauche déplacée de 161 à 154
2025-05-03 16:17:42,357 - INFO - IA: Raquette droite déplacée de 131 à 124
2025-05-03 16:17:42,374 - INFO - JOUEUR: Raquette gauche déplacée de 154 à 147
2025-05-03 16:17:42,376 - INFO - IA: Raquette droite déplacée de 124 à 117
2025-05-03 16:17:42,394 - INFO - JOUEUR: Raquette gauche déplacée de 147 à 140
2025-05-03 16:17:42,394 - INFO - IA: Raquette droite déplacée de 117 à 110
2025-05-03 16:17:42,412 - INFO - JOUEUR: Raquette gauche déplacée de 140 à 133
2025-05-03 16:17:42,413 - INFO - IA: Raquette droite déplacée de 110 à 117
2025-05-03 16:17:42,432 - INFO - INPUT: Joueur relâche les touches directionnelles
2025-05-03 16:17:42,432 - INFO - IA: Raquette droite déplacée de 117 à 124
2025-05-03 16:17:42,450 - INFO - IA: Raquette droite déplacée de 124 à 117
2025-05-03 16:17:42,467 - INFO - IA: Raquette droite déplacée de 117 à 124
2025-05-03 16:17:42,484 - INFO - IA: Raquette droite déplacée de 124 à 117
2025-05-03 16:17:42,501 - INFO - IA: Raquette droite déplacée de 117 à 110
2025-05-03 16:17:42,519 - INFO - IA: Raquette droite déplacée de 110 à 103
2025-05-03 16:17:42,537 - INFO - IA: Raquette droite déplacée de 103 à 96
2025-05-03 16:17:42,555 - INFO - IA: Raquette droite déplacée de 96 à 89
2025-05-03 16:17:42,572 - INFO - IA: Raquette droite déplacée de 89 à 82
2025-05-03 16:17:42,590 - INFO - IA: Raquette droite déplacée de 82 à 75
2025-05-03 16:17:42,608 - INFO - IA: Raquette droite déplacée de 75 à 68
2025-05-03 16:17:42,626 - INFO - IA: Raquette droite déplacée de 68 à 61
2025-05-03 16:17:42,643 - INFO - IA: Raquette droite déplacée de 61 à 68
2025-05-03 16:17:42,662 - INFO - INPUT: Joueur appuie sur la touche HAUT
2025-05-03 16:17:42,663 - INFO - JOUEUR: Raquette gauche déplacée de 133 à 126
2025-05-03 16:17:42,664 - INFO - IA: Raquette droite déplacée de 68 à 61
2025-05-03 16:17:42,683 - INFO - JOUEUR: Raquette gauche déplacée de 126 à 119
2025-05-03 16:17:42,684 - INFO - IA: Raquette droite déplacée de 61 à 54
2025-05-03 16:17:42,702 - INFO - JOUEUR: Raquette gauche déplacée de 119 à 112
2025-05-03 16:17:42,705 - INFO - IA: Raquette droite déplacée de 54 à 47
2025-05-03 16:17:42,722 - INFO - JOUEUR: Raquette gauche déplacée de 112 à 105
2025-05-03 16:17:42,723 - INFO - IA: Raquette droite déplacée de 47 à 40
2025-05-03 16:17:42,740 - INFO - INPUT: Joueur relâche les touches directionnelles
2025-05-03 16:17:42,740 - INFO - IA: Raquette droite déplacée de 40 à 33
2025-05-03 16:17:42,758 - INFO - IA: Raquette droite déplacée de 33 à 40
2025-05-03 16:17:42,775 - INFO - IA: Raquette droite déplacée de 40 à 33
2025-05-03 16:17:42,793 - INFO - IA: Raquette droite déplacée de 33 à 26
2025-05-03 16:17:42,811 - INFO - IA: Raquette droite déplacée de 26 à 19
2025-05-03 16:17:42,829 - INFO - INPUT: Joueur appuie sur la touche HAUT
2025-05-03 16:17:42,830 - INFO - JOUEUR: Raquette gauche déplacée de 105 à 98
2025-05-03 16:17:42,830 - INFO - IA: Raquette droite déplacée de 19 à 12
2025-05-03 16:17:42,848 - INFO - JOUEUR: Raquette gauche déplacée de 98 à 91
2025-05-03 16:17:42,848 - INFO - IA: Raquette droite déplacée de 12 à 5
2025-05-03 16:17:42,866 - INFO - JOUEUR: Raquette gauche déplacée de 91 à 84
2025-05-03 16:17:42,866 - INFO - IA: Raquette droite déplacée de 5 à 0
2025-05-03 16:17:42,884 - INFO - JOUEUR: Raquette gauche déplacée de 84 à 77
2025-05-03 16:17:42,903 - INFO - INPUT: Joueur relâche les touches directionnelles
2025-05-03 16:17:42,957 - INFO - COLLISION: Balle a rebondi sur un mur à la position (425, -2)
2025-05-03 16:17:43,117 - INFO - IA: Raquette droite déplacée de 0 à 7
2025-05-03 16:17:43,136 - INFO - IA: Raquette droite déplacée de 7 à 0
2025-05-03 16:17:43,154 - INFO - IA: Raquette droite déplacée de 0 à 7
2025-05-03 16:17:43,171 - INFO - IA: Raquette droite déplacée de 7 à 14
2025-05-03 16:17:43,189 - INFO - IA: Raquette droite déplacée de 14 à 7
2025-05-03 16:17:43,208 - INFO - IA: Raquette droite déplacée de 7 à 14
2025-05-03 16:17:43,226 - INFO - IA: Raquette droite déplacée de 14 à 7
2025-05-03 16:17:43,244 - INFO - IA: Raquette droite déplacée de 7 à 14
2025-05-03 16:17:43,245 - INFO - COLLISION: Balle a rebondi sur une raquette à la position (553, 78)
2025-05-03 16:17:43,263 - INFO - IA: Raquette droite déplacée de 14 à 21
2025-05-03 16:17:43,281 - INFO - IA: Raquette droite déplacée de 21 à 28
2025-05-03 16:17:43,299 - INFO - IA: Raquette droite déplacée de 28 à 35
2025-05-03 16:17:43,317 - INFO - IA: Raquette droite déplacée de 35 à 28
2025-05-03 16:17:43,335 - INFO - IA: Raquette droite déplacée de 28 à 35
2025-05-03 16:17:43,353 - INFO - IA: Raquette droite déplacée de 35 à 42
2025-05-03 16:17:43,370 - INFO - IA: Raquette droite déplacée de 42 à 49
2025-05-03 16:17:43,388 - INFO - IA: Raquette droite déplacée de 49 à 56
2025-05-03 16:17:43,405 - INFO - IA: Raquette droite déplacée de 56 à 63
2025-05-03 16:17:43,423 - INFO - INPUT: Joueur appuie sur la touche BAS
2025-05-03 16:17:43,423 - INFO - JOUEUR: Raquette gauche déplacée de 77 à 84
2025-05-03 16:17:43,424 - INFO - IA: Raquette droite déplacée de 63 à 70
2025-05-03 16:17:43,441 - INFO - JOUEUR: Raquette gauche déplacée de 84 à 91
2025-05-03 16:17:43,442 - INFO - IA: Raquette droite déplacée de 70 à 77
2025-05-03 16:17:43,459 - INFO - JOUEUR: Raquette gauche déplacée de 91 à 98
2025-05-03 16:17:43,460 - INFO - IA: Raquette droite déplacée de 77 à 70
2025-05-03 16:17:43,478 - INFO - JOUEUR: Raquette gauche déplacée de 98 à 105
2025-05-03 16:17:43,479 - INFO - IA: Raquette droite déplacée de 70 à 77
2025-05-03 16:17:43,497 - INFO - JOUEUR: Raquette gauche déplacée de 105 à 112
2025-05-03 16:17:43,499 - INFO - IA: Raquette droite déplacée de 77 à 84
2025-05-03 16:17:43,516 - INFO - JOUEUR: Raquette gauche déplacée de 112 à 119
2025-05-03 16:17:43,517 - INFO - IA: Raquette droite déplacée de 84 à 91
2025-05-03 16:17:43,534 - INFO - JOUEUR: Raquette gauche déplacée de 119 à 126
2025-05-03 16:17:43,535 - INFO - IA: Raquette droite déplacée de 91 à 84
2025-05-03 16:17:43,552 - INFO - JOUEUR: Raquette gauche déplacée de 126 à 133
2025-05-03 16:17:43,552 - INFO - IA: Raquette droite déplacée de 84 à 91
2025-05-03 16:17:43,570 - INFO - JOUEUR: Raquette gauche déplacée de 133 à 140
2025-05-03 16:17:43,570 - INFO - IA: Raquette droite déplacée de 91 à 98
2025-05-03 16:17:43,587 - INFO - JOUEUR: Raquette gauche déplacée de 140 à 147
2025-05-03 16:17:43,588 - INFO - IA: Raquette droite déplacée de 98 à 105
2025-05-03 16:17:43,606 - INFO - JOUEUR: Raquette gauche déplacée de 147 à 154
2025-05-03 16:17:43,606 - INFO - IA: Raquette droite déplacée de 105 à 112
2025-05-03 16:17:43,624 - INFO - INPUT: Joueur relâche les touches directionnelles
2025-05-03 16:17:43,625 - INFO - IA: Raquette droite déplacée de 112 à 119
2025-05-03 16:17:43,643 - INFO - IA: Raquette droite déplacée de 119 à 126
2025-05-03 16:17:43,660 - INFO - INPUT: Joueur appuie sur la touche BAS
2025-05-03 16:17:43,661 - INFO - JOUEUR: Raquette gauche déplacée de 154 à 161
2025-05-03 16:17:43,662 - INFO - IA: Raquette droite déplacée de 126 à 133
2025-05-03 16:17:43,680 - INFO - JOUEUR: Raquette gauche déplacée de 161 à 168
2025-05-03 16:17:43,680 - INFO - IA: Raquette droite déplacée de 133 à 140
2025-05-03 16:17:43,698 - INFO - JOUEUR: Raquette gauche déplacée de 168 à 175
2025-05-03 16:17:43,699 - INFO - IA: Raquette droite déplacée de 140 à 133
2025-05-03 16:17:43,716 - INFO - JOUEUR: Raquette gauche déplacée de 175 à 182
2025-05-03 16:17:43,717 - INFO - IA: Raquette droite déplacée de 133 à 140
2025-05-03 16:17:43,735 - INFO - JOUEUR: Raquette gauche déplacée de 182 à 189
2025-05-03 16:17:43,735 - INFO - IA: Raquette droite déplacée de 140 à 147
2025-05-03 16:17:43,753 - INFO - JOUEUR: Raquette gauche déplacée de 189 à 196
2025-05-03 16:17:43,754 - INFO - IA: Raquette droite déplacée de 147 à 154
2025-05-03 16:17:43,771 - INFO - JOUEUR: Raquette gauche déplacée de 196 à 203
2025-05-03 16:17:43,772 - INFO - IA: Raquette droite déplacée de 154 à 161
2025-05-03 16:17:43,789 - INFO - JOUEUR: Raquette gauche déplacée de 203 à 210
2025-05-03 16:17:43,790 - INFO - IA: Raquette droite déplacée de 161 à 168
2025-05-03 16:17:43,808 - INFO - JOUEUR: Raquette gauche déplacée de 210 à 217
2025-05-03 16:17:43,808 - INFO - IA: Raquette droite déplacée de 168 à 175
2025-05-03 16:17:43,826 - INFO - JOUEUR: Raquette gauche déplacée de 217 à 224
2025-05-03 16:17:43,826 - INFO - IA: Raquette droite déplacée de 175 à 182
2025-05-03 16:17:43,844 - INFO - JOUEUR: Raquette gauche déplacée de 224 à 231
2025-05-03 16:17:43,845 - INFO - IA: Raquette droite déplacée de 182 à 189
2025-05-03 16:17:43,863 - INFO - JOUEUR: Raquette gauche déplacée de 231 à 238
2025-05-03 16:17:43,863 - INFO - IA: Raquette droite déplacée de 189 à 196
2025-05-03 16:17:43,882 - INFO - JOUEUR: Raquette gauche déplacée de 238 à 245
2025-05-03 16:17:43,882 - INFO - IA: Raquette droite déplacée de 196 à 189
2025-05-03 16:17:43,900 - INFO - JOUEUR: Raquette gauche déplacée de 245 à 252
2025-05-03 16:17:43,901 - INFO - IA: Raquette droite déplacée de 189 à 196
2025-05-03 16:17:43,918 - INFO - JOUEUR: Raquette gauche déplacée de 252 à 259
2025-05-03 16:17:43,918 - INFO - IA: Raquette droite déplacée de 196 à 203
2025-05-03 16:17:43,935 - INFO - JOUEUR: Raquette gauche déplacée de 259 à 266
2025-05-03 16:17:43,936 - INFO - IA: Raquette droite déplacée de 203 à 210
2025-05-03 16:17:43,954 - INFO - JOUEUR: Raquette gauche déplacée de 266 à 273
2025-05-03 16:17:43,954 - INFO - IA: Raquette droite déplacée de 210 à 217
2025-05-03 16:17:43,972 - INFO - JOUEUR: Raquette gauche déplacée de 273 à 280
2025-05-03 16:17:43,991 - INFO - JOUEUR: Raquette gauche déplacée de 280 à 287
2025-05-03 16:17:43,991 - INFO - IA: Raquette droite déplacée de 217 à 224
2025-05-03 16:17:44,012 - INFO - INPUT: Joueur relâche les touches directionnelles
2025-05-03 16:17:44,013 - INFO - IA: Raquette droite déplacée de 224 à 231
2025-05-03 16:17:44,050 - INFO - IA: Raquette droite déplacée de 231 à 238
2025-05-03 16:17:44,067 - INFO - IA: Raquette droite déplacée de 238 à 245
2025-05-03 16:17:44,086 - INFO - IA: Raquette droite déplacée de 245 à 252
2025-05-03 16:17:44,103 - INFO - IA: Raquette droite déplacée de 252 à 259
2025-05-03 16:17:44,120 - INFO - IA: Raquette droite déplacée de 259 à 266
2025-05-03 16:17:44,138 - INFO - IA: Raquette droite déplacée de 266 à 273
2025-05-03 16:17:44,173 - INFO - IA: Raquette droite déplacée de 273 à 280
2025-05-03 16:17:44,190 - INFO - IA: Raquette droite déplacée de 280 à 287
2025-05-03 16:17:44,208 - INFO - IA: Raquette droite déplacée de 287 à 294
2025-05-03 16:17:44,226 - INFO - IA: Raquette droite déplacée de 294 à 287
2025-05-03 16:17:44,244 - INFO - IA: Raquette droite déplacée de 287 à 294
2025-05-03 16:17:44,263 - INFO - IA: Raquette droite déplacée de 294 à 301
2025-05-03 16:17:44,282 - INFO - IA: Raquette droite déplacée de 301 à 308
2025-05-03 16:17:44,299 - INFO - IA: Raquette droite déplacée de 308 à 315
2025-05-03 16:17:44,300 - INFO - COLLISION: Balle a rebondi sur une raquette à la position (31, 368)
2025-05-03 16:17:44,317 - INFO - IA: Raquette droite déplacée de 315 à 322
2025-05-03 16:17:44,334 - INFO - IA: Raquette droite déplacée de 322 à 315
2025-05-03 16:17:44,351 - INFO - IA: Raquette droite déplacée de 315 à 322
2025-05-03 16:17:44,369 - INFO - IA: Raquette droite déplacée de 322 à 329
2025-05-03 16:17:44,386 - INFO - IA: Raquette droite déplacée de 329 à 322
2025-05-03 16:17:44,404 - INFO - IA: Raquette droite déplacée de 322 à 329
2025-05-03 16:17:44,421 - INFO - IA: Raquette droite déplacée de 329 à 336
2025-05-03 16:17:44,439 - INFO - IA: Raquette droite déplacée de 336 à 343
2025-05-03 16:17:44,456 - INFO - IA: Raquette droite déplacée de 343 à 350
2025-05-03 16:17:44,474 - INFO - IA: Raquette droite déplacée de 350 à 357
2025-05-03 16:17:44,492 - INFO - IA: Raquette droite déplacée de 357 à 364
2025-05-03 16:17:44,510 - INFO - IA: Raquette droite déplacée de 364 à 371
2025-05-03 16:17:44,531 - INFO - IA: Raquette droite déplacée de 371 à 378
2025-05-03 16:17:44,549 - INFO - IA: Raquette droite déplacée de 378 à 385
2025-05-03 16:17:44,567 - INFO - IA: Raquette droite déplacée de 385 à 390
2025-05-03 16:17:44,653 - INFO - COLLISION: Balle a rebondi sur un mur à la position (231, 468)
2025-05-03 16:17:44,757 - INFO - IA: Raquette droite déplacée de 390 à 383
2025-05-03 16:17:44,775 - INFO - IA: Raquette droite déplacée de 383 à 390
2025-05-03 16:17:44,844 - INFO - IA: Raquette droite déplacée de 390 à 383
2025-05-03 16:17:44,862 - INFO - IA: Raquette droite déplacée de 383 à 376
2025-05-03 16:17:44,880 - INFO - IA: Raquette droite déplacée de 376 à 369
2025-05-03 16:17:44,898 - INFO - IA: Raquette droite déplacée de 369 à 362
2025-05-03 16:17:44,916 - INFO - IA: Raquette droite déplacée de 362 à 369
2025-05-03 16:17:44,934 - INFO - IA: Raquette droite déplacée de 369 à 362
2025-05-03 16:17:44,952 - INFO - IA: Raquette droite déplacée de 362 à 355
2025-05-03 16:17:44,970 - INFO - IA: Raquette droite déplacée de 355 à 348
2025-05-03 16:17:44,988 - INFO - IA: Raquette droite déplacée de 348 à 355
2025-05-03 16:17:45,006 - INFO - IA: Raquette droite déplacée de 355 à 348
2025-05-03 16:17:45,024 - INFO - IA: Raquette droite déplacée de 348 à 341
2025-05-03 16:17:45,042 - INFO - IA: Raquette droite déplacée de 341 à 334
2025-05-03 16:17:45,060 - INFO - IA: Raquette droite déplacée de 334 à 341
2025-05-03 16:17:45,080 - INFO - IA: Raquette droite déplacée de 341 à 334
2025-05-03 16:17:45,099 - INFO - IA: Raquette droite déplacée de 334 à 327
2025-05-03 16:17:45,116 - INFO - IA: Raquette droite déplacée de 327 à 320
2025-05-03 16:17:45,133 - INFO - IA: Raquette droite déplacée de 320 à 327
2025-05-03 16:17:45,151 - INFO - IA: Raquette droite déplacée de 327 à 320
2025-05-03 16:17:45,169 - INFO - IA: Raquette droite déplacée de 320 à 313
2025-05-03 16:17:45,187 - INFO - IA: Raquette droite déplacée de 313 à 306
2025-05-03 16:17:45,206 - INFO - IA: Raquette droite déplacée de 306 à 299
2025-05-03 16:17:45,224 - INFO - IA: Raquette droite déplacée de 299 à 292
2025-05-03 16:17:45,224 - INFO - COLLISION: Balle a rebondi sur une raquette à la position (551, 308)
2025-05-03 16:17:45,241 - INFO - IA: Raquette droite déplacée de 292 à 285
2025-05-03 16:17:45,259 - INFO - IA: Raquette droite déplacée de 285 à 278
2025-05-03 16:17:45,276 - INFO - IA: Raquette droite déplacée de 278 à 271
2025-05-03 16:17:45,296 - INFO - IA: Raquette droite déplacée de 271 à 264
2025-05-03 16:17:45,316 - INFO - IA: Raquette droite déplacée de 264 à 257
2025-05-03 16:17:45,333 - INFO - IA: Raquette droite déplacée de 257 à 250
2025-05-03 16:17:45,351 - INFO - IA: Raquette droite déplacée de 250 à 243
2025-05-03 16:17:45,369 - INFO - IA: Raquette droite déplacée de 243 à 250
2025-05-03 16:17:45,386 - INFO - IA: Raquette droite déplacée de 250 à 243
2025-05-03 16:17:45,403 - INFO - IA: Raquette droite déplacée de 243 à 236
2025-05-03 16:17:45,421 - INFO - IA: Raquette droite déplacée de 236 à 229
2025-05-03 16:17:45,438 - INFO - IA: Raquette droite déplacée de 229 à 222
2025-05-03 16:17:45,455 - INFO - IA: Raquette droite déplacée de 222 à 229
2025-05-03 16:17:45,474 - INFO - INPUT: Joueur appuie sur la touche HAUT
2025-05-03 16:17:45,474 - INFO - JOUEUR: Raquette gauche déplacée de 287 à 280
2025-05-03 16:17:45,474 - INFO - IA: Raquette droite déplacée de 229 à 222
2025-05-03 16:17:45,492 - INFO - JOUEUR: Raquette gauche déplacée de 280 à 273
2025-05-03 16:17:45,492 - INFO - IA: Raquette droite déplacée de 222 à 215
2025-05-03 16:17:45,510 - INFO - JOUEUR: Raquette gauche déplacée de 273 à 266
2025-05-03 16:17:45,511 - INFO - IA: Raquette droite déplacée de 215 à 208
2025-05-03 16:17:45,531 - INFO - JOUEUR: Raquette gauche déplacée de 266 à 259
2025-05-03 16:17:45,532 - INFO - IA: Raquette droite déplacée de 208 à 201
2025-05-03 16:17:45,549 - INFO - JOUEUR: Raquette gauche déplacée de 259 à 252
2025-05-03 16:17:45,550 - INFO - IA: Raquette droite déplacée de 201 à 194
2025-05-03 16:17:45,567 - INFO - JOUEUR: Raquette gauche déplacée de 252 à 245
2025-05-03 16:17:45,568 - INFO - IA: Raquette droite déplacée de 194 à 187
2025-05-03 16:17:45,586 - INFO - JOUEUR: Raquette gauche déplacée de 245 à 238
2025-05-03 16:17:45,586 - INFO - IA: Raquette droite déplacée de 187 à 180
2025-05-03 16:17:45,604 - INFO - JOUEUR: Raquette gauche déplacée de 238 à 231
2025-05-03 16:17:45,604 - INFO - IA: Raquette droite déplacée de 180 à 173
2025-05-03 16:17:45,622 - INFO - JOUEUR: Raquette gauche déplacée de 231 à 224
2025-05-03 16:17:45,622 - INFO - IA: Raquette droite déplacée de 173 à 166
2025-05-03 16:17:45,639 - INFO - JOUEUR: Raquette gauche déplacée de 224 à 217
2025-05-03 16:17:45,640 - INFO - IA: Raquette droite déplacée de 166 à 173
2025-05-03 16:17:45,657 - INFO - JOUEUR: Raquette gauche déplacée de 217 à 210
2025-05-03 16:17:45,657 - INFO - IA: Raquette droite déplacée de 173 à 166
2025-05-03 16:17:45,675 - INFO - JOUEUR: Raquette gauche déplacée de 210 à 203
2025-05-03 16:17:45,675 - INFO - IA: Raquette droite déplacée de 166 à 173
2025-05-03 16:17:45,693 - INFO - JOUEUR: Raquette gauche déplacée de 203 à 196
2025-05-03 16:17:45,694 - INFO - IA: Raquette droite déplacée de 173 à 166
2025-05-03 16:17:45,713 - INFO - JOUEUR: Raquette gauche déplacée de 196 à 189
2025-05-03 16:17:45,714 - INFO - IA: Raquette droite déplacée de 166 à 159
2025-05-03 16:17:45,731 - INFO - JOUEUR: Raquette gauche déplacée de 189 à 182
2025-05-03 16:17:45,732 - INFO - IA: Raquette droite déplacée de 159 à 166
2025-05-03 16:17:45,749 - INFO - JOUEUR: Raquette gauche déplacée de 182 à 175
2025-05-03 16:17:45,750 - INFO - IA: Raquette droite déplacée de 166 à 159
2025-05-03 16:17:45,767 - INFO - JOUEUR: Raquette gauche déplacée de 175 à 168
2025-05-03 16:17:45,768 - INFO - IA: Raquette droite déplacée de 159 à 152
2025-05-03 16:17:45,786 - INFO - JOUEUR: Raquette gauche déplacée de 168 à 161
2025-05-03 16:17:45,786 - INFO - IA: Raquette droite déplacée de 152 à 145
2025-05-03 16:17:45,804 - INFO - JOUEUR: Raquette gauche déplacée de 161 à 154
2025-05-03 16:17:45,805 - INFO - IA: Raquette droite déplacée de 145 à 138
2025-05-03 16:17:45,823 - INFO - JOUEUR: Raquette gauche déplacée de 154 à 147
2025-05-03 16:17:45,824 - INFO - IA: Raquette droite déplacée de 138 à 131
2025-05-03 16:17:45,842 - INFO - JOUEUR: Raquette gauche déplacée de 147 à 140
2025-05-03 16:17:45,842 - INFO - IA: Raquette droite déplacée de 131 à 124
2025-05-03 16:17:45,861 - INFO - INPUT: Joueur relâche les touches directionnelles
2025-05-03 16:17:45,861 - INFO - IA: Raquette droite déplacée de 124 à 117
2025-05-03 16:17:45,897 - INFO - IA: Raquette droite déplacée de 117 à 110
2025-05-03 16:17:45,914 - INFO - IA: Raquette droite déplacée de 110 à 103
2025-05-03 16:17:45,932 - INFO - IA: Raquette droite déplacée de 103 à 110
2025-05-03 16:17:45,949 - INFO - IA: Raquette droite déplacée de 110 à 103
2025-05-03 16:17:45,967 - INFO - IA: Raquette droite déplacée de 103 à 96
2025-05-03 16:17:45,985 - INFO - IA: Raquette droite déplacée de 96 à 89
2025-05-03 16:17:46,003 - INFO - IA: Raquette droite déplacée de 89 à 82
2025-05-03 16:17:46,020 - INFO - INPUT: Joueur appuie sur la touche HAUT
2025-05-03 16:17:46,021 - INFO - JOUEUR: Raquette gauche déplacée de 140 à 133
2025-05-03 16:17:46,021 - INFO - IA: Raquette droite déplacée de 82 à 75
2025-05-03 16:17:46,038 - INFO - JOUEUR: Raquette gauche déplacée de 133 à 126
2025-05-03 16:17:46,039 - INFO - IA: Raquette droite déplacée de 75 à 68
2025-05-03 16:17:46,056 - INFO - JOUEUR: Raquette gauche déplacée de 126 à 119
2025-05-03 16:17:46,056 - INFO - IA: Raquette droite déplacée de 68 à 61
2025-05-03 16:17:46,074 - INFO - JOUEUR: Raquette gauche déplacée de 119 à 112
2025-05-03 16:17:46,074 - INFO - IA: Raquette droite déplacée de 61 à 54
2025-05-03 16:17:46,096 - INFO - JOUEUR: Raquette gauche déplacée de 112 à 105
2025-05-03 16:17:46,097 - INFO - IA: Raquette droite déplacée de 54 à 47
2025-05-03 16:17:46,116 - INFO - JOUEUR: Raquette gauche déplacée de 105 à 98
2025-05-03 16:17:46,117 - INFO - IA: Raquette droite déplacée de 47 à 40
2025-05-03 16:17:46,135 - INFO - JOUEUR: Raquette gauche déplacée de 98 à 91
2025-05-03 16:17:46,135 - INFO - IA: Raquette droite déplacée de 40 à 33
2025-05-03 16:17:46,153 - INFO - JOUEUR: Raquette gauche déplacée de 91 à 84
2025-05-03 16:17:46,154 - INFO - IA: Raquette droite déplacée de 33 à 26
2025-05-03 16:17:46,154 - INFO - POINT: Joueur droite (IA) marque un point! Score: 0-5
2025-05-03 16:17:46,172 - INFO - JOUEUR: Raquette gauche déplacée de 84 à 77
2025-05-03 16:17:46,173 - INFO - IA: Raquette droite déplacée de 26 à 33
2025-05-03 16:17:46,190 - INFO - JOUEUR: Raquette gauche déplacée de 77 à 70
2025-05-03 16:17:46,190 - INFO - IA: Raquette droite déplacée de 33 à 40
2025-05-03 16:17:46,208 - INFO - JOUEUR: Raquette gauche déplacée de 70 à 63
2025-05-03 16:17:46,208 - INFO - IA: Raquette droite déplacée de 40 à 47
2025-05-03 16:17:46,226 - INFO - JOUEUR: Raquette gauche déplacée de 63 à 56
2025-05-03 16:17:46,227 - INFO - IA: Raquette droite déplacée de 47 à 54
2025-05-03 16:17:46,246 - INFO - JOUEUR: Raquette gauche déplacée de 56 à 49
2025-05-03 16:17:46,246 - INFO - IA: Raquette droite déplacée de 54 à 61
2025-05-03 16:17:46,264 - INFO - JOUEUR: Raquette gauche déplacée de 49 à 42
2025-05-03 16:17:46,265 - INFO - IA: Raquette droite déplacée de 61 à 68
2025-05-03 16:17:46,281 - INFO - JOUEUR: Raquette gauche déplacée de 42 à 35
2025-05-03 16:17:46,282 - INFO - IA: Raquette droite déplacée de 68 à 75
2025-05-03 16:17:46,299 - INFO - JOUEUR: Raquette gauche déplacée de 35 à 28
2025-05-03 16:17:46,299 - INFO - IA: Raquette droite déplacée de 75 à 82
2025-05-03 16:17:46,318 - INFO - JOUEUR: Raquette gauche déplacée de 28 à 21
2025-05-03 16:17:46,318 - INFO - IA: Raquette droite déplacée de 82 à 89
2025-05-03 16:17:46,337 - INFO - INPUT: Joueur relâche les touches directionnelles
2025-05-03 16:17:46,339 - INFO - IA: Raquette droite déplacée de 89 à 96
2025-05-03 16:17:46,358 - INFO - IA: Raquette droite déplacée de 96 à 103
2025-05-03 16:17:46,376 - INFO - IA: Raquette droite déplacée de 103 à 110
2025-05-03 16:17:46,395 - INFO - IA: Raquette droite déplacée de 110 à 117
2025-05-03 16:17:46,412 - INFO - IA: Raquette droite déplacée de 117 à 124
2025-05-03 16:17:46,429 - INFO - IA: Raquette droite déplacée de 124 à 131
2025-05-03 16:17:46,447 - INFO - IA: Raquette droite déplacée de 131 à 138
2025-05-03 16:17:46,465 - INFO - IA: Raquette droite déplacée de 138 à 145
2025-05-03 16:17:46,484 - INFO - IA: Raquette droite déplacée de 145 à 152
2025-05-03 16:17:46,502 - INFO - IA: Raquette droite déplacée de 152 à 159
2025-05-03 16:17:46,519 - INFO - IA: Raquette droite déplacée de 159 à 166
2025-05-03 16:17:46,536 - INFO - IA: Raquette droite déplacée de 166 à 173
2025-05-03 16:17:46,554 - INFO - IA: Raquette droite déplacée de 173 à 180
2025-05-03 16:17:46,571 - INFO - IA: Raquette droite déplacée de 180 à 187
2025-05-03 16:17:46,590 - INFO - IA: Raquette droite déplacée de 187 à 194
2025-05-03 16:17:46,608 - INFO - IA: Raquette droite déplacée de 194 à 201
2025-05-03 16:17:46,626 - INFO - IA: Raquette droite déplacée de 201 à 208
2025-05-03 16:17:46,644 - INFO - IA: Raquette droite déplacée de 208 à 215
2025-05-03 16:17:46,662 - INFO - IA: Raquette droite déplacée de 215 à 222
2025-05-03 16:17:46,679 - INFO - IA: Raquette droite déplacée de 222 à 229
2025-05-03 16:17:46,696 - INFO - IA: Raquette droite déplacée de 229 à 236
2025-05-03 16:17:46,714 - INFO - IA: Raquette droite déplacée de 236 à 243
2025-05-03 16:17:46,731 - INFO - IA: Raquette droite déplacée de 243 à 250
2025-05-03 16:17:46,749 - INFO - IA: Raquette droite déplacée de 250 à 257
2025-05-03 16:17:46,766 - INFO - IA: Raquette droite déplacée de 257 à 264
2025-05-03 16:17:46,784 - INFO - IA: Raquette droite déplacée de 264 à 271
2025-05-03 16:17:46,801 - INFO - IA: Raquette droite déplacée de 271 à 278
2025-05-03 16:17:46,819 - INFO - IA: Raquette droite déplacée de 278 à 285
2025-05-03 16:17:46,837 - INFO - IA: Raquette droite déplacée de 285 à 292
2025-05-03 16:17:46,856 - INFO - IA: Raquette droite déplacée de 292 à 299
2025-05-03 16:17:46,873 - INFO - IA: Raquette droite déplacée de 299 à 306
2025-05-03 16:17:46,891 - INFO - IA: Raquette droite déplacée de 306 à 313
2025-05-03 16:17:46,909 - INFO - IA: Raquette droite déplacée de 313 à 320
2025-05-03 16:17:46,927 - INFO - IA: Raquette droite déplacée de 320 à 327
2025-05-03 16:17:46,945 - INFO - IA: Raquette droite déplacée de 327 à 334
2025-05-03 16:17:46,962 - INFO - IA: Raquette droite déplacée de 334 à 341
2025-05-03 16:17:46,980 - INFO - IA: Raquette droite déplacée de 341 à 348
2025-05-03 16:17:46,998 - INFO - IA: Raquette droite déplacée de 348 à 355
2025-05-03 16:17:46,999 - INFO - COLLISION: Balle a rebondi sur un mur à la position (58, 468)
2025-05-03 16:17:47,016 - INFO - IA: Raquette droite déplacée de 355 à 362
2025-05-03 16:17:47,034 - INFO - IA: Raquette droite déplacée de 362 à 369
2025-05-03 16:17:47,051 - INFO - IA: Raquette droite déplacée de 369 à 376
2025-05-03 16:17:47,069 - INFO - IA: Raquette droite déplacée de 376 à 383
2025-05-03 16:17:47,087 - INFO - IA: Raquette droite déplacée de 383 à 390
2025-05-03 16:17:47,124 - INFO - IA: Raquette droite déplacée de 390 à 383
2025-05-03 16:17:47,142 - INFO - IA: Raquette droite déplacée de 383 à 390
2025-05-03 16:17:47,195 - INFO - IA: Raquette droite déplacée de 390 à 383
2025-05-03 16:17:47,214 - INFO - IA: Raquette droite déplacée de 383 à 376
2025-05-03 16:17:47,214 - INFO - POINT: Joueur droite (IA) marque un point! Score: 0-6
2025-05-03 16:17:47,232 - INFO - IA: Raquette droite déplacée de 376 à 369
2025-05-03 16:17:47,249 - INFO - IA: Raquette droite déplacée de 369 à 362
2025-05-03 16:17:47,267 - INFO - IA: Raquette droite déplacée de 362 à 355
2025-05-03 16:17:47,284 - INFO - IA: Raquette droite déplacée de 355 à 348
2025-05-03 16:17:47,301 - INFO - IA: Raquette droite déplacée de 348 à 341
2025-05-03 16:17:47,319 - INFO - IA: Raquette droite déplacée de 341 à 334
2025-05-03 16:17:47,337 - INFO - IA: Raquette droite déplacée de 334 à 327
2025-05-03 16:17:47,355 - INFO - IA: Raquette droite déplacée de 327 à 320
2025-05-03 16:17:47,374 - INFO - IA: Raquette droite déplacée de 320 à 313
2025-05-03 16:17:47,393 - INFO - IA: Raquette droite déplacée de 313 à 306
2025-05-03 16:17:47,412 - INFO - IA: Raquette droite déplacée de 306 à 299
2025-05-03 16:17:47,429 - INFO - IA: Raquette droite déplacée de 299 à 292
2025-05-03 16:17:47,447 - INFO - IA: Raquette droite déplacée de 292 à 285
2025-05-03 16:17:47,465 - INFO - IA: Raquette droite déplacée de 285 à 292
2025-05-03 16:17:47,483 - INFO - IA: Raquette droite déplacée de 292 à 285
2025-05-03 16:17:47,501 - INFO - IA: Raquette droite déplacée de 285 à 278
2025-05-03 16:17:47,519 - INFO - IA: Raquette droite déplacée de 278 à 285
2025-05-03 16:17:47,537 - INFO - IA: Raquette droite déplacée de 285 à 292
2025-05-03 16:17:47,555 - INFO - IA: Raquette droite déplacée de 292 à 299
2025-05-03 16:17:47,572 - INFO - IA: Raquette droite déplacée de 299 à 292
2025-05-03 16:17:47,589 - INFO - IA: Raquette droite déplacée de 292 à 299
2025-05-03 16:17:47,607 - INFO - IA: Raquette droite déplacée de 299 à 306
2025-05-03 16:17:47,626 - INFO - IA: Raquette droite déplacée de 306 à 313
2025-05-03 16:17:47,645 - INFO - IA: Raquette droite déplacée de 313 à 320
2025-05-03 16:17:47,664 - INFO - IA: Raquette droite déplacée de 320 à 313
2025-05-03 16:17:47,682 - INFO - IA: Raquette droite déplacée de 313 à 306
2025-05-03 16:17:47,699 - INFO - IA: Raquette droite déplacée de 306 à 313
2025-05-03 16:17:47,716 - INFO - IA: Raquette droite déplacée de 313 à 320
2025-05-03 16:17:47,733 - INFO - IA: Raquette droite déplacée de 320 à 327
2025-05-03 16:17:47,750 - INFO - IA: Raquette droite déplacée de 327 à 334
2025-05-03 16:17:47,767 - INFO - IA: Raquette droite déplacée de 334 à 341
2025-05-03 16:17:47,785 - INFO - IA: Raquette droite déplacée de 341 à 348
2025-05-03 16:17:47,803 - INFO - IA: Raquette droite déplacée de 348 à 341
2025-05-03 16:17:47,821 - INFO - IA: Raquette droite déplacée de 341 à 348
2025-05-03 16:17:47,838 - INFO - IA: Raquette droite déplacée de 348 à 355
2025-05-03 16:17:47,856 - INFO - IA: Raquette droite déplacée de 355 à 362
2025-05-03 16:17:47,873 - INFO - IA: Raquette droite déplacée de 362 à 369
2025-05-03 16:17:47,891 - INFO - IA: Raquette droite déplacée de 369 à 362
2025-05-03 16:17:47,909 - INFO - IA: Raquette droite déplacée de 362 à 369
2025-05-03 16:17:47,928 - INFO - IA: Raquette droite déplacée de 369 à 362
2025-05-03 16:17:47,947 - INFO - IA: Raquette droite déplacée de 362 à 369
2025-05-03 16:17:47,966 - INFO - IA: Raquette droite déplacée de 369 à 376
2025-05-03 16:17:47,983 - INFO - IA: Raquette droite déplacée de 376 à 383
2025-05-03 16:17:48,001 - INFO - IA: Raquette droite déplacée de 383 à 390
2025-05-03 16:17:48,053 - INFO - COLLISION: Balle a rebondi sur un mur à la position (58, 468)
2025-05-03 16:17:48,176 - INFO - IA: Raquette droite déplacée de 390 à 383
2025-05-03 16:17:48,193 - INFO - IA: Raquette droite déplacée de 383 à 390
2025-05-03 16:17:48,229 - INFO - IA: Raquette droite déplacée de 390 à 383
2025-05-03 16:17:48,248 - INFO - IA: Raquette droite déplacée de 383 à 390
2025-05-03 16:17:48,265 - INFO - IA: Raquette droite déplacée de 390 à 383
2025-05-03 16:17:48,266 - INFO - POINT: Joueur droite (IA) marque un point! Score: 0-7
2025-05-03 16:17:48,285 - INFO - IA: Raquette droite déplacée de 383 à 376
2025-05-03 16:17:48,302 - INFO - IA: Raquette droite déplacée de 376 à 369
2025-05-03 16:17:48,320 - INFO - IA: Raquette droite déplacée de 369 à 362
2025-05-03 16:17:48,338 - INFO - IA: Raquette droite déplacée de 362 à 355
2025-05-03 16:17:48,356 - INFO - IA: Raquette droite déplacée de 355 à 348
2025-05-03 16:17:48,373 - INFO - IA: Raquette droite déplacée de 348 à 341
2025-05-03 16:17:48,391 - INFO - IA: Raquette droite déplacée de 341 à 334
2025-05-03 16:17:48,409 - INFO - IA: Raquette droite déplacée de 334 à 327
2025-05-03 16:17:48,427 - INFO - IA: Raquette droite déplacée de 327 à 320
2025-05-03 16:17:48,446 - INFO - IA: Raquette droite déplacée de 320 à 313
2025-05-03 16:17:48,463 - INFO - IA: Raquette droite déplacée de 313 à 306
2025-05-03 16:17:48,480 - INFO - IA: Raquette droite déplacée de 306 à 299
2025-05-03 16:17:48,499 - INFO - IA: Raquette droite déplacée de 299 à 292
2025-05-03 16:17:48,516 - INFO - IA: Raquette droite déplacée de 292 à 285
2025-05-03 16:17:48,535 - INFO - IA: Raquette droite déplacée de 285 à 278
2025-05-03 16:17:48,552 - INFO - IA: Raquette droite déplacée de 278 à 271
2025-05-03 16:17:48,570 - INFO - IA: Raquette droite déplacée de 271 à 264
2025-05-03 16:17:48,588 - INFO - IA: Raquette droite déplacée de 264 à 257
2025-05-03 16:17:48,606 - INFO - IA: Raquette droite déplacée de 257 à 250
2025-05-03 16:17:48,624 - INFO - IA: Raquette droite déplacée de 250 à 243
2025-05-03 16:17:48,643 - INFO - IA: Raquette droite déplacée de 243 à 236
2025-05-03 16:17:48,660 - INFO - IA: Raquette droite déplacée de 236 à 229
2025-05-03 16:17:48,679 - INFO - IA: Raquette droite déplacée de 229 à 222
2025-05-03 16:17:48,697 - INFO - IA: Raquette droite déplacée de 222 à 215
2025-05-03 16:17:48,714 - INFO - IA: Raquette droite déplacée de 215 à 208
2025-05-03 16:17:48,731 - INFO - IA: Raquette droite déplacée de 208 à 201
2025-05-03 16:17:48,749 - INFO - IA: Raquette droite déplacée de 201 à 194
2025-05-03 16:17:48,768 - INFO - IA: Raquette droite déplacée de 194 à 187
2025-05-03 16:17:48,788 - INFO - IA: Raquette droite déplacée de 187 à 180
2025-05-03 16:17:48,807 - INFO - IA: Raquette droite déplacée de 180 à 173
2025-05-03 16:17:48,825 - INFO - IA: Raquette droite déplacée de 173 à 166
2025-05-03 16:17:48,843 - INFO - IA: Raquette droite déplacée de 166 à 159
2025-05-03 16:17:48,861 - INFO - IA: Raquette droite déplacée de 159 à 152
2025-05-03 16:17:48,878 - INFO - IA: Raquette droite déplacée de 152 à 145
2025-05-03 16:17:48,896 - INFO - IA: Raquette droite déplacée de 145 à 138
2025-05-03 16:17:48,913 - INFO - IA: Raquette droite déplacée de 138 à 131
2025-05-03 16:17:48,931 - INFO - IA: Raquette droite déplacée de 131 à 124
2025-05-03 16:17:48,949 - INFO - IA: Raquette droite déplacée de 124 à 117
2025-05-03 16:17:48,966 - INFO - IA: Raquette droite déplacée de 117 à 110
2025-05-03 16:17:48,983 - INFO - IA: Raquette droite déplacée de 110 à 103
2025-05-03 16:17:49,001 - INFO - IA: Raquette droite déplacée de 103 à 96
2025-05-03 16:17:49,019 - INFO - IA: Raquette droite déplacée de 96 à 89
2025-05-03 16:17:49,037 - INFO - IA: Raquette droite déplacée de 89 à 82
2025-05-03 16:17:49,056 - INFO - IA: Raquette droite déplacée de 82 à 75
2025-05-03 16:17:49,075 - INFO - IA: Raquette droite déplacée de 75 à 68
2025-05-03 16:17:49,093 - INFO - IA: Raquette droite déplacée de 68 à 61
2025-05-03 16:17:49,112 - INFO - IA: Raquette droite déplacée de 61 à 54
2025-05-03 16:17:49,113 - INFO - COLLISION: Balle a rebondi sur un mur à la position (58, -2)
2025-05-03 16:17:49,130 - INFO - IA: Raquette droite déplacée de 54 à 47
2025-05-03 16:17:49,148 - INFO - IA: Raquette droite déplacée de 47 à 40
2025-05-03 16:17:49,166 - INFO - IA: Raquette droite déplacée de 40 à 33
2025-05-03 16:17:49,185 - INFO - INPUT: Joueur appuie sur la touche HAUT
2025-05-03 16:17:49,185 - INFO - JOUEUR: Raquette gauche déplacée de 21 à 14
2025-05-03 16:17:49,185 - INFO - IA: Raquette droite déplacée de 33 à 26
2025-05-03 16:17:49,205 - INFO - JOUEUR: Raquette gauche déplacée de 14 à 7
2025-05-03 16:17:49,206 - INFO - IA: Raquette droite déplacée de 26 à 19
2025-05-03 16:17:49,206 - INFO - COLLISION: Balle a rebondi sur une raquette à la position (33, 23)
2025-05-03 16:17:49,224 - INFO - JOUEUR: Raquette gauche déplacée de 7 à 0
2025-05-03 16:17:49,224 - INFO - IA: Raquette droite déplacée de 19 à 12
2025-05-03 16:17:49,242 - INFO - IA: Raquette droite déplacée de 12 à 5
2025-05-03 16:17:49,260 - INFO - IA: Raquette droite déplacée de 5 à 0
2025-05-03 16:17:49,278 - INFO - IA: Raquette droite déplacée de 0 à 7
2025-05-03 16:17:49,296 - INFO - IA: Raquette droite déplacée de 7 à 14
2025-05-03 16:17:49,314 - INFO - INPUT: Joueur relâche les touches directionnelles
2025-05-03 16:17:49,314 - INFO - IA: Raquette droite déplacée de 14 à 21
2025-05-03 16:17:49,332 - INFO - IA: Raquette droite déplacée de 21 à 14
2025-05-03 16:17:49,350 - INFO - IA: Raquette droite déplacée de 14 à 21
2025-05-03 16:17:49,368 - INFO - IA: Raquette droite déplacée de 21 à 28
2025-05-03 16:17:49,386 - INFO - IA: Raquette droite déplacée de 28 à 21
2025-05-03 16:17:49,404 - INFO - IA: Raquette droite déplacée de 21 à 14
2025-05-03 16:17:49,422 - INFO - IA: Raquette droite déplacée de 14 à 21
2025-05-03 16:17:49,440 - INFO - IA: Raquette droite déplacée de 21 à 28
2025-05-03 16:17:49,458 - INFO - IA: Raquette droite déplacée de 28 à 21
2025-05-03 16:17:49,477 - INFO - IA: Raquette droite déplacée de 21 à 28
2025-05-03 16:17:49,495 - INFO - IA: Raquette droite déplacée de 28 à 35
2025-05-03 16:17:49,513 - INFO - IA: Raquette droite déplacée de 35 à 42
2025-05-03 16:17:49,530 - INFO - IA: Raquette droite déplacée de 42 à 49
2025-05-03 16:17:49,548 - INFO - IA: Raquette droite déplacée de 49 à 56
2025-05-03 16:17:49,566 - INFO - IA: Raquette droite déplacée de 56 à 63
2025-05-03 16:17:49,583 - INFO - IA: Raquette droite déplacée de 63 à 70
2025-05-03 16:17:49,600 - INFO - IA: Raquette droite déplacée de 70 à 77
2025-05-03 16:17:49,618 - INFO - IA: Raquette droite déplacée de 77 à 84
2025-05-03 16:17:49,635 - INFO - IA: Raquette droite déplacée de 84 à 91
2025-05-03 16:17:49,652 - INFO - IA: Raquette droite déplacée de 91 à 98
2025-05-03 16:17:49,669 - INFO - IA: Raquette droite déplacée de 98 à 105
2025-05-03 16:17:49,686 - INFO - IA: Raquette droite déplacée de 105 à 112
2025-05-03 16:17:49,704 - INFO - IA: Raquette droite déplacée de 112 à 105
2025-05-03 16:17:49,721 - INFO - IA: Raquette droite déplacée de 105 à 112
2025-05-03 16:17:49,739 - INFO - IA: Raquette droite déplacée de 112 à 119
2025-05-03 16:17:49,757 - INFO - IA: Raquette droite déplacée de 119 à 126
2025-05-03 16:17:49,776 - INFO - IA: Raquette droite déplacée de 126 à 133
2025-05-03 16:17:49,794 - INFO - IA: Raquette droite déplacée de 133 à 140
2025-05-03 16:17:49,813 - INFO - IA: Raquette droite déplacée de 140 à 133
2025-05-03 16:17:49,831 - INFO - IA: Raquette droite déplacée de 133 à 140
2025-05-03 16:17:49,849 - INFO - IA: Raquette droite déplacée de 140 à 147
2025-05-03 16:17:49,866 - INFO - IA: Raquette droite déplacée de 147 à 140
2025-05-03 16:17:49,884 - INFO - IA: Raquette droite déplacée de 140 à 147
2025-05-03 16:17:49,901 - INFO - IA: Raquette droite déplacée de 147 à 154
2025-05-03 16:17:49,919 - INFO - IA: Raquette droite déplacée de 154 à 161
2025-05-03 16:17:49,937 - INFO - IA: Raquette droite déplacée de 161 à 168
2025-05-03 16:17:49,954 - INFO - IA: Raquette droite déplacée de 168 à 175
2025-05-03 16:17:49,973 - INFO - IA: Raquette droite déplacée de 175 à 182
2025-05-03 16:17:49,991 - INFO - IA: Raquette droite déplacée de 182 à 189
2025-05-03 16:17:50,010 - INFO - IA: Raquette droite déplacée de 189 à 182
2025-05-03 16:17:50,027 - INFO - IA: Raquette droite déplacée de 182 à 189
2025-05-03 16:17:50,045 - INFO - IA: Raquette droite déplacée de 189 à 196
2025-05-03 16:17:50,063 - INFO - IA: Raquette droite déplacée de 196 à 203
2025-05-03 16:17:50,082 - INFO - IA: Raquette droite déplacée de 203 à 210
2025-05-03 16:17:50,119 - INFO - IA: Raquette droite déplacée de 210 à 217
2025-05-03 16:17:50,138 - INFO - IA: Raquette droite déplacée de 217 à 224
2025-05-03 16:17:50,158 - INFO - IA: Raquette droite déplacée de 224 à 231
2025-05-03 16:17:50,177 - INFO - IA: Raquette droite déplacée de 231 à 238
2025-05-03 16:17:50,195 - INFO - IA: Raquette droite déplacée de 238 à 245
2025-05-03 16:17:50,212 - INFO - IA: Raquette droite déplacée de 245 à 252
2025-05-03 16:17:50,230 - INFO - IA: Raquette droite déplacée de 252 à 245
2025-05-03 16:17:50,248 - INFO - IA: Raquette droite déplacée de 245 à 252
2025-05-03 16:17:50,265 - INFO - IA: Raquette droite déplacée de 252 à 259
2025-05-03 16:17:50,300 - INFO - IA: Raquette droite déplacée de 259 à 266
2025-05-03 16:17:50,317 - INFO - IA: Raquette droite déplacée de 266 à 273
2025-05-03 16:17:50,336 - INFO - IA: Raquette droite déplacée de 273 à 280
2025-05-03 16:17:50,353 - INFO - IA: Raquette droite déplacée de 280 à 287
2025-05-03 16:17:50,372 - INFO - IA: Raquette droite déplacée de 287 à 294
2025-05-03 16:17:50,391 - INFO - IA: Raquette droite déplacée de 294 à 301
2025-05-03 16:17:50,409 - INFO - IA: Raquette droite déplacée de 301 à 308
2025-05-03 16:17:50,426 - INFO - IA: Raquette droite déplacée de 308 à 301
2025-05-03 16:17:50,444 - INFO - IA: Raquette droite déplacée de 301 à 308
2025-05-03 16:17:50,461 - INFO - IA: Raquette droite déplacée de 308 à 315
2025-05-03 16:17:50,479 - INFO - IA: Raquette droite déplacée de 315 à 322
2025-05-03 16:17:50,496 - INFO - IA: Raquette droite déplacée de 322 à 329
2025-05-03 16:17:50,513 - INFO - IA: Raquette droite déplacée de 329 à 336
2025-05-03 16:17:50,530 - INFO - IA: Raquette droite déplacée de 336 à 343
2025-05-03 16:17:50,548 - INFO - IA: Raquette droite déplacée de 343 à 350
2025-05-03 16:17:50,566 - INFO - INPUT: Joueur appuie sur la touche BAS
2025-05-03 16:17:50,566 - INFO - JOUEUR: Raquette gauche déplacée de 0 à 7
2025-05-03 16:17:50,567 - INFO - IA: Raquette droite déplacée de 350 à 343
2025-05-03 16:17:50,584 - INFO - JOUEUR: Raquette gauche déplacée de 7 à 14
2025-05-03 16:17:50,585 - INFO - IA: Raquette droite déplacée de 343 à 350
2025-05-03 16:17:50,603 - INFO - JOUEUR: Raquette gauche déplacée de 14 à 21
2025-05-03 16:17:50,604 - INFO - IA: Raquette droite déplacée de 350 à 357
2025-05-03 16:17:50,621 - INFO - JOUEUR: Raquette gauche déplacée de 21 à 28
2025-05-03 16:17:50,621 - INFO - IA: Raquette droite déplacée de 357 à 364
2025-05-03 16:17:50,639 - INFO - JOUEUR: Raquette gauche déplacée de 28 à 35
2025-05-03 16:17:50,640 - INFO - IA: Raquette droite déplacée de 364 à 357
2025-05-03 16:17:50,658 - INFO - JOUEUR: Raquette gauche déplacée de 35 à 42
2025-05-03 16:17:50,659 - INFO - IA: Raquette droite déplacée de 357 à 364
2025-05-03 16:17:50,676 - INFO - JOUEUR: Raquette gauche déplacée de 42 à 49
2025-05-03 16:17:50,677 - INFO - IA: Raquette droite déplacée de 364 à 371
2025-05-03 16:17:50,694 - INFO - JOUEUR: Raquette gauche déplacée de 49 à 56
2025-05-03 16:17:50,694 - INFO - IA: Raquette droite déplacée de 371 à 378
2025-05-03 16:17:50,711 - INFO - JOUEUR: Raquette gauche déplacée de 56 à 63
2025-05-03 16:17:50,712 - INFO - IA: Raquette droite déplacée de 378 à 385
2025-05-03 16:17:50,729 - INFO - JOUEUR: Raquette gauche déplacée de 63 à 70
2025-05-03 16:17:50,730 - INFO - IA: Raquette droite déplacée de 385 à 378
2025-05-03 16:17:50,747 - INFO - JOUEUR: Raquette gauche déplacée de 70 à 77
2025-05-03 16:17:50,747 - INFO - IA: Raquette droite déplacée de 378 à 385
2025-05-03 16:17:50,766 - INFO - JOUEUR: Raquette gauche déplacée de 77 à 84
2025-05-03 16:17:50,766 - INFO - IA: Raquette droite déplacée de 385 à 390
2025-05-03 16:17:50,766 - INFO - COLLISION: Balle a rebondi sur une raquette à la position (555, 458)
2025-05-03 16:17:50,784 - INFO - JOUEUR: Raquette gauche déplacée de 84 à 91
2025-05-03 16:17:50,802 - INFO - JOUEUR: Raquette gauche déplacée de 91 à 98
2025-05-03 16:17:50,803 - INFO - COLLISION: Balle a rebondi sur un mur à la position (543, 468)
2025-05-03 16:17:50,820 - INFO - JOUEUR: Raquette gauche déplacée de 98 à 105
2025-05-03 16:17:50,838 - INFO - JOUEUR: Raquette gauche déplacée de 105 à 112
2025-05-03 16:17:50,856 - INFO - JOUEUR: Raquette gauche déplacée de 112 à 119
2025-05-03 16:17:50,876 - INFO - JOUEUR: Raquette gauche déplacée de 119 à 126
2025-05-03 16:17:50,895 - INFO - JOUEUR: Raquette gauche déplacée de 126 à 133
2025-05-03 16:17:50,914 - INFO - JOUEUR: Raquette gauche déplacée de 133 à 140
2025-05-03 16:17:50,914 - INFO - IA: Raquette droite déplacée de 390 à 383
2025-05-03 16:17:50,932 - INFO - JOUEUR: Raquette gauche déplacée de 140 à 147
2025-05-03 16:17:50,932 - INFO - IA: Raquette droite déplacée de 383 à 390
2025-05-03 16:17:50,950 - INFO - JOUEUR: Raquette gauche déplacée de 147 à 154
2025-05-03 16:17:50,967 - INFO - JOUEUR: Raquette gauche déplacée de 154 à 161
2025-05-03 16:17:50,968 - INFO - IA: Raquette droite déplacée de 390 à 383
2025-05-03 16:17:50,986 - INFO - JOUEUR: Raquette gauche déplacée de 161 à 168
2025-05-03 16:17:50,986 - INFO - IA: Raquette droite déplacée de 383 à 390
2025-05-03 16:17:51,004 - INFO - JOUEUR: Raquette gauche déplacée de 168 à 175
2025-05-03 16:17:51,004 - INFO - IA: Raquette droite déplacée de 390 à 383
2025-05-03 16:17:51,023 - INFO - JOUEUR: Raquette gauche déplacée de 175 à 182
2025-05-03 16:17:51,024 - INFO - IA: Raquette droite déplacée de 383 à 390
2025-05-03 16:17:51,043 - INFO - JOUEUR: Raquette gauche déplacée de 182 à 189
2025-05-03 16:17:51,043 - INFO - IA: Raquette droite déplacée de 390 à 383
2025-05-03 16:17:51,061 - INFO - JOUEUR: Raquette gauche déplacée de 189 à 196
2025-05-03 16:17:51,061 - INFO - IA: Raquette droite déplacée de 383 à 390
2025-05-03 16:17:51,080 - INFO - JOUEUR: Raquette gauche déplacée de 196 à 203
2025-05-03 16:17:51,080 - INFO - IA: Raquette droite déplacée de 390 à 383
2025-05-03 16:17:51,098 - INFO - JOUEUR: Raquette gauche déplacée de 203 à 210
2025-05-03 16:17:51,099 - INFO - IA: Raquette droite déplacée de 383 à 376
2025-05-03 16:17:51,117 - INFO - JOUEUR: Raquette gauche déplacée de 210 à 217
2025-05-03 16:17:51,118 - INFO - IA: Raquette droite déplacée de 376 à 369
2025-05-03 16:17:51,137 - INFO - JOUEUR: Raquette gauche déplacée de 217 à 224
2025-05-03 16:17:51,137 - INFO - IA: Raquette droite déplacée de 369 à 362
2025-05-03 16:17:51,155 - INFO - JOUEUR: Raquette gauche déplacée de 224 à 231
2025-05-03 16:17:51,156 - INFO - IA: Raquette droite déplacée de 362 à 369
2025-05-03 16:17:51,177 - INFO - JOUEUR: Raquette gauche déplacée de 231 à 238
2025-05-03 16:17:51,178 - INFO - IA: Raquette droite déplacée de 369 à 362
2025-05-03 16:17:51,197 - INFO - JOUEUR: Raquette gauche déplacée de 238 à 245
2025-05-03 16:17:51,198 - INFO - IA: Raquette droite déplacée de 362 à 355
2025-05-03 16:17:51,215 - INFO - INPUT: Joueur relâche les touches directionnelles
2025-05-03 16:17:51,216 - INFO - IA: Raquette droite déplacée de 355 à 348
2025-05-03 16:17:51,233 - INFO - IA: Raquette droite déplacée de 348 à 341
2025-05-03 16:17:51,251 - INFO - IA: Raquette droite déplacée de 341 à 334
2025-05-03 16:17:51,269 - INFO - IA: Raquette droite déplacée de 334 à 327
2025-05-03 16:17:51,304 - INFO - IA: Raquette droite déplacée de 327 à 334
2025-05-03 16:17:51,322 - INFO - IA: Raquette droite déplacée de 334 à 327
2025-05-03 16:17:51,340 - INFO - IA: Raquette droite déplacée de 327 à 320
2025-05-03 16:17:51,359 - INFO - IA: Raquette droite déplacée de 320 à 313
2025-05-03 16:17:51,377 - INFO - IA: Raquette droite déplacée de 313 à 306
2025-05-03 16:17:51,395 - INFO - IA: Raquette droite déplacée de 306 à 299
2025-05-03 16:17:51,412 - INFO - IA: Raquette droite déplacée de 299 à 292
2025-05-03 16:17:51,430 - INFO - INPUT: Joueur appuie sur la touche HAUT
2025-05-03 16:17:51,430 - INFO - JOUEUR: Raquette gauche déplacée de 245 à 238
2025-05-03 16:17:51,430 - INFO - IA: Raquette droite déplacée de 292 à 285
2025-05-03 16:17:51,448 - INFO - JOUEUR: Raquette gauche déplacée de 238 à 231
2025-05-03 16:17:51,449 - INFO - IA: Raquette droite déplacée de 285 à 292
2025-05-03 16:17:51,466 - INFO - JOUEUR: Raquette gauche déplacée de 231 à 224
2025-05-03 16:17:51,466 - INFO - IA: Raquette droite déplacée de 292 à 285
2025-05-03 16:17:51,483 - INFO - JOUEUR: Raquette gauche déplacée de 224 à 217
2025-05-03 16:17:51,483 - INFO - IA: Raquette droite déplacée de 285 à 278
2025-05-03 16:17:51,500 - INFO - JOUEUR: Raquette gauche déplacée de 217 à 210
2025-05-03 16:17:51,501 - INFO - IA: Raquette droite déplacée de 278 à 271
2025-05-03 16:17:51,518 - INFO - JOUEUR: Raquette gauche déplacée de 210 à 203
2025-05-03 16:17:51,519 - INFO - IA: Raquette droite déplacée de 271 à 264
2025-05-03 16:17:51,536 - INFO - JOUEUR: Raquette gauche déplacée de 203 à 196
2025-05-03 16:17:51,536 - INFO - IA: Raquette droite déplacée de 264 à 257
2025-05-03 16:17:51,554 - INFO - JOUEUR: Raquette gauche déplacée de 196 à 189
2025-05-03 16:17:51,555 - INFO - IA: Raquette droite déplacée de 257 à 250
2025-05-03 16:17:51,573 - INFO - JOUEUR: Raquette gauche déplacée de 189 à 182
2025-05-03 16:17:51,590 - INFO - JOUEUR: Raquette gauche déplacée de 182 à 175
2025-05-03 16:17:51,590 - INFO - IA: Raquette droite déplacée de 250 à 243
2025-05-03 16:17:51,608 - INFO - JOUEUR: Raquette gauche déplacée de 175 à 168
2025-05-03 16:17:51,608 - INFO - IA: Raquette droite déplacée de 243 à 236
2025-05-03 16:17:51,626 - INFO - JOUEUR: Raquette gauche déplacée de 168 à 161
2025-05-03 16:17:51,626 - INFO - IA: Raquette droite déplacée de 236 à 229
2025-05-03 16:17:51,644 - INFO - JOUEUR: Raquette gauche déplacée de 161 à 154
2025-05-03 16:17:51,644 - INFO - IA: Raquette droite déplacée de 229 à 222
2025-05-03 16:17:51,662 - INFO - JOUEUR: Raquette gauche déplacée de 154 à 147
2025-05-03 16:17:51,663 - INFO - IA: Raquette droite déplacée de 222 à 215
2025-05-03 16:17:51,682 - INFO - INPUT: Joueur relâche les touches directionnelles
2025-05-03 16:17:51,682 - INFO - IA: Raquette droite déplacée de 215 à 208
2025-05-03 16:17:51,700 - INFO - IA: Raquette droite déplacée de 208 à 201
2025-05-03 16:17:51,717 - INFO - IA: Raquette droite déplacée de 201 à 194
2025-05-03 16:17:51,734 - INFO - IA: Raquette droite déplacée de 194 à 187
2025-05-03 16:17:51,752 - INFO - IA: Raquette droite déplacée de 187 à 180
2025-05-03 16:17:51,769 - INFO - IA: Raquette droite déplacée de 180 à 173
2025-05-03 16:17:51,787 - INFO - IA: Raquette droite déplacée de 173 à 166
2025-05-03 16:17:51,805 - INFO - INPUT: Joueur appuie sur la touche HAUT
2025-05-03 16:17:51,806 - INFO - JOUEUR: Raquette gauche déplacée de 147 à 140
2025-05-03 16:17:51,806 - INFO - IA: Raquette droite déplacée de 166 à 159
2025-05-03 16:17:51,825 - INFO - JOUEUR: Raquette gauche déplacée de 140 à 133
2025-05-03 16:17:51,825 - INFO - IA: Raquette droite déplacée de 159 à 152
2025-05-03 16:17:51,843 - INFO - JOUEUR: Raquette gauche déplacée de 133 à 126
2025-05-03 16:17:51,844 - INFO - IA: Raquette droite déplacée de 152 à 145
2025-05-03 16:17:51,861 - INFO - JOUEUR: Raquette gauche déplacée de 126 à 119
2025-05-03 16:17:51,861 - INFO - IA: Raquette droite déplacée de 145 à 152
2025-05-03 16:17:51,879 - INFO - INPUT: Joueur relâche les touches directionnelles
2025-05-03 16:17:51,880 - INFO - IA: Raquette droite déplacée de 152 à 145
2025-05-03 16:17:51,898 - INFO - IA: Raquette droite déplacée de 145 à 138
2025-05-03 16:17:51,918 - INFO - IA: Raquette droite déplacée de 138 à 131
2025-05-03 16:17:51,936 - INFO - IA: Raquette droite déplacée de 131 à 124
2025-05-03 16:17:51,953 - INFO - IA: Raquette droite déplacée de 124 à 131
2025-05-03 16:17:51,971 - INFO - IA: Raquette droite déplacée de 131 à 124
2025-05-03 16:17:51,989 - INFO - IA: Raquette droite déplacée de 124 à 117
2025-05-03 16:17:52,008 - INFO - IA: Raquette droite déplacée de 117 à 110
2025-05-03 16:17:52,026 - INFO - INPUT: Joueur appuie sur la touche HAUT
2025-05-03 16:17:52,027 - INFO - JOUEUR: Raquette gauche déplacée de 119 à 112
2025-05-03 16:17:52,027 - INFO - IA: Raquette droite déplacée de 110 à 117
2025-05-03 16:17:52,044 - INFO - JOUEUR: Raquette gauche déplacée de 112 à 105
2025-05-03 16:17:52,045 - INFO - IA: Raquette droite déplacée de 117 à 110
2025-05-03 16:17:52,062 - INFO - JOUEUR: Raquette gauche déplacée de 105 à 98
2025-05-03 16:17:52,063 - INFO - IA: Raquette droite déplacée de 110 à 103
2025-05-03 16:17:52,080 - INFO - JOUEUR: Raquette gauche déplacée de 98 à 91
2025-05-03 16:17:52,081 - INFO - IA: Raquette droite déplacée de 103 à 96
2025-05-03 16:17:52,099 - INFO - JOUEUR: Raquette gauche déplacée de 91 à 84
2025-05-03 16:17:52,099 - INFO - IA: Raquette droite déplacée de 96 à 89
2025-05-03 16:17:52,117 - INFO - JOUEUR: Raquette gauche déplacée de 84 à 77
2025-05-03 16:17:52,118 - INFO - IA: Raquette droite déplacée de 89 à 96
2025-05-03 16:17:52,135 - INFO - JOUEUR: Raquette gauche déplacée de 77 à 70
2025-05-03 16:17:52,135 - INFO - IA: Raquette droite déplacée de 96 à 89
2025-05-03 16:17:52,154 - INFO - JOUEUR: Raquette gauche déplacée de 70 à 63
2025-05-03 16:17:52,154 - INFO - IA: Raquette droite déplacée de 89 à 82
2025-05-03 16:17:52,173 - INFO - JOUEUR: Raquette gauche déplacée de 63 à 56
2025-05-03 16:17:52,174 - INFO - IA: Raquette droite déplacée de 82 à 75
2025-05-03 16:17:52,192 - INFO - JOUEUR: Raquette gauche déplacée de 56 à 49
2025-05-03 16:17:52,193 - INFO - IA: Raquette droite déplacée de 75 à 82
2025-05-03 16:17:52,210 - INFO - JOUEUR: Raquette gauche déplacée de 49 à 42
2025-05-03 16:17:52,211 - INFO - IA: Raquette droite déplacée de 82 à 75
2025-05-03 16:17:52,228 - INFO - JOUEUR: Raquette gauche déplacée de 42 à 35
2025-05-03 16:17:52,229 - INFO - IA: Raquette droite déplacée de 75 à 68
2025-05-03 16:17:52,247 - INFO - JOUEUR: Raquette gauche déplacée de 35 à 28
2025-05-03 16:17:52,248 - INFO - IA: Raquette droite déplacée de 68 à 61
2025-05-03 16:17:52,266 - INFO - JOUEUR: Raquette gauche déplacée de 28 à 21
2025-05-03 16:17:52,267 - INFO - IA: Raquette droite déplacée de 61 à 54
2025-05-03 16:17:52,284 - INFO - JOUEUR: Raquette gauche déplacée de 21 à 14
2025-05-03 16:17:52,285 - INFO - IA: Raquette droite déplacée de 54 à 47
2025-05-03 16:17:52,302 - INFO - JOUEUR: Raquette gauche déplacée de 14 à 7
2025-05-03 16:17:52,303 - INFO - IA: Raquette droite déplacée de 47 à 40
2025-05-03 16:17:52,320 - INFO - INPUT: Joueur relâche les touches directionnelles
2025-05-03 16:17:52,320 - INFO - IA: Raquette droite déplacée de 40 à 47
2025-05-03 16:17:52,339 - INFO - IA: Raquette droite déplacée de 47 à 40
2025-05-03 16:17:52,357 - INFO - IA: Raquette droite déplacée de 40 à 33
2025-05-03 16:17:52,358 - INFO - COLLISION: Balle a rebondi sur une raquette à la position (33, 43)
2025-05-03 16:17:52,376 - INFO - IA: Raquette droite déplacée de 33 à 26
2025-05-03 16:17:52,393 - INFO - IA: Raquette droite déplacée de 26 à 19
2025-05-03 16:17:52,410 - INFO - IA: Raquette droite déplacée de 19 à 12
2025-05-03 16:17:52,428 - INFO - IA: Raquette droite déplacée de 12 à 5
2025-05-03 16:17:52,445 - INFO - IA: Raquette droite déplacée de 5 à 0
2025-05-03 16:17:52,514 - INFO - COLLISION: Balle a rebondi sur un mur à la position (96, -2)
2025-05-03 16:17:52,684 - INFO - IA: Raquette droite déplacée de 0 à 7
2025-05-03 16:17:52,703 - INFO - IA: Raquette droite déplacée de 7 à 14
2025-05-03 16:17:52,721 - INFO - IA: Raquette droite déplacée de 14 à 7
2025-05-03 16:17:52,740 - INFO - IA: Raquette droite déplacée de 7 à 14
2025-05-03 16:17:52,758 - INFO - IA: Raquette droite déplacée de 14 à 21
2025-05-03 16:17:52,775 - INFO - IA: Raquette droite déplacée de 21 à 14
2025-05-03 16:17:52,793 - INFO - IA: Raquette droite déplacée de 14 à 21
2025-05-03 16:17:52,810 - INFO - IA: Raquette droite déplacée de 21 à 28
2025-05-03 16:17:52,829 - INFO - IA: Raquette droite déplacée de 28 à 35
2025-05-03 16:17:52,846 - INFO - IA: Raquette droite déplacée de 35 à 42
2025-05-03 16:17:52,864 - INFO - IA: Raquette droite déplacée de 42 à 49
2025-05-03 16:17:52,881 - INFO - IA: Raquette droite déplacée de 49 à 42
2025-05-03 16:17:52,898 - INFO - IA: Raquette droite déplacée de 42 à 49
2025-05-03 16:17:52,915 - INFO - IA: Raquette droite déplacée de 49 à 56
2025-05-03 16:17:52,934 - INFO - IA: Raquette droite déplacée de 56 à 63
2025-05-03 16:17:52,952 - INFO - IA: Raquette droite déplacée de 63 à 70
2025-05-03 16:17:52,969 - INFO - IA: Raquette droite déplacée de 70 à 77
2025-05-03 16:17:52,989 - INFO - IA: Raquette droite déplacée de 77 à 84
2025-05-03 16:17:53,006 - INFO - IA: Raquette droite déplacée de 84 à 91
2025-05-03 16:17:53,042 - INFO - IA: Raquette droite déplacée de 91 à 84
2025-05-03 16:17:53,060 - INFO - IA: Raquette droite déplacée de 84 à 91
2025-05-03 16:17:53,078 - INFO - IA: Raquette droite déplacée de 91 à 84
2025-05-03 16:17:53,096 - INFO - IA: Raquette droite déplacée de 84 à 91
2025-05-03 16:17:53,115 - INFO - INPUT: Joueur appuie sur la touche BAS
2025-05-03 16:17:53,115 - INFO - JOUEUR: Raquette gauche déplacée de 7 à 14
2025-05-03 16:17:53,116 - INFO - IA: Raquette droite déplacée de 91 à 98
2025-05-03 16:17:53,133 - INFO - JOUEUR: Raquette gauche déplacée de 14 à 21
2025-05-03 16:17:53,134 - INFO - IA: Raquette droite déplacée de 98 à 105
2025-05-03 16:17:53,151 - INFO - JOUEUR: Raquette gauche déplacée de 21 à 28
2025-05-03 16:17:53,152 - INFO - IA: Raquette droite déplacée de 105 à 112
2025-05-03 16:17:53,170 - INFO - JOUEUR: Raquette gauche déplacée de 28 à 35
2025-05-03 16:17:53,171 - INFO - IA: Raquette droite déplacée de 112 à 119
2025-05-03 16:17:53,189 - INFO - JOUEUR: Raquette gauche déplacée de 35 à 42
2025-05-03 16:17:53,191 - INFO - IA: Raquette droite déplacée de 119 à 126
2025-05-03 16:17:53,209 - INFO - JOUEUR: Raquette gauche déplacée de 42 à 49
2025-05-03 16:17:53,210 - INFO - IA: Raquette droite déplacée de 126 à 133
2025-05-03 16:17:53,230 - INFO - JOUEUR: Raquette gauche déplacée de 49 à 56
2025-05-03 16:17:53,232 - INFO - IA: Raquette droite déplacée de 133 à 140
2025-05-03 16:17:53,250 - INFO - JOUEUR: Raquette gauche déplacée de 56 à 63
2025-05-03 16:17:53,250 - INFO - IA: Raquette droite déplacée de 140 à 147
2025-05-03 16:17:53,268 - INFO - JOUEUR: Raquette gauche déplacée de 63 à 70
2025-05-03 16:17:53,268 - INFO - IA: Raquette droite déplacée de 147 à 154
2025-05-03 16:17:53,286 - INFO - JOUEUR: Raquette gauche déplacée de 70 à 77
2025-05-03 16:17:53,287 - INFO - IA: Raquette droite déplacée de 154 à 161
2025-05-03 16:17:53,305 - INFO - JOUEUR: Raquette gauche déplacée de 77 à 84
2025-05-03 16:17:53,305 - INFO - IA: Raquette droite déplacée de 161 à 168
2025-05-03 16:17:53,323 - INFO - JOUEUR: Raquette gauche déplacée de 84 à 91
2025-05-03 16:17:53,323 - INFO - IA: Raquette droite déplacée de 168 à 175
2025-05-03 16:17:53,341 - INFO - JOUEUR: Raquette gauche déplacée de 91 à 98
2025-05-03 16:17:53,341 - INFO - IA: Raquette droite déplacée de 175 à 182
2025-05-03 16:17:53,358 - INFO - JOUEUR: Raquette gauche déplacée de 98 à 105
2025-05-03 16:17:53,359 - INFO - IA: Raquette droite déplacée de 182 à 189
2025-05-03 16:17:53,377 - INFO - JOUEUR: Raquette gauche déplacée de 105 à 112
2025-05-03 16:17:53,377 - INFO - IA: Raquette droite déplacée de 189 à 182
2025-05-03 16:17:53,395 - INFO - JOUEUR: Raquette gauche déplacée de 112 à 119
2025-05-03 16:17:53,396 - INFO - IA: Raquette droite déplacée de 182 à 189
2025-05-03 16:17:53,413 - INFO - JOUEUR: Raquette gauche déplacée de 119 à 126
2025-05-03 16:17:53,414 - INFO - IA: Raquette droite déplacée de 189 à 182
2025-05-03 16:17:53,432 - INFO - JOUEUR: Raquette gauche déplacée de 126 à 133
2025-05-03 16:17:53,433 - INFO - IA: Raquette droite déplacée de 182 à 189
2025-05-03 16:17:53,451 - INFO - JOUEUR: Raquette gauche déplacée de 133 à 140
2025-05-03 16:17:53,451 - INFO - IA: Raquette droite déplacée de 189 à 196
2025-05-03 16:17:53,469 - INFO - JOUEUR: Raquette gauche déplacée de 140 à 147
2025-05-03 16:17:53,469 - INFO - IA: Raquette droite déplacée de 196 à 203
2025-05-03 16:17:53,487 - INFO - JOUEUR: Raquette gauche déplacée de 147 à 154
2025-05-03 16:17:53,487 - INFO - IA: Raquette droite déplacée de 203 à 210
2025-05-03 16:17:53,505 - INFO - JOUEUR: Raquette gauche déplacée de 154 à 161
2025-05-03 16:17:53,505 - INFO - IA: Raquette droite déplacée de 210 à 203
2025-05-03 16:17:53,523 - INFO - JOUEUR: Raquette gauche déplacée de 161 à 168
2025-05-03 16:17:53,523 - INFO - IA: Raquette droite déplacée de 203 à 210
2025-05-03 16:17:53,541 - INFO - JOUEUR: Raquette gauche déplacée de 168 à 175
2025-05-03 16:17:53,541 - INFO - IA: Raquette droite déplacée de 210 à 217
2025-05-03 16:17:53,558 - INFO - JOUEUR: Raquette gauche déplacée de 175 à 182
2025-05-03 16:17:53,559 - INFO - IA: Raquette droite déplacée de 217 à 224
2025-05-03 16:17:53,576 - INFO - JOUEUR: Raquette gauche déplacée de 182 à 189
2025-05-03 16:17:53,576 - INFO - IA: Raquette droite déplacée de 224 à 231
2025-05-03 16:17:53,594 - INFO - JOUEUR: Raquette gauche déplacée de 189 à 196
2025-05-03 16:17:53,594 - INFO - IA: Raquette droite déplacée de 231 à 238
2025-05-03 16:17:53,612 - INFO - JOUEUR: Raquette gauche déplacée de 196 à 203
2025-05-03 16:17:53,613 - INFO - IA: Raquette droite déplacée de 238 à 245
2025-05-03 16:17:53,630 - INFO - JOUEUR: Raquette gauche déplacée de 203 à 210
2025-05-03 16:17:53,631 - INFO - IA: Raquette droite déplacée de 245 à 238
2025-05-03 16:17:53,648 - INFO - JOUEUR: Raquette gauche déplacée de 210 à 217
2025-05-03 16:17:53,648 - INFO - IA: Raquette droite déplacée de 238 à 245
2025-05-03 16:17:53,666 - INFO - INPUT: Joueur relâche les touches directionnelles
2025-05-03 16:17:53,666 - INFO - IA: Raquette droite déplacée de 245 à 252
2025-05-03 16:17:53,684 - INFO - IA: Raquette droite déplacée de 252 à 259
2025-05-03 16:17:53,684 - INFO - COLLISION: Balle a rebondi sur une raquette à la position (551, 323)
2025-05-03 16:17:53,702 - INFO - IA: Raquette droite déplacée de 259 à 266
2025-05-03 16:17:53,721 - INFO - IA: Raquette droite déplacée de 266 à 273
2025-05-03 16:17:53,740 - INFO - IA: Raquette droite déplacée de 273 à 280
2025-05-03 16:17:53,758 - INFO - IA: Raquette droite déplacée de 280 à 287
2025-05-03 16:17:53,776 - INFO - IA: Raquette droite déplacée de 287 à 294
2025-05-03 16:17:53,794 - INFO - IA: Raquette droite déplacée de 294 à 301
2025-05-03 16:17:53,812 - INFO - IA: Raquette droite déplacée de 301 à 308
2025-05-03 16:17:53,830 - INFO - IA: Raquette droite déplacée de 308 à 301
2025-05-03 16:17:53,848 - INFO - IA: Raquette droite déplacée de 301 à 308
2025-05-03 16:17:53,866 - INFO - IA: Raquette droite déplacée de 308 à 315
2025-05-03 16:17:53,884 - INFO - IA: Raquette droite déplacée de 315 à 322
2025-05-03 16:17:53,902 - INFO - IA: Raquette droite déplacée de 322 à 329
2025-05-03 16:17:53,919 - INFO - IA: Raquette droite déplacée de 329 à 336
2025-05-03 16:17:53,938 - INFO - IA: Raquette droite déplacée de 336 à 329
2025-05-03 16:17:53,955 - INFO - IA: Raquette droite déplacée de 329 à 336
2025-05-03 16:17:53,974 - INFO - IA: Raquette droite déplacée de 336 à 343
2025-05-03 16:17:53,992 - INFO - IA: Raquette droite déplacée de 343 à 350
2025-05-03 16:17:54,010 - INFO - IA: Raquette droite déplacée de 350 à 357
2025-05-03 16:17:54,046 - INFO - IA: Raquette droite déplacée de 357 à 364
2025-05-03 16:17:54,064 - INFO - IA: Raquette droite déplacée de 364 à 371
2025-05-03 16:17:54,082 - INFO - IA: Raquette droite déplacée de 371 à 378
2025-05-03 16:17:54,100 - INFO - IA: Raquette droite déplacée de 378 à 385
2025-05-03 16:17:54,118 - INFO - IA: Raquette droite déplacée de 385 à 378
2025-05-03 16:17:54,136 - INFO - IA: Raquette droite déplacée de 378 à 385
2025-05-03 16:17:54,154 - INFO - IA: Raquette droite déplacée de 385 à 378
2025-05-03 16:17:54,172 - INFO - IA: Raquette droite déplacée de 378 à 385
2025-05-03 16:17:54,189 - INFO - IA: Raquette droite déplacée de 385 à 390
2025-05-03 16:17:54,207 - INFO - COLLISION: Balle a rebondi sur un mur à la position (348, 468)
2025-05-03 16:17:54,331 - INFO - IA: Raquette droite déplacée de 390 à 383
2025-05-03 16:17:54,348 - INFO - IA: Raquette droite déplacée de 383 à 376
2025-05-03 16:17:54,366 - INFO - IA: Raquette droite déplacée de 376 à 383
2025-05-03 16:17:54,383 - INFO - IA: Raquette droite déplacée de 383 à 390
2025-05-03 16:17:54,400 - INFO - IA: Raquette droite déplacée de 390 à 383
2025-05-03 16:17:54,418 - INFO - IA: Raquette droite déplacée de 383 à 390
2025-05-03 16:17:54,436 - INFO - IA: Raquette droite déplacée de 390 à 383
2025-05-03 16:17:54,454 - INFO - IA: Raquette droite déplacée de 383 à 376
2025-05-03 16:17:54,472 - INFO - IA: Raquette droite déplacée de 376 à 369
2025-05-03 16:17:54,490 - INFO - IA: Raquette droite déplacée de 369 à 362
2025-05-03 16:17:54,507 - INFO - IA: Raquette droite déplacée de 362 à 355
2025-05-03 16:17:54,524 - INFO - IA: Raquette droite déplacée de 355 à 362
2025-05-03 16:17:54,542 - INFO - IA: Raquette droite déplacée de 362 à 355
2025-05-03 16:17:54,562 - INFO - IA: Raquette droite déplacée de 355 à 348
2025-05-03 16:17:54,580 - INFO - IA: Raquette droite déplacée de 348 à 355
2025-05-03 16:17:54,598 - INFO - IA: Raquette droite déplacée de 355 à 348
2025-05-03 16:17:54,615 - INFO - IA: Raquette droite déplacée de 348 à 341
2025-05-03 16:17:54,633 - INFO - IA: Raquette droite déplacée de 341 à 334
2025-05-03 16:17:54,651 - INFO - IA: Raquette droite déplacée de 334 à 327
2025-05-03 16:17:54,668 - INFO - IA: Raquette droite déplacée de 327 à 320
2025-05-03 16:17:54,686 - INFO - IA: Raquette droite déplacée de 320 à 313
2025-05-03 16:17:54,704 - INFO - IA: Raquette droite déplacée de 313 à 306
2025-05-03 16:17:54,722 - INFO - IA: Raquette droite déplacée de 306 à 313
2025-05-03 16:17:54,740 - INFO - IA: Raquette droite déplacée de 313 à 306
2025-05-03 16:17:54,758 - INFO - IA: Raquette droite déplacée de 306 à 299
2025-05-03 16:17:54,776 - INFO - IA: Raquette droite déplacée de 299 à 292
2025-05-03 16:17:54,793 - INFO - IA: Raquette droite déplacée de 292 à 285
2025-05-03 16:17:54,811 - INFO - IA: Raquette droite déplacée de 285 à 278
2025-05-03 16:17:54,829 - INFO - IA: Raquette droite déplacée de 278 à 271
2025-05-03 16:17:54,848 - INFO - IA: Raquette droite déplacée de 271 à 264
2025-05-03 16:17:54,866 - INFO - IA: Raquette droite déplacée de 264 à 257
2025-05-03 16:17:54,883 - INFO - IA: Raquette droite déplacée de 257 à 250
2025-05-03 16:17:54,901 - INFO - IA: Raquette droite déplacée de 250 à 243
2025-05-03 16:17:54,920 - INFO - IA: Raquette droite déplacée de 243 à 236
2025-05-03 16:17:54,937 - INFO - IA: Raquette droite déplacée de 236 à 229
2025-05-03 16:17:54,956 - INFO - IA: Raquette droite déplacée de 229 à 236
2025-05-03 16:17:54,973 - INFO - IA: Raquette droite déplacée de 236 à 229
2025-05-03 16:17:54,992 - INFO - IA: Raquette droite déplacée de 229 à 222
2025-05-03 16:17:55,009 - INFO - IA: Raquette droite déplacée de 222 à 215
2025-05-03 16:17:55,009 - INFO - COLLISION: Balle a rebondi sur une raquette à la position (33, 243)
2025-05-03 16:17:55,027 - INFO - IA: Raquette droite déplacée de 215 à 222
2025-05-03 16:17:55,045 - INFO - IA: Raquette droite déplacée de 222 à 215
2025-05-03 16:17:55,063 - INFO - IA: Raquette droite déplacée de 215 à 208
2025-05-03 16:17:55,081 - INFO - IA: Raquette droite déplacée de 208 à 201
2025-05-03 16:17:55,098 - INFO - IA: Raquette droite déplacée de 201 à 194
2025-05-03 16:17:55,116 - INFO - IA: Raquette droite déplacée de 194 à 201
2025-05-03 16:17:55,134 - INFO - IA: Raquette droite déplacée de 201 à 194
2025-05-03 16:17:55,152 - INFO - IA: Raquette droite déplacée de 194 à 187
2025-05-03 16:17:55,170 - INFO - IA: Raquette droite déplacée de 187 à 180
2025-05-03 16:17:55,188 - INFO - IA: Raquette droite déplacée de 180 à 173
2025-05-03 16:17:55,206 - INFO - IA: Raquette droite déplacée de 173 à 166
2025-05-03 16:17:55,224 - INFO - IA: Raquette droite déplacée de 166 à 173
2025-05-03 16:17:55,242 - INFO - IA: Raquette droite déplacée de 173 à 166
2025-05-03 16:17:55,260 - INFO - IA: Raquette droite déplacée de 166 à 159
2025-05-03 16:17:55,278 - INFO - IA: Raquette droite déplacée de 159 à 152
2025-05-03 16:17:55,296 - INFO - IA: Raquette droite déplacée de 152 à 145
2025-05-03 16:17:55,314 - INFO - IA: Raquette droite déplacée de 145 à 152
2025-05-03 16:17:55,332 - INFO - IA: Raquette droite déplacée de 152 à 145
2025-05-03 16:17:55,350 - INFO - IA: Raquette droite déplacée de 145 à 138
2025-05-03 16:17:55,369 - INFO - IA: Raquette droite déplacée de 138 à 131
2025-05-03 16:17:55,387 - INFO - IA: Raquette droite déplacée de 131 à 124
2025-05-03 16:17:55,405 - INFO - IA: Raquette droite déplacée de 124 à 117
2025-05-03 16:17:55,423 - INFO - IA: Raquette droite déplacée de 117 à 110
2025-05-03 16:17:55,440 - INFO - IA: Raquette droite déplacée de 110 à 103
2025-05-03 16:17:55,458 - INFO - IA: Raquette droite déplacée de 103 à 96
2025-05-03 16:17:55,476 - INFO - IA: Raquette droite déplacée de 96 à 89
2025-05-03 16:17:55,495 - INFO - IA: Raquette droite déplacée de 89 à 82
2025-05-03 16:17:55,512 - INFO - IA: Raquette droite déplacée de 82 à 75
2025-05-03 16:17:55,529 - INFO - IA: Raquette droite déplacée de 75 à 68
2025-05-03 16:17:55,547 - INFO - IA: Raquette droite déplacée de 68 à 61
2025-05-03 16:17:55,564 - INFO - IA: Raquette droite déplacée de 61 à 68
2025-05-03 16:17:55,581 - INFO - IA: Raquette droite déplacée de 68 à 75
2025-05-03 16:17:55,599 - INFO - IA: Raquette droite déplacée de 75 à 68
2025-05-03 16:17:55,617 - INFO - IA: Raquette droite déplacée de 68 à 61
2025-05-03 16:17:55,636 - INFO - IA: Raquette droite déplacée de 61 à 54
2025-05-03 16:17:55,654 - INFO - IA: Raquette droite déplacée de 54 à 47
2025-05-03 16:17:55,672 - INFO - IA: Raquette droite déplacée de 47 à 40
2025-05-03 16:17:55,689 - INFO - IA: Raquette droite déplacée de 40 à 33
2025-05-03 16:17:55,706 - INFO - IA: Raquette droite déplacée de 33 à 26
2025-05-03 16:17:55,724 - INFO - IA: Raquette droite déplacée de 26 à 19
2025-05-03 16:17:55,741 - INFO - IA: Raquette droite déplacée de 19 à 26
2025-05-03 16:17:55,759 - INFO - IA: Raquette droite déplacée de 26 à 19
2025-05-03 16:17:55,777 - INFO - IA: Raquette droite déplacée de 19 à 12
2025-05-03 16:17:55,795 - INFO - IA: Raquette droite déplacée de 12 à 5
2025-05-03 16:17:55,813 - INFO - IA: Raquette droite déplacée de 5 à 0
2025-05-03 16:17:55,831 - INFO - IA: Raquette droite déplacée de 0 à 7
2025-05-03 16:17:55,848 - INFO - IA: Raquette droite déplacée de 7 à 0
2025-05-03 16:17:55,883 - INFO - COLLISION: Balle a rebondi sur un mur à la position (425, -2)
2025-05-03 16:17:56,006 - INFO - IA: Raquette droite déplacée de 0 à 7
2025-05-03 16:17:56,024 - INFO - IA: Raquette droite déplacée de 7 à 0
2025-05-03 16:17:56,041 - INFO - IA: Raquette droite déplacée de 0 à 7
2025-05-03 16:17:56,059 - INFO - IA: Raquette droite déplacée de 7 à 0
2025-05-03 16:17:56,093 - INFO - IA: Raquette droite déplacée de 0 à 7
2025-05-03 16:17:56,112 - INFO - IA: Raquette droite déplacée de 7 à 14
2025-05-03 16:17:56,131 - INFO - IA: Raquette droite déplacée de 14 à 21
2025-05-03 16:17:56,150 - INFO - IA: Raquette droite déplacée de 21 à 14
2025-05-03 16:17:56,170 - INFO - IA: Raquette droite déplacée de 14 à 21
2025-05-03 16:17:56,170 - INFO - COLLISION: Balle a rebondi sur une raquette à la position (553, 78)
2025-05-03 16:17:56,188 - INFO - IA: Raquette droite déplacée de 21 à 28
2025-05-03 16:17:56,207 - INFO - IA: Raquette droite déplacée de 28 à 35
2025-05-03 16:17:56,225 - INFO - IA: Raquette droite déplacée de 35 à 42
2025-05-03 16:17:56,242 - INFO - IA: Raquette droite déplacée de 42 à 49
2025-05-03 16:17:56,260 - INFO - IA: Raquette droite déplacée de 49 à 42
2025-05-03 16:17:56,278 - INFO - IA: Raquette droite déplacée de 42 à 49
2025-05-03 16:17:56,296 - INFO - IA: Raquette droite déplacée de 49 à 56
2025-05-03 16:17:56,314 - INFO - IA: Raquette droite déplacée de 56 à 63
2025-05-03 16:17:56,333 - INFO - IA: Raquette droite déplacée de 63 à 70
2025-05-03 16:17:56,351 - INFO - IA: Raquette droite déplacée de 70 à 77
2025-05-03 16:17:56,370 - INFO - IA: Raquette droite déplacée de 77 à 84
2025-05-03 16:17:56,388 - INFO - IA: Raquette droite déplacée de 84 à 91
2025-05-03 16:17:56,407 - INFO - IA: Raquette droite déplacée de 91 à 84
2025-05-03 16:17:56,424 - INFO - IA: Raquette droite déplacée de 84 à 91
2025-05-03 16:17:56,442 - INFO - IA: Raquette droite déplacée de 91 à 84
2025-05-03 16:17:56,460 - INFO - IA: Raquette droite déplacée de 84 à 91
2025-05-03 16:17:56,479 - INFO - IA: Raquette droite déplacée de 91 à 98
2025-05-03 16:17:56,497 - INFO - IA: Raquette droite déplacée de 98 à 105
2025-05-03 16:17:56,515 - INFO - IA: Raquette droite déplacée de 105 à 112
2025-05-03 16:17:56,533 - INFO - IA: Raquette droite déplacée de 112 à 119
2025-05-03 16:17:56,551 - INFO - IA: Raquette droite déplacée de 119 à 126
2025-05-03 16:17:56,569 - INFO - IA: Raquette droite déplacée de 126 à 133
2025-05-03 16:17:56,586 - INFO - IA: Raquette droite déplacée de 133 à 140
2025-05-03 16:17:56,604 - INFO - IA: Raquette droite déplacée de 140 à 147
2025-05-03 16:17:56,622 - INFO - IA: Raquette droite déplacée de 147 à 154
2025-05-03 16:17:56,640 - INFO - IA: Raquette droite déplacée de 154 à 161
2025-05-03 16:17:56,658 - INFO - IA: Raquette droite déplacée de 161 à 154
2025-05-03 16:17:56,676 - INFO - IA: Raquette droite déplacée de 154 à 147
2025-05-03 16:17:56,693 - INFO - IA: Raquette droite déplacée de 147 à 154
2025-05-03 16:17:56,710 - INFO - IA: Raquette droite déplacée de 154 à 161
2025-05-03 16:17:56,728 - INFO - IA: Raquette droite déplacée de 161 à 168
2025-05-03 16:17:56,746 - INFO - IA: Raquette droite déplacée de 168 à 175
2025-05-03 16:17:56,764 - INFO - IA: Raquette droite déplacée de 175 à 182
2025-05-03 16:17:56,782 - INFO - IA: Raquette droite déplacée de 182 à 175
2025-05-03 16:17:56,800 - INFO - IA: Raquette droite déplacée de 175 à 182
2025-05-03 16:17:56,817 - INFO - IA: Raquette droite déplacée de 182 à 189
2025-05-03 16:17:56,836 - INFO - IA: Raquette droite déplacée de 189 à 196
2025-05-03 16:17:56,854 - INFO - IA: Raquette droite déplacée de 196 à 203
2025-05-03 16:17:56,871 - INFO - IA: Raquette droite déplacée de 203 à 210
2025-05-03 16:17:56,889 - INFO - IA: Raquette droite déplacée de 210 à 217
2025-05-03 16:17:56,907 - INFO - INPUT: Joueur appuie sur la touche HAUT
2025-05-03 16:17:56,907 - INFO - JOUEUR: Raquette gauche déplacée de 217 à 210
2025-05-03 16:17:56,908 - INFO - IA: Raquette droite déplacée de 217 à 210
2025-05-03 16:17:56,926 - INFO - JOUEUR: Raquette gauche déplacée de 210 à 203
2025-05-03 16:17:56,927 - INFO - IA: Raquette droite déplacée de 210 à 217
2025-05-03 16:17:56,946 - INFO - JOUEUR: Raquette gauche déplacée de 203 à 196
2025-05-03 16:17:56,946 - INFO - IA: Raquette droite déplacée de 217 à 224
2025-05-03 16:17:56,964 - INFO - JOUEUR: Raquette gauche déplacée de 196 à 189
2025-05-03 16:17:56,964 - INFO - IA: Raquette droite déplacée de 224 à 231
2025-05-03 16:17:56,982 - INFO - JOUEUR: Raquette gauche déplacée de 189 à 182
2025-05-03 16:17:56,983 - INFO - IA: Raquette droite déplacée de 231 à 238
2025-05-03 16:17:57,000 - INFO - INPUT: Joueur relâche les touches directionnelles
2025-05-03 16:17:57,001 - INFO - IA: Raquette droite déplacée de 238 à 245
2025-05-03 16:17:57,019 - INFO - IA: Raquette droite déplacée de 245 à 252
2025-05-03 16:17:57,038 - INFO - IA: Raquette droite déplacée de 252 à 259
2025-05-03 16:17:57,056 - INFO - IA: Raquette droite déplacée de 259 à 266
2025-05-03 16:17:57,073 - INFO - IA: Raquette droite déplacée de 266 à 273
2025-05-03 16:17:57,091 - INFO - IA: Raquette droite déplacée de 273 à 280
2025-05-03 16:17:57,127 - INFO - IA: Raquette droite déplacée de 280 à 273
2025-05-03 16:17:57,144 - INFO - INPUT: Joueur appuie sur la touche BAS
2025-05-03 16:17:57,145 - INFO - JOUEUR: Raquette gauche déplacée de 182 à 189
2025-05-03 16:17:57,145 - INFO - IA: Raquette droite déplacée de 273 à 280
2025-05-03 16:17:57,163 - INFO - JOUEUR: Raquette gauche déplacée de 189 à 196
2025-05-03 16:17:57,163 - INFO - IA: Raquette droite déplacée de 280 à 287
2025-05-03 16:17:57,182 - INFO - JOUEUR: Raquette gauche déplacée de 196 à 203
2025-05-03 16:17:57,182 - INFO - IA: Raquette droite déplacée de 287 à 294
2025-05-03 16:17:57,202 - INFO - JOUEUR: Raquette gauche déplacée de 203 à 210
2025-05-03 16:17:57,203 - INFO - IA: Raquette droite déplacée de 294 à 301
2025-05-03 16:17:57,221 - INFO - JOUEUR: Raquette gauche déplacée de 210 à 217
2025-05-03 16:17:57,222 - INFO - IA: Raquette droite déplacée de 301 à 308
2025-05-03 16:17:57,240 - INFO - JOUEUR: Raquette gauche déplacée de 217 à 224
2025-05-03 16:17:57,241 - INFO - IA: Raquette droite déplacée de 308 à 301
2025-05-03 16:17:57,258 - INFO - JOUEUR: Raquette gauche déplacée de 224 à 231
2025-05-03 16:17:57,259 - INFO - IA: Raquette droite déplacée de 301 à 308
2025-05-03 16:17:57,276 - INFO - JOUEUR: Raquette gauche déplacée de 231 à 238
2025-05-03 16:17:57,276 - INFO - IA: Raquette droite déplacée de 308 à 315
2025-05-03 16:17:57,294 - INFO - JOUEUR: Raquette gauche déplacée de 238 à 245
2025-05-03 16:17:57,294 - INFO - IA: Raquette droite déplacée de 315 à 322
2025-05-03 16:17:57,295 - INFO - POINT: Joueur droite (IA) marque un point! Score: 0-8
2025-05-03 16:17:57,313 - INFO - JOUEUR: Raquette gauche déplacée de 245 à 252
2025-05-03 16:17:57,313 - INFO - IA: Raquette droite déplacée de 322 à 315
2025-05-03 16:17:57,330 - INFO - JOUEUR: Raquette gauche déplacée de 252 à 259
2025-05-03 16:17:57,331 - INFO - IA: Raquette droite déplacée de 315 à 308
2025-05-03 16:17:57,348 - INFO - JOUEUR: Raquette gauche déplacée de 259 à 266
2025-05-03 16:17:57,348 - INFO - IA: Raquette droite déplacée de 308 à 301
2025-05-03 16:17:57,366 - INFO - JOUEUR: Raquette gauche déplacée de 266 à 273
2025-05-03 16:17:57,366 - INFO - IA: Raquette droite déplacée de 301 à 294
2025-05-03 16:17:57,384 - INFO - JOUEUR: Raquette gauche déplacée de 273 à 280
2025-05-03 16:17:57,385 - INFO - IA: Raquette droite déplacée de 294 à 287
2025-05-03 16:17:57,404 - INFO - JOUEUR: Raquette gauche déplacée de 280 à 287
2025-05-03 16:17:57,404 - INFO - IA: Raquette droite déplacée de 287 à 280
2025-05-03 16:17:57,423 - INFO - JOUEUR: Raquette gauche déplacée de 287 à 294
2025-05-03 16:17:57,424 - INFO - IA: Raquette droite déplacée de 280 à 273
2025-05-03 16:17:57,442 - INFO - JOUEUR: Raquette gauche déplacée de 294 à 301
2025-05-03 16:17:57,443 - INFO - IA: Raquette droite déplacée de 273 à 266
2025-05-03 16:17:57,461 - INFO - JOUEUR: Raquette gauche déplacée de 301 à 308
2025-05-03 16:17:57,461 - INFO - IA: Raquette droite déplacée de 266 à 259
2025-05-03 16:17:57,479 - INFO - JOUEUR: Raquette gauche déplacée de 308 à 315
2025-05-03 16:17:57,479 - INFO - IA: Raquette droite déplacée de 259 à 252
2025-05-03 16:17:57,497 - INFO - JOUEUR: Raquette gauche déplacée de 315 à 322
2025-05-03 16:17:57,498 - INFO - IA: Raquette droite déplacée de 252 à 259
2025-05-03 16:17:57,516 - INFO - JOUEUR: Raquette gauche déplacée de 322 à 329
2025-05-03 16:17:57,517 - INFO - IA: Raquette droite déplacée de 259 à 252
2025-05-03 16:17:57,534 - INFO - JOUEUR: Raquette gauche déplacée de 329 à 336
2025-05-03 16:17:57,535 - INFO - IA: Raquette droite déplacée de 252 à 245
2025-05-03 16:17:57,554 - INFO - INPUT: Joueur relâche les touches directionnelles
2025-05-03 16:17:57,554 - INFO - IA: Raquette droite déplacée de 245 à 238
2025-05-03 16:17:57,588 - INFO - IA: Raquette droite déplacée de 238 à 245
2025-05-03 16:17:57,607 - INFO - IA: Raquette droite déplacée de 245 à 252
2025-05-03 16:17:57,624 - INFO - IA: Raquette droite déplacée de 252 à 259
2025-05-03 16:17:57,643 - INFO - IA: Raquette droite déplacée de 259 à 266
2025-05-03 16:17:57,662 - INFO - IA: Raquette droite déplacée de 266 à 259
2025-05-03 16:17:57,679 - INFO - IA: Raquette droite déplacée de 259 à 266
2025-05-03 16:17:57,697 - INFO - IA: Raquette droite déplacée de 266 à 273
2025-05-03 16:17:57,714 - INFO - IA: Raquette droite déplacée de 273 à 280
2025-05-03 16:17:57,733 - INFO - IA: Raquette droite déplacée de 280 à 287
2025-05-03 16:17:57,751 - INFO - IA: Raquette droite déplacée de 287 à 294
2025-05-03 16:17:57,770 - INFO - IA: Raquette droite déplacée de 294 à 301
2025-05-03 16:17:57,788 - INFO - IA: Raquette droite déplacée de 301 à 294
2025-05-03 16:17:57,805 - INFO - IA: Raquette droite déplacée de 294 à 301
2025-05-03 16:17:57,822 - INFO - IA: Raquette droite déplacée de 301 à 308
2025-05-03 16:17:57,839 - INFO - IA: Raquette droite déplacée de 308 à 315
2025-05-03 16:17:57,857 - INFO - IA: Raquette droite déplacée de 315 à 322
2025-05-03 16:17:57,874 - INFO - IA: Raquette droite déplacée de 322 à 329
2025-05-03 16:17:57,891 - INFO - IA: Raquette droite déplacée de 329 à 336
2025-05-03 16:17:57,908 - INFO - IA: Raquette droite déplacée de 336 à 343
2025-05-03 16:17:57,925 - INFO - IA: Raquette droite déplacée de 343 à 350
2025-05-03 16:17:57,943 - INFO - IA: Raquette droite déplacée de 350 à 357
2025-05-03 16:17:57,961 - INFO - IA: Raquette droite déplacée de 357 à 364
2025-05-03 16:17:57,979 - INFO - IA: Raquette droite déplacée de 364 à 371
2025-05-03 16:17:57,997 - INFO - IA: Raquette droite déplacée de 371 à 378
2025-05-03 16:17:58,014 - INFO - IA: Raquette droite déplacée de 378 à 385
2025-05-03 16:17:58,032 - INFO - IA: Raquette droite déplacée de 385 à 378
2025-05-03 16:17:58,049 - INFO - IA: Raquette droite déplacée de 378 à 385
2025-05-03 16:17:58,068 - INFO - IA: Raquette droite déplacée de 385 à 390
2025-05-03 16:17:58,140 - INFO - COLLISION: Balle a rebondi sur un mur à la position (58, 468)
2025-05-03 16:17:58,263 - INFO - IA: Raquette droite déplacée de 390 à 383
2025-05-03 16:17:58,282 - INFO - IA: Raquette droite déplacée de 383 à 390
2025-05-03 16:17:58,301 - INFO - IA: Raquette droite déplacée de 390 à 383
2025-05-03 16:17:58,302 - INFO - COLLISION: Balle a rebondi sur une raquette à la position (13, 423)
2025-05-03 16:17:58,320 - INFO - IA: Raquette droite déplacée de 383 à 376
2025-05-03 16:17:58,320 - INFO - COLLISION: Balle a rebondi sur une raquette à la position (19, 418)
2025-05-03 16:17:58,337 - INFO - IA: Raquette droite déplacée de 376 à 383
2025-05-03 16:17:58,338 - INFO - COLLISION: Balle a rebondi sur une raquette à la position (13, 413)
2025-05-03 16:17:58,358 - INFO - INPUT: Joueur appuie sur la touche BAS
2025-05-03 16:17:58,358 - INFO - JOUEUR: Raquette gauche déplacée de 336 à 343
2025-05-03 16:17:58,359 - INFO - IA: Raquette droite déplacée de 383 à 376
2025-05-03 16:17:58,359 - INFO - COLLISION: Balle a rebondi sur une raquette à la position (20, 408)
2025-05-03 16:17:58,378 - INFO - JOUEUR: Raquette gauche déplacée de 343 à 350
2025-05-03 16:17:58,378 - INFO - IA: Raquette droite déplacée de 376 à 369
2025-05-03 16:17:58,379 - INFO - COLLISION: Balle a rebondi sur une raquette à la position (13, 403)
2025-05-03 16:17:58,396 - INFO - JOUEUR: Raquette gauche déplacée de 350 à 357
2025-05-03 16:17:58,396 - INFO - IA: Raquette droite déplacée de 369 à 376
2025-05-03 16:17:58,397 - INFO - COLLISION: Balle a rebondi sur une raquette à la position (21, 398)
2025-05-03 16:17:58,416 - INFO - JOUEUR: Raquette gauche déplacée de 357 à 364
2025-05-03 16:17:58,416 - INFO - IA: Raquette droite déplacée de 376 à 383
2025-05-03 16:17:58,417 - INFO - COLLISION: Balle a rebondi sur une raquette à la position (12, 393)
2025-05-03 16:17:58,435 - INFO - JOUEUR: Raquette gauche déplacée de 364 à 371
2025-05-03 16:17:58,435 - INFO - IA: Raquette droite déplacée de 383 à 376
2025-05-03 16:17:58,436 - INFO - COLLISION: Balle a rebondi sur une raquette à la position (22, 388)
2025-05-03 16:17:58,455 - INFO - JOUEUR: Raquette gauche déplacée de 371 à 378
2025-05-03 16:17:58,455 - INFO - IA: Raquette droite déplacée de 376 à 369
2025-05-03 16:17:58,456 - INFO - COLLISION: Balle a rebondi sur une raquette à la position (11, 383)
2025-05-03 16:17:58,474 - INFO - JOUEUR: Raquette gauche déplacée de 378 à 385
2025-05-03 16:17:58,474 - INFO - IA: Raquette droite déplacée de 369 à 362
2025-05-03 16:17:58,475 - INFO - COLLISION: Balle a rebondi sur une raquette à la position (23, 378)
2025-05-03 16:17:58,493 - INFO - JOUEUR: Raquette gauche déplacée de 385 à 390
2025-05-03 16:17:58,494 - INFO - IA: Raquette droite déplacée de 362 à 355
2025-05-03 16:17:58,513 - INFO - INPUT: Joueur relâche les touches directionnelles
2025-05-03 16:17:58,513 - INFO - IA: Raquette droite déplacée de 355 à 362
2025-05-03 16:17:58,513 - INFO - POINT: Joueur droite (IA) marque un point! Score: 0-9
2025-05-03 16:17:58,532 - INFO - IA: Raquette droite déplacée de 362 à 355
2025-05-03 16:17:58,550 - INFO - IA: Raquette droite déplacée de 355 à 348
2025-05-03 16:17:58,568 - INFO - IA: Raquette droite déplacée de 348 à 341
2025-05-03 16:17:58,587 - INFO - IA: Raquette droite déplacée de 341 à 334
2025-05-03 16:17:58,607 - INFO - IA: Raquette droite déplacée de 334 à 327
2025-05-03 16:17:58,624 - INFO - IA: Raquette droite déplacée de 327 à 320
2025-05-03 16:17:58,642 - INFO - IA: Raquette droite déplacée de 320 à 313
2025-05-03 16:17:58,660 - INFO - IA: Raquette droite déplacée de 313 à 306
2025-05-03 16:17:58,677 - INFO - IA: Raquette droite déplacée de 306 à 299
2025-05-03 16:17:58,695 - INFO - IA: Raquette droite déplacée de 299 à 292
2025-05-03 16:17:58,713 - INFO - IA: Raquette droite déplacée de 292 à 285
2025-05-03 16:17:58,731 - INFO - IA: Raquette droite déplacée de 285 à 278
2025-05-03 16:17:58,750 - INFO - IA: Raquette droite déplacée de 278 à 271
2025-05-03 16:17:58,768 - INFO - IA: Raquette droite déplacée de 271 à 264
2025-05-03 16:17:58,787 - INFO - IA: Raquette droite déplacée de 264 à 257
2025-05-03 16:17:58,804 - INFO - IA: Raquette droite déplacée de 257 à 264
2025-05-03 16:17:58,822 - INFO - IA: Raquette droite déplacée de 264 à 257
2025-05-03 16:17:58,839 - INFO - IA: Raquette droite déplacée de 257 à 264
2025-05-03 16:17:58,857 - INFO - IA: Raquette droite déplacée de 264 à 271
2025-05-03 16:17:58,875 - INFO - IA: Raquette droite déplacée de 271 à 264
2025-05-03 16:17:58,892 - INFO - IA: Raquette droite déplacée de 264 à 271
2025-05-03 16:17:58,909 - INFO - IA: Raquette droite déplacée de 271 à 278
2025-05-03 16:17:58,926 - INFO - IA: Raquette droite déplacée de 278 à 285
2025-05-03 16:17:58,944 - INFO - IA: Raquette droite déplacée de 285 à 292
2025-05-03 16:17:58,961 - INFO - IA: Raquette droite déplacée de 292 à 299
2025-05-03 16:17:58,979 - INFO - IA: Raquette droite déplacée de 299 à 306
2025-05-03 16:17:58,997 - INFO - IA: Raquette droite déplacée de 306 à 313
2025-05-03 16:17:59,015 - INFO - IA: Raquette droite déplacée de 313 à 320
2025-05-03 16:17:59,034 - INFO - IA: Raquette droite déplacée de 320 à 327
2025-05-03 16:17:59,053 - INFO - IA: Raquette droite déplacée de 327 à 334
2025-05-03 16:17:59,070 - INFO - IA: Raquette droite déplacée de 334 à 327
2025-05-03 16:17:59,088 - INFO - IA: Raquette droite déplacée de 327 à 320
2025-05-03 16:17:59,106 - INFO - IA: Raquette droite déplacée de 320 à 327
2025-05-03 16:17:59,123 - INFO - IA: Raquette droite déplacée de 327 à 334
2025-05-03 16:17:59,141 - INFO - IA: Raquette droite déplacée de 334 à 341
2025-05-03 16:17:59,159 - INFO - IA: Raquette droite déplacée de 341 à 348
2025-05-03 16:17:59,177 - INFO - IA: Raquette droite déplacée de 348 à 355
2025-05-03 16:17:59,195 - INFO - IA: Raquette droite déplacée de 355 à 348
2025-05-03 16:17:59,213 - INFO - IA: Raquette droite déplacée de 348 à 355
2025-05-03 16:17:59,232 - INFO - IA: Raquette droite déplacée de 355 à 362
2025-05-03 16:17:59,252 - INFO - IA: Raquette droite déplacée de 362 à 369
2025-05-03 16:17:59,271 - INFO - IA: Raquette droite déplacée de 369 à 376
2025-05-03 16:17:59,290 - INFO - IA: Raquette droite déplacée de 376 à 383
2025-05-03 16:17:59,309 - INFO - IA: Raquette droite déplacée de 383 à 390
2025-05-03 16:17:59,362 - INFO - COLLISION: Balle a rebondi sur un mur à la position (58, 468)
2025-05-03 16:17:59,450 - INFO - COLLISION: Balle a rebondi sur une raquette à la position (33, 443)
2025-05-03 16:17:59,503 - INFO - IA: Raquette droite déplacée de 390 à 383
2025-05-03 16:17:59,522 - INFO - IA: Raquette droite déplacée de 383 à 390
2025-05-03 16:17:59,540 - INFO - IA: Raquette droite déplacée de 390 à 383
2025-05-03 16:17:59,558 - INFO - IA: Raquette droite déplacée de 383 à 390
2025-05-03 16:17:59,576 - INFO - IA: Raquette droite déplacée de 390 à 383
2025-05-03 16:17:59,593 - INFO - IA: Raquette droite déplacée de 383 à 390
2025-05-03 16:17:59,611 - INFO - IA: Raquette droite déplacée de 390 à 383
2025-05-03 16:17:59,629 - INFO - IA: Raquette droite déplacée de 383 à 376
2025-05-03 16:17:59,647 - INFO - IA: Raquette droite déplacée de 376 à 369
2025-05-03 16:17:59,665 - INFO - IA: Raquette droite déplacée de 369 à 362
2025-05-03 16:17:59,685 - INFO - IA: Raquette droite déplacée de 362 à 355
2025-05-03 16:17:59,702 - INFO - IA: Raquette droite déplacée de 355 à 348
2025-05-03 16:17:59,719 - INFO - IA: Raquette droite déplacée de 348 à 341
2025-05-03 16:17:59,737 - INFO - IA: Raquette droite déplacée de 341 à 334
2025-05-03 16:17:59,755 - INFO - IA: Raquette droite déplacée de 334 à 327
2025-05-03 16:17:59,790 - INFO - IA: Raquette droite déplacée de 327 à 320
2025-05-03 16:17:59,809 - INFO - IA: Raquette droite déplacée de 320 à 313
2025-05-03 16:17:59,826 - INFO - IA: Raquette droite déplacée de 313 à 320
2025-05-03 16:17:59,843 - INFO - IA: Raquette droite déplacée de 320 à 313
2025-05-03 16:17:59,861 - INFO - IA: Raquette droite déplacée de 313 à 320
2025-05-03 16:17:59,878 - INFO - IA: Raquette droite déplacée de 320 à 313
2025-05-03 16:17:59,896 - INFO - IA: Raquette droite déplacée de 313 à 306
2025-05-03 16:17:59,913 - INFO - IA: Raquette droite déplacée de 306 à 299
2025-05-03 16:17:59,930 - INFO - IA: Raquette droite déplacée de 299 à 292
2025-05-03 16:17:59,949 - INFO - IA: Raquette droite déplacée de 292 à 285
2025-05-03 16:17:59,968 - INFO - IA: Raquette droite déplacée de 285 à 278
2025-05-03 16:17:59,985 - INFO - IA: Raquette droite déplacée de 278 à 271
2025-05-03 16:18:00,003 - INFO - IA: Raquette droite déplacée de 271 à 264
2025-05-03 16:18:00,020 - INFO - IA: Raquette droite déplacée de 264 à 271
2025-05-03 16:18:00,038 - INFO - IA: Raquette droite déplacée de 271 à 264
2025-05-03 16:18:00,056 - INFO - IA: Raquette droite déplacée de 264 à 257
2025-05-03 16:18:00,074 - INFO - IA: Raquette droite déplacée de 257 à 250
2025-05-03 16:18:00,091 - INFO - IA: Raquette droite déplacée de 250 à 243
2025-05-03 16:18:00,110 - INFO - IA: Raquette droite déplacée de 243 à 236
2025-05-03 16:18:00,127 - INFO - IA: Raquette droite déplacée de 236 à 229
2025-05-03 16:18:00,146 - INFO - IA: Raquette droite déplacée de 229 à 222
2025-05-03 16:18:00,163 - INFO - IA: Raquette droite déplacée de 222 à 215
2025-05-03 16:18:00,182 - INFO - IA: Raquette droite déplacée de 215 à 208
2025-05-03 16:18:00,201 - INFO - IA: Raquette droite déplacée de 208 à 201
2025-05-03 16:18:00,219 - INFO - IA: Raquette droite déplacée de 201 à 208
2025-05-03 16:18:00,236 - INFO - IA: Raquette droite déplacée de 208 à 215
2025-05-03 16:18:00,254 - INFO - IA: Raquette droite déplacée de 215 à 208
2025-05-03 16:18:00,272 - INFO - IA: Raquette droite déplacée de 208 à 201
2025-05-03 16:18:00,289 - INFO - IA: Raquette droite déplacée de 201 à 194
2025-05-03 16:18:00,307 - INFO - IA: Raquette droite déplacée de 194 à 187
2025-05-03 16:18:00,325 - INFO - IA: Raquette droite déplacée de 187 à 180
2025-05-03 16:18:00,343 - INFO - IA: Raquette droite déplacée de 180 à 173
2025-05-03 16:18:00,362 - INFO - IA: Raquette droite déplacée de 173 à 166
2025-05-03 16:18:00,381 - INFO - IA: Raquette droite déplacée de 166 à 159
2025-05-03 16:18:00,401 - INFO - IA: Raquette droite déplacée de 159 à 152
2025-05-03 16:18:00,418 - INFO - IA: Raquette droite déplacée de 152 à 145
2025-05-03 16:18:00,437 - INFO - IA: Raquette droite déplacée de 145 à 138
2025-05-03 16:18:00,454 - INFO - IA: Raquette droite déplacée de 138 à 131
2025-05-03 16:18:00,471 - INFO - IA: Raquette droite déplacée de 131 à 138
2025-05-03 16:18:00,489 - INFO - IA: Raquette droite déplacée de 138 à 131
2025-05-03 16:18:00,506 - INFO - IA: Raquette droite déplacée de 131 à 124
2025-05-03 16:18:00,524 - INFO - INPUT: Joueur appuie sur la touche HAUT
2025-05-03 16:18:00,525 - INFO - JOUEUR: Raquette gauche déplacée de 390 à 383
2025-05-03 16:18:00,525 - INFO - IA: Raquette droite déplacée de 124 à 117
2025-05-03 16:18:00,543 - INFO - JOUEUR: Raquette gauche déplacée de 383 à 376
2025-05-03 16:18:00,543 - INFO - IA: Raquette droite déplacée de 117 à 110
2025-05-03 16:18:00,561 - INFO - JOUEUR: Raquette gauche déplacée de 376 à 369
2025-05-03 16:18:00,561 - INFO - IA: Raquette droite déplacée de 110 à 103
2025-05-03 16:18:00,578 - INFO - JOUEUR: Raquette gauche déplacée de 369 à 362
2025-05-03 16:18:00,579 - INFO - IA: Raquette droite déplacée de 103 à 96
2025-05-03 16:18:00,596 - INFO - JOUEUR: Raquette gauche déplacée de 362 à 355
2025-05-03 16:18:00,596 - INFO - IA: Raquette droite déplacée de 96 à 103
2025-05-03 16:18:00,615 - INFO - JOUEUR: Raquette gauche déplacée de 355 à 348
2025-05-03 16:18:00,616 - INFO - IA: Raquette droite déplacée de 103 à 110
2025-05-03 16:18:00,635 - INFO - JOUEUR: Raquette gauche déplacée de 348 à 341
2025-05-03 16:18:00,635 - INFO - IA: Raquette droite déplacée de 110 à 103
2025-05-03 16:18:00,653 - INFO - JOUEUR: Raquette gauche déplacée de 341 à 334
2025-05-03 16:18:00,653 - INFO - IA: Raquette droite déplacée de 103 à 96
2025-05-03 16:18:00,671 - INFO - JOUEUR: Raquette gauche déplacée de 334 à 327
2025-05-03 16:18:00,671 - INFO - IA: Raquette droite déplacée de 96 à 89
2025-05-03 16:18:00,689 - INFO - JOUEUR: Raquette gauche déplacée de 327 à 320
2025-05-03 16:18:00,689 - INFO - IA: Raquette droite déplacée de 89 à 82
2025-05-03 16:18:00,707 - INFO - JOUEUR: Raquette gauche déplacée de 320 à 313
2025-05-03 16:18:00,707 - INFO - IA: Raquette droite déplacée de 82 à 89
2025-05-03 16:18:00,725 - INFO - JOUEUR: Raquette gauche déplacée de 313 à 306
2025-05-03 16:18:00,725 - INFO - IA: Raquette droite déplacée de 89 à 82
2025-05-03 16:18:00,742 - INFO - JOUEUR: Raquette gauche déplacée de 306 à 299
2025-05-03 16:18:00,743 - INFO - IA: Raquette droite déplacée de 82 à 75
2025-05-03 16:18:00,760 - INFO - JOUEUR: Raquette gauche déplacée de 299 à 292
2025-05-03 16:18:00,760 - INFO - IA: Raquette droite déplacée de 75 à 68
2025-05-03 16:18:00,778 - INFO - JOUEUR: Raquette gauche déplacée de 292 à 285
2025-05-03 16:18:00,779 - INFO - IA: Raquette droite déplacée de 68 à 61
2025-05-03 16:18:00,796 - INFO - JOUEUR: Raquette gauche déplacée de 285 à 278
2025-05-03 16:18:00,796 - INFO - IA: Raquette droite déplacée de 61 à 54
2025-05-03 16:18:00,814 - INFO - JOUEUR: Raquette gauche déplacée de 278 à 271
2025-05-03 16:18:00,814 - INFO - IA: Raquette droite déplacée de 54 à 47
2025-05-03 16:18:00,833 - INFO - JOUEUR: Raquette gauche déplacée de 271 à 264
2025-05-03 16:18:00,833 - INFO - IA: Raquette droite déplacée de 47 à 40
2025-05-03 16:18:00,851 - INFO - JOUEUR: Raquette gauche déplacée de 264 à 257
2025-05-03 16:18:00,852 - INFO - IA: Raquette droite déplacée de 40 à 33
2025-05-03 16:18:00,870 - INFO - JOUEUR: Raquette gauche déplacée de 257 à 250
2025-05-03 16:18:00,870 - INFO - IA: Raquette droite déplacée de 33 à 26
2025-05-03 16:18:00,889 - INFO - JOUEUR: Raquette gauche déplacée de 250 à 243
2025-05-03 16:18:00,890 - INFO - IA: Raquette droite déplacée de 26 à 33
2025-05-03 16:18:00,908 - INFO - JOUEUR: Raquette gauche déplacée de 243 à 236
2025-05-03 16:18:00,909 - INFO - IA: Raquette droite déplacée de 33 à 26
2025-05-03 16:18:00,927 - INFO - JOUEUR: Raquette gauche déplacée de 236 à 229
2025-05-03 16:18:00,927 - INFO - IA: Raquette droite déplacée de 26 à 19
2025-05-03 16:18:00,945 - INFO - JOUEUR: Raquette gauche déplacée de 229 à 222
2025-05-03 16:18:00,945 - INFO - IA: Raquette droite déplacée de 19 à 26
2025-05-03 16:18:00,962 - INFO - JOUEUR: Raquette gauche déplacée de 222 à 215
2025-05-03 16:18:00,963 - INFO - IA: Raquette droite déplacée de 26 à 19
2025-05-03 16:18:00,980 - INFO - JOUEUR: Raquette gauche déplacée de 215 à 208
2025-05-03 16:18:00,981 - INFO - IA: Raquette droite déplacée de 19 à 12
2025-05-03 16:18:00,999 - INFO - JOUEUR: Raquette gauche déplacée de 208 à 201
2025-05-03 16:18:01,000 - INFO - IA: Raquette droite déplacée de 12 à 5
2025-05-03 16:18:01,017 - INFO - JOUEUR: Raquette gauche déplacée de 201 à 194
2025-05-03 16:18:01,017 - INFO - IA: Raquette droite déplacée de 5 à 0
2025-05-03 16:18:01,017 - INFO - COLLISION: Balle a rebondi sur une raquette à la position (555, 8)
2025-05-03 16:18:01,036 - INFO - JOUEUR: Raquette gauche déplacée de 194 à 187
2025-05-03 16:18:01,053 - INFO - INPUT: Joueur relâche les touches directionnelles
2025-05-03 16:18:01,054 - INFO - COLLISION: Balle a rebondi sur un mur à la position (543, -2)
2025-05-03 16:18:01,176 - INFO - IA: Raquette droite déplacée de 0 à 7
2025-05-03 16:18:01,194 - INFO - IA: Raquette droite déplacée de 7 à 0
2025-05-03 16:18:01,212 - INFO - IA: Raquette droite déplacée de 0 à 7
2025-05-03 16:18:01,230 - INFO - IA: Raquette droite déplacée de 7 à 0
2025-05-03 16:18:01,248 - INFO - IA: Raquette droite déplacée de 0 à 7
2025-05-03 16:18:01,267 - INFO - IA: Raquette droite déplacée de 7 à 14
2025-05-03 16:18:01,285 - INFO - IA: Raquette droite déplacée de 14 à 21
2025-05-03 16:18:01,304 - INFO - IA: Raquette droite déplacée de 21 à 14
2025-05-03 16:18:01,321 - INFO - IA: Raquette droite déplacée de 14 à 7
2025-05-03 16:18:01,339 - INFO - IA: Raquette droite déplacée de 7 à 14
2025-05-03 16:18:01,357 - INFO - IA: Raquette droite déplacée de 14 à 21
2025-05-03 16:18:01,374 - INFO - IA: Raquette droite déplacée de 21 à 28
2025-05-03 16:18:01,392 - INFO - IA: Raquette droite déplacée de 28 à 21
2025-05-03 16:18:01,410 - INFO - IA: Raquette droite déplacée de 21 à 28
2025-05-03 16:18:01,428 - INFO - IA: Raquette droite déplacée de 28 à 35
2025-05-03 16:18:01,446 - INFO - IA: Raquette droite déplacée de 35 à 42
2025-05-03 16:18:01,465 - INFO - IA: Raquette droite déplacée de 42 à 49
2025-05-03 16:18:01,483 - INFO - IA: Raquette droite déplacée de 49 à 56
2025-05-03 16:18:01,501 - INFO - IA: Raquette droite déplacée de 56 à 63
2025-05-03 16:18:01,519 - INFO - IA: Raquette droite déplacée de 63 à 70
2025-05-03 16:18:01,537 - INFO - IA: Raquette droite déplacée de 70 à 77
2025-05-03 16:18:01,555 - INFO - IA: Raquette droite déplacée de 77 à 70
2025-05-03 16:18:01,573 - INFO - IA: Raquette droite déplacée de 70 à 77
2025-05-03 16:18:01,590 - INFO - IA: Raquette droite déplacée de 77 à 84
2025-05-03 16:18:01,608 - INFO - IA: Raquette droite déplacée de 84 à 91
2025-05-03 16:18:01,626 - INFO - IA: Raquette droite déplacée de 91 à 98
2025-05-03 16:18:01,644 - INFO - IA: Raquette droite déplacée de 98 à 105
2025-05-03 16:18:01,662 - INFO - IA: Raquette droite déplacée de 105 à 112
2025-05-03 16:18:01,680 - INFO - IA: Raquette droite déplacée de 112 à 119
2025-05-03 16:18:01,698 - INFO - IA: Raquette droite déplacée de 119 à 126
2025-05-03 16:18:01,717 - INFO - IA: Raquette droite déplacée de 126 à 119
2025-05-03 16:18:01,735 - INFO - IA: Raquette droite déplacée de 119 à 126
2025-05-03 16:18:01,753 - INFO - IA: Raquette droite déplacée de 126 à 133
2025-05-03 16:18:01,772 - INFO - IA: Raquette droite déplacée de 133 à 140
2025-05-03 16:18:01,790 - INFO - IA: Raquette droite déplacée de 140 à 147
2025-05-03 16:18:01,807 - INFO - IA: Raquette droite déplacée de 147 à 154
2025-05-03 16:18:01,825 - INFO - IA: Raquette droite déplacée de 154 à 161
2025-05-03 16:18:01,843 - INFO - IA: Raquette droite déplacée de 161 à 168
2025-05-03 16:18:01,878 - INFO - IA: Raquette droite déplacée de 168 à 175
2025-05-03 16:18:01,897 - INFO - IA: Raquette droite déplacée de 175 à 182
2025-05-03 16:18:01,915 - INFO - IA: Raquette droite déplacée de 182 à 189
2025-05-03 16:18:01,933 - INFO - IA: Raquette droite déplacée de 189 à 182
2025-05-03 16:18:01,950 - INFO - IA: Raquette droite déplacée de 182 à 189
2025-05-03 16:18:01,968 - INFO - IA: Raquette droite déplacée de 189 à 196
2025-05-03 16:18:01,986 - INFO - INPUT: Joueur appuie sur la touche BAS
2025-05-03 16:18:01,987 - INFO - JOUEUR: Raquette gauche déplacée de 187 à 194
2025-05-03 16:18:01,987 - INFO - IA: Raquette droite déplacée de 196 à 203
2025-05-03 16:18:02,004 - INFO - JOUEUR: Raquette gauche déplacée de 194 à 201
2025-05-03 16:18:02,005 - INFO - IA: Raquette droite déplacée de 203 à 196
2025-05-03 16:18:02,022 - INFO - JOUEUR: Raquette gauche déplacée de 201 à 208
2025-05-03 16:18:02,023 - INFO - IA: Raquette droite déplacée de 196 à 203
2025-05-03 16:18:02,040 - INFO - JOUEUR: Raquette gauche déplacée de 208 à 215
2025-05-03 16:18:02,041 - INFO - IA: Raquette droite déplacée de 203 à 210
2025-05-03 16:18:02,059 - INFO - JOUEUR: Raquette gauche déplacée de 215 à 222
2025-05-03 16:18:02,059 - INFO - IA: Raquette droite déplacée de 210 à 217
2025-05-03 16:18:02,078 - INFO - JOUEUR: Raquette gauche déplacée de 222 à 229
2025-05-03 16:18:02,078 - INFO - IA: Raquette droite déplacée de 217 à 224
2025-05-03 16:18:02,096 - INFO - JOUEUR: Raquette gauche déplacée de 229 à 236
2025-05-03 16:18:02,097 - INFO - IA: Raquette droite déplacée de 224 à 231
2025-05-03 16:18:02,115 - INFO - JOUEUR: Raquette gauche déplacée de 236 à 243
2025-05-03 16:18:02,115 - INFO - IA: Raquette droite déplacée de 231 à 238
2025-05-03 16:18:02,134 - INFO - JOUEUR: Raquette gauche déplacée de 243 à 250
2025-05-03 16:18:02,134 - INFO - IA: Raquette droite déplacée de 238 à 231
2025-05-03 16:18:02,152 - INFO - JOUEUR: Raquette gauche déplacée de 250 à 257
2025-05-03 16:18:02,152 - INFO - IA: Raquette droite déplacée de 231 à 238
2025-05-03 16:18:02,170 - INFO - JOUEUR: Raquette gauche déplacée de 257 à 264
2025-05-03 16:18:02,171 - INFO - IA: Raquette droite déplacée de 238 à 245
2025-05-03 16:18:02,189 - INFO - JOUEUR: Raquette gauche déplacée de 264 à 271
2025-05-03 16:18:02,189 - INFO - IA: Raquette droite déplacée de 245 à 252
2025-05-03 16:18:02,207 - INFO - JOUEUR: Raquette gauche déplacée de 271 à 278
2025-05-03 16:18:02,208 - INFO - IA: Raquette droite déplacée de 252 à 259
2025-05-03 16:18:02,226 - INFO - JOUEUR: Raquette gauche déplacée de 278 à 285
2025-05-03 16:18:02,226 - INFO - IA: Raquette droite déplacée de 259 à 266
2025-05-03 16:18:02,244 - INFO - JOUEUR: Raquette gauche déplacée de 285 à 292
2025-05-03 16:18:02,244 - INFO - IA: Raquette droite déplacée de 266 à 273
2025-05-03 16:18:02,262 - INFO - JOUEUR: Raquette gauche déplacée de 292 à 299
2025-05-03 16:18:02,262 - INFO - IA: Raquette droite déplacée de 273 à 266
2025-05-03 16:18:02,281 - INFO - JOUEUR: Raquette gauche déplacée de 299 à 306
2025-05-03 16:18:02,282 - INFO - IA: Raquette droite déplacée de 266 à 273
2025-05-03 16:18:02,300 - INFO - JOUEUR: Raquette gauche déplacée de 306 à 313
2025-05-03 16:18:02,300 - INFO - IA: Raquette droite déplacée de 273 à 280
2025-05-03 16:18:02,317 - INFO - JOUEUR: Raquette gauche déplacée de 313 à 320
2025-05-03 16:18:02,317 - INFO - IA: Raquette droite déplacée de 280 à 287
2025-05-03 16:18:02,336 - INFO - JOUEUR: Raquette gauche déplacée de 320 à 327
2025-05-03 16:18:02,336 - INFO - IA: Raquette droite déplacée de 287 à 294
2025-05-03 16:18:02,353 - INFO - JOUEUR: Raquette gauche déplacée de 327 à 334
2025-05-03 16:18:02,354 - INFO - IA: Raquette droite déplacée de 294 à 301
2025-05-03 16:18:02,372 - INFO - JOUEUR: Raquette gauche déplacée de 334 à 341
2025-05-03 16:18:02,372 - INFO - IA: Raquette droite déplacée de 301 à 308
2025-05-03 16:18:02,390 - INFO - JOUEUR: Raquette gauche déplacée de 341 à 348
2025-05-03 16:18:02,390 - INFO - IA: Raquette droite déplacée de 308 à 315
2025-05-03 16:18:02,408 - INFO - JOUEUR: Raquette gauche déplacée de 348 à 355
2025-05-03 16:18:02,409 - INFO - IA: Raquette droite déplacée de 315 à 308
2025-05-03 16:18:02,427 - INFO - JOUEUR: Raquette gauche déplacée de 355 à 362
2025-05-03 16:18:02,428 - INFO - IA: Raquette droite déplacée de 308 à 315
2025-05-03 16:18:02,447 - INFO - JOUEUR: Raquette gauche déplacée de 362 à 369
2025-05-03 16:18:02,448 - INFO - IA: Raquette droite déplacée de 315 à 322
2025-05-03 16:18:02,466 - INFO - JOUEUR: Raquette gauche déplacée de 369 à 376
2025-05-03 16:18:02,467 - INFO - IA: Raquette droite déplacée de 322 à 329
2025-05-03 16:18:02,485 - INFO - INPUT: Joueur relâche les touches directionnelles
2025-05-03 16:18:02,485 - INFO - IA: Raquette droite déplacée de 329 à 322
2025-05-03 16:18:02,503 - INFO - IA: Raquette droite déplacée de 322 à 329
2025-05-03 16:18:02,521 - INFO - IA: Raquette droite déplacée de 329 à 336
2025-05-03 16:18:02,539 - INFO - IA: Raquette droite déplacée de 336 à 343
2025-05-03 16:18:02,556 - INFO - IA: Raquette droite déplacée de 343 à 350
2025-05-03 16:18:02,573 - INFO - IA: Raquette droite déplacée de 350 à 357
2025-05-03 16:18:02,590 - INFO - IA: Raquette droite déplacée de 357 à 364
2025-05-03 16:18:02,591 - INFO - COLLISION: Balle a rebondi sur une raquette à la position (33, 423)
2025-05-03 16:18:02,609 - INFO - IA: Raquette droite déplacée de 364 à 371
2025-05-03 16:18:02,627 - INFO - IA: Raquette droite déplacée de 371 à 378
2025-05-03 16:18:02,644 - INFO - IA: Raquette droite déplacée de 378 à 371
2025-05-03 16:18:02,663 - INFO - IA: Raquette droite déplacée de 371 à 378
2025-05-03 16:18:02,682 - INFO - IA: Raquette droite déplacée de 378 à 385
2025-05-03 16:18:02,700 - INFO - IA: Raquette droite déplacée de 385 à 378
2025-05-03 16:18:02,718 - INFO - IA: Raquette droite déplacée de 378 à 385
2025-05-03 16:18:02,735 - INFO - IA: Raquette droite déplacée de 385 à 390
2025-05-03 16:18:02,752 - INFO - COLLISION: Balle a rebondi sur un mur à la position (96, 468)
2025-05-03 16:18:02,840 - INFO - IA: Raquette droite déplacée de 390 à 383
2025-05-03 16:18:02,858 - INFO - IA: Raquette droite déplacée de 383 à 390
2025-05-03 16:18:02,893 - INFO - IA: Raquette droite déplacée de 390 à 383
2025-05-03 16:18:02,910 - INFO - IA: Raquette droite déplacée de 383 à 376
2025-05-03 16:18:02,927 - INFO - IA: Raquette droite déplacée de 376 à 383
2025-05-03 16:18:02,945 - INFO - IA: Raquette droite déplacée de 383 à 376
2025-05-03 16:18:02,963 - INFO - IA: Raquette droite déplacée de 376 à 383
2025-05-03 16:18:02,981 - INFO - IA: Raquette droite déplacée de 383 à 376
2025-05-03 16:18:03,000 - INFO - IA: Raquette droite déplacée de 376 à 369
2025-05-03 16:18:03,018 - INFO - IA: Raquette droite déplacée de 369 à 362
2025-05-03 16:18:03,036 - INFO - IA: Raquette droite déplacée de 362 à 355
2025-05-03 16:18:03,053 - INFO - IA: Raquette droite déplacée de 355 à 362
2025-05-03 16:18:03,071 - INFO - IA: Raquette droite déplacée de 362 à 369
2025-05-03 16:18:03,088 - INFO - IA: Raquette droite déplacée de 369 à 362
2025-05-03 16:18:03,106 - INFO - IA: Raquette droite déplacée de 362 à 355
2025-05-03 16:18:03,124 - INFO - IA: Raquette droite déplacée de 355 à 348
2025-05-03 16:18:03,159 - INFO - IA: Raquette droite déplacée de 348 à 341
2025-05-03 16:18:03,176 - INFO - IA: Raquette droite déplacée de 341 à 334
2025-05-03 16:18:03,195 - INFO - IA: Raquette droite déplacée de 334 à 327
2025-05-03 16:18:03,213 - INFO - IA: Raquette droite déplacée de 327 à 320
2025-05-03 16:18:03,233 - INFO - IA: Raquette droite déplacée de 320 à 313
2025-05-03 16:18:03,251 - INFO - IA: Raquette droite déplacée de 313 à 320
2025-05-03 16:18:03,270 - INFO - IA: Raquette droite déplacée de 320 à 313
2025-05-03 16:18:03,289 - INFO - IA: Raquette droite déplacée de 313 à 306
2025-05-03 16:18:03,307 - INFO - IA: Raquette droite déplacée de 306 à 299
2025-05-03 16:18:03,326 - INFO - IA: Raquette droite déplacée de 299 à 292
2025-05-03 16:18:03,345 - INFO - IA: Raquette droite déplacée de 292 à 285
2025-05-03 16:18:03,363 - INFO - IA: Raquette droite déplacée de 285 à 278
2025-05-03 16:18:03,382 - INFO - IA: Raquette droite déplacée de 278 à 285
2025-05-03 16:18:03,400 - INFO - IA: Raquette droite déplacée de 285 à 278
2025-05-03 16:18:03,418 - INFO - IA: Raquette droite déplacée de 278 à 271
2025-05-03 16:18:03,436 - INFO - IA: Raquette droite déplacée de 271 à 264
2025-05-03 16:18:03,453 - INFO - IA: Raquette droite déplacée de 264 à 257
2025-05-03 16:18:03,471 - INFO - IA: Raquette droite déplacée de 257 à 250
2025-05-03 16:18:03,490 - INFO - IA: Raquette droite déplacée de 250 à 243
2025-05-03 16:18:03,509 - INFO - IA: Raquette droite déplacée de 243 à 236
2025-05-03 16:18:03,527 - INFO - IA: Raquette droite déplacée de 236 à 243
2025-05-03 16:18:03,563 - INFO - IA: Raquette droite déplacée de 243 à 236
2025-05-03 16:18:03,581 - INFO - IA: Raquette droite déplacée de 236 à 229
2025-05-03 16:18:03,600 - INFO - IA: Raquette droite déplacée de 229 à 222
2025-05-03 16:18:03,617 - INFO - IA: Raquette droite déplacée de 222 à 215
2025-05-03 16:18:03,635 - INFO - IA: Raquette droite déplacée de 215 à 208
2025-05-03 16:18:03,652 - INFO - IA: Raquette droite déplacée de 208 à 201
2025-05-03 16:18:03,669 - INFO - IA: Raquette droite déplacée de 201 à 194
2025-05-03 16:18:03,687 - INFO - IA: Raquette droite déplacée de 194 à 187
2025-05-03 16:18:03,704 - INFO - IA: Raquette droite déplacée de 187 à 180
2025-05-03 16:18:03,722 - INFO - IA: Raquette droite déplacée de 180 à 187
2025-05-03 16:18:03,740 - INFO - IA: Raquette droite déplacée de 187 à 180
2025-05-03 16:18:03,757 - INFO - IA: Raquette droite déplacée de 180 à 173
2025-05-03 16:18:03,776 - INFO - IA: Raquette droite déplacée de 173 à 166
2025-05-03 16:18:03,794 - INFO - IA: Raquette droite déplacée de 166 à 173
2025-05-03 16:18:03,812 - INFO - IA: Raquette droite déplacée de 173 à 166
2025-05-03 16:18:03,831 - INFO - IA: Raquette droite déplacée de 166 à 159
2025-05-03 16:18:03,866 - INFO - IA: Raquette droite déplacée de 159 à 152
2025-05-03 16:18:03,884 - INFO - IA: Raquette droite déplacée de 152 à 145
2025-05-03 16:18:03,901 - INFO - IA: Raquette droite déplacée de 145 à 138
2025-05-03 16:18:03,918 - INFO - IA: Raquette droite déplacée de 138 à 131
2025-05-03 16:18:03,918 - INFO - COLLISION: Balle a rebondi sur une raquette à la position (551, 143)
2025-05-03 16:18:03,936 - INFO - IA: Raquette droite déplacée de 131 à 124
2025-05-03 16:18:03,953 - INFO - IA: Raquette droite déplacée de 124 à 117
2025-05-03 16:18:03,970 - INFO - IA: Raquette droite déplacée de 117 à 110
2025-05-03 16:18:03,988 - INFO - IA: Raquette droite déplacée de 110 à 117
2025-05-03 16:18:04,007 - INFO - IA: Raquette droite déplacée de 117 à 110
2025-05-03 16:18:04,025 - INFO - IA: Raquette droite déplacée de 110 à 103
2025-05-03 16:18:04,043 - INFO - IA: Raquette droite déplacée de 103 à 96
2025-05-03 16:18:04,062 - INFO - IA: Raquette droite déplacée de 96 à 89
2025-05-03 16:18:04,080 - INFO - IA: Raquette droite déplacée de 89 à 82
2025-05-03 16:18:04,098 - INFO - IA: Raquette droite déplacée de 82 à 75
2025-05-03 16:18:04,116 - INFO - IA: Raquette droite déplacée de 75 à 82
2025-05-03 16:18:04,134 - INFO - IA: Raquette droite déplacée de 82 à 75
2025-05-03 16:18:04,151 - INFO - IA: Raquette droite déplacée de 75 à 68
2025-05-03 16:18:04,169 - INFO - IA: Raquette droite déplacée de 68 à 61
2025-05-03 16:18:04,187 - INFO - IA: Raquette droite déplacée de 61 à 54
2025-05-03 16:18:04,206 - INFO - IA: Raquette droite déplacée de 54 à 47
2025-05-03 16:18:04,224 - INFO - IA: Raquette droite déplacée de 47 à 40
2025-05-03 16:18:04,242 - INFO - IA: Raquette droite déplacée de 40 à 33
2025-05-03 16:18:04,260 - INFO - IA: Raquette droite déplacée de 33 à 40
2025-05-03 16:18:04,279 - INFO - IA: Raquette droite déplacée de 40 à 33
2025-05-03 16:18:04,298 - INFO - IA: Raquette droite déplacée de 33 à 26
2025-05-03 16:18:04,317 - INFO - IA: Raquette droite déplacée de 26 à 19
2025-05-03 16:18:04,334 - INFO - IA: Raquette droite déplacée de 19 à 12
2025-05-03 16:18:04,354 - INFO - IA: Raquette droite déplacée de 12 à 5
2025-05-03 16:18:04,373 - INFO - IA: Raquette droite déplacée de 5 à 0
2025-05-03 16:18:04,445 - INFO - COLLISION: Balle a rebondi sur un mur à la position (348, -2)
2025-05-03 16:18:04,534 - INFO - IA: Raquette droite déplacée de 0 à 7
2025-05-03 16:18:04,554 - INFO - IA: Raquette droite déplacée de 7 à 0
2025-05-03 16:18:04,571 - INFO - IA: Raquette droite déplacée de 0 à 7
2025-05-03 16:18:04,588 - INFO - IA: Raquette droite déplacée de 7 à 0
2025-05-03 16:18:04,640 - INFO - IA: Raquette droite déplacée de 0 à 7
2025-05-03 16:18:04,657 - INFO - IA: Raquette droite déplacée de 7 à 14
2025-05-03 16:18:04,674 - INFO - IA: Raquette droite déplacée de 14 à 21
2025-05-03 16:18:04,692 - INFO - IA: Raquette droite déplacée de 21 à 28
2025-05-03 16:18:04,709 - INFO - IA: Raquette droite déplacée de 28 à 35
2025-05-03 16:18:04,727 - INFO - IA: Raquette droite déplacée de 35 à 42
2025-05-03 16:18:04,746 - INFO - IA: Raquette droite déplacée de 42 à 49
2025-05-03 16:18:04,764 - INFO - IA: Raquette droite déplacée de 49 à 42
2025-05-03 16:18:04,785 - INFO - IA: Raquette droite déplacée de 42 à 35
2025-05-03 16:18:04,803 - INFO - IA: Raquette droite déplacée de 35 à 42
2025-05-03 16:18:04,822 - INFO - IA: Raquette droite déplacée de 42 à 49
2025-05-03 16:18:04,839 - INFO - IA: Raquette droite déplacée de 49 à 42
2025-05-03 16:18:04,858 - INFO - IA: Raquette droite déplacée de 42 à 49
2025-05-03 16:18:04,876 - INFO - IA: Raquette droite déplacée de 49 à 56
2025-05-03 16:18:04,895 - INFO - IA: Raquette droite déplacée de 56 à 63
2025-05-03 16:18:04,913 - INFO - IA: Raquette droite déplacée de 63 à 56
2025-05-03 16:18:04,931 - INFO - IA: Raquette droite déplacée de 56 à 63
2025-05-03 16:18:04,948 - INFO - IA: Raquette droite déplacée de 63 à 70
2025-05-03 16:18:04,966 - INFO - IA: Raquette droite déplacée de 70 à 77
2025-05-03 16:18:05,000 - INFO - IA: Raquette droite déplacée de 77 à 84
2025-05-03 16:18:05,018 - INFO - IA: Raquette droite déplacée de 84 à 91
2025-05-03 16:18:05,035 - INFO - IA: Raquette droite déplacée de 91 à 98
2025-05-03 16:18:05,053 - INFO - IA: Raquette droite déplacée de 98 à 105
2025-05-03 16:18:05,071 - INFO - IA: Raquette droite déplacée de 105 à 112
2025-05-03 16:18:05,089 - INFO - IA: Raquette droite déplacée de 112 à 119
2025-05-03 16:18:05,107 - INFO - IA: Raquette droite déplacée de 119 à 112
2025-05-03 16:18:05,125 - INFO - IA: Raquette droite déplacée de 112 à 119
2025-05-03 16:18:05,142 - INFO - IA: Raquette droite déplacée de 119 à 126
2025-05-03 16:18:05,159 - INFO - IA: Raquette droite déplacée de 126 à 133
2025-05-03 16:18:05,178 - INFO - IA: Raquette droite déplacée de 133 à 140
2025-05-03 16:18:05,197 - INFO - IA: Raquette droite déplacée de 140 à 147
2025-05-03 16:18:05,216 - INFO - IA: Raquette droite déplacée de 147 à 154
2025-05-03 16:18:05,234 - INFO - IA: Raquette droite déplacée de 154 à 161
2025-05-03 16:18:05,251 - INFO - IA: Raquette droite déplacée de 161 à 168
2025-05-03 16:18:05,269 - INFO - IA: Raquette droite déplacée de 168 à 175
2025-05-03 16:18:05,287 - INFO - IA: Raquette droite déplacée de 175 à 182
2025-05-03 16:18:05,305 - INFO - IA: Raquette droite déplacée de 182 à 189
2025-05-03 16:18:05,324 - INFO - IA: Raquette droite déplacée de 189 à 182
2025-05-03 16:18:05,343 - INFO - IA: Raquette droite déplacée de 182 à 189
2025-05-03 16:18:05,346 - INFO - POINT: Joueur droite (IA) marque un point! Score: 0-10
2025-05-03 16:18:05,366 - INFO - IA: Raquette droite déplacée de 189 à 182
2025-05-03 16:18:05,384 - INFO - IA: Raquette droite déplacée de 182 à 175
2025-05-03 16:18:05,402 - INFO - IA: Raquette droite déplacée de 175 à 168
2025-05-03 16:18:05,421 - INFO - IA: Raquette droite déplacée de 168 à 175
2025-05-03 16:18:05,439 - INFO - IA: Raquette droite déplacée de 175 à 168
2025-05-03 16:18:05,457 - INFO - IA: Raquette droite déplacée de 168 à 175
2025-05-03 16:18:05,474 - INFO - IA: Raquette droite déplacée de 175 à 168
2025-05-03 16:18:05,491 - INFO - IA: Raquette droite déplacée de 168 à 161
2025-05-03 16:18:05,510 - INFO - IA: Raquette droite déplacée de 161 à 154
2025-05-03 16:18:05,606 - INFO - IA: Raquette droite déplacée de 154 à 147
