2025-05-03 17:15:35,304 - INFO - IA: Raquette IA initialisée à la position (565, 195)
2025-05-03 17:15:35,304 - INFO - Jeu initialisé avec succès
2025-05-03 17:15:35,304 - INFO - Taille de l'écran: 600x480
2025-05-03 17:15:35,304 - INFO - Position initiale raquette gauche: <rect(20, 195, 15, 90)>
2025-05-03 17:15:35,304 - INFO - Position initiale raquette droite: <rect(565, 195, 15, 90)>
2025-05-03 17:15:35,305 - INFO - Position initiale balle: <rect(293, 233, 15, 15)>
2025-05-03 17:15:35,321 - INFO - IA: Raquette droite déplacée de 195 à 202
2025-05-03 17:15:35,339 - INFO - IA: Raquette droite déplacée de 202 à 195
2025-05-03 17:15:35,358 - INFO - IA: Raquette droite déplacée de 195 à 202
2025-05-03 17:15:35,375 - INFO - IA: Raquette droite déplacée de 202 à 209
2025-05-03 17:15:35,392 - INFO - IA: Raquette droite déplacée de 209 à 216
2025-05-03 17:15:35,410 - INFO - IA: Raquette droite déplacée de 216 à 223
2025-05-03 17:15:35,429 - INFO - IA: Raquette droite déplacée de 223 à 230
2025-05-03 17:15:35,446 - INFO - IA: Raquette droite déplacée de 230 à 237
2025-05-03 17:15:35,464 - INFO - IA: Raquette droite déplacée de 237 à 230
2025-05-03 17:15:35,482 - INFO - IA: Raquette droite déplacée de 230 à 237
2025-05-03 17:15:35,500 - INFO - IA: Raquette droite déplacée de 237 à 244
2025-05-03 17:15:35,518 - INFO - IA: Raquette droite déplacée de 244 à 237
2025-05-03 17:15:35,536 - INFO - IA: Raquette droite déplacée de 237 à 230
2025-05-03 17:15:35,554 - INFO - IA: Raquette droite déplacée de 230 à 237
2025-05-03 17:15:35,572 - INFO - IA: Raquette droite déplacée de 237 à 244
2025-05-03 17:15:35,590 - INFO - IA: Raquette droite déplacée de 244 à 251
2025-05-03 17:15:35,607 - INFO - IA: Raquette droite déplacée de 251 à 258
2025-05-03 17:15:35,624 - INFO - IA: Raquette droite déplacée de 258 à 265
2025-05-03 17:15:35,641 - INFO - IA: Raquette droite déplacée de 265 à 272
2025-05-03 17:15:35,658 - INFO - IA: Raquette droite déplacée de 272 à 265
2025-05-03 17:15:35,676 - INFO - IA: Raquette droite déplacée de 265 à 272
2025-05-03 17:15:35,694 - INFO - IA: Raquette droite déplacée de 272 à 279
2025-05-03 17:15:35,712 - INFO - IA: Raquette droite déplacée de 279 à 286
2025-05-03 17:15:35,730 - INFO - IA: Raquette droite déplacée de 286 à 293
2025-05-03 17:15:35,748 - INFO - IA: Raquette droite déplacée de 293 à 300
2025-05-03 17:15:35,782 - INFO - IA: Raquette droite déplacée de 300 à 293
2025-05-03 17:15:35,800 - INFO - IA: Raquette droite déplacée de 293 à 300
2025-05-03 17:15:35,818 - INFO - IA: Raquette droite déplacée de 300 à 307
2025-05-03 17:15:35,835 - INFO - IA: Raquette droite déplacée de 307 à 314
2025-05-03 17:15:35,853 - INFO - IA: Raquette droite déplacée de 314 à 321
2025-05-03 17:15:35,870 - INFO - IA: Raquette droite déplacée de 321 à 328
2025-05-03 17:15:35,889 - INFO - IA: Raquette droite déplacée de 328 à 335
2025-05-03 17:15:35,906 - INFO - IA: Raquette droite déplacée de 335 à 342
2025-05-03 17:15:35,924 - INFO - IA: Raquette droite déplacée de 342 à 349
2025-05-03 17:15:35,941 - INFO - IA: Raquette droite déplacée de 349 à 356
2025-05-03 17:15:35,960 - INFO - IA: Raquette droite déplacée de 356 à 349
2025-05-03 17:15:35,978 - INFO - IA: Raquette droite déplacée de 349 à 356
2025-05-03 17:15:35,996 - INFO - IA: Raquette droite déplacée de 356 à 363
2025-05-03 17:15:36,013 - INFO - IA: Raquette droite déplacée de 363 à 370
2025-05-03 17:15:36,030 - INFO - IA: Raquette droite déplacée de 370 à 377
2025-05-03 17:15:36,048 - INFO - IA: Raquette droite déplacée de 377 à 384
2025-05-03 17:15:36,066 - INFO - IA: Raquette droite déplacée de 384 à 377
2025-05-03 17:15:36,084 - INFO - IA: Raquette droite déplacée de 377 à 384
2025-05-03 17:15:36,102 - INFO - IA: Raquette droite déplacée de 384 à 390
2025-05-03 17:15:36,136 - INFO - COLLISION: Balle a rebondi sur un mur à la position (528, 468)
2025-05-03 17:15:36,226 - INFO - COLLISION: Balle a rebondi sur une raquette à la position (553, 443)
2025-05-03 17:15:36,312 - INFO - IA: Raquette droite déplacée de 390 à 383
2025-05-03 17:15:36,330 - INFO - IA: Raquette droite déplacée de 383 à 376
2025-05-03 17:15:36,346 - INFO - IA: Raquette droite déplacée de 376 à 369
2025-05-03 17:15:36,364 - INFO - IA: Raquette droite déplacée de 369 à 362
2025-05-03 17:15:36,382 - INFO - IA: Raquette droite déplacée de 362 à 355
2025-05-03 17:15:36,399 - INFO - IA: Raquette droite déplacée de 355 à 348
2025-05-03 17:15:36,416 - INFO - IA: Raquette droite déplacée de 348 à 355
2025-05-03 17:15:36,434 - INFO - IA: Raquette droite déplacée de 355 à 362
2025-05-03 17:15:36,452 - INFO - IA: Raquette droite déplacée de 362 à 355
2025-05-03 17:15:36,469 - INFO - IA: Raquette droite déplacée de 355 à 348
2025-05-03 17:15:36,487 - INFO - IA: Raquette droite déplacée de 348 à 341
2025-05-03 17:15:36,504 - INFO - IA: Raquette droite déplacée de 341 à 334
2025-05-03 17:15:36,522 - INFO - IA: Raquette droite déplacée de 334 à 327
2025-05-03 17:15:36,539 - INFO - IA: Raquette droite déplacée de 327 à 334
2025-05-03 17:15:36,557 - INFO - IA: Raquette droite déplacée de 334 à 327
2025-05-03 17:15:36,575 - INFO - IA: Raquette droite déplacée de 327 à 320
2025-05-03 17:15:36,592 - INFO - IA: Raquette droite déplacée de 320 à 327
2025-05-03 17:15:36,609 - INFO - IA: Raquette droite déplacée de 327 à 320
2025-05-03 17:15:36,626 - INFO - IA: Raquette droite déplacée de 320 à 313
2025-05-03 17:15:36,644 - INFO - IA: Raquette droite déplacée de 313 à 306
2025-05-03 17:15:36,662 - INFO - IA: Raquette droite déplacée de 306 à 299
2025-05-03 17:15:36,679 - INFO - IA: Raquette droite déplacée de 299 à 292
2025-05-03 17:15:36,697 - INFO - IA: Raquette droite déplacée de 292 à 285
2025-05-03 17:15:36,716 - INFO - IA: Raquette droite déplacée de 285 à 278
2025-05-03 17:15:36,733 - INFO - IA: Raquette droite déplacée de 278 à 271
2025-05-03 17:15:36,750 - INFO - IA: Raquette droite déplacée de 271 à 264
2025-05-03 17:15:36,768 - INFO - IA: Raquette droite déplacée de 264 à 257
2025-05-03 17:15:36,786 - INFO - IA: Raquette droite déplacée de 257 à 264
2025-05-03 17:15:36,804 - INFO - IA: Raquette droite déplacée de 264 à 271
2025-05-03 17:15:36,822 - INFO - IA: Raquette droite déplacée de 271 à 264
2025-05-03 17:15:36,840 - INFO - IA: Raquette droite déplacée de 264 à 257
2025-05-03 17:15:36,857 - INFO - IA: Raquette droite déplacée de 257 à 250
2025-05-03 17:15:36,875 - INFO - IA: Raquette droite déplacée de 250 à 243
2025-05-03 17:15:36,893 - INFO - IA: Raquette droite déplacée de 243 à 236
2025-05-03 17:15:36,911 - INFO - IA: Raquette droite déplacée de 236 à 229
2025-05-03 17:15:36,928 - INFO - IA: Raquette droite déplacée de 229 à 236
2025-05-03 17:15:36,945 - INFO - IA: Raquette droite déplacée de 236 à 229
2025-05-03 17:15:36,962 - INFO - IA: Raquette droite déplacée de 229 à 222
2025-05-03 17:15:36,980 - INFO - IA: Raquette droite déplacée de 222 à 215
2025-05-03 17:15:36,996 - INFO - IA: Raquette droite déplacée de 215 à 208
2025-05-03 17:15:37,013 - INFO - IA: Raquette droite déplacée de 208 à 201
2025-05-03 17:15:37,032 - INFO - IA: Raquette droite déplacée de 201 à 194
2025-05-03 17:15:37,049 - INFO - IA: Raquette droite déplacée de 194 à 201
2025-05-03 17:15:37,066 - INFO - IA: Raquette droite déplacée de 201 à 194
2025-05-03 17:15:37,084 - INFO - IA: Raquette droite déplacée de 194 à 187
2025-05-03 17:15:37,101 - INFO - IA: Raquette droite déplacée de 187 à 180
2025-05-03 17:15:37,119 - INFO - IA: Raquette droite déplacée de 180 à 173
2025-05-03 17:15:37,136 - INFO - IA: Raquette droite déplacée de 173 à 166
2025-05-03 17:15:37,153 - INFO - IA: Raquette droite déplacée de 166 à 159
2025-05-03 17:15:37,171 - INFO - IA: Raquette droite déplacée de 159 à 152
2025-05-03 17:15:37,190 - INFO - IA: Raquette droite déplacée de 152 à 145
2025-05-03 17:15:37,207 - INFO - IA: Raquette droite déplacée de 145 à 152
2025-05-03 17:15:37,225 - INFO - IA: Raquette droite déplacée de 152 à 145
2025-05-03 17:15:37,242 - INFO - IA: Raquette droite déplacée de 145 à 138
2025-05-03 17:15:37,260 - INFO - IA: Raquette droite déplacée de 138 à 131
2025-05-03 17:15:37,278 - INFO - IA: Raquette droite déplacée de 131 à 124
2025-05-03 17:15:37,296 - INFO - IA: Raquette droite déplacée de 124 à 117
2025-05-03 17:15:37,313 - INFO - IA: Raquette droite déplacée de 117 à 124
2025-05-03 17:15:37,330 - INFO - IA: Raquette droite déplacée de 124 à 117
2025-05-03 17:15:37,348 - INFO - IA: Raquette droite déplacée de 117 à 110
2025-05-03 17:15:37,365 - INFO - IA: Raquette droite déplacée de 110 à 103
2025-05-03 17:15:37,382 - INFO - IA: Raquette droite déplacée de 103 à 96
2025-05-03 17:15:37,399 - INFO - IA: Raquette droite déplacée de 96 à 89
2025-05-03 17:15:37,416 - INFO - IA: Raquette droite déplacée de 89 à 82
2025-05-03 17:15:37,433 - INFO - IA: Raquette droite déplacée de 82 à 75
2025-05-03 17:15:37,451 - INFO - IA: Raquette droite déplacée de 75 à 82
2025-05-03 17:15:37,485 - INFO - IA: Raquette droite déplacée de 82 à 75
2025-05-03 17:15:37,503 - INFO - IA: Raquette droite déplacée de 75 à 68
2025-05-03 17:15:37,520 - INFO - IA: Raquette droite déplacée de 68 à 61
2025-05-03 17:15:37,540 - INFO - IA: Raquette droite déplacée de 61 à 54
2025-05-03 17:15:37,558 - INFO - IA: Raquette droite déplacée de 54 à 47
2025-05-03 17:15:37,577 - INFO - IA: Raquette droite déplacée de 47 à 54
2025-05-03 17:15:37,594 - INFO - IA: Raquette droite déplacée de 54 à 47
2025-05-03 17:15:37,611 - INFO - IA: Raquette droite déplacée de 47 à 40
2025-05-03 17:15:37,628 - INFO - IA: Raquette droite déplacée de 40 à 33
2025-05-03 17:15:37,645 - INFO - IA: Raquette droite déplacée de 33 à 26
2025-05-03 17:15:37,662 - INFO - IA: Raquette droite déplacée de 26 à 19
2025-05-03 17:15:37,679 - INFO - IA: Raquette droite déplacée de 19 à 12
2025-05-03 17:15:37,696 - INFO - IA: Raquette droite déplacée de 12 à 5
2025-05-03 17:15:37,713 - INFO - IA: Raquette droite déplacée de 5 à 0
2025-05-03 17:15:37,783 - INFO - COLLISION: Balle a rebondi sur un mur à la position (108, -2)
2025-05-03 17:15:37,958 - INFO - IA: Raquette droite déplacée de 0 à 7
2025-05-03 17:15:37,976 - INFO - IA: Raquette droite déplacée de 7 à 14
2025-05-03 17:15:37,993 - INFO - IA: Raquette droite déplacée de 14 à 7
2025-05-03 17:15:38,011 - INFO - IA: Raquette droite déplacée de 7 à 14
2025-05-03 17:15:38,030 - INFO - IA: Raquette droite déplacée de 14 à 21
2025-05-03 17:15:38,048 - INFO - IA: Raquette droite déplacée de 21 à 28
2025-05-03 17:15:38,065 - INFO - IA: Raquette droite déplacée de 28 à 21
2025-05-03 17:15:38,083 - INFO - IA: Raquette droite déplacée de 21 à 14
2025-05-03 17:15:38,101 - INFO - IA: Raquette droite déplacée de 14 à 21
2025-05-03 17:15:38,119 - INFO - IA: Raquette droite déplacée de 21 à 28
2025-05-03 17:15:38,136 - INFO - IA: Raquette droite déplacée de 28 à 35
2025-05-03 17:15:38,154 - INFO - IA: Raquette droite déplacée de 35 à 42
2025-05-03 17:15:38,172 - INFO - IA: Raquette droite déplacée de 42 à 49
2025-05-03 17:15:38,172 - INFO - POINT: Joueur droite (IA) marque un point! Score: 0-1
2025-05-03 17:15:38,192 - INFO - IA: Raquette droite déplacée de 49 à 56
2025-05-03 17:15:38,210 - INFO - IA: Raquette droite déplacée de 56 à 63
2025-05-03 17:15:38,227 - INFO - IA: Raquette droite déplacée de 63 à 70
2025-05-03 17:15:38,245 - INFO - IA: Raquette droite déplacée de 70 à 77
2025-05-03 17:15:38,263 - INFO - IA: Raquette droite déplacée de 77 à 84
2025-05-03 17:15:38,280 - INFO - IA: Raquette droite déplacée de 84 à 91
2025-05-03 17:15:38,297 - INFO - IA: Raquette droite déplacée de 91 à 98
2025-05-03 17:15:38,315 - INFO - IA: Raquette droite déplacée de 98 à 105
2025-05-03 17:15:38,333 - INFO - IA: Raquette droite déplacée de 105 à 112
2025-05-03 17:15:38,350 - INFO - IA: Raquette droite déplacée de 112 à 119
2025-05-03 17:15:38,367 - INFO - IA: Raquette droite déplacée de 119 à 126
2025-05-03 17:15:38,384 - INFO - IA: Raquette droite déplacée de 126 à 133
2025-05-03 17:15:38,402 - INFO - IA: Raquette droite déplacée de 133 à 140
2025-05-03 17:15:38,420 - INFO - IA: Raquette droite déplacée de 140 à 147
2025-05-03 17:15:38,437 - INFO - IA: Raquette droite déplacée de 147 à 154
2025-05-03 17:15:38,454 - INFO - IA: Raquette droite déplacée de 154 à 161
2025-05-03 17:15:38,472 - INFO - IA: Raquette droite déplacée de 161 à 168
2025-05-03 17:15:38,490 - INFO - IA: Raquette droite déplacée de 168 à 175
2025-05-03 17:15:38,507 - INFO - IA: Raquette droite déplacée de 175 à 182
2025-05-03 17:15:38,524 - INFO - IA: Raquette droite déplacée de 182 à 189
2025-05-03 17:15:38,542 - INFO - IA: Raquette droite déplacée de 189 à 196
2025-05-03 17:15:38,559 - INFO - IA: Raquette droite déplacée de 196 à 203
2025-05-03 17:15:38,577 - INFO - IA: Raquette droite déplacée de 203 à 210
2025-05-03 17:15:38,595 - INFO - IA: Raquette droite déplacée de 210 à 217
2025-05-03 17:15:38,613 - INFO - IA: Raquette droite déplacée de 217 à 224
2025-05-03 17:15:38,630 - INFO - IA: Raquette droite déplacée de 224 à 231
2025-05-03 17:15:38,647 - INFO - IA: Raquette droite déplacée de 231 à 238
2025-05-03 17:15:38,664 - INFO - IA: Raquette droite déplacée de 238 à 245
2025-05-03 17:15:38,681 - INFO - IA: Raquette droite déplacée de 245 à 252
2025-05-03 17:15:38,699 - INFO - IA: Raquette droite déplacée de 252 à 259
2025-05-03 17:15:38,717 - INFO - IA: Raquette droite déplacée de 259 à 266
2025-05-03 17:15:38,734 - INFO - IA: Raquette droite déplacée de 266 à 273
2025-05-03 17:15:38,751 - INFO - IA: Raquette droite déplacée de 273 à 280
2025-05-03 17:15:38,768 - INFO - IA: Raquette droite déplacée de 280 à 287
2025-05-03 17:15:38,785 - INFO - IA: Raquette droite déplacée de 287 à 294
2025-05-03 17:15:38,803 - INFO - IA: Raquette droite déplacée de 294 à 301
2025-05-03 17:15:38,821 - INFO - IA: Raquette droite déplacée de 301 à 308
2025-05-03 17:15:38,840 - INFO - IA: Raquette droite déplacée de 308 à 315
2025-05-03 17:15:38,858 - INFO - IA: Raquette droite déplacée de 315 à 322
2025-05-03 17:15:38,876 - INFO - IA: Raquette droite déplacée de 322 à 329
2025-05-03 17:15:38,894 - INFO - IA: Raquette droite déplacée de 329 à 336
2025-05-03 17:15:38,911 - INFO - IA: Raquette droite déplacée de 336 à 343
2025-05-03 17:15:38,929 - INFO - IA: Raquette droite déplacée de 343 à 350
2025-05-03 17:15:38,947 - INFO - IA: Raquette droite déplacée de 350 à 357
2025-05-03 17:15:38,964 - INFO - IA: Raquette droite déplacée de 357 à 364
2025-05-03 17:15:38,982 - INFO - IA: Raquette droite déplacée de 364 à 371
2025-05-03 17:15:38,999 - INFO - IA: Raquette droite déplacée de 371 à 378
2025-05-03 17:15:38,999 - INFO - COLLISION: Balle a rebondi sur un mur à la position (58, 468)
2025-05-03 17:15:39,016 - INFO - IA: Raquette droite déplacée de 378 à 385
2025-05-03 17:15:39,034 - INFO - IA: Raquette droite déplacée de 385 à 390
2025-05-03 17:15:39,087 - INFO - IA: Raquette droite déplacée de 390 à 383
2025-05-03 17:15:39,105 - INFO - IA: Raquette droite déplacée de 383 à 390
2025-05-03 17:15:39,124 - INFO - IA: Raquette droite déplacée de 390 à 383
2025-05-03 17:15:39,142 - INFO - IA: Raquette droite déplacée de 383 à 376
2025-05-03 17:15:39,158 - INFO - IA: Raquette droite déplacée de 376 à 383
2025-05-03 17:15:39,176 - INFO - IA: Raquette droite déplacée de 383 à 390
2025-05-03 17:15:39,193 - INFO - IA: Raquette droite déplacée de 390 à 383
2025-05-03 17:15:39,210 - INFO - IA: Raquette droite déplacée de 383 à 376
2025-05-03 17:15:39,210 - INFO - POINT: Joueur droite (IA) marque un point! Score: 0-2
2025-05-03 17:15:39,228 - INFO - IA: Raquette droite déplacée de 376 à 369
2025-05-03 17:15:39,245 - INFO - IA: Raquette droite déplacée de 369 à 362
2025-05-03 17:15:39,263 - INFO - IA: Raquette droite déplacée de 362 à 355
2025-05-03 17:15:39,280 - INFO - IA: Raquette droite déplacée de 355 à 348
2025-05-03 17:15:39,297 - INFO - IA: Raquette droite déplacée de 348 à 341
2025-05-03 17:15:39,314 - INFO - IA: Raquette droite déplacée de 341 à 334
2025-05-03 17:15:39,332 - INFO - IA: Raquette droite déplacée de 334 à 327
2025-05-03 17:15:39,349 - INFO - IA: Raquette droite déplacée de 327 à 320
2025-05-03 17:15:39,367 - INFO - IA: Raquette droite déplacée de 320 à 313
2025-05-03 17:15:39,388 - INFO - IA: Raquette droite déplacée de 313 à 306
2025-05-03 17:15:39,407 - INFO - IA: Raquette droite déplacée de 306 à 299
2025-05-03 17:15:39,424 - INFO - IA: Raquette droite déplacée de 299 à 292
2025-05-03 17:15:39,440 - INFO - IA: Raquette droite déplacée de 292 à 285
2025-05-03 17:15:39,457 - INFO - IA: Raquette droite déplacée de 285 à 278
2025-05-03 17:15:39,475 - INFO - IA: Raquette droite déplacée de 278 à 271
2025-05-03 17:15:39,492 - INFO - IA: Raquette droite déplacée de 271 à 278
2025-05-03 17:15:39,509 - INFO - IA: Raquette droite déplacée de 278 à 285
2025-05-03 17:15:39,527 - INFO - IA: Raquette droite déplacée de 285 à 278
2025-05-03 17:15:39,543 - INFO - IA: Raquette droite déplacée de 278 à 285
2025-05-03 17:15:39,561 - INFO - IA: Raquette droite déplacée de 285 à 292
2025-05-03 17:15:39,580 - INFO - IA: Raquette droite déplacée de 292 à 299
2025-05-03 17:15:39,596 - INFO - IA: Raquette droite déplacée de 299 à 306
2025-05-03 17:15:39,614 - INFO - IA: Raquette droite déplacée de 306 à 313
2025-05-03 17:15:39,631 - INFO - IA: Raquette droite déplacée de 313 à 320
2025-05-03 17:15:39,648 - INFO - IA: Raquette droite déplacée de 320 à 313
2025-05-03 17:15:39,664 - INFO - IA: Raquette droite déplacée de 313 à 320
2025-05-03 17:15:39,682 - INFO - IA: Raquette droite déplacée de 320 à 327
2025-05-03 17:15:39,699 - INFO - IA: Raquette droite déplacée de 327 à 334
2025-05-03 17:15:39,716 - INFO - IA: Raquette droite déplacée de 334 à 341
2025-05-03 17:15:39,734 - INFO - IA: Raquette droite déplacée de 341 à 348
2025-05-03 17:15:39,752 - INFO - IA: Raquette droite déplacée de 348 à 341
2025-05-03 17:15:39,770 - INFO - IA: Raquette droite déplacée de 341 à 348
2025-05-03 17:15:39,789 - INFO - IA: Raquette droite déplacée de 348 à 341
2025-05-03 17:15:39,805 - INFO - IA: Raquette droite déplacée de 341 à 348
2025-05-03 17:15:39,823 - INFO - IA: Raquette droite déplacée de 348 à 355
2025-05-03 17:15:39,840 - INFO - IA: Raquette droite déplacée de 355 à 348
2025-05-03 17:15:39,857 - INFO - IA: Raquette droite déplacée de 348 à 355
2025-05-03 17:15:39,874 - INFO - IA: Raquette droite déplacée de 355 à 362
2025-05-03 17:15:39,892 - INFO - IA: Raquette droite déplacée de 362 à 369
2025-05-03 17:15:39,911 - INFO - IA: Raquette droite déplacée de 369 à 376
2025-05-03 17:15:39,929 - INFO - IA: Raquette droite déplacée de 376 à 383
2025-05-03 17:15:39,947 - INFO - IA: Raquette droite déplacée de 383 à 390
2025-05-03 17:15:40,034 - INFO - COLLISION: Balle a rebondi sur un mur à la position (528, 468)
2025-05-03 17:15:40,119 - INFO - COLLISION: Balle a rebondi sur une raquette à la position (553, 443)
2025-05-03 17:15:40,171 - INFO - IA: Raquette droite déplacée de 390 à 383
2025-05-03 17:15:40,189 - INFO - IA: Raquette droite déplacée de 383 à 390
2025-05-03 17:15:40,223 - INFO - IA: Raquette droite déplacée de 390 à 383
2025-05-03 17:15:40,240 - INFO - IA: Raquette droite déplacée de 383 à 390
2025-05-03 17:15:40,258 - INFO - IA: Raquette droite déplacée de 390 à 383
2025-05-03 17:15:40,275 - INFO - IA: Raquette droite déplacée de 383 à 376
2025-05-03 17:15:40,293 - INFO - IA: Raquette droite déplacée de 376 à 369
2025-05-03 17:15:40,310 - INFO - IA: Raquette droite déplacée de 369 à 362
2025-05-03 17:15:40,327 - INFO - IA: Raquette droite déplacée de 362 à 355
2025-05-03 17:15:40,344 - INFO - IA: Raquette droite déplacée de 355 à 348
2025-05-03 17:15:40,362 - INFO - IA: Raquette droite déplacée de 348 à 355
2025-05-03 17:15:40,378 - INFO - IA: Raquette droite déplacée de 355 à 348
2025-05-03 17:15:40,396 - INFO - IA: Raquette droite déplacée de 348 à 341
2025-05-03 17:15:40,414 - INFO - IA: Raquette droite déplacée de 341 à 334
2025-05-03 17:15:40,431 - INFO - IA: Raquette droite déplacée de 334 à 327
2025-05-03 17:15:40,450 - INFO - IA: Raquette droite déplacée de 327 à 320
2025-05-03 17:15:40,467 - INFO - IA: Raquette droite déplacée de 320 à 327
2025-05-03 17:15:40,485 - INFO - IA: Raquette droite déplacée de 327 à 320
2025-05-03 17:15:40,503 - INFO - IA: Raquette droite déplacée de 320 à 327
2025-05-03 17:15:40,521 - INFO - IA: Raquette droite déplacée de 327 à 320
2025-05-03 17:15:40,538 - INFO - IA: Raquette droite déplacée de 320 à 313
2025-05-03 17:15:40,555 - INFO - IA: Raquette droite déplacée de 313 à 306
2025-05-03 17:15:40,571 - INFO - IA: Raquette droite déplacée de 306 à 299
2025-05-03 17:15:40,589 - INFO - IA: Raquette droite déplacée de 299 à 292
2025-05-03 17:15:40,606 - INFO - IA: Raquette droite déplacée de 292 à 285
2025-05-03 17:15:40,624 - INFO - IA: Raquette droite déplacée de 285 à 278
2025-05-03 17:15:40,641 - INFO - IA: Raquette droite déplacée de 278 à 271
2025-05-03 17:15:40,658 - INFO - IA: Raquette droite déplacée de 271 à 264
2025-05-03 17:15:40,675 - INFO - IA: Raquette droite déplacée de 264 à 257
2025-05-03 17:15:40,694 - INFO - IA: Raquette droite déplacée de 257 à 250
2025-05-03 17:15:40,712 - INFO - IA: Raquette droite déplacée de 250 à 243
2025-05-03 17:15:40,730 - INFO - IA: Raquette droite déplacée de 243 à 250
2025-05-03 17:15:40,747 - INFO - IA: Raquette droite déplacée de 250 à 243
2025-05-03 17:15:40,764 - INFO - IA: Raquette droite déplacée de 243 à 250
2025-05-03 17:15:40,783 - INFO - IA: Raquette droite déplacée de 250 à 243
2025-05-03 17:15:40,800 - INFO - IA: Raquette droite déplacée de 243 à 250
2025-05-03 17:15:40,817 - INFO - IA: Raquette droite déplacée de 250 à 243
2025-05-03 17:15:40,835 - INFO - IA: Raquette droite déplacée de 243 à 236
2025-05-03 17:15:40,853 - INFO - IA: Raquette droite déplacée de 236 à 229
2025-05-03 17:15:40,871 - INFO - IA: Raquette droite déplacée de 229 à 222
2025-05-03 17:15:40,887 - INFO - IA: Raquette droite déplacée de 222 à 215
2025-05-03 17:15:40,905 - INFO - IA: Raquette droite déplacée de 215 à 208
2025-05-03 17:15:40,922 - INFO - IA: Raquette droite déplacée de 208 à 201
2025-05-03 17:15:40,941 - INFO - IA: Raquette droite déplacée de 201 à 194
2025-05-03 17:15:40,959 - INFO - IA: Raquette droite déplacée de 194 à 187
2025-05-03 17:15:40,977 - INFO - IA: Raquette droite déplacée de 187 à 180
2025-05-03 17:15:40,994 - INFO - IA: Raquette droite déplacée de 180 à 173
2025-05-03 17:15:41,012 - INFO - IA: Raquette droite déplacée de 173 à 166
2025-05-03 17:15:41,030 - INFO - IA: Raquette droite déplacée de 166 à 159
2025-05-03 17:15:41,047 - INFO - IA: Raquette droite déplacée de 159 à 152
2025-05-03 17:15:41,064 - INFO - IA: Raquette droite déplacée de 152 à 145
2025-05-03 17:15:41,082 - INFO - IA: Raquette droite déplacée de 145 à 152
2025-05-03 17:15:41,099 - INFO - IA: Raquette droite déplacée de 152 à 145
2025-05-03 17:15:41,117 - INFO - IA: Raquette droite déplacée de 145 à 138
2025-05-03 17:15:41,134 - INFO - IA: Raquette droite déplacée de 138 à 131
2025-05-03 17:15:41,152 - INFO - IA: Raquette droite déplacée de 131 à 124
2025-05-03 17:15:41,170 - INFO - IA: Raquette droite déplacée de 124 à 117
2025-05-03 17:15:41,188 - INFO - IA: Raquette droite déplacée de 117 à 110
2025-05-03 17:15:41,206 - INFO - IA: Raquette droite déplacée de 110 à 103
2025-05-03 17:15:41,223 - INFO - IA: Raquette droite déplacée de 103 à 110
2025-05-03 17:15:41,240 - INFO - IA: Raquette droite déplacée de 110 à 103
2025-05-03 17:15:41,257 - INFO - IA: Raquette droite déplacée de 103 à 96
2025-05-03 17:15:41,274 - INFO - IA: Raquette droite déplacée de 96 à 89
2025-05-03 17:15:41,292 - INFO - IA: Raquette droite déplacée de 89 à 96
2025-05-03 17:15:41,309 - INFO - IA: Raquette droite déplacée de 96 à 89
2025-05-03 17:15:41,327 - INFO - IA: Raquette droite déplacée de 89 à 82
2025-05-03 17:15:41,344 - INFO - IA: Raquette droite déplacée de 82 à 75
2025-05-03 17:15:41,361 - INFO - IA: Raquette droite déplacée de 75 à 68
2025-05-03 17:15:41,379 - INFO - IA: Raquette droite déplacée de 68 à 61
2025-05-03 17:15:41,395 - INFO - IA: Raquette droite déplacée de 61 à 54
2025-05-03 17:15:41,413 - INFO - IA: Raquette droite déplacée de 54 à 47
2025-05-03 17:15:41,430 - INFO - IA: Raquette droite déplacée de 47 à 40
2025-05-03 17:15:41,447 - INFO - IA: Raquette droite déplacée de 40 à 47
2025-05-03 17:15:41,465 - INFO - IA: Raquette droite déplacée de 47 à 54
2025-05-03 17:15:41,483 - INFO - IA: Raquette droite déplacée de 54 à 47
2025-05-03 17:15:41,499 - INFO - IA: Raquette droite déplacée de 47 à 40
2025-05-03 17:15:41,517 - INFO - IA: Raquette droite déplacée de 40 à 33
2025-05-03 17:15:41,553 - INFO - IA: Raquette droite déplacée de 33 à 26
2025-05-03 17:15:41,574 - INFO - IA: Raquette droite déplacée de 26 à 19
2025-05-03 17:15:41,592 - INFO - IA: Raquette droite déplacée de 19 à 12
2025-05-03 17:15:41,610 - INFO - IA: Raquette droite déplacée de 12 à 19
2025-05-03 17:15:41,627 - INFO - IA: Raquette droite déplacée de 19 à 12
2025-05-03 17:15:41,645 - INFO - IA: Raquette droite déplacée de 12 à 5
2025-05-03 17:15:41,662 - INFO - IA: Raquette droite déplacée de 5 à 0
2025-05-03 17:15:41,696 - INFO - COLLISION: Balle a rebondi sur un mur à la position (108, -2)
2025-05-03 17:15:41,818 - INFO - IA: Raquette droite déplacée de 0 à 7
2025-05-03 17:15:41,835 - INFO - IA: Raquette droite déplacée de 7 à 14
2025-05-03 17:15:41,853 - INFO - IA: Raquette droite déplacée de 14 à 21
2025-05-03 17:15:41,871 - INFO - IA: Raquette droite déplacée de 21 à 14
2025-05-03 17:15:41,889 - INFO - IA: Raquette droite déplacée de 14 à 7
2025-05-03 17:15:41,907 - INFO - IA: Raquette droite déplacée de 7 à 14
2025-05-03 17:15:41,925 - INFO - IA: Raquette droite déplacée de 14 à 7
2025-05-03 17:15:41,942 - INFO - IA: Raquette droite déplacée de 7 à 14
2025-05-03 17:15:41,960 - INFO - IA: Raquette droite déplacée de 14 à 21
2025-05-03 17:15:41,977 - INFO - IA: Raquette droite déplacée de 21 à 28
2025-05-03 17:15:41,995 - INFO - IA: Raquette droite déplacée de 28 à 35
2025-05-03 17:15:42,013 - INFO - IA: Raquette droite déplacée de 35 à 42
2025-05-03 17:15:42,031 - INFO - IA: Raquette droite déplacée de 42 à 35
2025-05-03 17:15:42,049 - INFO - IA: Raquette droite déplacée de 35 à 28
2025-05-03 17:15:42,066 - INFO - IA: Raquette droite déplacée de 28 à 35
2025-05-03 17:15:42,084 - INFO - IA: Raquette droite déplacée de 35 à 42
2025-05-03 17:15:42,084 - INFO - POINT: Joueur droite (IA) marque un point! Score: 0-3
2025-05-03 17:15:42,102 - INFO - IA: Raquette droite déplacée de 42 à 49
2025-05-03 17:15:42,118 - INFO - IA: Raquette droite déplacée de 49 à 56
2025-05-03 17:15:42,136 - INFO - IA: Raquette droite déplacée de 56 à 63
2025-05-03 17:15:42,154 - INFO - IA: Raquette droite déplacée de 63 à 70
2025-05-03 17:15:42,171 - INFO - IA: Raquette droite déplacée de 70 à 77
2025-05-03 17:15:42,187 - INFO - IA: Raquette droite déplacée de 77 à 84
2025-05-03 17:15:42,204 - INFO - IA: Raquette droite déplacée de 84 à 91
2025-05-03 17:15:42,222 - INFO - IA: Raquette droite déplacée de 91 à 98
2025-05-03 17:15:42,239 - INFO - IA: Raquette droite déplacée de 98 à 105
2025-05-03 17:15:42,257 - INFO - IA: Raquette droite déplacée de 105 à 112
2025-05-03 17:15:42,275 - INFO - IA: Raquette droite déplacée de 112 à 119
2025-05-03 17:15:42,292 - INFO - IA: Raquette droite déplacée de 119 à 126
2025-05-03 17:15:42,309 - INFO - IA: Raquette droite déplacée de 126 à 133
2025-05-03 17:15:42,327 - INFO - IA: Raquette droite déplacée de 133 à 140
2025-05-03 17:15:42,344 - INFO - IA: Raquette droite déplacée de 140 à 147
2025-05-03 17:15:42,361 - INFO - IA: Raquette droite déplacée de 147 à 154
2025-05-03 17:15:42,378 - INFO - IA: Raquette droite déplacée de 154 à 161
2025-05-03 17:15:42,395 - INFO - IA: Raquette droite déplacée de 161 à 168
2025-05-03 17:15:42,412 - INFO - IA: Raquette droite déplacée de 168 à 175
2025-05-03 17:15:42,430 - INFO - IA: Raquette droite déplacée de 175 à 182
2025-05-03 17:15:42,447 - INFO - IA: Raquette droite déplacée de 182 à 189
2025-05-03 17:15:42,464 - INFO - IA: Raquette droite déplacée de 189 à 196
2025-05-03 17:15:42,482 - INFO - IA: Raquette droite déplacée de 196 à 203
2025-05-03 17:15:42,500 - INFO - IA: Raquette droite déplacée de 203 à 210
2025-05-03 17:15:42,517 - INFO - IA: Raquette droite déplacée de 210 à 217
2025-05-03 17:15:42,536 - INFO - IA: Raquette droite déplacée de 217 à 224
2025-05-03 17:15:42,553 - INFO - IA: Raquette droite déplacée de 224 à 231
2025-05-03 17:15:42,571 - INFO - IA: Raquette droite déplacée de 231 à 238
2025-05-03 17:15:42,588 - INFO - IA: Raquette droite déplacée de 238 à 245
2025-05-03 17:15:42,606 - INFO - IA: Raquette droite déplacée de 245 à 252
2025-05-03 17:15:42,623 - INFO - IA: Raquette droite déplacée de 252 à 259
2025-05-03 17:15:42,640 - INFO - IA: Raquette droite déplacée de 259 à 266
2025-05-03 17:15:42,657 - INFO - IA: Raquette droite déplacée de 266 à 273
2025-05-03 17:15:42,674 - INFO - IA: Raquette droite déplacée de 273 à 280
2025-05-03 17:15:42,691 - INFO - IA: Raquette droite déplacée de 280 à 287
2025-05-03 17:15:42,708 - INFO - IA: Raquette droite déplacée de 287 à 294
2025-05-03 17:15:42,725 - INFO - IA: Raquette droite déplacée de 294 à 301
2025-05-03 17:15:42,742 - INFO - IA: Raquette droite déplacée de 301 à 308
2025-05-03 17:15:42,759 - INFO - IA: Raquette droite déplacée de 308 à 315
2025-05-03 17:15:42,777 - INFO - IA: Raquette droite déplacée de 315 à 322
2025-05-03 17:15:42,795 - INFO - IA: Raquette droite déplacée de 322 à 329
2025-05-03 17:15:42,812 - INFO - IA: Raquette droite déplacée de 329 à 336
2025-05-03 17:15:42,830 - INFO - IA: Raquette droite déplacée de 336 à 343
2025-05-03 17:15:42,847 - INFO - IA: Raquette droite déplacée de 343 à 350
2025-05-03 17:15:42,864 - INFO - IA: Raquette droite déplacée de 350 à 357
2025-05-03 17:15:42,881 - INFO - IA: Raquette droite déplacée de 357 à 364
2025-05-03 17:15:42,899 - INFO - IA: Raquette droite déplacée de 364 à 371
2025-05-03 17:15:42,899 - INFO - COLLISION: Balle a rebondi sur un mur à la position (58, 468)
2025-05-03 17:15:42,917 - INFO - IA: Raquette droite déplacée de 371 à 378
2025-05-03 17:15:42,934 - INFO - IA: Raquette droite déplacée de 378 à 385
2025-05-03 17:15:42,952 - INFO - IA: Raquette droite déplacée de 385 à 390
2025-05-03 17:15:42,970 - INFO - IA: Raquette droite déplacée de 390 à 383
2025-05-03 17:15:42,987 - INFO - IA: Raquette droite déplacée de 383 à 390
2025-05-03 17:15:43,021 - INFO - IA: Raquette droite déplacée de 390 à 383
2025-05-03 17:15:43,039 - INFO - IA: Raquette droite déplacée de 383 à 390
2025-05-03 17:15:43,074 - INFO - IA: Raquette droite déplacée de 390 à 383
2025-05-03 17:15:43,090 - INFO - IA: Raquette droite déplacée de 383 à 376
2025-05-03 17:15:43,107 - INFO - IA: Raquette droite déplacée de 376 à 369
2025-05-03 17:15:43,107 - INFO - POINT: Joueur droite (IA) marque un point! Score: 0-4
2025-05-03 17:15:43,125 - INFO - IA: Raquette droite déplacée de 369 à 362
2025-05-03 17:15:43,142 - INFO - IA: Raquette droite déplacée de 362 à 355
2025-05-03 17:15:43,160 - INFO - IA: Raquette droite déplacée de 355 à 348
2025-05-03 17:15:43,178 - INFO - IA: Raquette droite déplacée de 348 à 341
2025-05-03 17:15:43,195 - INFO - IA: Raquette droite déplacée de 341 à 334
2025-05-03 17:15:43,212 - INFO - IA: Raquette droite déplacée de 334 à 327
2025-05-03 17:15:43,230 - INFO - IA: Raquette droite déplacée de 327 à 320
2025-05-03 17:15:43,246 - INFO - IA: Raquette droite déplacée de 320 à 313
2025-05-03 17:15:43,263 - INFO - IA: Raquette droite déplacée de 313 à 306
2025-05-03 17:15:43,280 - INFO - IA: Raquette droite déplacée de 306 à 299
2025-05-03 17:15:43,298 - INFO - IA: Raquette droite déplacée de 299 à 292
2025-05-03 17:15:43,315 - INFO - IA: Raquette droite déplacée de 292 à 285
2025-05-03 17:15:43,332 - INFO - IA: Raquette droite déplacée de 285 à 278
2025-05-03 17:15:43,350 - INFO - IA: Raquette droite déplacée de 278 à 271
2025-05-03 17:15:43,367 - INFO - IA: Raquette droite déplacée de 271 à 264
2025-05-03 17:15:43,384 - INFO - IA: Raquette droite déplacée de 264 à 257
2025-05-03 17:15:43,401 - INFO - IA: Raquette droite déplacée de 257 à 250
2025-05-03 17:15:43,419 - INFO - IA: Raquette droite déplacée de 250 à 243
2025-05-03 17:15:43,435 - INFO - IA: Raquette droite déplacée de 243 à 236
2025-05-03 17:15:43,452 - INFO - IA: Raquette droite déplacée de 236 à 229
2025-05-03 17:15:43,470 - INFO - IA: Raquette droite déplacée de 229 à 222
2025-05-03 17:15:43,487 - INFO - IA: Raquette droite déplacée de 222 à 215
2025-05-03 17:15:43,504 - INFO - IA: Raquette droite déplacée de 215 à 208
2025-05-03 17:15:43,521 - INFO - IA: Raquette droite déplacée de 208 à 201
2025-05-03 17:15:43,538 - INFO - IA: Raquette droite déplacée de 201 à 194
2025-05-03 17:15:43,555 - INFO - IA: Raquette droite déplacée de 194 à 187
2025-05-03 17:15:43,573 - INFO - IA: Raquette droite déplacée de 187 à 180
2025-05-03 17:15:43,591 - INFO - IA: Raquette droite déplacée de 180 à 173
2025-05-03 17:15:43,608 - INFO - IA: Raquette droite déplacée de 173 à 166
2025-05-03 17:15:43,625 - INFO - IA: Raquette droite déplacée de 166 à 159
2025-05-03 17:15:43,643 - INFO - IA: Raquette droite déplacée de 159 à 152
2025-05-03 17:15:43,659 - INFO - IA: Raquette droite déplacée de 152 à 145
2025-05-03 17:15:43,677 - INFO - IA: Raquette droite déplacée de 145 à 138
2025-05-03 17:15:43,694 - INFO - IA: Raquette droite déplacée de 138 à 131
2025-05-03 17:15:43,712 - INFO - IA: Raquette droite déplacée de 131 à 124
2025-05-03 17:15:43,729 - INFO - IA: Raquette droite déplacée de 124 à 117
2025-05-03 17:15:43,747 - INFO - IA: Raquette droite déplacée de 117 à 110
2025-05-03 17:15:43,764 - INFO - IA: Raquette droite déplacée de 110 à 103
2025-05-03 17:15:43,782 - INFO - IA: Raquette droite déplacée de 103 à 96
2025-05-03 17:15:43,800 - INFO - IA: Raquette droite déplacée de 96 à 89
2025-05-03 17:15:43,817 - INFO - IA: Raquette droite déplacée de 89 à 82
2025-05-03 17:15:43,836 - INFO - IA: Raquette droite déplacée de 82 à 75
2025-05-03 17:15:43,854 - INFO - IA: Raquette droite déplacée de 75 à 68
2025-05-03 17:15:43,872 - INFO - IA: Raquette droite déplacée de 68 à 61
2025-05-03 17:15:43,890 - INFO - IA: Raquette droite déplacée de 61 à 54
2025-05-03 17:15:43,908 - INFO - IA: Raquette droite déplacée de 54 à 47
2025-05-03 17:15:43,926 - INFO - IA: Raquette droite déplacée de 47 à 40
2025-05-03 17:15:43,926 - INFO - COLLISION: Balle a rebondi sur un mur à la position (528, -2)
2025-05-03 17:15:43,944 - INFO - IA: Raquette droite déplacée de 40 à 33
2025-05-03 17:15:43,962 - INFO - IA: Raquette droite déplacée de 33 à 26
2025-05-03 17:15:43,979 - INFO - IA: Raquette droite déplacée de 26 à 19
2025-05-03 17:15:43,996 - INFO - IA: Raquette droite déplacée de 19 à 12
2025-05-03 17:15:44,014 - INFO - IA: Raquette droite déplacée de 12 à 5
2025-05-03 17:15:44,014 - INFO - COLLISION: Balle a rebondi sur une raquette à la position (553, 23)
2025-05-03 17:15:44,031 - INFO - IA: Raquette droite déplacée de 5 à 0
2025-05-03 17:15:44,084 - INFO - IA: Raquette droite déplacée de 0 à 7
2025-05-03 17:15:44,102 - INFO - IA: Raquette droite déplacée de 7 à 14
2025-05-03 17:15:44,119 - INFO - IA: Raquette droite déplacée de 14 à 21
2025-05-03 17:15:44,153 - INFO - IA: Raquette droite déplacée de 21 à 28
2025-05-03 17:15:44,171 - INFO - IA: Raquette droite déplacée de 28 à 35
2025-05-03 17:15:44,187 - INFO - IA: Raquette droite déplacée de 35 à 28
2025-05-03 17:15:44,223 - INFO - IA: Raquette droite déplacée de 28 à 35
2025-05-03 17:15:44,239 - INFO - IA: Raquette droite déplacée de 35 à 42
2025-05-03 17:15:44,256 - INFO - IA: Raquette droite déplacée de 42 à 49
2025-05-03 17:15:44,274 - INFO - IA: Raquette droite déplacée de 49 à 56
2025-05-03 17:15:44,292 - INFO - IA: Raquette droite déplacée de 56 à 63
2025-05-03 17:15:44,309 - INFO - IA: Raquette droite déplacée de 63 à 70
2025-05-03 17:15:44,326 - INFO - IA: Raquette droite déplacée de 70 à 63
2025-05-03 17:15:44,343 - INFO - IA: Raquette droite déplacée de 63 à 70
2025-05-03 17:15:44,361 - INFO - IA: Raquette droite déplacée de 70 à 77
2025-05-03 17:15:44,377 - INFO - IA: Raquette droite déplacée de 77 à 84
2025-05-03 17:15:44,395 - INFO - IA: Raquette droite déplacée de 84 à 91
2025-05-03 17:15:44,412 - INFO - IA: Raquette droite déplacée de 91 à 84
2025-05-03 17:15:44,429 - INFO - IA: Raquette droite déplacée de 84 à 91
2025-05-03 17:15:44,446 - INFO - IA: Raquette droite déplacée de 91 à 98
2025-05-03 17:15:44,463 - INFO - IA: Raquette droite déplacée de 98 à 105
2025-05-03 17:15:44,480 - INFO - IA: Raquette droite déplacée de 105 à 98
2025-05-03 17:15:44,497 - INFO - IA: Raquette droite déplacée de 98 à 105
2025-05-03 17:15:44,515 - INFO - IA: Raquette droite déplacée de 105 à 112
2025-05-03 17:15:44,532 - INFO - IA: Raquette droite déplacée de 112 à 119
2025-05-03 17:15:44,549 - INFO - IA: Raquette droite déplacée de 119 à 126
2025-05-03 17:15:44,567 - INFO - IA: Raquette droite déplacée de 126 à 133
2025-05-03 17:15:44,584 - INFO - IA: Raquette droite déplacée de 133 à 140
2025-05-03 17:15:44,601 - INFO - IA: Raquette droite déplacée de 140 à 147
2025-05-03 17:15:44,618 - INFO - IA: Raquette droite déplacée de 147 à 154
2025-05-03 17:15:44,635 - INFO - IA: Raquette droite déplacée de 154 à 147
2025-05-03 17:15:44,652 - INFO - IA: Raquette droite déplacée de 147 à 140
2025-05-03 17:15:44,670 - INFO - IA: Raquette droite déplacée de 140 à 147
2025-05-03 17:15:44,688 - INFO - IA: Raquette droite déplacée de 147 à 154
2025-05-03 17:15:44,705 - INFO - IA: Raquette droite déplacée de 154 à 161
2025-05-03 17:15:44,723 - INFO - IA: Raquette droite déplacée de 161 à 168
2025-05-03 17:15:44,740 - INFO - IA: Raquette droite déplacée de 168 à 175
2025-05-03 17:15:44,757 - INFO - IA: Raquette droite déplacée de 175 à 182
2025-05-03 17:15:44,774 - INFO - IA: Raquette droite déplacée de 182 à 189
2025-05-03 17:15:44,792 - INFO - IA: Raquette droite déplacée de 189 à 196
2025-05-03 17:15:44,810 - INFO - IA: Raquette droite déplacée de 196 à 203
2025-05-03 17:15:44,827 - INFO - IA: Raquette droite déplacée de 203 à 210
2025-05-03 17:15:44,844 - INFO - IA: Raquette droite déplacée de 210 à 217
2025-05-03 17:15:44,862 - INFO - IA: Raquette droite déplacée de 217 à 210
2025-05-03 17:15:44,879 - INFO - IA: Raquette droite déplacée de 210 à 217
2025-05-03 17:15:44,897 - INFO - IA: Raquette droite déplacée de 217 à 224
2025-05-03 17:15:44,914 - INFO - IA: Raquette droite déplacée de 224 à 231
2025-05-03 17:15:44,931 - INFO - IA: Raquette droite déplacée de 231 à 238
2025-05-03 17:15:44,950 - INFO - IA: Raquette droite déplacée de 238 à 245
2025-05-03 17:15:44,968 - INFO - IA: Raquette droite déplacée de 245 à 238
2025-05-03 17:15:44,985 - INFO - IA: Raquette droite déplacée de 238 à 245
2025-05-03 17:15:45,002 - INFO - IA: Raquette droite déplacée de 245 à 252
2025-05-03 17:15:45,020 - INFO - IA: Raquette droite déplacée de 252 à 259
2025-05-03 17:15:45,037 - INFO - IA: Raquette droite déplacée de 259 à 266
2025-05-03 17:15:45,070 - INFO - IA: Raquette droite déplacée de 266 à 273
2025-05-03 17:15:45,088 - INFO - IA: Raquette droite déplacée de 273 à 280
2025-05-03 17:15:45,105 - INFO - IA: Raquette droite déplacée de 280 à 287
2025-05-03 17:15:45,122 - INFO - IA: Raquette droite déplacée de 287 à 294
2025-05-03 17:15:45,138 - INFO - IA: Raquette droite déplacée de 294 à 301
2025-05-03 17:15:45,156 - INFO - IA: Raquette droite déplacée de 301 à 308
2025-05-03 17:15:45,172 - INFO - IA: Raquette droite déplacée de 308 à 315
2025-05-03 17:15:45,189 - INFO - IA: Raquette droite déplacée de 315 à 322
2025-05-03 17:15:45,207 - INFO - IA: Raquette droite déplacée de 322 à 315
2025-05-03 17:15:45,225 - INFO - IA: Raquette droite déplacée de 315 à 308
2025-05-03 17:15:45,242 - INFO - IA: Raquette droite déplacée de 308 à 315
2025-05-03 17:15:45,260 - INFO - IA: Raquette droite déplacée de 315 à 322
2025-05-03 17:15:45,277 - INFO - IA: Raquette droite déplacée de 322 à 329
2025-05-03 17:15:45,294 - INFO - IA: Raquette droite déplacée de 329 à 336
2025-05-03 17:15:45,311 - INFO - IA: Raquette droite déplacée de 336 à 343
2025-05-03 17:15:45,329 - INFO - INPUT: Joueur appuie sur la touche BAS
2025-05-03 17:15:45,329 - INFO - JOUEUR: Raquette gauche déplacée de 195 à 202
2025-05-03 17:15:45,329 - INFO - IA: Raquette droite déplacée de 343 à 350
2025-05-03 17:15:45,347 - INFO - JOUEUR: Raquette gauche déplacée de 202 à 209
2025-05-03 17:15:45,347 - INFO - IA: Raquette droite déplacée de 350 à 357
2025-05-03 17:15:45,364 - INFO - JOUEUR: Raquette gauche déplacée de 209 à 216
2025-05-03 17:15:45,364 - INFO - IA: Raquette droite déplacée de 357 à 364
2025-05-03 17:15:45,381 - INFO - JOUEUR: Raquette gauche déplacée de 216 à 223
2025-05-03 17:15:45,381 - INFO - IA: Raquette droite déplacée de 364 à 371
2025-05-03 17:15:45,399 - INFO - JOUEUR: Raquette gauche déplacée de 223 à 230
2025-05-03 17:15:45,399 - INFO - IA: Raquette droite déplacée de 371 à 378
2025-05-03 17:15:45,417 - INFO - INPUT: Joueur relâche les touches directionnelles
2025-05-03 17:15:45,417 - INFO - IA: Raquette droite déplacée de 378 à 385
2025-05-03 17:15:45,435 - INFO - IA: Raquette droite déplacée de 385 à 390
2025-05-03 17:15:45,555 - INFO - COLLISION: Balle a rebondi sur un mur à la position (108, 468)
2025-05-03 17:15:45,624 - INFO - INPUT: Joueur appuie sur la touche BAS
2025-05-03 17:15:45,624 - INFO - JOUEUR: Raquette gauche déplacée de 230 à 237
2025-05-03 17:15:45,642 - INFO - JOUEUR: Raquette gauche déplacée de 237 à 244
2025-05-03 17:15:45,659 - INFO - INPUT: Joueur relâche les touches directionnelles
2025-05-03 17:15:45,676 - INFO - IA: Raquette droite déplacée de 390 à 383
2025-05-03 17:15:45,694 - INFO - IA: Raquette droite déplacée de 383 à 390
2025-05-03 17:15:45,711 - INFO - INPUT: Joueur appuie sur la touche BAS
2025-05-03 17:15:45,711 - INFO - JOUEUR: Raquette gauche déplacée de 244 à 251
2025-05-03 17:15:45,711 - INFO - IA: Raquette droite déplacée de 390 à 383
2025-05-03 17:15:45,728 - INFO - JOUEUR: Raquette gauche déplacée de 251 à 258
2025-05-03 17:15:45,729 - INFO - IA: Raquette droite déplacée de 383 à 376
2025-05-03 17:15:45,746 - INFO - JOUEUR: Raquette gauche déplacée de 258 à 265
2025-05-03 17:15:45,746 - INFO - IA: Raquette droite déplacée de 376 à 369
2025-05-03 17:15:45,764 - INFO - JOUEUR: Raquette gauche déplacée de 265 à 272
2025-05-03 17:15:45,765 - INFO - IA: Raquette droite déplacée de 369 à 376
2025-05-03 17:15:45,782 - INFO - JOUEUR: Raquette gauche déplacée de 272 à 279
2025-05-03 17:15:45,783 - INFO - IA: Raquette droite déplacée de 376 à 369
2025-05-03 17:15:45,800 - INFO - JOUEUR: Raquette gauche déplacée de 279 à 286
2025-05-03 17:15:45,801 - INFO - IA: Raquette droite déplacée de 369 à 376
2025-05-03 17:15:45,818 - INFO - JOUEUR: Raquette gauche déplacée de 286 à 293
2025-05-03 17:15:45,818 - INFO - IA: Raquette droite déplacée de 376 à 383
2025-05-03 17:15:45,837 - INFO - INPUT: Joueur relâche les touches directionnelles
2025-05-03 17:15:45,837 - INFO - IA: Raquette droite déplacée de 383 à 376
2025-05-03 17:15:45,854 - INFO - IA: Raquette droite déplacée de 376 à 369
2025-05-03 17:15:45,872 - INFO - IA: Raquette droite déplacée de 369 à 362
2025-05-03 17:15:45,872 - INFO - COLLISION: Balle a rebondi sur une raquette à la position (18, 378)
2025-05-03 17:15:45,890 - INFO - IA: Raquette droite déplacée de 362 à 355
2025-05-03 17:15:45,890 - INFO - COLLISION: Balle a rebondi sur une raquette à la position (24, 373)
2025-05-03 17:15:45,907 - INFO - IA: Raquette droite déplacée de 355 à 362
2025-05-03 17:15:45,907 - INFO - COLLISION: Balle a rebondi sur une raquette à la position (17, 368)
2025-05-03 17:15:45,924 - INFO - IA: Raquette droite déplacée de 362 à 355
2025-05-03 17:15:45,925 - INFO - COLLISION: Balle a rebondi sur une raquette à la position (24, 363)
2025-05-03 17:15:45,942 - INFO - IA: Raquette droite déplacée de 355 à 348
2025-05-03 17:15:45,942 - INFO - COLLISION: Balle a rebondi sur une raquette à la position (16, 358)
2025-05-03 17:15:45,960 - INFO - IA: Raquette droite déplacée de 348 à 341
2025-05-03 17:15:45,960 - INFO - COLLISION: Balle a rebondi sur une raquette à la position (25, 353)
2025-05-03 17:15:45,977 - INFO - IA: Raquette droite déplacée de 341 à 348
2025-05-03 17:15:45,977 - INFO - COLLISION: Balle a rebondi sur une raquette à la position (15, 348)
2025-05-03 17:15:45,994 - INFO - IA: Raquette droite déplacée de 348 à 341
2025-05-03 17:15:45,995 - INFO - COLLISION: Balle a rebondi sur une raquette à la position (26, 343)
2025-05-03 17:15:46,012 - INFO - IA: Raquette droite déplacée de 341 à 334
2025-05-03 17:15:46,012 - INFO - COLLISION: Balle a rebondi sur une raquette à la position (14, 338)
2025-05-03 17:15:46,030 - INFO - IA: Raquette droite déplacée de 334 à 327
2025-05-03 17:15:46,030 - INFO - COLLISION: Balle a rebondi sur une raquette à la position (27, 333)
2025-05-03 17:15:46,047 - INFO - IA: Raquette droite déplacée de 327 à 320
2025-05-03 17:15:46,047 - INFO - COLLISION: Balle a rebondi sur une raquette à la position (13, 328)
2025-05-03 17:15:46,064 - INFO - IA: Raquette droite déplacée de 320 à 313
2025-05-03 17:15:46,064 - INFO - COLLISION: Balle a rebondi sur une raquette à la position (28, 323)
2025-05-03 17:15:46,082 - INFO - IA: Raquette droite déplacée de 313 à 306
2025-05-03 17:15:46,085 - INFO - COLLISION: Balle a rebondi sur une raquette à la position (13, 318)
2025-05-03 17:15:46,102 - INFO - IA: Raquette droite déplacée de 306 à 299
2025-05-03 17:15:46,102 - INFO - COLLISION: Balle a rebondi sur une raquette à la position (28, 313)
2025-05-03 17:15:46,120 - INFO - IA: Raquette droite déplacée de 299 à 292
2025-05-03 17:15:46,120 - INFO - COLLISION: Balle a rebondi sur une raquette à la position (13, 308)
2025-05-03 17:15:46,138 - INFO - IA: Raquette droite déplacée de 292 à 285
2025-05-03 17:15:46,138 - INFO - COLLISION: Balle a rebondi sur une raquette à la position (28, 303)
2025-05-03 17:15:46,154 - INFO - IA: Raquette droite déplacée de 285 à 278
2025-05-03 17:15:46,155 - INFO - COLLISION: Balle a rebondi sur une raquette à la position (13, 298)
2025-05-03 17:15:46,171 - INFO - IA: Raquette droite déplacée de 278 à 271
2025-05-03 17:15:46,171 - INFO - COLLISION: Balle a rebondi sur une raquette à la position (28, 293)
2025-05-03 17:15:46,188 - INFO - IA: Raquette droite déplacée de 271 à 264
2025-05-03 17:15:46,188 - INFO - COLLISION: Balle a rebondi sur une raquette à la position (13, 288)
2025-05-03 17:15:46,205 - INFO - IA: Raquette droite déplacée de 264 à 257
2025-05-03 17:15:46,206 - INFO - COLLISION: Balle a rebondi sur une raquette à la position (28, 283)
2025-05-03 17:15:46,223 - INFO - IA: Raquette droite déplacée de 257 à 264
2025-05-03 17:15:46,240 - INFO - IA: Raquette droite déplacée de 264 à 257
2025-05-03 17:15:46,240 - INFO - POINT: Joueur droite (IA) marque un point! Score: 0-5
2025-05-03 17:15:46,258 - INFO - IA: Raquette droite déplacée de 257 à 250
2025-05-03 17:15:46,275 - INFO - IA: Raquette droite déplacée de 250 à 243
2025-05-03 17:15:46,292 - INFO - IA: Raquette droite déplacée de 243 à 236
2025-05-03 17:15:46,308 - INFO - IA: Raquette droite déplacée de 236 à 229
2025-05-03 17:15:46,325 - INFO - IA: Raquette droite déplacée de 229 à 222
2025-05-03 17:15:46,343 - INFO - IA: Raquette droite déplacée de 222 à 215
2025-05-03 17:15:46,360 - INFO - IA: Raquette droite déplacée de 215 à 208
2025-05-03 17:15:46,377 - INFO - IA: Raquette droite déplacée de 208 à 201
2025-05-03 17:15:46,394 - INFO - IA: Raquette droite déplacée de 201 à 194
2025-05-03 17:15:46,412 - INFO - IA: Raquette droite déplacée de 194 à 187
2025-05-03 17:15:46,429 - INFO - IA: Raquette droite déplacée de 187 à 180
2025-05-03 17:15:46,446 - INFO - IA: Raquette droite déplacée de 180 à 173
2025-05-03 17:15:46,464 - INFO - IA: Raquette droite déplacée de 173 à 166
2025-05-03 17:15:46,481 - INFO - IA: Raquette droite déplacée de 166 à 159
2025-05-03 17:15:46,499 - INFO - IA: Raquette droite déplacée de 159 à 152
2025-05-03 17:15:46,516 - INFO - IA: Raquette droite déplacée de 152 à 145
2025-05-03 17:15:46,534 - INFO - INPUT: Joueur appuie sur la touche HAUT
2025-05-03 17:15:46,534 - INFO - JOUEUR: Raquette gauche déplacée de 293 à 286
2025-05-03 17:15:46,534 - INFO - IA: Raquette droite déplacée de 145 à 138
2025-05-03 17:15:46,552 - INFO - JOUEUR: Raquette gauche déplacée de 286 à 279
2025-05-03 17:15:46,552 - INFO - IA: Raquette droite déplacée de 138 à 131
2025-05-03 17:15:46,570 - INFO - JOUEUR: Raquette gauche déplacée de 279 à 272
2025-05-03 17:15:46,570 - INFO - IA: Raquette droite déplacée de 131 à 124
2025-05-03 17:15:46,586 - INFO - JOUEUR: Raquette gauche déplacée de 272 à 265
2025-05-03 17:15:46,586 - INFO - IA: Raquette droite déplacée de 124 à 117
2025-05-03 17:15:46,604 - INFO - JOUEUR: Raquette gauche déplacée de 265 à 258
2025-05-03 17:15:46,604 - INFO - IA: Raquette droite déplacée de 117 à 110
2025-05-03 17:15:46,620 - INFO - JOUEUR: Raquette gauche déplacée de 258 à 251
2025-05-03 17:15:46,621 - INFO - IA: Raquette droite déplacée de 110 à 103
2025-05-03 17:15:46,638 - INFO - JOUEUR: Raquette gauche déplacée de 251 à 244
2025-05-03 17:15:46,638 - INFO - IA: Raquette droite déplacée de 103 à 96
2025-05-03 17:15:46,655 - INFO - JOUEUR: Raquette gauche déplacée de 244 à 237
2025-05-03 17:15:46,655 - INFO - IA: Raquette droite déplacée de 96 à 103
2025-05-03 17:15:46,672 - INFO - JOUEUR: Raquette gauche déplacée de 237 à 230
2025-05-03 17:15:46,672 - INFO - IA: Raquette droite déplacée de 103 à 96
2025-05-03 17:15:46,689 - INFO - JOUEUR: Raquette gauche déplacée de 230 à 223
2025-05-03 17:15:46,690 - INFO - IA: Raquette droite déplacée de 96 à 89
2025-05-03 17:15:46,706 - INFO - JOUEUR: Raquette gauche déplacée de 223 à 216
2025-05-03 17:15:46,707 - INFO - IA: Raquette droite déplacée de 89 à 82
2025-05-03 17:15:46,724 - INFO - JOUEUR: Raquette gauche déplacée de 216 à 209
2025-05-03 17:15:46,724 - INFO - IA: Raquette droite déplacée de 82 à 75
2025-05-03 17:15:46,742 - INFO - JOUEUR: Raquette gauche déplacée de 209 à 202
2025-05-03 17:15:46,742 - INFO - IA: Raquette droite déplacée de 75 à 68
2025-05-03 17:15:46,759 - INFO - JOUEUR: Raquette gauche déplacée de 202 à 195
2025-05-03 17:15:46,759 - INFO - IA: Raquette droite déplacée de 68 à 61
2025-05-03 17:15:46,776 - INFO - JOUEUR: Raquette gauche déplacée de 195 à 188
2025-05-03 17:15:46,776 - INFO - IA: Raquette droite déplacée de 61 à 54
2025-05-03 17:15:46,794 - INFO - JOUEUR: Raquette gauche déplacée de 188 à 181
2025-05-03 17:15:46,794 - INFO - IA: Raquette droite déplacée de 54 à 47
2025-05-03 17:15:46,812 - INFO - JOUEUR: Raquette gauche déplacée de 181 à 174
2025-05-03 17:15:46,812 - INFO - IA: Raquette droite déplacée de 47 à 54
2025-05-03 17:15:46,829 - INFO - JOUEUR: Raquette gauche déplacée de 174 à 167
2025-05-03 17:15:46,829 - INFO - IA: Raquette droite déplacée de 54 à 47
2025-05-03 17:15:46,847 - INFO - JOUEUR: Raquette gauche déplacée de 167 à 160
2025-05-03 17:15:46,848 - INFO - IA: Raquette droite déplacée de 47 à 54
2025-05-03 17:15:46,866 - INFO - JOUEUR: Raquette gauche déplacée de 160 à 153
2025-05-03 17:15:46,866 - INFO - IA: Raquette droite déplacée de 54 à 47
2025-05-03 17:15:46,883 - INFO - JOUEUR: Raquette gauche déplacée de 153 à 146
2025-05-03 17:15:46,884 - INFO - IA: Raquette droite déplacée de 47 à 40
2025-05-03 17:15:46,901 - INFO - JOUEUR: Raquette gauche déplacée de 146 à 139
2025-05-03 17:15:46,901 - INFO - IA: Raquette droite déplacée de 40 à 33
2025-05-03 17:15:46,918 - INFO - JOUEUR: Raquette gauche déplacée de 139 à 132
2025-05-03 17:15:46,918 - INFO - IA: Raquette droite déplacée de 33 à 26
2025-05-03 17:15:46,935 - INFO - JOUEUR: Raquette gauche déplacée de 132 à 125
2025-05-03 17:15:46,935 - INFO - IA: Raquette droite déplacée de 26 à 19
2025-05-03 17:15:46,952 - INFO - JOUEUR: Raquette gauche déplacée de 125 à 118
2025-05-03 17:15:46,953 - INFO - IA: Raquette droite déplacée de 19 à 12
2025-05-03 17:15:46,969 - INFO - JOUEUR: Raquette gauche déplacée de 118 à 111
2025-05-03 17:15:46,970 - INFO - IA: Raquette droite déplacée de 12 à 5
2025-05-03 17:15:46,987 - INFO - JOUEUR: Raquette gauche déplacée de 111 à 104
2025-05-03 17:15:46,987 - INFO - IA: Raquette droite déplacée de 5 à 0
2025-05-03 17:15:47,004 - INFO - JOUEUR: Raquette gauche déplacée de 104 à 97
2025-05-03 17:15:47,022 - INFO - JOUEUR: Raquette gauche déplacée de 97 à 90
2025-05-03 17:15:47,040 - INFO - JOUEUR: Raquette gauche déplacée de 90 à 83
2025-05-03 17:15:47,057 - INFO - JOUEUR: Raquette gauche déplacée de 83 à 76
2025-05-03 17:15:47,057 - INFO - COLLISION: Balle a rebondi sur un mur à la position (58, -2)
2025-05-03 17:15:47,075 - INFO - JOUEUR: Raquette gauche déplacée de 76 à 69
2025-05-03 17:15:47,093 - INFO - JOUEUR: Raquette gauche déplacée de 69 à 62
2025-05-03 17:15:47,110 - INFO - JOUEUR: Raquette gauche déplacée de 62 à 55
2025-05-03 17:15:47,128 - INFO - JOUEUR: Raquette gauche déplacée de 55 à 48
2025-05-03 17:15:47,146 - INFO - JOUEUR: Raquette gauche déplacée de 48 à 41
2025-05-03 17:15:47,146 - INFO - IA: Raquette droite déplacée de 0 à 7
2025-05-03 17:15:47,164 - INFO - JOUEUR: Raquette gauche déplacée de 41 à 34
2025-05-03 17:15:47,165 - INFO - IA: Raquette droite déplacée de 7 à 0
2025-05-03 17:15:47,165 - INFO - COLLISION: Balle a rebondi sur une raquette à la position (28, 28)
2025-05-03 17:15:47,182 - INFO - JOUEUR: Raquette gauche déplacée de 34 à 27
2025-05-03 17:15:47,183 - INFO - COLLISION: Balle a rebondi sur une raquette à la position (34, 33)
2025-05-03 17:15:47,200 - INFO - JOUEUR: Raquette gauche déplacée de 27 à 20
2025-05-03 17:15:47,200 - INFO - IA: Raquette droite déplacée de 0 à 7
2025-05-03 17:15:47,201 - INFO - COLLISION: Balle a rebondi sur une raquette à la position (28, 38)
2025-05-03 17:15:47,218 - INFO - JOUEUR: Raquette gauche déplacée de 20 à 13
2025-05-03 17:15:47,219 - INFO - IA: Raquette droite déplacée de 7 à 0
2025-05-03 17:15:47,236 - INFO - JOUEUR: Raquette gauche déplacée de 13 à 6
2025-05-03 17:15:47,236 - INFO - IA: Raquette droite déplacée de 0 à 7
2025-05-03 17:15:47,254 - INFO - JOUEUR: Raquette gauche déplacée de 6 à 0
2025-05-03 17:15:47,254 - INFO - IA: Raquette droite déplacée de 7 à 14
2025-05-03 17:15:47,271 - INFO - IA: Raquette droite déplacée de 14 à 21
2025-05-03 17:15:47,288 - INFO - IA: Raquette droite déplacée de 21 à 28
2025-05-03 17:15:47,307 - INFO - IA: Raquette droite déplacée de 28 à 21
2025-05-03 17:15:47,325 - INFO - IA: Raquette droite déplacée de 21 à 28
2025-05-03 17:15:47,343 - INFO - IA: Raquette droite déplacée de 28 à 21
2025-05-03 17:15:47,360 - INFO - IA: Raquette droite déplacée de 21 à 28
2025-05-03 17:15:47,377 - INFO - IA: Raquette droite déplacée de 28 à 35
2025-05-03 17:15:47,395 - INFO - IA: Raquette droite déplacée de 35 à 28
2025-05-03 17:15:47,413 - INFO - INPUT: Joueur relâche les touches directionnelles
2025-05-03 17:15:47,413 - INFO - IA: Raquette droite déplacée de 28 à 35
2025-05-03 17:15:47,431 - INFO - IA: Raquette droite déplacée de 35 à 28
2025-05-03 17:15:47,448 - INFO - IA: Raquette droite déplacée de 28 à 35
2025-05-03 17:15:47,466 - INFO - IA: Raquette droite déplacée de 35 à 42
2025-05-03 17:15:47,483 - INFO - IA: Raquette droite déplacée de 42 à 49
2025-05-03 17:15:47,500 - INFO - IA: Raquette droite déplacée de 49 à 56
2025-05-03 17:15:47,518 - INFO - IA: Raquette droite déplacée de 56 à 63
2025-05-03 17:15:47,536 - INFO - IA: Raquette droite déplacée de 63 à 70
2025-05-03 17:15:47,553 - INFO - IA: Raquette droite déplacée de 70 à 77
2025-05-03 17:15:47,570 - INFO - IA: Raquette droite déplacée de 77 à 70
2025-05-03 17:15:47,588 - INFO - IA: Raquette droite déplacée de 70 à 77
2025-05-03 17:15:47,606 - INFO - IA: Raquette droite déplacée de 77 à 84
2025-05-03 17:15:47,623 - INFO - IA: Raquette droite déplacée de 84 à 91
2025-05-03 17:15:47,639 - INFO - IA: Raquette droite déplacée de 91 à 98
2025-05-03 17:15:47,657 - INFO - INPUT: Joueur appuie sur la touche BAS
2025-05-03 17:15:47,657 - INFO - JOUEUR: Raquette gauche déplacée de 0 à 7
2025-05-03 17:15:47,657 - INFO - IA: Raquette droite déplacée de 98 à 105
2025-05-03 17:15:47,675 - INFO - JOUEUR: Raquette gauche déplacée de 7 à 14
2025-05-03 17:15:47,675 - INFO - IA: Raquette droite déplacée de 105 à 112
2025-05-03 17:15:47,692 - INFO - JOUEUR: Raquette gauche déplacée de 14 à 21
2025-05-03 17:15:47,692 - INFO - IA: Raquette droite déplacée de 112 à 105
2025-05-03 17:15:47,710 - INFO - JOUEUR: Raquette gauche déplacée de 21 à 28
2025-05-03 17:15:47,710 - INFO - IA: Raquette droite déplacée de 105 à 112
2025-05-03 17:15:47,727 - INFO - JOUEUR: Raquette gauche déplacée de 28 à 35
2025-05-03 17:15:47,727 - INFO - IA: Raquette droite déplacée de 112 à 119
2025-05-03 17:15:47,744 - INFO - JOUEUR: Raquette gauche déplacée de 35 à 42
2025-05-03 17:15:47,744 - INFO - IA: Raquette droite déplacée de 119 à 126
2025-05-03 17:15:47,762 - INFO - JOUEUR: Raquette gauche déplacée de 42 à 49
2025-05-03 17:15:47,762 - INFO - IA: Raquette droite déplacée de 126 à 133
2025-05-03 17:15:47,780 - INFO - JOUEUR: Raquette gauche déplacée de 49 à 56
2025-05-03 17:15:47,780 - INFO - IA: Raquette droite déplacée de 133 à 140
2025-05-03 17:15:47,797 - INFO - JOUEUR: Raquette gauche déplacée de 56 à 63
2025-05-03 17:15:47,798 - INFO - IA: Raquette droite déplacée de 140 à 147
2025-05-03 17:15:47,816 - INFO - JOUEUR: Raquette gauche déplacée de 63 à 70
2025-05-03 17:15:47,816 - INFO - IA: Raquette droite déplacée de 147 à 154
2025-05-03 17:15:47,833 - INFO - JOUEUR: Raquette gauche déplacée de 70 à 77
2025-05-03 17:15:47,834 - INFO - IA: Raquette droite déplacée de 154 à 147
2025-05-03 17:15:47,851 - INFO - JOUEUR: Raquette gauche déplacée de 77 à 84
2025-05-03 17:15:47,851 - INFO - IA: Raquette droite déplacée de 147 à 154
2025-05-03 17:15:47,868 - INFO - JOUEUR: Raquette gauche déplacée de 84 à 91
2025-05-03 17:15:47,868 - INFO - IA: Raquette droite déplacée de 154 à 161
2025-05-03 17:15:47,886 - INFO - JOUEUR: Raquette gauche déplacée de 91 à 98
2025-05-03 17:15:47,886 - INFO - IA: Raquette droite déplacée de 161 à 168
2025-05-03 17:15:47,904 - INFO - JOUEUR: Raquette gauche déplacée de 98 à 105
2025-05-03 17:15:47,904 - INFO - IA: Raquette droite déplacée de 168 à 175
2025-05-03 17:15:47,922 - INFO - JOUEUR: Raquette gauche déplacée de 105 à 112
2025-05-03 17:15:47,922 - INFO - IA: Raquette droite déplacée de 175 à 182
2025-05-03 17:15:47,939 - INFO - JOUEUR: Raquette gauche déplacée de 112 à 119
2025-05-03 17:15:47,940 - INFO - IA: Raquette droite déplacée de 182 à 189
2025-05-03 17:15:47,957 - INFO - JOUEUR: Raquette gauche déplacée de 119 à 126
2025-05-03 17:15:47,957 - INFO - IA: Raquette droite déplacée de 189 à 196
2025-05-03 17:15:47,974 - INFO - JOUEUR: Raquette gauche déplacée de 126 à 133
2025-05-03 17:15:47,975 - INFO - IA: Raquette droite déplacée de 196 à 189
2025-05-03 17:15:47,992 - INFO - JOUEUR: Raquette gauche déplacée de 133 à 140
2025-05-03 17:15:47,992 - INFO - IA: Raquette droite déplacée de 189 à 196
2025-05-03 17:15:48,010 - INFO - JOUEUR: Raquette gauche déplacée de 140 à 147
2025-05-03 17:15:48,010 - INFO - IA: Raquette droite déplacée de 196 à 203
2025-05-03 17:15:48,027 - INFO - JOUEUR: Raquette gauche déplacée de 147 à 154
2025-05-03 17:15:48,045 - INFO - JOUEUR: Raquette gauche déplacée de 154 à 161
2025-05-03 17:15:48,045 - INFO - IA: Raquette droite déplacée de 203 à 210
2025-05-03 17:15:48,064 - INFO - JOUEUR: Raquette gauche déplacée de 161 à 168
2025-05-03 17:15:48,064 - INFO - IA: Raquette droite déplacée de 210 à 217
2025-05-03 17:15:48,081 - INFO - JOUEUR: Raquette gauche déplacée de 168 à 175
2025-05-03 17:15:48,082 - INFO - IA: Raquette droite déplacée de 217 à 224
2025-05-03 17:15:48,099 - INFO - JOUEUR: Raquette gauche déplacée de 175 à 182
2025-05-03 17:15:48,100 - INFO - IA: Raquette droite déplacée de 224 à 231
2025-05-03 17:15:48,117 - INFO - JOUEUR: Raquette gauche déplacée de 182 à 189
2025-05-03 17:15:48,117 - INFO - IA: Raquette droite déplacée de 231 à 238
2025-05-03 17:15:48,134 - INFO - JOUEUR: Raquette gauche déplacée de 189 à 196
2025-05-03 17:15:48,134 - INFO - IA: Raquette droite déplacée de 238 à 231
2025-05-03 17:15:48,151 - INFO - JOUEUR: Raquette gauche déplacée de 196 à 203
2025-05-03 17:15:48,151 - INFO - IA: Raquette droite déplacée de 231 à 238
2025-05-03 17:15:48,168 - INFO - JOUEUR: Raquette gauche déplacée de 203 à 210
2025-05-03 17:15:48,168 - INFO - IA: Raquette droite déplacée de 238 à 245
2025-05-03 17:15:48,185 - INFO - JOUEUR: Raquette gauche déplacée de 210 à 217
2025-05-03 17:15:48,185 - INFO - IA: Raquette droite déplacée de 245 à 252
2025-05-03 17:15:48,203 - INFO - JOUEUR: Raquette gauche déplacée de 217 à 224
2025-05-03 17:15:48,203 - INFO - IA: Raquette droite déplacée de 252 à 259
2025-05-03 17:15:48,220 - INFO - JOUEUR: Raquette gauche déplacée de 224 à 231
2025-05-03 17:15:48,220 - INFO - IA: Raquette droite déplacée de 259 à 266
2025-05-03 17:15:48,237 - INFO - JOUEUR: Raquette gauche déplacée de 231 à 238
2025-05-03 17:15:48,237 - INFO - IA: Raquette droite déplacée de 266 à 259
2025-05-03 17:15:48,254 - INFO - JOUEUR: Raquette gauche déplacée de 238 à 245
2025-05-03 17:15:48,254 - INFO - IA: Raquette droite déplacée de 259 à 266
2025-05-03 17:15:48,272 - INFO - JOUEUR: Raquette gauche déplacée de 245 à 252
2025-05-03 17:15:48,272 - INFO - IA: Raquette droite déplacée de 266 à 273
2025-05-03 17:15:48,290 - INFO - JOUEUR: Raquette gauche déplacée de 252 à 259
2025-05-03 17:15:48,290 - INFO - IA: Raquette droite déplacée de 273 à 280
2025-05-03 17:15:48,307 - INFO - JOUEUR: Raquette gauche déplacée de 259 à 266
2025-05-03 17:15:48,308 - INFO - IA: Raquette droite déplacée de 280 à 287
2025-05-03 17:15:48,326 - INFO - JOUEUR: Raquette gauche déplacée de 266 à 273
2025-05-03 17:15:48,326 - INFO - IA: Raquette droite déplacée de 287 à 280
2025-05-03 17:15:48,343 - INFO - INPUT: Joueur relâche les touches directionnelles
2025-05-03 17:15:48,343 - INFO - IA: Raquette droite déplacée de 280 à 287
2025-05-03 17:15:48,359 - INFO - IA: Raquette droite déplacée de 287 à 294
2025-05-03 17:15:48,376 - INFO - IA: Raquette droite déplacée de 294 à 301
2025-05-03 17:15:48,394 - INFO - IA: Raquette droite déplacée de 301 à 308
2025-05-03 17:15:48,410 - INFO - IA: Raquette droite déplacée de 308 à 315
2025-05-03 17:15:48,427 - INFO - IA: Raquette droite déplacée de 315 à 322
2025-05-03 17:15:48,444 - INFO - IA: Raquette droite déplacée de 322 à 329
2025-05-03 17:15:48,461 - INFO - IA: Raquette droite déplacée de 329 à 336
2025-05-03 17:15:48,479 - INFO - IA: Raquette droite déplacée de 336 à 343
2025-05-03 17:15:48,496 - INFO - IA: Raquette droite déplacée de 343 à 336
2025-05-03 17:15:48,514 - INFO - IA: Raquette droite déplacée de 336 à 343
2025-05-03 17:15:48,514 - INFO - COLLISION: Balle a rebondi sur une raquette à la position (553, 413)
2025-05-03 17:15:48,532 - INFO - IA: Raquette droite déplacée de 343 à 350
2025-05-03 17:15:48,549 - INFO - IA: Raquette droite déplacée de 350 à 357
2025-05-03 17:15:48,566 - INFO - IA: Raquette droite déplacée de 357 à 364
2025-05-03 17:15:48,584 - INFO - IA: Raquette droite déplacée de 364 à 371
2025-05-03 17:15:48,602 - INFO - IA: Raquette droite déplacée de 371 à 378
2025-05-03 17:15:48,619 - INFO - IA: Raquette droite déplacée de 378 à 385
2025-05-03 17:15:48,636 - INFO - IA: Raquette droite déplacée de 385 à 378
2025-05-03 17:15:48,653 - INFO - IA: Raquette droite déplacée de 378 à 385
2025-05-03 17:15:48,670 - INFO - IA: Raquette droite déplacée de 385 à 390
2025-05-03 17:15:48,704 - INFO - COLLISION: Balle a rebondi sur un mur à la position (476, 468)
2025-05-03 17:15:48,792 - INFO - IA: Raquette droite déplacée de 390 à 383
2025-05-03 17:15:48,810 - INFO - IA: Raquette droite déplacée de 383 à 376
2025-05-03 17:15:48,827 - INFO - IA: Raquette droite déplacée de 376 à 383
2025-05-03 17:15:48,846 - INFO - IA: Raquette droite déplacée de 383 à 376
2025-05-03 17:15:48,864 - INFO - IA: Raquette droite déplacée de 376 à 383
2025-05-03 17:15:48,882 - INFO - IA: Raquette droite déplacée de 383 à 390
2025-05-03 17:15:48,934 - INFO - IA: Raquette droite déplacée de 390 à 383
2025-05-03 17:15:48,951 - INFO - IA: Raquette droite déplacée de 383 à 390
2025-05-03 17:15:48,969 - INFO - IA: Raquette droite déplacée de 390 à 383
2025-05-03 17:15:48,986 - INFO - IA: Raquette droite déplacée de 383 à 376
2025-05-03 17:15:49,004 - INFO - IA: Raquette droite déplacée de 376 à 369
2025-05-03 17:15:49,021 - INFO - IA: Raquette droite déplacée de 369 à 362
2025-05-03 17:15:49,038 - INFO - IA: Raquette droite déplacée de 362 à 369
2025-05-03 17:15:49,056 - INFO - IA: Raquette droite déplacée de 369 à 362
2025-05-03 17:15:49,072 - INFO - IA: Raquette droite déplacée de 362 à 355
2025-05-03 17:15:49,090 - INFO - IA: Raquette droite déplacée de 355 à 348
2025-05-03 17:15:49,108 - INFO - IA: Raquette droite déplacée de 348 à 341
2025-05-03 17:15:49,126 - INFO - IA: Raquette droite déplacée de 341 à 334
2025-05-03 17:15:49,144 - INFO - IA: Raquette droite déplacée de 334 à 327
2025-05-03 17:15:49,161 - INFO - IA: Raquette droite déplacée de 327 à 320
2025-05-03 17:15:49,179 - INFO - IA: Raquette droite déplacée de 320 à 313
2025-05-03 17:15:49,196 - INFO - IA: Raquette droite déplacée de 313 à 306
2025-05-03 17:15:49,214 - INFO - IA: Raquette droite déplacée de 306 à 299
2025-05-03 17:15:49,232 - INFO - IA: Raquette droite déplacée de 299 à 292
2025-05-03 17:15:49,249 - INFO - IA: Raquette droite déplacée de 292 à 285
2025-05-03 17:15:49,266 - INFO - IA: Raquette droite déplacée de 285 à 292
2025-05-03 17:15:49,283 - INFO - IA: Raquette droite déplacée de 292 à 285
2025-05-03 17:15:49,301 - INFO - IA: Raquette droite déplacée de 285 à 278
2025-05-03 17:15:49,320 - INFO - IA: Raquette droite déplacée de 278 à 271
2025-05-03 17:15:49,337 - INFO - IA: Raquette droite déplacée de 271 à 278
2025-05-03 17:15:49,354 - INFO - INPUT: Joueur appuie sur la touche HAUT
2025-05-03 17:15:49,355 - INFO - JOUEUR: Raquette gauche déplacée de 273 à 266
2025-05-03 17:15:49,355 - INFO - IA: Raquette droite déplacée de 278 à 271
2025-05-03 17:15:49,372 - INFO - JOUEUR: Raquette gauche déplacée de 266 à 259
2025-05-03 17:15:49,372 - INFO - IA: Raquette droite déplacée de 271 à 264
2025-05-03 17:15:49,390 - INFO - JOUEUR: Raquette gauche déplacée de 259 à 252
2025-05-03 17:15:49,407 - INFO - JOUEUR: Raquette gauche déplacée de 252 à 245
2025-05-03 17:15:49,407 - INFO - IA: Raquette droite déplacée de 264 à 257
2025-05-03 17:15:49,424 - INFO - JOUEUR: Raquette gauche déplacée de 245 à 238
2025-05-03 17:15:49,424 - INFO - IA: Raquette droite déplacée de 257 à 250
2025-05-03 17:15:49,442 - INFO - JOUEUR: Raquette gauche déplacée de 238 à 231
2025-05-03 17:15:49,442 - INFO - IA: Raquette droite déplacée de 250 à 243
2025-05-03 17:15:49,460 - INFO - JOUEUR: Raquette gauche déplacée de 231 à 224
2025-05-03 17:15:49,460 - INFO - IA: Raquette droite déplacée de 243 à 236
2025-05-03 17:15:49,478 - INFO - JOUEUR: Raquette gauche déplacée de 224 à 217
2025-05-03 17:15:49,478 - INFO - IA: Raquette droite déplacée de 236 à 243
2025-05-03 17:15:49,495 - INFO - JOUEUR: Raquette gauche déplacée de 217 à 210
2025-05-03 17:15:49,495 - INFO - IA: Raquette droite déplacée de 243 à 236
2025-05-03 17:15:49,512 - INFO - JOUEUR: Raquette gauche déplacée de 210 à 203
2025-05-03 17:15:49,512 - INFO - IA: Raquette droite déplacée de 236 à 229
2025-05-03 17:15:49,530 - INFO - JOUEUR: Raquette gauche déplacée de 203 à 196
2025-05-03 17:15:49,530 - INFO - IA: Raquette droite déplacée de 229 à 222
2025-05-03 17:15:49,548 - INFO - JOUEUR: Raquette gauche déplacée de 196 à 189
2025-05-03 17:15:49,548 - INFO - IA: Raquette droite déplacée de 222 à 215
2025-05-03 17:15:49,565 - INFO - JOUEUR: Raquette gauche déplacée de 189 à 182
2025-05-03 17:15:49,565 - INFO - IA: Raquette droite déplacée de 215 à 208
2025-05-03 17:15:49,582 - INFO - JOUEUR: Raquette gauche déplacée de 182 à 175
2025-05-03 17:15:49,582 - INFO - IA: Raquette droite déplacée de 208 à 215
2025-05-03 17:15:49,599 - INFO - JOUEUR: Raquette gauche déplacée de 175 à 168
2025-05-03 17:15:49,599 - INFO - IA: Raquette droite déplacée de 215 à 208
2025-05-03 17:15:49,616 - INFO - JOUEUR: Raquette gauche déplacée de 168 à 161
2025-05-03 17:15:49,617 - INFO - IA: Raquette droite déplacée de 208 à 201
2025-05-03 17:15:49,634 - INFO - JOUEUR: Raquette gauche déplacée de 161 à 154
2025-05-03 17:15:49,634 - INFO - IA: Raquette droite déplacée de 201 à 194
2025-05-03 17:15:49,652 - INFO - JOUEUR: Raquette gauche déplacée de 154 à 147
2025-05-03 17:15:49,652 - INFO - IA: Raquette droite déplacée de 194 à 187
2025-05-03 17:15:49,669 - INFO - JOUEUR: Raquette gauche déplacée de 147 à 140
2025-05-03 17:15:49,670 - INFO - IA: Raquette droite déplacée de 187 à 180
2025-05-03 17:15:49,687 - INFO - JOUEUR: Raquette gauche déplacée de 140 à 133
2025-05-03 17:15:49,687 - INFO - IA: Raquette droite déplacée de 180 à 173
2025-05-03 17:15:49,704 - INFO - JOUEUR: Raquette gauche déplacée de 133 à 126
2025-05-03 17:15:49,704 - INFO - IA: Raquette droite déplacée de 173 à 166
2025-05-03 17:15:49,721 - INFO - JOUEUR: Raquette gauche déplacée de 126 à 119
2025-05-03 17:15:49,721 - INFO - IA: Raquette droite déplacée de 166 à 159
2025-05-03 17:15:49,739 - INFO - JOUEUR: Raquette gauche déplacée de 119 à 112
2025-05-03 17:15:49,739 - INFO - IA: Raquette droite déplacée de 159 à 152
2025-05-03 17:15:49,756 - INFO - JOUEUR: Raquette gauche déplacée de 112 à 105
2025-05-03 17:15:49,756 - INFO - IA: Raquette droite déplacée de 152 à 145
2025-05-03 17:15:49,773 - INFO - JOUEUR: Raquette gauche déplacée de 105 à 98
2025-05-03 17:15:49,791 - INFO - INPUT: Joueur relâche les touches directionnelles
2025-05-03 17:15:49,791 - INFO - IA: Raquette droite déplacée de 145 à 138
2025-05-03 17:15:49,809 - INFO - IA: Raquette droite déplacée de 138 à 131
2025-05-03 17:15:49,826 - INFO - IA: Raquette droite déplacée de 131 à 124
2025-05-03 17:15:49,826 - INFO - COLLISION: Balle a rebondi sur une raquette à la position (28, 148)
2025-05-03 17:15:49,843 - INFO - IA: Raquette droite déplacée de 124 à 131
2025-05-03 17:15:49,861 - INFO - IA: Raquette droite déplacée de 131 à 124
2025-05-03 17:15:49,897 - INFO - IA: Raquette droite déplacée de 124 à 117
2025-05-03 17:15:49,915 - INFO - IA: Raquette droite déplacée de 117 à 110
2025-05-03 17:15:49,932 - INFO - IA: Raquette droite déplacée de 110 à 103
2025-05-03 17:15:49,951 - INFO - IA: Raquette droite déplacée de 103 à 96
2025-05-03 17:15:49,968 - INFO - IA: Raquette droite déplacée de 96 à 89
2025-05-03 17:15:49,985 - INFO - IA: Raquette droite déplacée de 89 à 82
2025-05-03 17:15:50,003 - INFO - IA: Raquette droite déplacée de 82 à 75
2025-05-03 17:15:50,020 - INFO - IA: Raquette droite déplacée de 75 à 68
2025-05-03 17:15:50,038 - INFO - IA: Raquette droite déplacée de 68 à 61
2025-05-03 17:15:50,056 - INFO - IA: Raquette droite déplacée de 61 à 54
2025-05-03 17:15:50,073 - INFO - IA: Raquette droite déplacée de 54 à 47
2025-05-03 17:15:50,090 - INFO - IA: Raquette droite déplacée de 47 à 40
2025-05-03 17:15:50,107 - INFO - IA: Raquette droite déplacée de 40 à 47
2025-05-03 17:15:50,124 - INFO - IA: Raquette droite déplacée de 47 à 40
2025-05-03 17:15:50,142 - INFO - IA: Raquette droite déplacée de 40 à 33
2025-05-03 17:15:50,160 - INFO - IA: Raquette droite déplacée de 33 à 26
2025-05-03 17:15:50,178 - INFO - IA: Raquette droite déplacée de 26 à 19
2025-05-03 17:15:50,196 - INFO - IA: Raquette droite déplacée de 19 à 26
2025-05-03 17:15:50,214 - INFO - IA: Raquette droite déplacée de 26 à 19
2025-05-03 17:15:50,231 - INFO - IA: Raquette droite déplacée de 19 à 12
2025-05-03 17:15:50,265 - INFO - IA: Raquette droite déplacée de 12 à 19
2025-05-03 17:15:50,283 - INFO - IA: Raquette droite déplacée de 19 à 12
2025-05-03 17:15:50,299 - INFO - IA: Raquette droite déplacée de 12 à 5
2025-05-03 17:15:50,316 - INFO - IA: Raquette droite déplacée de 5 à 0
2025-05-03 17:15:50,350 - INFO - COLLISION: Balle a rebondi sur un mur à la position (268, -2)
2025-05-03 17:15:50,511 - INFO - IA: Raquette droite déplacée de 0 à 7
2025-05-03 17:15:50,528 - INFO - IA: Raquette droite déplacée de 7 à 0
2025-05-03 17:15:50,579 - INFO - IA: Raquette droite déplacée de 0 à 7
2025-05-03 17:15:50,596 - INFO - IA: Raquette droite déplacée de 7 à 0
2025-05-03 17:15:50,665 - INFO - INPUT: Joueur appuie sur la touche BAS
2025-05-03 17:15:50,665 - INFO - JOUEUR: Raquette gauche déplacée de 98 à 105
2025-05-03 17:15:50,666 - INFO - IA: Raquette droite déplacée de 0 à 7
2025-05-03 17:15:50,683 - INFO - JOUEUR: Raquette gauche déplacée de 105 à 112
2025-05-03 17:15:50,683 - INFO - IA: Raquette droite déplacée de 7 à 14
2025-05-03 17:15:50,700 - INFO - JOUEUR: Raquette gauche déplacée de 112 à 119
2025-05-03 17:15:50,700 - INFO - IA: Raquette droite déplacée de 14 à 21
2025-05-03 17:15:50,717 - INFO - JOUEUR: Raquette gauche déplacée de 119 à 126
2025-05-03 17:15:50,718 - INFO - IA: Raquette droite déplacée de 21 à 28
2025-05-03 17:15:50,735 - INFO - JOUEUR: Raquette gauche déplacée de 126 à 133
2025-05-03 17:15:50,735 - INFO - IA: Raquette droite déplacée de 28 à 35
2025-05-03 17:15:50,753 - INFO - JOUEUR: Raquette gauche déplacée de 133 à 140
2025-05-03 17:15:50,753 - INFO - IA: Raquette droite déplacée de 35 à 42
2025-05-03 17:15:50,799 - INFO - JOUEUR: Raquette gauche déplacée de 140 à 147
2025-05-03 17:15:50,800 - INFO - IA: Raquette droite déplacée de 42 à 35
2025-05-03 17:15:50,817 - INFO - JOUEUR: Raquette gauche déplacée de 147 à 154
2025-05-03 17:15:50,817 - INFO - IA: Raquette droite déplacée de 35 à 42
2025-05-03 17:15:50,834 - INFO - JOUEUR: Raquette gauche déplacée de 154 à 161
2025-05-03 17:15:50,835 - INFO - IA: Raquette droite déplacée de 42 à 49
2025-05-03 17:15:50,852 - INFO - JOUEUR: Raquette gauche déplacée de 161 à 168
2025-05-03 17:15:50,853 - INFO - IA: Raquette droite déplacée de 49 à 42
2025-05-03 17:15:50,870 - INFO - JOUEUR: Raquette gauche déplacée de 168 à 175
2025-05-03 17:15:50,870 - INFO - IA: Raquette droite déplacée de 42 à 49
2025-05-03 17:15:50,888 - INFO - JOUEUR: Raquette gauche déplacée de 175 à 182
2025-05-03 17:15:50,888 - INFO - IA: Raquette droite déplacée de 49 à 56
2025-05-03 17:15:50,906 - INFO - JOUEUR: Raquette gauche déplacée de 182 à 189
2025-05-03 17:15:50,906 - INFO - IA: Raquette droite déplacée de 56 à 63
2025-05-03 17:15:50,923 - INFO - JOUEUR: Raquette gauche déplacée de 189 à 196
2025-05-03 17:15:50,923 - INFO - IA: Raquette droite déplacée de 63 à 70
2025-05-03 17:15:50,941 - INFO - JOUEUR: Raquette gauche déplacée de 196 à 203
2025-05-03 17:15:50,941 - INFO - IA: Raquette droite déplacée de 70 à 77
2025-05-03 17:15:50,960 - INFO - JOUEUR: Raquette gauche déplacée de 203 à 210
2025-05-03 17:15:50,960 - INFO - IA: Raquette droite déplacée de 77 à 84
2025-05-03 17:15:50,977 - INFO - JOUEUR: Raquette gauche déplacée de 210 à 217
2025-05-03 17:15:50,978 - INFO - IA: Raquette droite déplacée de 84 à 91
2025-05-03 17:15:50,996 - INFO - JOUEUR: Raquette gauche déplacée de 217 à 224
2025-05-03 17:15:50,996 - INFO - IA: Raquette droite déplacée de 91 à 84
2025-05-03 17:15:51,013 - INFO - JOUEUR: Raquette gauche déplacée de 224 à 231
2025-05-03 17:15:51,013 - INFO - IA: Raquette droite déplacée de 84 à 91
2025-05-03 17:15:51,031 - INFO - JOUEUR: Raquette gauche déplacée de 231 à 238
2025-05-03 17:15:51,031 - INFO - IA: Raquette droite déplacée de 91 à 98
2025-05-03 17:15:51,049 - INFO - JOUEUR: Raquette gauche déplacée de 238 à 245
2025-05-03 17:15:51,049 - INFO - IA: Raquette droite déplacée de 98 à 105
2025-05-03 17:15:51,066 - INFO - JOUEUR: Raquette gauche déplacée de 245 à 252
2025-05-03 17:15:51,066 - INFO - IA: Raquette droite déplacée de 105 à 112
2025-05-03 17:15:51,083 - INFO - JOUEUR: Raquette gauche déplacée de 252 à 259
2025-05-03 17:15:51,083 - INFO - IA: Raquette droite déplacée de 112 à 119
2025-05-03 17:15:51,084 - INFO - COLLISION: Balle a rebondi sur une raquette à la position (556, 178)
2025-05-03 17:15:51,101 - INFO - JOUEUR: Raquette gauche déplacée de 259 à 266
2025-05-03 17:15:51,101 - INFO - IA: Raquette droite déplacée de 119 à 112
2025-05-03 17:15:51,119 - INFO - JOUEUR: Raquette gauche déplacée de 266 à 273
2025-05-03 17:15:51,120 - INFO - IA: Raquette droite déplacée de 112 à 119
2025-05-03 17:15:51,138 - INFO - INPUT: Joueur relâche les touches directionnelles
2025-05-03 17:15:51,138 - INFO - IA: Raquette droite déplacée de 119 à 126
2025-05-03 17:15:51,155 - INFO - IA: Raquette droite déplacée de 126 à 133
2025-05-03 17:15:51,172 - INFO - IA: Raquette droite déplacée de 133 à 140
2025-05-03 17:15:51,189 - INFO - IA: Raquette droite déplacée de 140 à 147
2025-05-03 17:15:51,206 - INFO - IA: Raquette droite déplacée de 147 à 154
2025-05-03 17:15:51,224 - INFO - IA: Raquette droite déplacée de 154 à 161
2025-05-03 17:15:51,243 - INFO - IA: Raquette droite déplacée de 161 à 154
2025-05-03 17:15:51,260 - INFO - IA: Raquette droite déplacée de 154 à 161
2025-05-03 17:15:51,276 - INFO - IA: Raquette droite déplacée de 161 à 168
2025-05-03 17:15:51,294 - INFO - IA: Raquette droite déplacée de 168 à 175
2025-05-03 17:15:51,310 - INFO - IA: Raquette droite déplacée de 175 à 182
2025-05-03 17:15:51,328 - INFO - IA: Raquette droite déplacée de 182 à 175
2025-05-03 17:15:51,345 - INFO - IA: Raquette droite déplacée de 175 à 182
2025-05-03 17:15:51,363 - INFO - IA: Raquette droite déplacée de 182 à 189
2025-05-03 17:15:51,381 - INFO - IA: Raquette droite déplacée de 189 à 196
2025-05-03 17:15:51,399 - INFO - IA: Raquette droite déplacée de 196 à 203
2025-05-03 17:15:51,416 - INFO - IA: Raquette droite déplacée de 203 à 210
2025-05-03 17:15:51,433 - INFO - IA: Raquette droite déplacée de 210 à 217
2025-05-03 17:15:51,450 - INFO - IA: Raquette droite déplacée de 217 à 224
2025-05-03 17:15:51,468 - INFO - IA: Raquette droite déplacée de 224 à 231
2025-05-03 17:15:51,485 - INFO - IA: Raquette droite déplacée de 231 à 238
2025-05-03 17:15:51,503 - INFO - IA: Raquette droite déplacée de 238 à 231
2025-05-03 17:15:51,521 - INFO - IA: Raquette droite déplacée de 231 à 238
2025-05-03 17:15:51,538 - INFO - IA: Raquette droite déplacée de 238 à 231
2025-05-03 17:15:51,556 - INFO - IA: Raquette droite déplacée de 231 à 238
2025-05-03 17:15:51,573 - INFO - IA: Raquette droite déplacée de 238 à 245
2025-05-03 17:15:51,590 - INFO - IA: Raquette droite déplacée de 245 à 252
2025-05-03 17:15:51,607 - INFO - IA: Raquette droite déplacée de 252 à 259
2025-05-03 17:15:51,625 - INFO - IA: Raquette droite déplacée de 259 à 266
2025-05-03 17:15:51,642 - INFO - IA: Raquette droite déplacée de 266 à 273
2025-05-03 17:15:51,660 - INFO - IA: Raquette droite déplacée de 273 à 280
2025-05-03 17:15:51,678 - INFO - IA: Raquette droite déplacée de 280 à 287
2025-05-03 17:15:51,695 - INFO - IA: Raquette droite déplacée de 287 à 294
2025-05-03 17:15:51,712 - INFO - IA: Raquette droite déplacée de 294 à 301
2025-05-03 17:15:51,730 - INFO - INPUT: Joueur appuie sur la touche BAS
2025-05-03 17:15:51,731 - INFO - JOUEUR: Raquette gauche déplacée de 273 à 280
2025-05-03 17:15:51,731 - INFO - IA: Raquette droite déplacée de 301 à 308
2025-05-03 17:15:51,748 - INFO - JOUEUR: Raquette gauche déplacée de 280 à 287
2025-05-03 17:15:51,749 - INFO - IA: Raquette droite déplacée de 308 à 315
2025-05-03 17:15:51,766 - INFO - JOUEUR: Raquette gauche déplacée de 287 à 294
2025-05-03 17:15:51,766 - INFO - IA: Raquette droite déplacée de 315 à 308
2025-05-03 17:15:51,783 - INFO - JOUEUR: Raquette gauche déplacée de 294 à 301
2025-05-03 17:15:51,783 - INFO - IA: Raquette droite déplacée de 308 à 315
2025-05-03 17:15:51,799 - INFO - JOUEUR: Raquette gauche déplacée de 301 à 308
2025-05-03 17:15:51,800 - INFO - IA: Raquette droite déplacée de 315 à 322
2025-05-03 17:15:51,817 - INFO - JOUEUR: Raquette gauche déplacée de 308 à 315
2025-05-03 17:15:51,817 - INFO - IA: Raquette droite déplacée de 322 à 315
2025-05-03 17:15:51,834 - INFO - JOUEUR: Raquette gauche déplacée de 315 à 322
2025-05-03 17:15:51,835 - INFO - IA: Raquette droite déplacée de 315 à 322
2025-05-03 17:15:51,853 - INFO - JOUEUR: Raquette gauche déplacée de 322 à 329
2025-05-03 17:15:51,853 - INFO - IA: Raquette droite déplacée de 322 à 329
2025-05-03 17:15:51,870 - INFO - JOUEUR: Raquette gauche déplacée de 329 à 336
2025-05-03 17:15:51,871 - INFO - IA: Raquette droite déplacée de 329 à 336
2025-05-03 17:15:51,887 - INFO - JOUEUR: Raquette gauche déplacée de 336 à 343
2025-05-03 17:15:51,888 - INFO - IA: Raquette droite déplacée de 336 à 343
2025-05-03 17:15:51,905 - INFO - JOUEUR: Raquette gauche déplacée de 343 à 350
2025-05-03 17:15:51,905 - INFO - IA: Raquette droite déplacée de 343 à 350
2025-05-03 17:15:51,923 - INFO - JOUEUR: Raquette gauche déplacée de 350 à 357
2025-05-03 17:15:51,941 - INFO - JOUEUR: Raquette gauche déplacée de 357 à 364
2025-05-03 17:15:51,941 - INFO - IA: Raquette droite déplacée de 350 à 357
2025-05-03 17:15:51,958 - INFO - JOUEUR: Raquette gauche déplacée de 364 à 371
2025-05-03 17:15:51,958 - INFO - IA: Raquette droite déplacée de 357 à 364
2025-05-03 17:15:51,976 - INFO - JOUEUR: Raquette gauche déplacée de 371 à 378
2025-05-03 17:15:51,976 - INFO - IA: Raquette droite déplacée de 364 à 371
2025-05-03 17:15:51,994 - INFO - JOUEUR: Raquette gauche déplacée de 378 à 385
2025-05-03 17:15:51,994 - INFO - IA: Raquette droite déplacée de 371 à 378
2025-05-03 17:15:52,012 - INFO - JOUEUR: Raquette gauche déplacée de 385 à 390
2025-05-03 17:15:52,013 - INFO - IA: Raquette droite déplacée de 378 à 385
2025-05-03 17:15:52,030 - INFO - IA: Raquette droite déplacée de 385 à 390
2025-05-03 17:15:52,066 - INFO - INPUT: Joueur relâche les touches directionnelles
2025-05-03 17:15:52,100 - INFO - COLLISION: Balle a rebondi sur un mur à la position (34, 468)
2025-05-03 17:15:52,101 - INFO - COLLISION: Balle a rebondi sur une raquette à la position (34, 468)
2025-05-03 17:15:52,185 - INFO - IA: Raquette droite déplacée de 390 à 383
2025-05-03 17:15:52,203 - INFO - IA: Raquette droite déplacée de 383 à 390
2025-05-03 17:15:52,255 - INFO - IA: Raquette droite déplacée de 390 à 383
2025-05-03 17:15:52,272 - INFO - IA: Raquette droite déplacée de 383 à 390
2025-05-03 17:15:52,290 - INFO - IA: Raquette droite déplacée de 390 à 383
2025-05-03 17:15:52,307 - INFO - IA: Raquette droite déplacée de 383 à 390
2025-05-03 17:15:52,324 - INFO - IA: Raquette droite déplacée de 390 à 383
2025-05-03 17:15:52,342 - INFO - IA: Raquette droite déplacée de 383 à 376
2025-05-03 17:15:52,360 - INFO - IA: Raquette droite déplacée de 376 à 383
2025-05-03 17:15:52,377 - INFO - IA: Raquette droite déplacée de 383 à 376
2025-05-03 17:15:52,394 - INFO - IA: Raquette droite déplacée de 376 à 369
2025-05-03 17:15:52,412 - INFO - IA: Raquette droite déplacée de 369 à 376
2025-05-03 17:15:52,430 - INFO - IA: Raquette droite déplacée de 376 à 369
2025-05-03 17:15:52,446 - INFO - IA: Raquette droite déplacée de 369 à 362
2025-05-03 17:15:52,463 - INFO - IA: Raquette droite déplacée de 362 à 355
2025-05-03 17:15:52,514 - INFO - IA: Raquette droite déplacée de 355 à 348
2025-05-03 17:15:52,531 - INFO - IA: Raquette droite déplacée de 348 à 341
2025-05-03 17:15:52,549 - INFO - IA: Raquette droite déplacée de 341 à 348
2025-05-03 17:15:52,630 - INFO - IA: Raquette droite déplacée de 348 à 341
2025-05-03 17:15:52,648 - INFO - IA: Raquette droite déplacée de 341 à 334
2025-05-03 17:15:52,665 - INFO - IA: Raquette droite déplacée de 334 à 327
2025-05-03 17:15:52,681 - INFO - IA: Raquette droite déplacée de 327 à 320
2025-05-03 17:15:52,699 - INFO - IA: Raquette droite déplacée de 320 à 313
2025-05-03 17:15:52,717 - INFO - IA: Raquette droite déplacée de 313 à 306
2025-05-03 17:15:52,734 - INFO - IA: Raquette droite déplacée de 306 à 299
2025-05-03 17:15:52,768 - INFO - IA: Raquette droite déplacée de 299 à 292
2025-05-03 17:15:52,785 - INFO - IA: Raquette droite déplacée de 292 à 285
2025-05-03 17:15:52,804 - INFO - IA: Raquette droite déplacée de 285 à 278
2025-05-03 17:15:52,821 - INFO - IA: Raquette droite déplacée de 278 à 271
2025-05-03 17:15:52,838 - INFO - IA: Raquette droite déplacée de 271 à 264
2025-05-03 17:15:52,858 - INFO - INPUT: Joueur appuie sur la touche HAUT
2025-05-03 17:15:52,858 - INFO - JOUEUR: Raquette gauche déplacée de 390 à 383
2025-05-03 17:15:52,858 - INFO - IA: Raquette droite déplacée de 264 à 257
2025-05-03 17:15:52,876 - INFO - JOUEUR: Raquette gauche déplacée de 383 à 376
2025-05-03 17:15:52,876 - INFO - IA: Raquette droite déplacée de 257 à 250
2025-05-03 17:15:52,894 - INFO - JOUEUR: Raquette gauche déplacée de 376 à 369
2025-05-03 17:15:52,894 - INFO - IA: Raquette droite déplacée de 250 à 257
2025-05-03 17:15:52,911 - INFO - JOUEUR: Raquette gauche déplacée de 369 à 362
2025-05-03 17:15:52,911 - INFO - IA: Raquette droite déplacée de 257 à 250
2025-05-03 17:15:52,957 - INFO - JOUEUR: Raquette gauche déplacée de 362 à 355
2025-05-03 17:15:52,958 - INFO - IA: Raquette droite déplacée de 250 à 257
2025-05-03 17:15:52,975 - INFO - JOUEUR: Raquette gauche déplacée de 355 à 348
2025-05-03 17:15:52,976 - INFO - IA: Raquette droite déplacée de 257 à 250
2025-05-03 17:15:52,993 - INFO - JOUEUR: Raquette gauche déplacée de 348 à 341
2025-05-03 17:15:52,993 - INFO - IA: Raquette droite déplacée de 250 à 243
2025-05-03 17:15:53,011 - INFO - JOUEUR: Raquette gauche déplacée de 341 à 334
2025-05-03 17:15:53,011 - INFO - IA: Raquette droite déplacée de 243 à 236
2025-05-03 17:15:53,029 - INFO - JOUEUR: Raquette gauche déplacée de 334 à 327
2025-05-03 17:15:53,030 - INFO - IA: Raquette droite déplacée de 236 à 229
2025-05-03 17:15:53,048 - INFO - JOUEUR: Raquette gauche déplacée de 327 à 320
2025-05-03 17:15:53,048 - INFO - IA: Raquette droite déplacée de 229 à 222
2025-05-03 17:15:53,066 - INFO - JOUEUR: Raquette gauche déplacée de 320 à 313
2025-05-03 17:15:53,066 - INFO - IA: Raquette droite déplacée de 222 à 229
2025-05-03 17:15:53,084 - INFO - JOUEUR: Raquette gauche déplacée de 313 à 306
2025-05-03 17:15:53,084 - INFO - IA: Raquette droite déplacée de 229 à 222
2025-05-03 17:15:53,102 - INFO - JOUEUR: Raquette gauche déplacée de 306 à 299
2025-05-03 17:15:53,103 - INFO - IA: Raquette droite déplacée de 222 à 215
2025-05-03 17:15:53,120 - INFO - JOUEUR: Raquette gauche déplacée de 299 à 292
2025-05-03 17:15:53,120 - INFO - IA: Raquette droite déplacée de 215 à 208
2025-05-03 17:15:53,137 - INFO - JOUEUR: Raquette gauche déplacée de 292 à 285
2025-05-03 17:15:53,137 - INFO - IA: Raquette droite déplacée de 208 à 201
2025-05-03 17:15:53,137 - INFO - COLLISION: Balle a rebondi sur une raquette à la position (554, 208)
2025-05-03 17:15:53,155 - INFO - JOUEUR: Raquette gauche déplacée de 285 à 278
2025-05-03 17:15:53,155 - INFO - IA: Raquette droite déplacée de 201 à 194
2025-05-03 17:15:53,172 - INFO - JOUEUR: Raquette gauche déplacée de 278 à 271
2025-05-03 17:15:53,172 - INFO - IA: Raquette droite déplacée de 194 à 187
2025-05-03 17:15:53,189 - INFO - JOUEUR: Raquette gauche déplacée de 271 à 264
2025-05-03 17:15:53,189 - INFO - IA: Raquette droite déplacée de 187 à 180
2025-05-03 17:15:53,206 - INFO - JOUEUR: Raquette gauche déplacée de 264 à 257
2025-05-03 17:15:53,206 - INFO - IA: Raquette droite déplacée de 180 à 173
2025-05-03 17:15:53,223 - INFO - JOUEUR: Raquette gauche déplacée de 257 à 250
2025-05-03 17:15:53,224 - INFO - IA: Raquette droite déplacée de 173 à 166
2025-05-03 17:15:53,241 - INFO - JOUEUR: Raquette gauche déplacée de 250 à 243
2025-05-03 17:15:53,259 - INFO - JOUEUR: Raquette gauche déplacée de 243 à 236
2025-05-03 17:15:53,259 - INFO - IA: Raquette droite déplacée de 166 à 159
2025-05-03 17:15:53,276 - INFO - JOUEUR: Raquette gauche déplacée de 236 à 229
2025-05-03 17:15:53,276 - INFO - IA: Raquette droite déplacée de 159 à 152
2025-05-03 17:15:53,294 - INFO - JOUEUR: Raquette gauche déplacée de 229 à 222
2025-05-03 17:15:53,294 - INFO - IA: Raquette droite déplacée de 152 à 145
2025-05-03 17:15:53,311 - INFO - JOUEUR: Raquette gauche déplacée de 222 à 215
2025-05-03 17:15:53,311 - INFO - IA: Raquette droite déplacée de 145 à 138
2025-05-03 17:15:53,329 - INFO - JOUEUR: Raquette gauche déplacée de 215 à 208
2025-05-03 17:15:53,330 - INFO - IA: Raquette droite déplacée de 138 à 145
2025-05-03 17:15:53,348 - INFO - JOUEUR: Raquette gauche déplacée de 208 à 201
2025-05-03 17:15:53,348 - INFO - IA: Raquette droite déplacée de 145 à 138
2025-05-03 17:15:53,365 - INFO - JOUEUR: Raquette gauche déplacée de 201 à 194
2025-05-03 17:15:53,365 - INFO - IA: Raquette droite déplacée de 138 à 131
2025-05-03 17:15:53,382 - INFO - JOUEUR: Raquette gauche déplacée de 194 à 187
2025-05-03 17:15:53,382 - INFO - IA: Raquette droite déplacée de 131 à 124
2025-05-03 17:15:53,400 - INFO - JOUEUR: Raquette gauche déplacée de 187 à 180
2025-05-03 17:15:53,400 - INFO - IA: Raquette droite déplacée de 124 à 117
2025-05-03 17:15:53,417 - INFO - JOUEUR: Raquette gauche déplacée de 180 à 173
2025-05-03 17:15:53,417 - INFO - IA: Raquette droite déplacée de 117 à 124
2025-05-03 17:15:53,434 - INFO - JOUEUR: Raquette gauche déplacée de 173 à 166
2025-05-03 17:15:53,434 - INFO - IA: Raquette droite déplacée de 124 à 117
2025-05-03 17:15:53,453 - INFO - JOUEUR: Raquette gauche déplacée de 166 à 159
2025-05-03 17:15:53,453 - INFO - IA: Raquette droite déplacée de 117 à 110
2025-05-03 17:15:53,471 - INFO - JOUEUR: Raquette gauche déplacée de 159 à 152
2025-05-03 17:15:53,472 - INFO - IA: Raquette droite déplacée de 110 à 103
2025-05-03 17:15:53,489 - INFO - JOUEUR: Raquette gauche déplacée de 152 à 145
2025-05-03 17:15:53,490 - INFO - IA: Raquette droite déplacée de 103 à 110
2025-05-03 17:15:53,508 - INFO - JOUEUR: Raquette gauche déplacée de 145 à 138
2025-05-03 17:15:53,508 - INFO - IA: Raquette droite déplacée de 110 à 103
2025-05-03 17:15:53,525 - INFO - JOUEUR: Raquette gauche déplacée de 138 à 131
2025-05-03 17:15:53,526 - INFO - IA: Raquette droite déplacée de 103 à 96
2025-05-03 17:15:53,544 - INFO - JOUEUR: Raquette gauche déplacée de 131 à 124
2025-05-03 17:15:53,544 - INFO - IA: Raquette droite déplacée de 96 à 89
2025-05-03 17:15:53,562 - INFO - JOUEUR: Raquette gauche déplacée de 124 à 117
2025-05-03 17:15:53,562 - INFO - IA: Raquette droite déplacée de 89 à 82
2025-05-03 17:15:53,579 - INFO - JOUEUR: Raquette gauche déplacée de 117 à 110
2025-05-03 17:15:53,580 - INFO - IA: Raquette droite déplacée de 82 à 75
2025-05-03 17:15:53,597 - INFO - JOUEUR: Raquette gauche déplacée de 110 à 103
2025-05-03 17:15:53,597 - INFO - IA: Raquette droite déplacée de 75 à 68
2025-05-03 17:15:53,614 - INFO - JOUEUR: Raquette gauche déplacée de 103 à 96
2025-05-03 17:15:53,615 - INFO - IA: Raquette droite déplacée de 68 à 61
2025-05-03 17:15:53,633 - INFO - JOUEUR: Raquette gauche déplacée de 96 à 89
2025-05-03 17:15:53,633 - INFO - IA: Raquette droite déplacée de 61 à 54
2025-05-03 17:15:53,651 - INFO - JOUEUR: Raquette gauche déplacée de 89 à 82
2025-05-03 17:15:53,651 - INFO - IA: Raquette droite déplacée de 54 à 47
2025-05-03 17:15:53,670 - INFO - JOUEUR: Raquette gauche déplacée de 82 à 75
2025-05-03 17:15:53,670 - INFO - IA: Raquette droite déplacée de 47 à 40
2025-05-03 17:15:53,688 - INFO - JOUEUR: Raquette gauche déplacée de 75 à 68
2025-05-03 17:15:53,689 - INFO - IA: Raquette droite déplacée de 40 à 33
2025-05-03 17:15:53,705 - INFO - JOUEUR: Raquette gauche déplacée de 68 à 61
2025-05-03 17:15:53,706 - INFO - IA: Raquette droite déplacée de 33 à 26
2025-05-03 17:15:53,723 - INFO - JOUEUR: Raquette gauche déplacée de 61 à 54
2025-05-03 17:15:53,723 - INFO - IA: Raquette droite déplacée de 26 à 33
2025-05-03 17:15:53,741 - INFO - JOUEUR: Raquette gauche déplacée de 54 à 47
2025-05-03 17:15:53,741 - INFO - IA: Raquette droite déplacée de 33 à 26
2025-05-03 17:15:53,760 - INFO - JOUEUR: Raquette gauche déplacée de 47 à 40
2025-05-03 17:15:53,760 - INFO - IA: Raquette droite déplacée de 26 à 19
2025-05-03 17:15:53,777 - INFO - JOUEUR: Raquette gauche déplacée de 40 à 33
2025-05-03 17:15:53,778 - INFO - IA: Raquette droite déplacée de 19 à 12
2025-05-03 17:15:53,796 - INFO - JOUEUR: Raquette gauche déplacée de 33 à 26
2025-05-03 17:15:53,796 - INFO - IA: Raquette droite déplacée de 12 à 5
2025-05-03 17:15:53,814 - INFO - JOUEUR: Raquette gauche déplacée de 26 à 19
2025-05-03 17:15:53,814 - INFO - IA: Raquette droite déplacée de 5 à 0
2025-05-03 17:15:53,832 - INFO - INPUT: Joueur relâche les touches directionnelles
2025-05-03 17:15:53,884 - INFO - COLLISION: Balle a rebondi sur un mur à la position (92, -2)
2025-05-03 17:15:53,972 - INFO - IA: Raquette droite déplacée de 0 à 7
2025-05-03 17:15:53,989 - INFO - IA: Raquette droite déplacée de 7 à 0
2025-05-03 17:15:53,989 - INFO - COLLISION: Balle a rebondi sur une raquette à la position (26, 28)
2025-05-03 17:15:54,043 - INFO - IA: Raquette droite déplacée de 0 à 7
2025-05-03 17:15:54,060 - INFO - IA: Raquette droite déplacée de 7 à 14
2025-05-03 17:15:54,095 - INFO - IA: Raquette droite déplacée de 14 à 7
2025-05-03 17:15:54,113 - INFO - IA: Raquette droite déplacée de 7 à 14
2025-05-03 17:15:54,130 - INFO - IA: Raquette droite déplacée de 14 à 21
2025-05-03 17:15:54,148 - INFO - IA: Raquette droite déplacée de 21 à 28
2025-05-03 17:15:54,165 - INFO - IA: Raquette droite déplacée de 28 à 35
2025-05-03 17:15:54,183 - INFO - IA: Raquette droite déplacée de 35 à 28
2025-05-03 17:15:54,200 - INFO - IA: Raquette droite déplacée de 28 à 35
2025-05-03 17:15:54,216 - INFO - IA: Raquette droite déplacée de 35 à 42
2025-05-03 17:15:54,234 - INFO - IA: Raquette droite déplacée de 42 à 35
2025-05-03 17:15:54,251 - INFO - IA: Raquette droite déplacée de 35 à 28
2025-05-03 17:15:54,269 - INFO - IA: Raquette droite déplacée de 28 à 35
2025-05-03 17:15:54,286 - INFO - IA: Raquette droite déplacée de 35 à 42
2025-05-03 17:15:54,303 - INFO - IA: Raquette droite déplacée de 42 à 49
2025-05-03 17:15:54,321 - INFO - IA: Raquette droite déplacée de 49 à 56
2025-05-03 17:15:54,338 - INFO - IA: Raquette droite déplacée de 56 à 63
2025-05-03 17:15:54,355 - INFO - IA: Raquette droite déplacée de 63 à 70
2025-05-03 17:15:54,373 - INFO - IA: Raquette droite déplacée de 70 à 77
2025-05-03 17:15:54,391 - INFO - IA: Raquette droite déplacée de 77 à 84
2025-05-03 17:15:54,408 - INFO - IA: Raquette droite déplacée de 84 à 77
2025-05-03 17:15:54,426 - INFO - IA: Raquette droite déplacée de 77 à 84
2025-05-03 17:15:54,443 - INFO - IA: Raquette droite déplacée de 84 à 91
2025-05-03 17:15:54,460 - INFO - IA: Raquette droite déplacée de 91 à 98
2025-05-03 17:15:54,478 - INFO - IA: Raquette droite déplacée de 98 à 105
2025-05-03 17:15:54,495 - INFO - INPUT: Joueur appuie sur la touche BAS
2025-05-03 17:15:54,495 - INFO - JOUEUR: Raquette gauche déplacée de 19 à 26
2025-05-03 17:15:54,495 - INFO - IA: Raquette droite déplacée de 105 à 112
2025-05-03 17:15:54,513 - INFO - JOUEUR: Raquette gauche déplacée de 26 à 33
2025-05-03 17:15:54,513 - INFO - IA: Raquette droite déplacée de 112 à 119
2025-05-03 17:15:54,530 - INFO - JOUEUR: Raquette gauche déplacée de 33 à 40
2025-05-03 17:15:54,530 - INFO - IA: Raquette droite déplacée de 119 à 126
2025-05-03 17:15:54,547 - INFO - JOUEUR: Raquette gauche déplacée de 40 à 47
2025-05-03 17:15:54,547 - INFO - IA: Raquette droite déplacée de 126 à 133
2025-05-03 17:15:54,564 - INFO - JOUEUR: Raquette gauche déplacée de 47 à 54
2025-05-03 17:15:54,564 - INFO - IA: Raquette droite déplacée de 133 à 126
2025-05-03 17:15:54,581 - INFO - JOUEUR: Raquette gauche déplacée de 54 à 61
2025-05-03 17:15:54,581 - INFO - IA: Raquette droite déplacée de 126 à 133
2025-05-03 17:15:54,640 - INFO - JOUEUR: Raquette gauche déplacée de 61 à 68
2025-05-03 17:15:54,640 - INFO - IA: Raquette droite déplacée de 133 à 140
2025-05-03 17:15:54,657 - INFO - JOUEUR: Raquette gauche déplacée de 68 à 75
2025-05-03 17:15:54,657 - INFO - IA: Raquette droite déplacée de 140 à 147
2025-05-03 17:15:54,675 - INFO - JOUEUR: Raquette gauche déplacée de 75 à 82
2025-05-03 17:15:54,675 - INFO - IA: Raquette droite déplacée de 147 à 154
2025-05-03 17:15:54,692 - INFO - JOUEUR: Raquette gauche déplacée de 82 à 89
2025-05-03 17:15:54,692 - INFO - IA: Raquette droite déplacée de 154 à 161
2025-05-03 17:15:54,709 - INFO - JOUEUR: Raquette gauche déplacée de 89 à 96
2025-05-03 17:15:54,709 - INFO - IA: Raquette droite déplacée de 161 à 168
2025-05-03 17:15:54,727 - INFO - JOUEUR: Raquette gauche déplacée de 96 à 103
2025-05-03 17:15:54,727 - INFO - IA: Raquette droite déplacée de 168 à 161
2025-05-03 17:15:54,743 - INFO - JOUEUR: Raquette gauche déplacée de 103 à 110
2025-05-03 17:15:54,744 - INFO - IA: Raquette droite déplacée de 161 à 168
2025-05-03 17:15:54,761 - INFO - JOUEUR: Raquette gauche déplacée de 110 à 117
2025-05-03 17:15:54,761 - INFO - IA: Raquette droite déplacée de 168 à 175
2025-05-03 17:15:54,779 - INFO - JOUEUR: Raquette gauche déplacée de 117 à 124
2025-05-03 17:15:54,779 - INFO - IA: Raquette droite déplacée de 175 à 182
2025-05-03 17:15:54,796 - INFO - JOUEUR: Raquette gauche déplacée de 124 à 131
2025-05-03 17:15:54,796 - INFO - IA: Raquette droite déplacée de 182 à 175
2025-05-03 17:15:54,796 - INFO - COLLISION: Balle a rebondi sur une raquette à la position (554, 248)
2025-05-03 17:15:54,814 - INFO - JOUEUR: Raquette gauche déplacée de 131 à 138
2025-05-03 17:15:54,814 - INFO - IA: Raquette droite déplacée de 175 à 182
2025-05-03 17:15:54,831 - INFO - JOUEUR: Raquette gauche déplacée de 138 à 145
2025-05-03 17:15:54,831 - INFO - IA: Raquette droite déplacée de 182 à 189
2025-05-03 17:15:54,849 - INFO - JOUEUR: Raquette gauche déplacée de 145 à 152
2025-05-03 17:15:54,850 - INFO - IA: Raquette droite déplacée de 189 à 196
2025-05-03 17:15:54,867 - INFO - JOUEUR: Raquette gauche déplacée de 152 à 159
2025-05-03 17:15:54,867 - INFO - IA: Raquette droite déplacée de 196 à 203
2025-05-03 17:15:54,885 - INFO - JOUEUR: Raquette gauche déplacée de 159 à 166
2025-05-03 17:15:54,885 - INFO - IA: Raquette droite déplacée de 203 à 210
2025-05-03 17:15:54,903 - INFO - JOUEUR: Raquette gauche déplacée de 166 à 173
2025-05-03 17:15:54,903 - INFO - IA: Raquette droite déplacée de 210 à 217
2025-05-03 17:15:54,920 - INFO - JOUEUR: Raquette gauche déplacée de 173 à 180
2025-05-03 17:15:54,921 - INFO - IA: Raquette droite déplacée de 217 à 224
2025-05-03 17:15:54,938 - INFO - JOUEUR: Raquette gauche déplacée de 180 à 187
2025-05-03 17:15:54,938 - INFO - IA: Raquette droite déplacée de 224 à 231
2025-05-03 17:15:54,954 - INFO - JOUEUR: Raquette gauche déplacée de 187 à 194
2025-05-03 17:15:54,955 - INFO - IA: Raquette droite déplacée de 231 à 238
2025-05-03 17:15:54,972 - INFO - JOUEUR: Raquette gauche déplacée de 194 à 201
2025-05-03 17:15:54,972 - INFO - IA: Raquette droite déplacée de 238 à 231
2025-05-03 17:15:54,990 - INFO - JOUEUR: Raquette gauche déplacée de 201 à 208
2025-05-03 17:15:54,990 - INFO - IA: Raquette droite déplacée de 231 à 238
2025-05-03 17:15:55,007 - INFO - JOUEUR: Raquette gauche déplacée de 208 à 215
2025-05-03 17:15:55,007 - INFO - IA: Raquette droite déplacée de 238 à 245
2025-05-03 17:15:55,025 - INFO - JOUEUR: Raquette gauche déplacée de 215 à 222
2025-05-03 17:15:55,025 - INFO - IA: Raquette droite déplacée de 245 à 252
2025-05-03 17:15:55,042 - INFO - JOUEUR: Raquette gauche déplacée de 222 à 229
2025-05-03 17:15:55,043 - INFO - IA: Raquette droite déplacée de 252 à 259
2025-05-03 17:15:55,060 - INFO - JOUEUR: Raquette gauche déplacée de 229 à 236
2025-05-03 17:15:55,060 - INFO - IA: Raquette droite déplacée de 259 à 266
2025-05-03 17:15:55,077 - INFO - JOUEUR: Raquette gauche déplacée de 236 à 243
2025-05-03 17:15:55,077 - INFO - IA: Raquette droite déplacée de 266 à 259
2025-05-03 17:15:55,095 - INFO - JOUEUR: Raquette gauche déplacée de 243 à 250
2025-05-03 17:15:55,095 - INFO - IA: Raquette droite déplacée de 259 à 266
2025-05-03 17:15:55,114 - INFO - JOUEUR: Raquette gauche déplacée de 250 à 257
2025-05-03 17:15:55,114 - INFO - IA: Raquette droite déplacée de 266 à 273
2025-05-03 17:15:55,131 - INFO - JOUEUR: Raquette gauche déplacée de 257 à 264
2025-05-03 17:15:55,132 - INFO - IA: Raquette droite déplacée de 273 à 280
2025-05-03 17:15:55,149 - INFO - JOUEUR: Raquette gauche déplacée de 264 à 271
2025-05-03 17:15:55,149 - INFO - IA: Raquette droite déplacée de 280 à 287
2025-05-03 17:15:55,167 - INFO - JOUEUR: Raquette gauche déplacée de 271 à 278
2025-05-03 17:15:55,167 - INFO - IA: Raquette droite déplacée de 287 à 294
2025-05-03 17:15:55,185 - INFO - JOUEUR: Raquette gauche déplacée de 278 à 285
2025-05-03 17:15:55,185 - INFO - IA: Raquette droite déplacée de 294 à 301
2025-05-03 17:15:55,202 - INFO - JOUEUR: Raquette gauche déplacée de 285 à 292
2025-05-03 17:15:55,202 - INFO - IA: Raquette droite déplacée de 301 à 308
2025-05-03 17:15:55,219 - INFO - JOUEUR: Raquette gauche déplacée de 292 à 299
2025-05-03 17:15:55,220 - INFO - IA: Raquette droite déplacée de 308 à 315
2025-05-03 17:15:55,237 - INFO - JOUEUR: Raquette gauche déplacée de 299 à 306
2025-05-03 17:15:55,237 - INFO - IA: Raquette droite déplacée de 315 à 322
2025-05-03 17:15:55,254 - INFO - JOUEUR: Raquette gauche déplacée de 306 à 313
2025-05-03 17:15:55,255 - INFO - IA: Raquette droite déplacée de 322 à 329
2025-05-03 17:15:55,272 - INFO - JOUEUR: Raquette gauche déplacée de 313 à 320
2025-05-03 17:15:55,272 - INFO - IA: Raquette droite déplacée de 329 à 322
2025-05-03 17:15:55,290 - INFO - JOUEUR: Raquette gauche déplacée de 320 à 327
2025-05-03 17:15:55,290 - INFO - IA: Raquette droite déplacée de 322 à 329
2025-05-03 17:15:55,308 - INFO - JOUEUR: Raquette gauche déplacée de 327 à 334
2025-05-03 17:15:55,308 - INFO - IA: Raquette droite déplacée de 329 à 336
2025-05-03 17:15:55,326 - INFO - INPUT: Joueur relâche les touches directionnelles
2025-05-03 17:15:55,327 - INFO - IA: Raquette droite déplacée de 336 à 343
2025-05-03 17:15:55,344 - INFO - IA: Raquette droite déplacée de 343 à 350
2025-05-03 17:15:55,362 - INFO - IA: Raquette droite déplacée de 350 à 357
2025-05-03 17:15:55,379 - INFO - IA: Raquette droite déplacée de 357 à 364
2025-05-03 17:15:55,398 - INFO - IA: Raquette droite déplacée de 364 à 371
2025-05-03 17:15:55,416 - INFO - IA: Raquette droite déplacée de 371 à 378
2025-05-03 17:15:55,433 - INFO - IA: Raquette droite déplacée de 378 à 371
2025-05-03 17:15:55,450 - INFO - IA: Raquette droite déplacée de 371 à 378
2025-05-03 17:15:55,467 - INFO - IA: Raquette droite déplacée de 378 à 371
2025-05-03 17:15:55,485 - INFO - IA: Raquette droite déplacée de 371 à 378
2025-05-03 17:15:55,502 - INFO - INPUT: Joueur appuie sur la touche BAS
2025-05-03 17:15:55,503 - INFO - JOUEUR: Raquette gauche déplacée de 334 à 341
2025-05-03 17:15:55,503 - INFO - IA: Raquette droite déplacée de 378 à 385
2025-05-03 17:15:55,521 - INFO - JOUEUR: Raquette gauche déplacée de 341 à 348
2025-05-03 17:15:55,521 - INFO - IA: Raquette droite déplacée de 385 à 390
2025-05-03 17:15:55,538 - INFO - JOUEUR: Raquette gauche déplacée de 348 à 355
2025-05-03 17:15:55,554 - INFO - JOUEUR: Raquette gauche déplacée de 355 à 362
2025-05-03 17:15:55,554 - INFO - POINT: Joueur droite (IA) marque un point! Score: 0-6
2025-05-03 17:15:55,572 - INFO - JOUEUR: Raquette gauche déplacée de 362 à 369
2025-05-03 17:15:55,572 - INFO - IA: Raquette droite déplacée de 390 à 383
2025-05-03 17:15:55,589 - INFO - JOUEUR: Raquette gauche déplacée de 369 à 376
2025-05-03 17:15:55,589 - INFO - IA: Raquette droite déplacée de 383 à 376
2025-05-03 17:15:55,607 - INFO - JOUEUR: Raquette gauche déplacée de 376 à 383
2025-05-03 17:15:55,607 - INFO - IA: Raquette droite déplacée de 376 à 369
2025-05-03 17:15:55,624 - INFO - JOUEUR: Raquette gauche déplacée de 383 à 390
2025-05-03 17:15:55,624 - INFO - IA: Raquette droite déplacée de 369 à 362
2025-05-03 17:15:55,641 - INFO - IA: Raquette droite déplacée de 362 à 355
2025-05-03 17:15:55,659 - INFO - IA: Raquette droite déplacée de 355 à 348
2025-05-03 17:15:55,677 - INFO - IA: Raquette droite déplacée de 348 à 341
2025-05-03 17:15:55,694 - INFO - IA: Raquette droite déplacée de 341 à 334
2025-05-03 17:15:55,712 - INFO - IA: Raquette droite déplacée de 334 à 327
2025-05-03 17:15:55,729 - INFO - IA: Raquette droite déplacée de 327 à 320
2025-05-03 17:15:55,745 - INFO - IA: Raquette droite déplacée de 320 à 313
2025-05-03 17:15:55,762 - INFO - IA: Raquette droite déplacée de 313 à 306
2025-05-03 17:15:55,779 - INFO - IA: Raquette droite déplacée de 306 à 299
2025-05-03 17:15:55,797 - INFO - IA: Raquette droite déplacée de 299 à 292
2025-05-03 17:15:55,814 - INFO - IA: Raquette droite déplacée de 292 à 285
2025-05-03 17:15:55,832 - INFO - IA: Raquette droite déplacée de 285 à 278
2025-05-03 17:15:55,850 - INFO - IA: Raquette droite déplacée de 278 à 271
2025-05-03 17:15:55,867 - INFO - INPUT: Joueur relâche les touches directionnelles
2025-05-03 17:15:55,868 - INFO - IA: Raquette droite déplacée de 271 à 264
2025-05-03 17:15:55,885 - INFO - IA: Raquette droite déplacée de 264 à 257
2025-05-03 17:15:55,903 - INFO - IA: Raquette droite déplacée de 257 à 250
2025-05-03 17:15:55,920 - INFO - IA: Raquette droite déplacée de 250 à 243
2025-05-03 17:15:55,937 - INFO - IA: Raquette droite déplacée de 243 à 236
2025-05-03 17:15:55,955 - INFO - IA: Raquette droite déplacée de 236 à 229
2025-05-03 17:15:55,973 - INFO - IA: Raquette droite déplacée de 229 à 222
2025-05-03 17:15:55,991 - INFO - IA: Raquette droite déplacée de 222 à 215
2025-05-03 17:15:56,008 - INFO - IA: Raquette droite déplacée de 215 à 208
2025-05-03 17:15:56,024 - INFO - IA: Raquette droite déplacée de 208 à 201
2025-05-03 17:15:56,042 - INFO - IA: Raquette droite déplacée de 201 à 194
2025-05-03 17:15:56,059 - INFO - IA: Raquette droite déplacée de 194 à 187
2025-05-03 17:15:56,076 - INFO - IA: Raquette droite déplacée de 187 à 180
2025-05-03 17:15:56,094 - INFO - IA: Raquette droite déplacée de 180 à 173
2025-05-03 17:15:56,112 - INFO - IA: Raquette droite déplacée de 173 à 166
2025-05-03 17:15:56,129 - INFO - IA: Raquette droite déplacée de 166 à 159
2025-05-03 17:15:56,148 - INFO - IA: Raquette droite déplacée de 159 à 152
2025-05-03 17:15:56,165 - INFO - IA: Raquette droite déplacée de 152 à 145
2025-05-03 17:15:56,182 - INFO - IA: Raquette droite déplacée de 145 à 138
2025-05-03 17:15:56,200 - INFO - IA: Raquette droite déplacée de 138 à 131
2025-05-03 17:15:56,218 - INFO - IA: Raquette droite déplacée de 131 à 124
2025-05-03 17:15:56,235 - INFO - IA: Raquette droite déplacée de 124 à 117
2025-05-03 17:15:56,254 - INFO - INPUT: Joueur appuie sur la touche HAUT
2025-05-03 17:15:56,254 - INFO - JOUEUR: Raquette gauche déplacée de 390 à 383
2025-05-03 17:15:56,254 - INFO - IA: Raquette droite déplacée de 117 à 110
2025-05-03 17:15:56,272 - INFO - JOUEUR: Raquette gauche déplacée de 383 à 376
2025-05-03 17:15:56,272 - INFO - IA: Raquette droite déplacée de 110 à 103
2025-05-03 17:15:56,290 - INFO - JOUEUR: Raquette gauche déplacée de 376 à 369
2025-05-03 17:15:56,290 - INFO - IA: Raquette droite déplacée de 103 à 96
2025-05-03 17:15:56,308 - INFO - JOUEUR: Raquette gauche déplacée de 369 à 362
2025-05-03 17:15:56,308 - INFO - IA: Raquette droite déplacée de 96 à 89
2025-05-03 17:15:56,326 - INFO - JOUEUR: Raquette gauche déplacée de 362 à 355
2025-05-03 17:15:56,326 - INFO - IA: Raquette droite déplacée de 89 à 82
2025-05-03 17:15:56,344 - INFO - JOUEUR: Raquette gauche déplacée de 355 à 348
2025-05-03 17:15:56,344 - INFO - IA: Raquette droite déplacée de 82 à 75
2025-05-03 17:15:56,360 - INFO - JOUEUR: Raquette gauche déplacée de 348 à 341
2025-05-03 17:15:56,361 - INFO - IA: Raquette droite déplacée de 75 à 68
2025-05-03 17:15:56,379 - INFO - JOUEUR: Raquette gauche déplacée de 341 à 334
2025-05-03 17:15:56,379 - INFO - IA: Raquette droite déplacée de 68 à 61
2025-05-03 17:15:56,379 - INFO - COLLISION: Balle a rebondi sur un mur à la position (528, -2)
2025-05-03 17:15:56,396 - INFO - JOUEUR: Raquette gauche déplacée de 334 à 327
2025-05-03 17:15:56,396 - INFO - IA: Raquette droite déplacée de 61 à 54
2025-05-03 17:15:56,414 - INFO - JOUEUR: Raquette gauche déplacée de 327 à 320
2025-05-03 17:15:56,414 - INFO - IA: Raquette droite déplacée de 54 à 47
2025-05-03 17:15:56,431 - INFO - JOUEUR: Raquette gauche déplacée de 320 à 313
2025-05-03 17:15:56,431 - INFO - IA: Raquette droite déplacée de 47 à 40
2025-05-03 17:15:56,448 - INFO - JOUEUR: Raquette gauche déplacée de 313 à 306
2025-05-03 17:15:56,448 - INFO - IA: Raquette droite déplacée de 40 à 33
2025-05-03 17:15:56,466 - INFO - JOUEUR: Raquette gauche déplacée de 306 à 299
2025-05-03 17:15:56,466 - INFO - IA: Raquette droite déplacée de 33 à 26
2025-05-03 17:15:56,466 - INFO - COLLISION: Balle a rebondi sur une raquette à la position (553, 23)
2025-05-03 17:15:56,483 - INFO - JOUEUR: Raquette gauche déplacée de 299 à 292
2025-05-03 17:15:56,484 - INFO - IA: Raquette droite déplacée de 26 à 19
2025-05-03 17:15:56,501 - INFO - JOUEUR: Raquette gauche déplacée de 292 à 285
2025-05-03 17:15:56,502 - INFO - IA: Raquette droite déplacée de 19 à 12
2025-05-03 17:15:56,519 - INFO - JOUEUR: Raquette gauche déplacée de 285 à 278
2025-05-03 17:15:56,519 - INFO - IA: Raquette droite déplacée de 12 à 5
2025-05-03 17:15:56,536 - INFO - JOUEUR: Raquette gauche déplacée de 278 à 271
2025-05-03 17:15:56,536 - INFO - IA: Raquette droite déplacée de 5 à 0
2025-05-03 17:15:56,553 - INFO - JOUEUR: Raquette gauche déplacée de 271 à 264
2025-05-03 17:15:56,553 - INFO - IA: Raquette droite déplacée de 0 à 7
2025-05-03 17:15:56,570 - INFO - JOUEUR: Raquette gauche déplacée de 264 à 257
2025-05-03 17:15:56,570 - INFO - IA: Raquette droite déplacée de 7 à 0
2025-05-03 17:15:56,587 - INFO - JOUEUR: Raquette gauche déplacée de 257 à 250
2025-05-03 17:15:56,587 - INFO - IA: Raquette droite déplacée de 0 à 7
2025-05-03 17:15:56,604 - INFO - JOUEUR: Raquette gauche déplacée de 250 à 243
2025-05-03 17:15:56,605 - INFO - IA: Raquette droite déplacée de 7 à 14
2025-05-03 17:15:56,622 - INFO - JOUEUR: Raquette gauche déplacée de 243 à 236
2025-05-03 17:15:56,622 - INFO - IA: Raquette droite déplacée de 14 à 21
2025-05-03 17:15:56,640 - INFO - JOUEUR: Raquette gauche déplacée de 236 à 229
2025-05-03 17:15:56,640 - INFO - IA: Raquette droite déplacée de 21 à 14
2025-05-03 17:15:56,657 - INFO - JOUEUR: Raquette gauche déplacée de 229 à 222
2025-05-03 17:15:56,657 - INFO - IA: Raquette droite déplacée de 14 à 21
2025-05-03 17:15:56,674 - INFO - JOUEUR: Raquette gauche déplacée de 222 à 215
2025-05-03 17:15:56,674 - INFO - IA: Raquette droite déplacée de 21 à 28
2025-05-03 17:15:56,692 - INFO - JOUEUR: Raquette gauche déplacée de 215 à 208
2025-05-03 17:15:56,692 - INFO - IA: Raquette droite déplacée de 28 à 35
2025-05-03 17:15:56,708 - INFO - JOUEUR: Raquette gauche déplacée de 208 à 201
2025-05-03 17:15:56,709 - INFO - IA: Raquette droite déplacée de 35 à 42
2025-05-03 17:15:56,726 - INFO - JOUEUR: Raquette gauche déplacée de 201 à 194
2025-05-03 17:15:56,726 - INFO - IA: Raquette droite déplacée de 42 à 35
2025-05-03 17:15:56,742 - INFO - JOUEUR: Raquette gauche déplacée de 194 à 187
2025-05-03 17:15:56,743 - INFO - IA: Raquette droite déplacée de 35 à 42
2025-05-03 17:15:56,759 - INFO - JOUEUR: Raquette gauche déplacée de 187 à 180
2025-05-03 17:15:56,760 - INFO - IA: Raquette droite déplacée de 42 à 35
2025-05-03 17:15:56,777 - INFO - JOUEUR: Raquette gauche déplacée de 180 à 173
2025-05-03 17:15:56,777 - INFO - IA: Raquette droite déplacée de 35 à 42
2025-05-03 17:15:56,795 - INFO - JOUEUR: Raquette gauche déplacée de 173 à 166
2025-05-03 17:15:56,795 - INFO - IA: Raquette droite déplacée de 42 à 49
2025-05-03 17:15:56,813 - INFO - JOUEUR: Raquette gauche déplacée de 166 à 159
2025-05-03 17:15:56,813 - INFO - IA: Raquette droite déplacée de 49 à 56
2025-05-03 17:15:56,830 - INFO - JOUEUR: Raquette gauche déplacée de 159 à 152
2025-05-03 17:15:56,830 - INFO - IA: Raquette droite déplacée de 56 à 63
2025-05-03 17:15:56,848 - INFO - JOUEUR: Raquette gauche déplacée de 152 à 145
2025-05-03 17:15:56,848 - INFO - IA: Raquette droite déplacée de 63 à 70
2025-05-03 17:15:56,866 - INFO - JOUEUR: Raquette gauche déplacée de 145 à 138
2025-05-03 17:15:56,866 - INFO - IA: Raquette droite déplacée de 70 à 77
2025-05-03 17:15:56,884 - INFO - JOUEUR: Raquette gauche déplacée de 138 à 131
2025-05-03 17:15:56,884 - INFO - IA: Raquette droite déplacée de 77 à 70
2025-05-03 17:15:56,903 - INFO - INPUT: Joueur relâche les touches directionnelles
2025-05-03 17:15:56,903 - INFO - IA: Raquette droite déplacée de 70 à 77
2025-05-03 17:15:56,921 - INFO - IA: Raquette droite déplacée de 77 à 84
2025-05-03 17:15:56,939 - INFO - IA: Raquette droite déplacée de 84 à 91
2025-05-03 17:15:56,956 - INFO - IA: Raquette droite déplacée de 91 à 98
2025-05-03 17:15:56,973 - INFO - IA: Raquette droite déplacée de 98 à 105
2025-05-03 17:15:56,991 - INFO - IA: Raquette droite déplacée de 105 à 112
2025-05-03 17:15:57,008 - INFO - IA: Raquette droite déplacée de 112 à 105
2025-05-03 17:15:57,026 - INFO - IA: Raquette droite déplacée de 105 à 112
2025-05-03 17:15:57,044 - INFO - IA: Raquette droite déplacée de 112 à 119
2025-05-03 17:15:57,063 - INFO - IA: Raquette droite déplacée de 119 à 126
2025-05-03 17:15:57,081 - INFO - IA: Raquette droite déplacée de 126 à 133
2025-05-03 17:15:57,098 - INFO - INPUT: Joueur appuie sur la touche BAS
2025-05-03 17:15:57,098 - INFO - JOUEUR: Raquette gauche déplacée de 131 à 138
2025-05-03 17:15:57,098 - INFO - IA: Raquette droite déplacée de 133 à 140
2025-05-03 17:15:57,115 - INFO - JOUEUR: Raquette gauche déplacée de 138 à 145
2025-05-03 17:15:57,116 - INFO - IA: Raquette droite déplacée de 140 à 133
2025-05-03 17:15:57,132 - INFO - JOUEUR: Raquette gauche déplacée de 145 à 152
2025-05-03 17:15:57,133 - INFO - IA: Raquette droite déplacée de 133 à 140
2025-05-03 17:15:57,149 - INFO - JOUEUR: Raquette gauche déplacée de 152 à 159
2025-05-03 17:15:57,150 - INFO - IA: Raquette droite déplacée de 140 à 147
2025-05-03 17:15:57,167 - INFO - JOUEUR: Raquette gauche déplacée de 159 à 166
2025-05-03 17:15:57,167 - INFO - IA: Raquette droite déplacée de 147 à 154
2025-05-03 17:15:57,184 - INFO - JOUEUR: Raquette gauche déplacée de 166 à 173
2025-05-03 17:15:57,184 - INFO - IA: Raquette droite déplacée de 154 à 161
2025-05-03 17:15:57,201 - INFO - JOUEUR: Raquette gauche déplacée de 173 à 180
2025-05-03 17:15:57,201 - INFO - IA: Raquette droite déplacée de 161 à 154
2025-05-03 17:15:57,219 - INFO - JOUEUR: Raquette gauche déplacée de 180 à 187
2025-05-03 17:15:57,219 - INFO - IA: Raquette droite déplacée de 154 à 161
2025-05-03 17:15:57,235 - INFO - JOUEUR: Raquette gauche déplacée de 187 à 194
2025-05-03 17:15:57,236 - INFO - IA: Raquette droite déplacée de 161 à 168
2025-05-03 17:15:57,253 - INFO - JOUEUR: Raquette gauche déplacée de 194 à 201
2025-05-03 17:15:57,253 - INFO - IA: Raquette droite déplacée de 168 à 175
2025-05-03 17:15:57,270 - INFO - JOUEUR: Raquette gauche déplacée de 201 à 208
2025-05-03 17:15:57,270 - INFO - IA: Raquette droite déplacée de 175 à 182
2025-05-03 17:15:57,287 - INFO - JOUEUR: Raquette gauche déplacée de 208 à 215
2025-05-03 17:15:57,288 - INFO - IA: Raquette droite déplacée de 182 à 189
2025-05-03 17:15:57,305 - INFO - JOUEUR: Raquette gauche déplacée de 215 à 222
2025-05-03 17:15:57,305 - INFO - IA: Raquette droite déplacée de 189 à 196
2025-05-03 17:15:57,323 - INFO - JOUEUR: Raquette gauche déplacée de 222 à 229
2025-05-03 17:15:57,323 - INFO - IA: Raquette droite déplacée de 196 à 203
2025-05-03 17:15:57,341 - INFO - JOUEUR: Raquette gauche déplacée de 229 à 236
2025-05-03 17:15:57,341 - INFO - IA: Raquette droite déplacée de 203 à 210
2025-05-03 17:15:57,359 - INFO - JOUEUR: Raquette gauche déplacée de 236 à 243
2025-05-03 17:15:57,359 - INFO - IA: Raquette droite déplacée de 210 à 217
2025-05-03 17:15:57,376 - INFO - JOUEUR: Raquette gauche déplacée de 243 à 250
2025-05-03 17:15:57,376 - INFO - IA: Raquette droite déplacée de 217 à 224
2025-05-03 17:15:57,394 - INFO - JOUEUR: Raquette gauche déplacée de 250 à 257
2025-05-03 17:15:57,394 - INFO - IA: Raquette droite déplacée de 224 à 231
2025-05-03 17:15:57,411 - INFO - JOUEUR: Raquette gauche déplacée de 257 à 264
2025-05-03 17:15:57,411 - INFO - IA: Raquette droite déplacée de 231 à 238
2025-05-03 17:15:57,429 - INFO - JOUEUR: Raquette gauche déplacée de 264 à 271
2025-05-03 17:15:57,429 - INFO - IA: Raquette droite déplacée de 238 à 245
2025-05-03 17:15:57,446 - INFO - JOUEUR: Raquette gauche déplacée de 271 à 278
2025-05-03 17:15:57,446 - INFO - IA: Raquette droite déplacée de 245 à 252
2025-05-03 17:15:57,463 - INFO - JOUEUR: Raquette gauche déplacée de 278 à 285
2025-05-03 17:15:57,464 - INFO - IA: Raquette droite déplacée de 252 à 259
2025-05-03 17:15:57,481 - INFO - JOUEUR: Raquette gauche déplacée de 285 à 292
2025-05-03 17:15:57,481 - INFO - IA: Raquette droite déplacée de 259 à 252
2025-05-03 17:15:57,498 - INFO - JOUEUR: Raquette gauche déplacée de 292 à 299
2025-05-03 17:15:57,498 - INFO - IA: Raquette droite déplacée de 252 à 259
2025-05-03 17:15:57,515 - INFO - JOUEUR: Raquette gauche déplacée de 299 à 306
2025-05-03 17:15:57,515 - INFO - IA: Raquette droite déplacée de 259 à 266
2025-05-03 17:15:57,532 - INFO - JOUEUR: Raquette gauche déplacée de 306 à 313
2025-05-03 17:15:57,533 - INFO - IA: Raquette droite déplacée de 266 à 273
2025-05-03 17:15:57,550 - INFO - JOUEUR: Raquette gauche déplacée de 313 à 320
2025-05-03 17:15:57,550 - INFO - IA: Raquette droite déplacée de 273 à 266
2025-05-03 17:15:57,567 - INFO - JOUEUR: Raquette gauche déplacée de 320 à 327
2025-05-03 17:15:57,567 - INFO - IA: Raquette droite déplacée de 266 à 273
2025-05-03 17:15:57,584 - INFO - JOUEUR: Raquette gauche déplacée de 327 à 334
2025-05-03 17:15:57,585 - INFO - IA: Raquette droite déplacée de 273 à 280
2025-05-03 17:15:57,602 - INFO - JOUEUR: Raquette gauche déplacée de 334 à 341
2025-05-03 17:15:57,602 - INFO - IA: Raquette droite déplacée de 280 à 287
2025-05-03 17:15:57,619 - INFO - JOUEUR: Raquette gauche déplacée de 341 à 348
2025-05-03 17:15:57,620 - INFO - IA: Raquette droite déplacée de 287 à 280
2025-05-03 17:15:57,637 - INFO - JOUEUR: Raquette gauche déplacée de 348 à 355
2025-05-03 17:15:57,637 - INFO - IA: Raquette droite déplacée de 280 à 287
2025-05-03 17:15:57,656 - INFO - INPUT: Joueur relâche les touches directionnelles
2025-05-03 17:15:57,656 - INFO - IA: Raquette droite déplacée de 287 à 294
2025-05-03 17:15:57,673 - INFO - IA: Raquette droite déplacée de 294 à 301
2025-05-03 17:15:57,691 - INFO - IA: Raquette droite déplacée de 301 à 308
2025-05-03 17:15:57,708 - INFO - IA: Raquette droite déplacée de 308 à 315
2025-05-03 17:15:57,725 - INFO - IA: Raquette droite déplacée de 315 à 322
2025-05-03 17:15:57,743 - INFO - IA: Raquette droite déplacée de 322 à 329
2025-05-03 17:15:57,759 - INFO - IA: Raquette droite déplacée de 329 à 336
2025-05-03 17:15:57,777 - INFO - IA: Raquette droite déplacée de 336 à 329
2025-05-03 17:15:57,794 - INFO - IA: Raquette droite déplacée de 329 à 336
2025-05-03 17:15:57,811 - INFO - IA: Raquette droite déplacée de 336 à 343
2025-05-03 17:15:57,828 - INFO - IA: Raquette droite déplacée de 343 à 350
2025-05-03 17:15:57,845 - INFO - IA: Raquette droite déplacée de 350 à 357
2025-05-03 17:15:57,862 - INFO - IA: Raquette droite déplacée de 357 à 364
2025-05-03 17:15:57,880 - INFO - IA: Raquette droite déplacée de 364 à 371
2025-05-03 17:15:57,898 - INFO - INPUT: Joueur appuie sur la touche BAS
2025-05-03 17:15:57,898 - INFO - JOUEUR: Raquette gauche déplacée de 355 à 362
2025-05-03 17:15:57,898 - INFO - IA: Raquette droite déplacée de 371 à 378
2025-05-03 17:15:57,916 - INFO - JOUEUR: Raquette gauche déplacée de 362 à 369
2025-05-03 17:15:57,916 - INFO - IA: Raquette droite déplacée de 378 à 385
2025-05-03 17:15:57,934 - INFO - JOUEUR: Raquette gauche déplacée de 369 à 376
2025-05-03 17:15:57,934 - INFO - IA: Raquette droite déplacée de 385 à 390
2025-05-03 17:15:57,951 - INFO - JOUEUR: Raquette gauche déplacée de 376 à 383
2025-05-03 17:15:57,969 - INFO - JOUEUR: Raquette gauche déplacée de 383 à 390
2025-05-03 17:15:57,986 - INFO - INPUT: Joueur relâche les touches directionnelles
2025-05-03 17:15:58,022 - INFO - COLLISION: Balle a rebondi sur un mur à la position (108, 468)
2025-05-03 17:15:58,180 - INFO - IA: Raquette droite déplacée de 390 à 383
2025-05-03 17:15:58,198 - INFO - INPUT: Joueur appuie sur la touche HAUT
2025-05-03 17:15:58,198 - INFO - JOUEUR: Raquette gauche déplacée de 390 à 383
2025-05-03 17:15:58,198 - INFO - IA: Raquette droite déplacée de 383 à 376
2025-05-03 17:15:58,215 - INFO - JOUEUR: Raquette gauche déplacée de 383 à 376
2025-05-03 17:15:58,215 - INFO - IA: Raquette droite déplacée de 376 à 383
2025-05-03 17:15:58,232 - INFO - JOUEUR: Raquette gauche déplacée de 376 à 369
2025-05-03 17:15:58,232 - INFO - IA: Raquette droite déplacée de 383 à 376
2025-05-03 17:15:58,249 - INFO - JOUEUR: Raquette gauche déplacée de 369 à 362
2025-05-03 17:15:58,249 - INFO - IA: Raquette droite déplacée de 376 à 383
2025-05-03 17:15:58,266 - INFO - JOUEUR: Raquette gauche déplacée de 362 à 355
2025-05-03 17:15:58,266 - INFO - IA: Raquette droite déplacée de 383 à 376
2025-05-03 17:15:58,284 - INFO - JOUEUR: Raquette gauche déplacée de 355 à 348
2025-05-03 17:15:58,284 - INFO - IA: Raquette droite déplacée de 376 à 369
2025-05-03 17:15:58,284 - INFO - COLLISION: Balle a rebondi sur une raquette à la position (33, 393)
2025-05-03 17:15:58,301 - INFO - JOUEUR: Raquette gauche déplacée de 348 à 341
2025-05-03 17:15:58,302 - INFO - IA: Raquette droite déplacée de 369 à 362
2025-05-03 17:15:58,319 - INFO - JOUEUR: Raquette gauche déplacée de 341 à 334
2025-05-03 17:15:58,319 - INFO - IA: Raquette droite déplacée de 362 à 355
2025-05-03 17:15:58,337 - INFO - JOUEUR: Raquette gauche déplacée de 334 à 327
2025-05-03 17:15:58,337 - INFO - IA: Raquette droite déplacée de 355 à 362
2025-05-03 17:15:58,354 - INFO - JOUEUR: Raquette gauche déplacée de 327 à 320
2025-05-03 17:15:58,354 - INFO - IA: Raquette droite déplacée de 362 à 369
2025-05-03 17:15:58,372 - INFO - JOUEUR: Raquette gauche déplacée de 320 à 313
2025-05-03 17:15:58,372 - INFO - IA: Raquette droite déplacée de 369 à 362
2025-05-03 17:15:58,390 - INFO - JOUEUR: Raquette gauche déplacée de 313 à 306
2025-05-03 17:15:58,390 - INFO - IA: Raquette droite déplacée de 362 à 355
2025-05-03 17:15:58,407 - INFO - JOUEUR: Raquette gauche déplacée de 306 à 299
2025-05-03 17:15:58,407 - INFO - IA: Raquette droite déplacée de 355 à 348
2025-05-03 17:15:58,424 - INFO - JOUEUR: Raquette gauche déplacée de 299 à 292
2025-05-03 17:15:58,424 - INFO - IA: Raquette droite déplacée de 348 à 341
2025-05-03 17:15:58,442 - INFO - JOUEUR: Raquette gauche déplacée de 292 à 285
2025-05-03 17:15:58,442 - INFO - IA: Raquette droite déplacée de 341 à 334
2025-05-03 17:15:58,459 - INFO - JOUEUR: Raquette gauche déplacée de 285 à 278
2025-05-03 17:15:58,459 - INFO - IA: Raquette droite déplacée de 334 à 327
2025-05-03 17:15:58,477 - INFO - JOUEUR: Raquette gauche déplacée de 278 à 271
2025-05-03 17:15:58,477 - INFO - IA: Raquette droite déplacée de 327 à 320
2025-05-03 17:15:58,494 - INFO - JOUEUR: Raquette gauche déplacée de 271 à 264
2025-05-03 17:15:58,494 - INFO - IA: Raquette droite déplacée de 320 à 313
2025-05-03 17:15:58,512 - INFO - JOUEUR: Raquette gauche déplacée de 264 à 257
2025-05-03 17:15:58,512 - INFO - IA: Raquette droite déplacée de 313 à 306
2025-05-03 17:15:58,529 - INFO - JOUEUR: Raquette gauche déplacée de 257 à 250
2025-05-03 17:15:58,529 - INFO - IA: Raquette droite déplacée de 306 à 299
2025-05-03 17:15:58,545 - INFO - JOUEUR: Raquette gauche déplacée de 250 à 243
2025-05-03 17:15:58,545 - INFO - IA: Raquette droite déplacée de 299 à 292
2025-05-03 17:15:58,563 - INFO - JOUEUR: Raquette gauche déplacée de 243 à 236
2025-05-03 17:15:58,563 - INFO - IA: Raquette droite déplacée de 292 à 285
2025-05-03 17:15:58,580 - INFO - JOUEUR: Raquette gauche déplacée de 236 à 229
2025-05-03 17:15:58,580 - INFO - IA: Raquette droite déplacée de 285 à 292
2025-05-03 17:15:58,598 - INFO - JOUEUR: Raquette gauche déplacée de 229 à 222
2025-05-03 17:15:58,598 - INFO - IA: Raquette droite déplacée de 292 à 285
2025-05-03 17:15:58,615 - INFO - JOUEUR: Raquette gauche déplacée de 222 à 215
2025-05-03 17:15:58,615 - INFO - IA: Raquette droite déplacée de 285 à 278
2025-05-03 17:15:58,633 - INFO - JOUEUR: Raquette gauche déplacée de 215 à 208
2025-05-03 17:15:58,633 - INFO - IA: Raquette droite déplacée de 278 à 271
2025-05-03 17:15:58,651 - INFO - JOUEUR: Raquette gauche déplacée de 208 à 201
2025-05-03 17:15:58,651 - INFO - IA: Raquette droite déplacée de 271 à 264
2025-05-03 17:15:58,669 - INFO - JOUEUR: Raquette gauche déplacée de 201 à 194
2025-05-03 17:15:58,669 - INFO - IA: Raquette droite déplacée de 264 à 257
2025-05-03 17:15:58,687 - INFO - JOUEUR: Raquette gauche déplacée de 194 à 187
2025-05-03 17:15:58,687 - INFO - IA: Raquette droite déplacée de 257 à 250
2025-05-03 17:15:58,705 - INFO - JOUEUR: Raquette gauche déplacée de 187 à 180
2025-05-03 17:15:58,705 - INFO - IA: Raquette droite déplacée de 250 à 243
2025-05-03 17:15:58,722 - INFO - JOUEUR: Raquette gauche déplacée de 180 à 173
2025-05-03 17:15:58,722 - INFO - IA: Raquette droite déplacée de 243 à 250
2025-05-03 17:15:58,739 - INFO - JOUEUR: Raquette gauche déplacée de 173 à 166
2025-05-03 17:15:58,739 - INFO - IA: Raquette droite déplacée de 250 à 243
2025-05-03 17:15:58,757 - INFO - JOUEUR: Raquette gauche déplacée de 166 à 159
2025-05-03 17:15:58,757 - INFO - IA: Raquette droite déplacée de 243 à 236
2025-05-03 17:15:58,774 - INFO - JOUEUR: Raquette gauche déplacée de 159 à 152
2025-05-03 17:15:58,774 - INFO - IA: Raquette droite déplacée de 236 à 229
2025-05-03 17:15:58,792 - INFO - JOUEUR: Raquette gauche déplacée de 152 à 145
2025-05-03 17:15:58,792 - INFO - IA: Raquette droite déplacée de 229 à 222
2025-05-03 17:15:58,810 - INFO - INPUT: Joueur relâche les touches directionnelles
2025-05-03 17:15:58,810 - INFO - IA: Raquette droite déplacée de 222 à 215
2025-05-03 17:15:58,827 - INFO - IA: Raquette droite déplacée de 215 à 208
2025-05-03 17:15:58,844 - INFO - IA: Raquette droite déplacée de 208 à 215
2025-05-03 17:15:58,878 - INFO - IA: Raquette droite déplacée de 215 à 208
2025-05-03 17:15:58,896 - INFO - IA: Raquette droite déplacée de 208 à 201
2025-05-03 17:15:58,914 - INFO - IA: Raquette droite déplacée de 201 à 194
2025-05-03 17:15:58,931 - INFO - IA: Raquette droite déplacée de 194 à 187
2025-05-03 17:15:58,949 - INFO - IA: Raquette droite déplacée de 187 à 194
2025-05-03 17:15:58,967 - INFO - IA: Raquette droite déplacée de 194 à 187
2025-05-03 17:15:58,984 - INFO - IA: Raquette droite déplacée de 187 à 180
2025-05-03 17:15:59,002 - INFO - IA: Raquette droite déplacée de 180 à 173
2025-05-03 17:15:59,020 - INFO - IA: Raquette droite déplacée de 173 à 166
2025-05-03 17:15:59,037 - INFO - IA: Raquette droite déplacée de 166 à 159
2025-05-03 17:15:59,054 - INFO - IA: Raquette droite déplacée de 159 à 166
2025-05-03 17:15:59,071 - INFO - IA: Raquette droite déplacée de 166 à 159
2025-05-03 17:15:59,089 - INFO - IA: Raquette droite déplacée de 159 à 152
2025-05-03 17:15:59,107 - INFO - IA: Raquette droite déplacée de 152 à 145
2025-05-03 17:15:59,124 - INFO - IA: Raquette droite déplacée de 145 à 138
2025-05-03 17:15:59,143 - INFO - IA: Raquette droite déplacée de 138 à 131
2025-05-03 17:15:59,160 - INFO - IA: Raquette droite déplacée de 131 à 124
2025-05-03 17:15:59,178 - INFO - IA: Raquette droite déplacée de 124 à 117
2025-05-03 17:15:59,196 - INFO - IA: Raquette droite déplacée de 117 à 110
2025-05-03 17:15:59,213 - INFO - IA: Raquette droite déplacée de 110 à 117
2025-05-03 17:15:59,231 - INFO - IA: Raquette droite déplacée de 117 à 110
2025-05-03 17:15:59,248 - INFO - IA: Raquette droite déplacée de 110 à 103
2025-05-03 17:15:59,265 - INFO - IA: Raquette droite déplacée de 103 à 96
2025-05-03 17:15:59,282 - INFO - IA: Raquette droite déplacée de 96 à 89
2025-05-03 17:15:59,299 - INFO - IA: Raquette droite déplacée de 89 à 82
2025-05-03 17:15:59,317 - INFO - IA: Raquette droite déplacée de 82 à 75
2025-05-03 17:15:59,333 - INFO - IA: Raquette droite déplacée de 75 à 68
2025-05-03 17:15:59,367 - INFO - IA: Raquette droite déplacée de 68 à 61
2025-05-03 17:15:59,385 - INFO - IA: Raquette droite déplacée de 61 à 54
2025-05-03 17:15:59,402 - INFO - IA: Raquette droite déplacée de 54 à 47
2025-05-03 17:15:59,421 - INFO - IA: Raquette droite déplacée de 47 à 54
2025-05-03 17:15:59,439 - INFO - IA: Raquette droite déplacée de 54 à 47
2025-05-03 17:15:59,456 - INFO - IA: Raquette droite déplacée de 47 à 40
2025-05-03 17:15:59,474 - INFO - IA: Raquette droite déplacée de 40 à 33
2025-05-03 17:15:59,491 - INFO - IA: Raquette droite déplacée de 33 à 26
2025-05-03 17:15:59,508 - INFO - IA: Raquette droite déplacée de 26 à 19
2025-05-03 17:15:59,526 - INFO - IA: Raquette droite déplacée de 19 à 26
2025-05-03 17:15:59,543 - INFO - IA: Raquette droite déplacée de 26 à 19
2025-05-03 17:15:59,560 - INFO - IA: Raquette droite déplacée de 19 à 12
2025-05-03 17:15:59,578 - INFO - IA: Raquette droite déplacée de 12 à 19
2025-05-03 17:15:59,594 - INFO - IA: Raquette droite déplacée de 19 à 12
2025-05-03 17:15:59,611 - INFO - IA: Raquette droite déplacée de 12 à 5
2025-05-03 17:15:59,628 - INFO - IA: Raquette droite déplacée de 5 à 0
2025-05-03 17:15:59,662 - INFO - COLLISION: Balle a rebondi sur un mur à la position (507, -2)
2025-05-03 17:15:59,784 - INFO - IA: Raquette droite déplacée de 0 à 7
2025-05-03 17:15:59,800 - INFO - IA: Raquette droite déplacée de 7 à 0
2025-05-03 17:15:59,801 - INFO - COLLISION: Balle a rebondi sur une raquette à la position (555, 38)
2025-05-03 17:15:59,817 - INFO - IA: Raquette droite déplacée de 0 à 7
2025-05-03 17:15:59,835 - INFO - IA: Raquette droite déplacée de 7 à 0
2025-05-03 17:15:59,870 - INFO - IA: Raquette droite déplacée de 0 à 7
2025-05-03 17:15:59,887 - INFO - IA: Raquette droite déplacée de 7 à 14
2025-05-03 17:15:59,904 - INFO - IA: Raquette droite déplacée de 14 à 21
2025-05-03 17:15:59,923 - INFO - IA: Raquette droite déplacée de 21 à 28
2025-05-03 17:15:59,941 - INFO - IA: Raquette droite déplacée de 28 à 21
2025-05-03 17:15:59,959 - INFO - IA: Raquette droite déplacée de 21 à 28
2025-05-03 17:15:59,977 - INFO - IA: Raquette droite déplacée de 28 à 35
2025-05-03 17:15:59,994 - INFO - IA: Raquette droite déplacée de 35 à 42
2025-05-03 17:16:00,012 - INFO - IA: Raquette droite déplacée de 42 à 35
2025-05-03 17:16:00,030 - INFO - IA: Raquette droite déplacée de 35 à 42
2025-05-03 17:16:00,048 - INFO - IA: Raquette droite déplacée de 42 à 49
2025-05-03 17:16:00,065 - INFO - IA: Raquette droite déplacée de 49 à 56
2025-05-03 17:16:00,083 - INFO - IA: Raquette droite déplacée de 56 à 63
2025-05-03 17:16:00,100 - INFO - IA: Raquette droite déplacée de 63 à 70
2025-05-03 17:16:00,119 - INFO - IA: Raquette droite déplacée de 70 à 77
2025-05-03 17:16:00,136 - INFO - IA: Raquette droite déplacée de 77 à 84
2025-05-03 17:16:00,154 - INFO - IA: Raquette droite déplacée de 84 à 91
2025-05-03 17:16:00,187 - INFO - IA: Raquette droite déplacée de 91 à 98
2025-05-03 17:16:00,205 - INFO - IA: Raquette droite déplacée de 98 à 105
2025-05-03 17:16:00,223 - INFO - IA: Raquette droite déplacée de 105 à 112
2025-05-03 17:16:00,241 - INFO - IA: Raquette droite déplacée de 112 à 119
2025-05-03 17:16:00,258 - INFO - IA: Raquette droite déplacée de 119 à 112
2025-05-03 17:16:00,275 - INFO - IA: Raquette droite déplacée de 112 à 119
2025-05-03 17:16:00,293 - INFO - IA: Raquette droite déplacée de 119 à 126
2025-05-03 17:16:00,310 - INFO - IA: Raquette droite déplacée de 126 à 133
2025-05-03 17:16:00,327 - INFO - IA: Raquette droite déplacée de 133 à 126
2025-05-03 17:16:00,343 - INFO - IA: Raquette droite déplacée de 126 à 133
2025-05-03 17:16:00,360 - INFO - IA: Raquette droite déplacée de 133 à 140
2025-05-03 17:16:00,377 - INFO - IA: Raquette droite déplacée de 140 à 133
2025-05-03 17:16:00,395 - INFO - IA: Raquette droite déplacée de 133 à 140
2025-05-03 17:16:00,412 - INFO - IA: Raquette droite déplacée de 140 à 147
2025-05-03 17:16:00,428 - INFO - IA: Raquette droite déplacée de 147 à 154
2025-05-03 17:16:00,446 - INFO - IA: Raquette droite déplacée de 154 à 161
2025-05-03 17:16:00,463 - INFO - IA: Raquette droite déplacée de 161 à 168
2025-05-03 17:16:00,481 - INFO - IA: Raquette droite déplacée de 168 à 175
2025-05-03 17:16:00,498 - INFO - IA: Raquette droite déplacée de 175 à 182
2025-05-03 17:16:00,515 - INFO - IA: Raquette droite déplacée de 182 à 189
2025-05-03 17:16:00,532 - INFO - IA: Raquette droite déplacée de 189 à 196
2025-05-03 17:16:00,549 - INFO - IA: Raquette droite déplacée de 196 à 203
2025-05-03 17:16:00,566 - INFO - IA: Raquette droite déplacée de 203 à 210
2025-05-03 17:16:00,583 - INFO - IA: Raquette droite déplacée de 210 à 217
2025-05-03 17:16:00,601 - INFO - IA: Raquette droite déplacée de 217 à 224
2025-05-03 17:16:00,618 - INFO - INPUT: Joueur appuie sur la touche BAS
2025-05-03 17:16:00,618 - INFO - JOUEUR: Raquette gauche déplacée de 145 à 152
2025-05-03 17:16:00,618 - INFO - IA: Raquette droite déplacée de 224 à 217
2025-05-03 17:16:00,637 - INFO - JOUEUR: Raquette gauche déplacée de 152 à 159
2025-05-03 17:16:00,637 - INFO - IA: Raquette droite déplacée de 217 à 224
2025-05-03 17:16:00,654 - INFO - JOUEUR: Raquette gauche déplacée de 159 à 166
2025-05-03 17:16:00,654 - INFO - IA: Raquette droite déplacée de 224 à 231
2025-05-03 17:16:00,671 - INFO - JOUEUR: Raquette gauche déplacée de 166 à 173
2025-05-03 17:16:00,671 - INFO - IA: Raquette droite déplacée de 231 à 238
2025-05-03 17:16:00,688 - INFO - JOUEUR: Raquette gauche déplacée de 173 à 180
2025-05-03 17:16:00,688 - INFO - IA: Raquette droite déplacée de 238 à 245
2025-05-03 17:16:00,706 - INFO - JOUEUR: Raquette gauche déplacée de 180 à 187
2025-05-03 17:16:00,706 - INFO - IA: Raquette droite déplacée de 245 à 238
2025-05-03 17:16:00,723 - INFO - JOUEUR: Raquette gauche déplacée de 187 à 194
2025-05-03 17:16:00,723 - INFO - IA: Raquette droite déplacée de 238 à 245
2025-05-03 17:16:00,741 - INFO - JOUEUR: Raquette gauche déplacée de 194 à 201
2025-05-03 17:16:00,741 - INFO - IA: Raquette droite déplacée de 245 à 252
2025-05-03 17:16:00,758 - INFO - JOUEUR: Raquette gauche déplacée de 201 à 208
2025-05-03 17:16:00,759 - INFO - IA: Raquette droite déplacée de 252 à 259
2025-05-03 17:16:00,776 - INFO - JOUEUR: Raquette gauche déplacée de 208 à 215
2025-05-03 17:16:00,776 - INFO - IA: Raquette droite déplacée de 259 à 266
2025-05-03 17:16:00,794 - INFO - JOUEUR: Raquette gauche déplacée de 215 à 222
2025-05-03 17:16:00,794 - INFO - IA: Raquette droite déplacée de 266 à 273
2025-05-03 17:16:00,811 - INFO - JOUEUR: Raquette gauche déplacée de 222 à 229
2025-05-03 17:16:00,811 - INFO - IA: Raquette droite déplacée de 273 à 280
2025-05-03 17:16:00,829 - INFO - JOUEUR: Raquette gauche déplacée de 229 à 236
2025-05-03 17:16:00,829 - INFO - IA: Raquette droite déplacée de 280 à 287
2025-05-03 17:16:00,846 - INFO - JOUEUR: Raquette gauche déplacée de 236 à 243
2025-05-03 17:16:00,847 - INFO - IA: Raquette droite déplacée de 287 à 280
2025-05-03 17:16:00,863 - INFO - JOUEUR: Raquette gauche déplacée de 243 à 250
2025-05-03 17:16:00,864 - INFO - IA: Raquette droite déplacée de 280 à 273
2025-05-03 17:16:00,881 - INFO - JOUEUR: Raquette gauche déplacée de 250 à 257
2025-05-03 17:16:00,881 - INFO - IA: Raquette droite déplacée de 273 à 280
2025-05-03 17:16:00,897 - INFO - JOUEUR: Raquette gauche déplacée de 257 à 264
2025-05-03 17:16:00,898 - INFO - IA: Raquette droite déplacée de 280 à 287
2025-05-03 17:16:00,915 - INFO - JOUEUR: Raquette gauche déplacée de 264 à 271
2025-05-03 17:16:00,916 - INFO - IA: Raquette droite déplacée de 287 à 294
2025-05-03 17:16:00,933 - INFO - JOUEUR: Raquette gauche déplacée de 271 à 278
2025-05-03 17:16:00,933 - INFO - IA: Raquette droite déplacée de 294 à 301
2025-05-03 17:16:00,951 - INFO - JOUEUR: Raquette gauche déplacée de 278 à 285
2025-05-03 17:16:00,951 - INFO - IA: Raquette droite déplacée de 301 à 308
2025-05-03 17:16:00,969 - INFO - JOUEUR: Raquette gauche déplacée de 285 à 292
2025-05-03 17:16:00,970 - INFO - IA: Raquette droite déplacée de 308 à 315
2025-05-03 17:16:00,988 - INFO - JOUEUR: Raquette gauche déplacée de 292 à 299
2025-05-03 17:16:00,988 - INFO - IA: Raquette droite déplacée de 315 à 322
2025-05-03 17:16:01,006 - INFO - JOUEUR: Raquette gauche déplacée de 299 à 306
2025-05-03 17:16:01,006 - INFO - IA: Raquette droite déplacée de 322 à 329
2025-05-03 17:16:01,024 - INFO - JOUEUR: Raquette gauche déplacée de 306 à 313
2025-05-03 17:16:01,024 - INFO - IA: Raquette droite déplacée de 329 à 336
2025-05-03 17:16:01,042 - INFO - JOUEUR: Raquette gauche déplacée de 313 à 320
2025-05-03 17:16:01,042 - INFO - IA: Raquette droite déplacée de 336 à 329
2025-05-03 17:16:01,060 - INFO - JOUEUR: Raquette gauche déplacée de 320 à 327
2025-05-03 17:16:01,060 - INFO - IA: Raquette droite déplacée de 329 à 336
2025-05-03 17:16:01,077 - INFO - JOUEUR: Raquette gauche déplacée de 327 à 334
2025-05-03 17:16:01,080 - INFO - IA: Raquette droite déplacée de 336 à 343
2025-05-03 17:16:01,097 - INFO - JOUEUR: Raquette gauche déplacée de 334 à 341
2025-05-03 17:16:01,097 - INFO - IA: Raquette droite déplacée de 343 à 350
2025-05-03 17:16:01,115 - INFO - JOUEUR: Raquette gauche déplacée de 341 à 348
2025-05-03 17:16:01,115 - INFO - IA: Raquette droite déplacée de 350 à 357
2025-05-03 17:16:01,115 - INFO - COLLISION: Balle a rebondi sur une raquette à la position (30, 413)
2025-05-03 17:16:01,133 - INFO - JOUEUR: Raquette gauche déplacée de 348 à 355
2025-05-03 17:16:01,133 - INFO - IA: Raquette droite déplacée de 357 à 364
2025-05-03 17:16:01,150 - INFO - JOUEUR: Raquette gauche déplacée de 355 à 362
2025-05-03 17:16:01,150 - INFO - IA: Raquette droite déplacée de 364 à 357
2025-05-03 17:16:01,167 - INFO - JOUEUR: Raquette gauche déplacée de 362 à 369
2025-05-03 17:16:01,167 - INFO - IA: Raquette droite déplacée de 357 à 364
2025-05-03 17:16:01,184 - INFO - JOUEUR: Raquette gauche déplacée de 369 à 376
2025-05-03 17:16:01,185 - INFO - IA: Raquette droite déplacée de 364 à 371
2025-05-03 17:16:01,202 - INFO - JOUEUR: Raquette gauche déplacée de 376 à 383
2025-05-03 17:16:01,203 - INFO - IA: Raquette droite déplacée de 371 à 364
2025-05-03 17:16:01,222 - INFO - JOUEUR: Raquette gauche déplacée de 383 à 390
2025-05-03 17:16:01,222 - INFO - IA: Raquette droite déplacée de 364 à 371
2025-05-03 17:16:01,241 - INFO - IA: Raquette droite déplacée de 371 à 378
2025-05-03 17:16:01,258 - INFO - IA: Raquette droite déplacée de 378 à 385
2025-05-03 17:16:01,276 - INFO - IA: Raquette droite déplacée de 385 à 390
2025-05-03 17:16:01,313 - INFO - COLLISION: Balle a rebondi sur un mur à la position (107, 468)
2025-05-03 17:16:01,399 - INFO - INPUT: Joueur relâche les touches directionnelles
2025-05-03 17:16:01,434 - INFO - IA: Raquette droite déplacée de 390 à 383
2025-05-03 17:16:01,451 - INFO - IA: Raquette droite déplacée de 383 à 376
2025-05-03 17:16:01,469 - INFO - IA: Raquette droite déplacée de 376 à 383
2025-05-03 17:16:01,487 - INFO - IA: Raquette droite déplacée de 383 à 390
2025-05-03 17:16:01,522 - INFO - IA: Raquette droite déplacée de 390 à 383
2025-05-03 17:16:01,539 - INFO - IA: Raquette droite déplacée de 383 à 390
2025-05-03 17:16:01,556 - INFO - IA: Raquette droite déplacée de 390 à 383
2025-05-03 17:16:01,574 - INFO - IA: Raquette droite déplacée de 383 à 376
2025-05-03 17:16:01,591 - INFO - IA: Raquette droite déplacée de 376 à 369
2025-05-03 17:16:01,608 - INFO - IA: Raquette droite déplacée de 369 à 362
2025-05-03 17:16:01,626 - INFO - IA: Raquette droite déplacée de 362 à 355
2025-05-03 17:16:01,643 - INFO - IA: Raquette droite déplacée de 355 à 348
2025-05-03 17:16:01,659 - INFO - IA: Raquette droite déplacée de 348 à 341
2025-05-03 17:16:01,677 - INFO - IA: Raquette droite déplacée de 341 à 334
2025-05-03 17:16:01,694 - INFO - IA: Raquette droite déplacée de 334 à 327
2025-05-03 17:16:01,712 - INFO - IA: Raquette droite déplacée de 327 à 334
2025-05-03 17:16:01,729 - INFO - IA: Raquette droite déplacée de 334 à 327
2025-05-03 17:16:01,747 - INFO - IA: Raquette droite déplacée de 327 à 320
2025-05-03 17:16:01,764 - INFO - IA: Raquette droite déplacée de 320 à 327
2025-05-03 17:16:01,782 - INFO - IA: Raquette droite déplacée de 327 à 320
2025-05-03 17:16:01,799 - INFO - IA: Raquette droite déplacée de 320 à 327
2025-05-03 17:16:01,816 - INFO - IA: Raquette droite déplacée de 327 à 320
2025-05-03 17:16:01,833 - INFO - IA: Raquette droite déplacée de 320 à 313
2025-05-03 17:16:01,851 - INFO - INPUT: Joueur appuie sur la touche HAUT
2025-05-03 17:16:01,851 - INFO - JOUEUR: Raquette gauche déplacée de 390 à 383
2025-05-03 17:16:01,851 - INFO - IA: Raquette droite déplacée de 313 à 306
2025-05-03 17:16:01,868 - INFO - JOUEUR: Raquette gauche déplacée de 383 à 376
2025-05-03 17:16:01,868 - INFO - IA: Raquette droite déplacée de 306 à 299
2025-05-03 17:16:01,885 - INFO - JOUEUR: Raquette gauche déplacée de 376 à 369
2025-05-03 17:16:01,886 - INFO - IA: Raquette droite déplacée de 299 à 306
2025-05-03 17:16:01,903 - INFO - JOUEUR: Raquette gauche déplacée de 369 à 362
2025-05-03 17:16:01,903 - INFO - IA: Raquette droite déplacée de 306 à 299
2025-05-03 17:16:01,920 - INFO - JOUEUR: Raquette gauche déplacée de 362 à 355
2025-05-03 17:16:01,921 - INFO - IA: Raquette droite déplacée de 299 à 292
2025-05-03 17:16:01,938 - INFO - JOUEUR: Raquette gauche déplacée de 355 à 348
2025-05-03 17:16:01,938 - INFO - IA: Raquette droite déplacée de 292 à 285
2025-05-03 17:16:01,956 - INFO - JOUEUR: Raquette gauche déplacée de 348 à 341
2025-05-03 17:16:01,956 - INFO - IA: Raquette droite déplacée de 285 à 278
2025-05-03 17:16:01,973 - INFO - JOUEUR: Raquette gauche déplacée de 341 à 334
2025-05-03 17:16:01,973 - INFO - IA: Raquette droite déplacée de 278 à 271
2025-05-03 17:16:01,990 - INFO - JOUEUR: Raquette gauche déplacée de 334 à 327
2025-05-03 17:16:01,990 - INFO - IA: Raquette droite déplacée de 271 à 264
2025-05-03 17:16:02,008 - INFO - JOUEUR: Raquette gauche déplacée de 327 à 320
2025-05-03 17:16:02,008 - INFO - IA: Raquette droite déplacée de 264 à 257
2025-05-03 17:16:02,025 - INFO - JOUEUR: Raquette gauche déplacée de 320 à 313
2025-05-03 17:16:02,025 - INFO - IA: Raquette droite déplacée de 257 à 250
2025-05-03 17:16:02,043 - INFO - JOUEUR: Raquette gauche déplacée de 313 à 306
2025-05-03 17:16:02,043 - INFO - IA: Raquette droite déplacée de 250 à 243
2025-05-03 17:16:02,062 - INFO - JOUEUR: Raquette gauche déplacée de 306 à 299
2025-05-03 17:16:02,062 - INFO - IA: Raquette droite déplacée de 243 à 236
2025-05-03 17:16:02,080 - INFO - JOUEUR: Raquette gauche déplacée de 299 à 292
2025-05-03 17:16:02,080 - INFO - IA: Raquette droite déplacée de 236 à 229
2025-05-03 17:16:02,098 - INFO - JOUEUR: Raquette gauche déplacée de 292 à 285
2025-05-03 17:16:02,098 - INFO - IA: Raquette droite déplacée de 229 à 222
2025-05-03 17:16:02,115 - INFO - JOUEUR: Raquette gauche déplacée de 285 à 278
2025-05-03 17:16:02,115 - INFO - IA: Raquette droite déplacée de 222 à 215
2025-05-03 17:16:02,132 - INFO - JOUEUR: Raquette gauche déplacée de 278 à 271
2025-05-03 17:16:02,133 - INFO - IA: Raquette droite déplacée de 215 à 208
2025-05-03 17:16:02,149 - INFO - JOUEUR: Raquette gauche déplacée de 271 à 264
2025-05-03 17:16:02,150 - INFO - IA: Raquette droite déplacée de 208 à 215
2025-05-03 17:16:02,167 - INFO - JOUEUR: Raquette gauche déplacée de 264 à 257
2025-05-03 17:16:02,167 - INFO - IA: Raquette droite déplacée de 215 à 208
2025-05-03 17:16:02,185 - INFO - JOUEUR: Raquette gauche déplacée de 257 à 250
2025-05-03 17:16:02,185 - INFO - IA: Raquette droite déplacée de 208 à 201
2025-05-03 17:16:02,203 - INFO - JOUEUR: Raquette gauche déplacée de 250 à 243
2025-05-03 17:16:02,203 - INFO - IA: Raquette droite déplacée de 201 à 194
2025-05-03 17:16:02,220 - INFO - JOUEUR: Raquette gauche déplacée de 243 à 236
2025-05-03 17:16:02,220 - INFO - IA: Raquette droite déplacée de 194 à 187
2025-05-03 17:16:02,236 - INFO - JOUEUR: Raquette gauche déplacée de 236 à 229
2025-05-03 17:16:02,237 - INFO - IA: Raquette droite déplacée de 187 à 180
2025-05-03 17:16:02,253 - INFO - JOUEUR: Raquette gauche déplacée de 229 à 222
2025-05-03 17:16:02,270 - INFO - JOUEUR: Raquette gauche déplacée de 222 à 215
2025-05-03 17:16:02,270 - INFO - IA: Raquette droite déplacée de 180 à 187
2025-05-03 17:16:02,288 - INFO - JOUEUR: Raquette gauche déplacée de 215 à 208
2025-05-03 17:16:02,288 - INFO - IA: Raquette droite déplacée de 187 à 180
2025-05-03 17:16:02,306 - INFO - JOUEUR: Raquette gauche déplacée de 208 à 201
2025-05-03 17:16:02,306 - INFO - IA: Raquette droite déplacée de 180 à 173
2025-05-03 17:16:02,323 - INFO - JOUEUR: Raquette gauche déplacée de 201 à 194
2025-05-03 17:16:02,323 - INFO - IA: Raquette droite déplacée de 173 à 166
2025-05-03 17:16:02,341 - INFO - JOUEUR: Raquette gauche déplacée de 194 à 187
2025-05-03 17:16:02,341 - INFO - IA: Raquette droite déplacée de 166 à 159
2025-05-03 17:16:02,358 - INFO - JOUEUR: Raquette gauche déplacée de 187 à 180
2025-05-03 17:16:02,358 - INFO - IA: Raquette droite déplacée de 159 à 152
2025-05-03 17:16:02,376 - INFO - JOUEUR: Raquette gauche déplacée de 180 à 173
2025-05-03 17:16:02,376 - INFO - IA: Raquette droite déplacée de 152 à 145
2025-05-03 17:16:02,392 - INFO - JOUEUR: Raquette gauche déplacée de 173 à 166
2025-05-03 17:16:02,393 - INFO - IA: Raquette droite déplacée de 145 à 138
2025-05-03 17:16:02,410 - INFO - JOUEUR: Raquette gauche déplacée de 166 à 159
2025-05-03 17:16:02,410 - INFO - IA: Raquette droite déplacée de 138 à 145
2025-05-03 17:16:02,426 - INFO - JOUEUR: Raquette gauche déplacée de 159 à 152
2025-05-03 17:16:02,426 - INFO - IA: Raquette droite déplacée de 145 à 138
2025-05-03 17:16:02,427 - INFO - COLLISION: Balle a rebondi sur une raquette à la position (555, 148)
2025-05-03 17:16:02,444 - INFO - JOUEUR: Raquette gauche déplacée de 152 à 145
2025-05-03 17:16:02,445 - INFO - IA: Raquette droite déplacée de 138 à 131
2025-05-03 17:16:02,462 - INFO - JOUEUR: Raquette gauche déplacée de 145 à 138
2025-05-03 17:16:02,463 - INFO - IA: Raquette droite déplacée de 131 à 124
2025-05-03 17:16:02,480 - INFO - JOUEUR: Raquette gauche déplacée de 138 à 131
2025-05-03 17:16:02,480 - INFO - IA: Raquette droite déplacée de 124 à 117
2025-05-03 17:16:02,497 - INFO - JOUEUR: Raquette gauche déplacée de 131 à 124
2025-05-03 17:16:02,498 - INFO - IA: Raquette droite déplacée de 117 à 110
2025-05-03 17:16:02,515 - INFO - JOUEUR: Raquette gauche déplacée de 124 à 117
2025-05-03 17:16:02,515 - INFO - IA: Raquette droite déplacée de 110 à 103
2025-05-03 17:16:02,533 - INFO - JOUEUR: Raquette gauche déplacée de 117 à 110
2025-05-03 17:16:02,533 - INFO - IA: Raquette droite déplacée de 103 à 96
2025-05-03 17:16:02,551 - INFO - JOUEUR: Raquette gauche déplacée de 110 à 103
2025-05-03 17:16:02,551 - INFO - IA: Raquette droite déplacée de 96 à 89
2025-05-03 17:16:02,570 - INFO - JOUEUR: Raquette gauche déplacée de 103 à 96
2025-05-03 17:16:02,570 - INFO - IA: Raquette droite déplacée de 89 à 96
2025-05-03 17:16:02,588 - INFO - JOUEUR: Raquette gauche déplacée de 96 à 89
2025-05-03 17:16:02,588 - INFO - IA: Raquette droite déplacée de 96 à 89
2025-05-03 17:16:02,607 - INFO - JOUEUR: Raquette gauche déplacée de 89 à 82
2025-05-03 17:16:02,607 - INFO - IA: Raquette droite déplacée de 89 à 82
2025-05-03 17:16:02,625 - INFO - JOUEUR: Raquette gauche déplacée de 82 à 75
2025-05-03 17:16:02,626 - INFO - IA: Raquette droite déplacée de 82 à 75
2025-05-03 17:16:02,643 - INFO - JOUEUR: Raquette gauche déplacée de 75 à 68
2025-05-03 17:16:02,643 - INFO - IA: Raquette droite déplacée de 75 à 82
2025-05-03 17:16:02,660 - INFO - JOUEUR: Raquette gauche déplacée de 68 à 61
2025-05-03 17:16:02,660 - INFO - IA: Raquette droite déplacée de 82 à 75
2025-05-03 17:16:02,678 - INFO - JOUEUR: Raquette gauche déplacée de 61 à 54
2025-05-03 17:16:02,678 - INFO - IA: Raquette droite déplacée de 75 à 68
2025-05-03 17:16:02,696 - INFO - JOUEUR: Raquette gauche déplacée de 54 à 47
2025-05-03 17:16:02,697 - INFO - IA: Raquette droite déplacée de 68 à 61
2025-05-03 17:16:02,714 - INFO - JOUEUR: Raquette gauche déplacée de 47 à 40
2025-05-03 17:16:02,714 - INFO - IA: Raquette droite déplacée de 61 à 54
2025-05-03 17:16:02,731 - INFO - JOUEUR: Raquette gauche déplacée de 40 à 33
2025-05-03 17:16:02,731 - INFO - IA: Raquette droite déplacée de 54 à 47
2025-05-03 17:16:02,748 - INFO - JOUEUR: Raquette gauche déplacée de 33 à 26
2025-05-03 17:16:02,748 - INFO - IA: Raquette droite déplacée de 47 à 40
2025-05-03 17:16:02,765 - INFO - JOUEUR: Raquette gauche déplacée de 26 à 19
2025-05-03 17:16:02,765 - INFO - IA: Raquette droite déplacée de 40 à 33
2025-05-03 17:16:02,783 - INFO - JOUEUR: Raquette gauche déplacée de 19 à 12
2025-05-03 17:16:02,784 - INFO - IA: Raquette droite déplacée de 33 à 26
2025-05-03 17:16:02,802 - INFO - JOUEUR: Raquette gauche déplacée de 12 à 5
2025-05-03 17:16:02,802 - INFO - IA: Raquette droite déplacée de 26 à 19
2025-05-03 17:16:02,819 - INFO - JOUEUR: Raquette gauche déplacée de 5 à 0
2025-05-03 17:16:02,820 - INFO - IA: Raquette droite déplacée de 19 à 12
2025-05-03 17:16:02,837 - INFO - IA: Raquette droite déplacée de 12 à 5
2025-05-03 17:16:02,855 - INFO - IA: Raquette droite déplacée de 5 à 0
2025-05-03 17:16:02,942 - INFO - INPUT: Joueur relâche les touches directionnelles
2025-05-03 17:16:02,960 - INFO - COLLISION: Balle a rebondi sur un mur à la position (315, -2)
2025-05-03 17:16:03,064 - INFO - IA: Raquette droite déplacée de 0 à 7
2025-05-03 17:16:03,082 - INFO - IA: Raquette droite déplacée de 7 à 0
2025-05-03 17:16:03,117 - INFO - IA: Raquette droite déplacée de 0 à 7
2025-05-03 17:16:03,135 - INFO - IA: Raquette droite déplacée de 7 à 0
2025-05-03 17:16:03,153 - INFO - IA: Raquette droite déplacée de 0 à 7
2025-05-03 17:16:03,170 - INFO - IA: Raquette droite déplacée de 7 à 0
2025-05-03 17:16:03,204 - INFO - IA: Raquette droite déplacée de 0 à 7
2025-05-03 17:16:03,222 - INFO - INPUT: Joueur appuie sur la touche BAS
2025-05-03 17:16:03,222 - INFO - JOUEUR: Raquette gauche déplacée de 0 à 7
2025-05-03 17:16:03,222 - INFO - IA: Raquette droite déplacée de 7 à 14
2025-05-03 17:16:03,239 - INFO - JOUEUR: Raquette gauche déplacée de 7 à 14
2025-05-03 17:16:03,239 - INFO - IA: Raquette droite déplacée de 14 à 21
2025-05-03 17:16:03,256 - INFO - JOUEUR: Raquette gauche déplacée de 14 à 21
2025-05-03 17:16:03,256 - INFO - IA: Raquette droite déplacée de 21 à 28
2025-05-03 17:16:03,273 - INFO - JOUEUR: Raquette gauche déplacée de 21 à 28
2025-05-03 17:16:03,273 - INFO - IA: Raquette droite déplacée de 28 à 35
2025-05-03 17:16:03,291 - INFO - JOUEUR: Raquette gauche déplacée de 28 à 35
2025-05-03 17:16:03,291 - INFO - IA: Raquette droite déplacée de 35 à 28
2025-05-03 17:16:03,308 - INFO - JOUEUR: Raquette gauche déplacée de 35 à 42
2025-05-03 17:16:03,308 - INFO - IA: Raquette droite déplacée de 28 à 35
2025-05-03 17:16:03,326 - INFO - JOUEUR: Raquette gauche déplacée de 42 à 49
2025-05-03 17:16:03,326 - INFO - IA: Raquette droite déplacée de 35 à 42
2025-05-03 17:16:03,343 - INFO - JOUEUR: Raquette gauche déplacée de 49 à 56
2025-05-03 17:16:03,343 - INFO - IA: Raquette droite déplacée de 42 à 49
2025-05-03 17:16:03,361 - INFO - JOUEUR: Raquette gauche déplacée de 56 à 63
2025-05-03 17:16:03,361 - INFO - IA: Raquette droite déplacée de 49 à 56
2025-05-03 17:16:03,379 - INFO - JOUEUR: Raquette gauche déplacée de 63 à 70
2025-05-03 17:16:03,379 - INFO - IA: Raquette droite déplacée de 56 à 63
2025-05-03 17:16:03,396 - INFO - JOUEUR: Raquette gauche déplacée de 70 à 77
2025-05-03 17:16:03,396 - INFO - IA: Raquette droite déplacée de 63 à 70
2025-05-03 17:16:03,413 - INFO - JOUEUR: Raquette gauche déplacée de 77 à 84
2025-05-03 17:16:03,413 - INFO - IA: Raquette droite déplacée de 70 à 77
2025-05-03 17:16:03,431 - INFO - JOUEUR: Raquette gauche déplacée de 84 à 91
2025-05-03 17:16:03,431 - INFO - IA: Raquette droite déplacée de 77 à 84
2025-05-03 17:16:03,447 - INFO - JOUEUR: Raquette gauche déplacée de 91 à 98
2025-05-03 17:16:03,448 - INFO - IA: Raquette droite déplacée de 84 à 77
2025-05-03 17:16:03,465 - INFO - JOUEUR: Raquette gauche déplacée de 98 à 105
2025-05-03 17:16:03,465 - INFO - IA: Raquette droite déplacée de 77 à 84
2025-05-03 17:16:03,483 - INFO - JOUEUR: Raquette gauche déplacée de 105 à 112
2025-05-03 17:16:03,483 - INFO - IA: Raquette droite déplacée de 84 à 77
2025-05-03 17:16:03,500 - INFO - JOUEUR: Raquette gauche déplacée de 112 à 119
2025-05-03 17:16:03,501 - INFO - IA: Raquette droite déplacée de 77 à 84
2025-05-03 17:16:03,517 - INFO - JOUEUR: Raquette gauche déplacée de 119 à 126
2025-05-03 17:16:03,518 - INFO - IA: Raquette droite déplacée de 84 à 91
2025-05-03 17:16:03,535 - INFO - JOUEUR: Raquette gauche déplacée de 126 à 133
2025-05-03 17:16:03,552 - INFO - JOUEUR: Raquette gauche déplacée de 133 à 140
2025-05-03 17:16:03,552 - INFO - IA: Raquette droite déplacée de 91 à 98
2025-05-03 17:16:03,569 - INFO - JOUEUR: Raquette gauche déplacée de 140 à 147
2025-05-03 17:16:03,570 - INFO - IA: Raquette droite déplacée de 98 à 105
2025-05-03 17:16:03,586 - INFO - JOUEUR: Raquette gauche déplacée de 147 à 154
2025-05-03 17:16:03,586 - INFO - IA: Raquette droite déplacée de 105 à 112
2025-05-03 17:16:03,586 - INFO - COLLISION: Balle a rebondi sur une raquette à la position (27, 178)
2025-05-03 17:16:03,604 - INFO - JOUEUR: Raquette gauche déplacée de 154 à 161
2025-05-03 17:16:03,604 - INFO - IA: Raquette droite déplacée de 112 à 119
2025-05-03 17:16:03,622 - INFO - JOUEUR: Raquette gauche déplacée de 161 à 168
2025-05-03 17:16:03,623 - INFO - IA: Raquette droite déplacée de 119 à 126
2025-05-03 17:16:03,641 - INFO - JOUEUR: Raquette gauche déplacée de 168 à 175
2025-05-03 17:16:03,641 - INFO - IA: Raquette droite déplacée de 126 à 133
2025-05-03 17:16:03,658 - INFO - JOUEUR: Raquette gauche déplacée de 175 à 182
2025-05-03 17:16:03,658 - INFO - IA: Raquette droite déplacée de 133 à 140
2025-05-03 17:16:03,676 - INFO - JOUEUR: Raquette gauche déplacée de 182 à 189
2025-05-03 17:16:03,676 - INFO - IA: Raquette droite déplacée de 140 à 147
2025-05-03 17:16:03,693 - INFO - JOUEUR: Raquette gauche déplacée de 189 à 196
2025-05-03 17:16:03,693 - INFO - IA: Raquette droite déplacée de 147 à 154
2025-05-03 17:16:03,711 - INFO - JOUEUR: Raquette gauche déplacée de 196 à 203
2025-05-03 17:16:03,711 - INFO - IA: Raquette droite déplacée de 154 à 161
2025-05-03 17:16:03,729 - INFO - JOUEUR: Raquette gauche déplacée de 203 à 210
2025-05-03 17:16:03,729 - INFO - IA: Raquette droite déplacée de 161 à 168
2025-05-03 17:16:03,747 - INFO - JOUEUR: Raquette gauche déplacée de 210 à 217
2025-05-03 17:16:03,747 - INFO - IA: Raquette droite déplacée de 168 à 161
2025-05-03 17:16:03,764 - INFO - JOUEUR: Raquette gauche déplacée de 217 à 224
2025-05-03 17:16:03,764 - INFO - IA: Raquette droite déplacée de 161 à 168
2025-05-03 17:16:03,781 - INFO - JOUEUR: Raquette gauche déplacée de 224 à 231
2025-05-03 17:16:03,781 - INFO - IA: Raquette droite déplacée de 168 à 175
2025-05-03 17:16:03,798 - INFO - JOUEUR: Raquette gauche déplacée de 231 à 238
2025-05-03 17:16:03,799 - INFO - IA: Raquette droite déplacée de 175 à 182
2025-05-03 17:16:03,817 - INFO - JOUEUR: Raquette gauche déplacée de 238 à 245
2025-05-03 17:16:03,817 - INFO - IA: Raquette droite déplacée de 182 à 189
2025-05-03 17:16:03,834 - INFO - JOUEUR: Raquette gauche déplacée de 245 à 252
2025-05-03 17:16:03,834 - INFO - IA: Raquette droite déplacée de 189 à 196
2025-05-03 17:16:03,852 - INFO - INPUT: Joueur relâche les touches directionnelles
2025-05-03 17:16:03,853 - INFO - IA: Raquette droite déplacée de 196 à 203
2025-05-03 17:16:03,870 - INFO - IA: Raquette droite déplacée de 203 à 210
2025-05-03 17:16:03,888 - INFO - IA: Raquette droite déplacée de 210 à 217
2025-05-03 17:16:03,906 - INFO - IA: Raquette droite déplacée de 217 à 224
2025-05-03 17:16:03,924 - INFO - IA: Raquette droite déplacée de 224 à 231
2025-05-03 17:16:03,941 - INFO - IA: Raquette droite déplacée de 231 à 238
2025-05-03 17:16:03,959 - INFO - IA: Raquette droite déplacée de 238 à 231
2025-05-03 17:16:03,976 - INFO - IA: Raquette droite déplacée de 231 à 238
2025-05-03 17:16:03,994 - INFO - IA: Raquette droite déplacée de 238 à 231
2025-05-03 17:16:04,011 - INFO - IA: Raquette droite déplacée de 231 à 238
2025-05-03 17:16:04,029 - INFO - IA: Raquette droite déplacée de 238 à 245
2025-05-03 17:16:04,046 - INFO - IA: Raquette droite déplacée de 245 à 252
2025-05-03 17:16:04,064 - INFO - IA: Raquette droite déplacée de 252 à 259
2025-05-03 17:16:04,082 - INFO - IA: Raquette droite déplacée de 259 à 266
2025-05-03 17:16:04,101 - INFO - IA: Raquette droite déplacée de 266 à 273
2025-05-03 17:16:04,118 - INFO - IA: Raquette droite déplacée de 273 à 266
2025-05-03 17:16:04,136 - INFO - IA: Raquette droite déplacée de 266 à 273
2025-05-03 17:16:04,154 - INFO - IA: Raquette droite déplacée de 273 à 280
2025-05-03 17:16:04,171 - INFO - IA: Raquette droite déplacée de 280 à 287
2025-05-03 17:16:04,189 - INFO - IA: Raquette droite déplacée de 287 à 280
2025-05-03 17:16:04,207 - INFO - IA: Raquette droite déplacée de 280 à 287
2025-05-03 17:16:04,225 - INFO - IA: Raquette droite déplacée de 287 à 294
2025-05-03 17:16:04,243 - INFO - IA: Raquette droite déplacée de 294 à 287
2025-05-03 17:16:04,260 - INFO - IA: Raquette droite déplacée de 287 à 294
2025-05-03 17:16:04,278 - INFO - INPUT: Joueur appuie sur la touche BAS
2025-05-03 17:16:04,278 - INFO - JOUEUR: Raquette gauche déplacée de 252 à 259
2025-05-03 17:16:04,278 - INFO - IA: Raquette droite déplacée de 294 à 301
2025-05-03 17:16:04,295 - INFO - JOUEUR: Raquette gauche déplacée de 259 à 266
2025-05-03 17:16:04,295 - INFO - IA: Raquette droite déplacée de 301 à 308
2025-05-03 17:16:04,313 - INFO - JOUEUR: Raquette gauche déplacée de 266 à 273
2025-05-03 17:16:04,313 - INFO - IA: Raquette droite déplacée de 308 à 315
2025-05-03 17:16:04,331 - INFO - JOUEUR: Raquette gauche déplacée de 273 à 280
2025-05-03 17:16:04,331 - INFO - IA: Raquette droite déplacée de 315 à 322
2025-05-03 17:16:04,348 - INFO - JOUEUR: Raquette gauche déplacée de 280 à 287
2025-05-03 17:16:04,348 - INFO - IA: Raquette droite déplacée de 322 à 329
2025-05-03 17:16:04,366 - INFO - JOUEUR: Raquette gauche déplacée de 287 à 294
2025-05-03 17:16:04,366 - INFO - IA: Raquette droite déplacée de 329 à 336
2025-05-03 17:16:04,384 - INFO - JOUEUR: Raquette gauche déplacée de 294 à 301
2025-05-03 17:16:04,384 - INFO - IA: Raquette droite déplacée de 336 à 343
2025-05-03 17:16:04,402 - INFO - JOUEUR: Raquette gauche déplacée de 301 à 308
2025-05-03 17:16:04,402 - INFO - IA: Raquette droite déplacée de 343 à 350
2025-05-03 17:16:04,420 - INFO - JOUEUR: Raquette gauche déplacée de 308 à 315
2025-05-03 17:16:04,420 - INFO - IA: Raquette droite déplacée de 350 à 357
2025-05-03 17:16:04,437 - INFO - JOUEUR: Raquette gauche déplacée de 315 à 322
2025-05-03 17:16:04,437 - INFO - IA: Raquette droite déplacée de 357 à 364
2025-05-03 17:16:04,454 - INFO - JOUEUR: Raquette gauche déplacée de 322 à 329
2025-05-03 17:16:04,454 - INFO - IA: Raquette droite déplacée de 364 à 371
2025-05-03 17:16:04,471 - INFO - JOUEUR: Raquette gauche déplacée de 329 à 336
2025-05-03 17:16:04,472 - INFO - IA: Raquette droite déplacée de 371 à 378
2025-05-03 17:16:04,489 - INFO - JOUEUR: Raquette gauche déplacée de 336 à 343
2025-05-03 17:16:04,489 - INFO - IA: Raquette droite déplacée de 378 à 385
2025-05-03 17:16:04,507 - INFO - JOUEUR: Raquette gauche déplacée de 343 à 350
2025-05-03 17:16:04,507 - INFO - IA: Raquette droite déplacée de 385 à 390
2025-05-03 17:16:04,524 - INFO - JOUEUR: Raquette gauche déplacée de 350 à 357
2025-05-03 17:16:04,524 - INFO - IA: Raquette droite déplacée de 390 à 383
2025-05-03 17:16:04,541 - INFO - JOUEUR: Raquette gauche déplacée de 357 à 364
2025-05-03 17:16:04,541 - INFO - IA: Raquette droite déplacée de 383 à 390
2025-05-03 17:16:04,558 - INFO - JOUEUR: Raquette gauche déplacée de 364 à 371
2025-05-03 17:16:04,558 - INFO - IA: Raquette droite déplacée de 390 à 383
2025-05-03 17:16:04,575 - INFO - INPUT: Joueur relâche les touches directionnelles
2025-05-03 17:16:04,575 - INFO - IA: Raquette droite déplacée de 383 à 390
2025-05-03 17:16:04,609 - INFO - COLLISION: Balle a rebondi sur un mur à la position (549, 468)
2025-05-03 17:16:04,627 - INFO - COLLISION: Balle a rebondi sur une raquette à la position (558, 463)
2025-05-03 17:16:04,713 - INFO - IA: Raquette droite déplacée de 390 à 383
2025-05-03 17:16:04,731 - INFO - IA: Raquette droite déplacée de 383 à 376
2025-05-03 17:16:04,748 - INFO - IA: Raquette droite déplacée de 376 à 383
2025-05-03 17:16:04,766 - INFO - IA: Raquette droite déplacée de 383 à 390
2025-05-03 17:16:04,784 - INFO - IA: Raquette droite déplacée de 390 à 383
2025-05-03 17:16:04,818 - INFO - IA: Raquette droite déplacée de 383 à 376
2025-05-03 17:16:04,836 - INFO - IA: Raquette droite déplacée de 376 à 369
2025-05-03 17:16:04,853 - INFO - IA: Raquette droite déplacée de 369 à 376
2025-05-03 17:16:04,870 - INFO - IA: Raquette droite déplacée de 376 à 383
2025-05-03 17:16:04,888 - INFO - IA: Raquette droite déplacée de 383 à 376
2025-05-03 17:16:04,905 - INFO - IA: Raquette droite déplacée de 376 à 369
2025-05-03 17:16:04,922 - INFO - IA: Raquette droite déplacée de 369 à 362
2025-05-03 17:16:04,940 - INFO - IA: Raquette droite déplacée de 362 à 355
2025-05-03 17:16:04,957 - INFO - INPUT: Joueur appuie sur la touche HAUT
2025-05-03 17:16:04,957 - INFO - JOUEUR: Raquette gauche déplacée de 371 à 364
2025-05-03 17:16:04,957 - INFO - IA: Raquette droite déplacée de 355 à 348
2025-05-03 17:16:04,975 - INFO - JOUEUR: Raquette gauche déplacée de 364 à 357
2025-05-03 17:16:04,975 - INFO - IA: Raquette droite déplacée de 348 à 355
2025-05-03 17:16:04,992 - INFO - JOUEUR: Raquette gauche déplacée de 357 à 350
2025-05-03 17:16:04,993 - INFO - IA: Raquette droite déplacée de 355 à 348
2025-05-03 17:16:05,010 - INFO - JOUEUR: Raquette gauche déplacée de 350 à 343
2025-05-03 17:16:05,010 - INFO - IA: Raquette droite déplacée de 348 à 341
2025-05-03 17:16:05,027 - INFO - JOUEUR: Raquette gauche déplacée de 343 à 336
2025-05-03 17:16:05,027 - INFO - IA: Raquette droite déplacée de 341 à 334
2025-05-03 17:16:05,045 - INFO - JOUEUR: Raquette gauche déplacée de 336 à 329
2025-05-03 17:16:05,045 - INFO - IA: Raquette droite déplacée de 334 à 327
2025-05-03 17:16:05,063 - INFO - JOUEUR: Raquette gauche déplacée de 329 à 322
2025-05-03 17:16:05,063 - INFO - IA: Raquette droite déplacée de 327 à 320
2025-05-03 17:16:05,080 - INFO - JOUEUR: Raquette gauche déplacée de 322 à 315
2025-05-03 17:16:05,081 - INFO - IA: Raquette droite déplacée de 320 à 327
2025-05-03 17:16:05,098 - INFO - JOUEUR: Raquette gauche déplacée de 315 à 308
2025-05-03 17:16:05,098 - INFO - IA: Raquette droite déplacée de 327 à 320
2025-05-03 17:16:05,115 - INFO - JOUEUR: Raquette gauche déplacée de 308 à 301
2025-05-03 17:16:05,115 - INFO - IA: Raquette droite déplacée de 320 à 313
2025-05-03 17:16:05,132 - INFO - JOUEUR: Raquette gauche déplacée de 301 à 294
2025-05-03 17:16:05,132 - INFO - IA: Raquette droite déplacée de 313 à 306
2025-05-03 17:16:05,150 - INFO - JOUEUR: Raquette gauche déplacée de 294 à 287
2025-05-03 17:16:05,150 - INFO - IA: Raquette droite déplacée de 306 à 313
2025-05-03 17:16:05,168 - INFO - JOUEUR: Raquette gauche déplacée de 287 à 280
2025-05-03 17:16:05,168 - INFO - IA: Raquette droite déplacée de 313 à 306
2025-05-03 17:16:05,186 - INFO - JOUEUR: Raquette gauche déplacée de 280 à 273
2025-05-03 17:16:05,186 - INFO - IA: Raquette droite déplacée de 306 à 299
2025-05-03 17:16:05,205 - INFO - JOUEUR: Raquette gauche déplacée de 273 à 266
2025-05-03 17:16:05,205 - INFO - IA: Raquette droite déplacée de 299 à 292
2025-05-03 17:16:05,222 - INFO - JOUEUR: Raquette gauche déplacée de 266 à 259
2025-05-03 17:16:05,223 - INFO - IA: Raquette droite déplacée de 292 à 285
2025-05-03 17:16:05,240 - INFO - JOUEUR: Raquette gauche déplacée de 259 à 252
2025-05-03 17:16:05,240 - INFO - IA: Raquette droite déplacée de 285 à 278
2025-05-03 17:16:05,256 - INFO - JOUEUR: Raquette gauche déplacée de 252 à 245
2025-05-03 17:16:05,257 - INFO - IA: Raquette droite déplacée de 278 à 271
2025-05-03 17:16:05,274 - INFO - JOUEUR: Raquette gauche déplacée de 245 à 238
2025-05-03 17:16:05,274 - INFO - IA: Raquette droite déplacée de 271 à 264
2025-05-03 17:16:05,291 - INFO - JOUEUR: Raquette gauche déplacée de 238 à 231
2025-05-03 17:16:05,291 - INFO - IA: Raquette droite déplacée de 264 à 257
2025-05-03 17:16:05,308 - INFO - JOUEUR: Raquette gauche déplacée de 231 à 224
2025-05-03 17:16:05,308 - INFO - IA: Raquette droite déplacée de 257 à 250
2025-05-03 17:16:05,325 - INFO - JOUEUR: Raquette gauche déplacée de 224 à 217
2025-05-03 17:16:05,325 - INFO - IA: Raquette droite déplacée de 250 à 243
2025-05-03 17:16:05,342 - INFO - JOUEUR: Raquette gauche déplacée de 217 à 210
2025-05-03 17:16:05,342 - INFO - IA: Raquette droite déplacée de 243 à 236
2025-05-03 17:16:05,359 - INFO - JOUEUR: Raquette gauche déplacée de 210 à 203
2025-05-03 17:16:05,359 - INFO - IA: Raquette droite déplacée de 236 à 229
2025-05-03 17:16:05,376 - INFO - JOUEUR: Raquette gauche déplacée de 203 à 196
2025-05-03 17:16:05,376 - INFO - IA: Raquette droite déplacée de 229 à 222
2025-05-03 17:16:05,392 - INFO - JOUEUR: Raquette gauche déplacée de 196 à 189
2025-05-03 17:16:05,392 - INFO - IA: Raquette droite déplacée de 222 à 215
2025-05-03 17:16:05,410 - INFO - JOUEUR: Raquette gauche déplacée de 189 à 182
2025-05-03 17:16:05,410 - INFO - IA: Raquette droite déplacée de 215 à 208
2025-05-03 17:16:05,428 - INFO - JOUEUR: Raquette gauche déplacée de 182 à 175
2025-05-03 17:16:05,429 - INFO - IA: Raquette droite déplacée de 208 à 201
2025-05-03 17:16:05,446 - INFO - JOUEUR: Raquette gauche déplacée de 175 à 168
2025-05-03 17:16:05,446 - INFO - IA: Raquette droite déplacée de 201 à 194
2025-05-03 17:16:05,464 - INFO - JOUEUR: Raquette gauche déplacée de 168 à 161
2025-05-03 17:16:05,464 - INFO - IA: Raquette droite déplacée de 194 à 187
2025-05-03 17:16:05,482 - INFO - JOUEUR: Raquette gauche déplacée de 161 à 154
2025-05-03 17:16:05,482 - INFO - IA: Raquette droite déplacée de 187 à 194
2025-05-03 17:16:05,499 - INFO - JOUEUR: Raquette gauche déplacée de 154 à 147
2025-05-03 17:16:05,500 - INFO - IA: Raquette droite déplacée de 194 à 201
2025-05-03 17:16:05,517 - INFO - INPUT: Joueur relâche les touches directionnelles
2025-05-03 17:16:05,517 - INFO - IA: Raquette droite déplacée de 201 à 194
2025-05-03 17:16:05,534 - INFO - IA: Raquette droite déplacée de 194 à 187
2025-05-03 17:16:05,552 - INFO - COLLISION: Balle a rebondi sur une raquette à la position (28, 198)
2025-05-03 17:16:05,569 - INFO - IA: Raquette droite déplacée de 187 à 194
2025-05-03 17:16:05,586 - INFO - IA: Raquette droite déplacée de 194 à 187
2025-05-03 17:16:05,603 - INFO - IA: Raquette droite déplacée de 187 à 180
2025-05-03 17:16:05,621 - INFO - IA: Raquette droite déplacée de 180 à 173
2025-05-03 17:16:05,638 - INFO - IA: Raquette droite déplacée de 173 à 166
2025-05-03 17:16:05,656 - INFO - IA: Raquette droite déplacée de 166 à 159
2025-05-03 17:16:05,673 - INFO - IA: Raquette droite déplacée de 159 à 152
2025-05-03 17:16:05,691 - INFO - IA: Raquette droite déplacée de 152 à 145
2025-05-03 17:16:05,708 - INFO - IA: Raquette droite déplacée de 145 à 138
2025-05-03 17:16:05,726 - INFO - IA: Raquette droite déplacée de 138 à 131
2025-05-03 17:16:05,744 - INFO - IA: Raquette droite déplacée de 131 à 138
2025-05-03 17:16:05,761 - INFO - IA: Raquette droite déplacée de 138 à 131
2025-05-03 17:16:05,779 - INFO - IA: Raquette droite déplacée de 131 à 124
2025-05-03 17:16:05,797 - INFO - IA: Raquette droite déplacée de 124 à 117
2025-05-03 17:16:05,815 - INFO - IA: Raquette droite déplacée de 117 à 110
2025-05-03 17:16:05,832 - INFO - IA: Raquette droite déplacée de 110 à 103
2025-05-03 17:16:05,849 - INFO - IA: Raquette droite déplacée de 103 à 96
2025-05-03 17:16:05,866 - INFO - IA: Raquette droite déplacée de 96 à 89
2025-05-03 17:16:05,883 - INFO - IA: Raquette droite déplacée de 89 à 82
2025-05-03 17:16:05,901 - INFO - IA: Raquette droite déplacée de 82 à 75
2025-05-03 17:16:05,918 - INFO - IA: Raquette droite déplacée de 75 à 82
2025-05-03 17:16:05,935 - INFO - IA: Raquette droite déplacée de 82 à 75
2025-05-03 17:16:05,953 - INFO - IA: Raquette droite déplacée de 75 à 68
2025-05-03 17:16:05,970 - INFO - IA: Raquette droite déplacée de 68 à 61
2025-05-03 17:16:05,988 - INFO - IA: Raquette droite déplacée de 61 à 54
2025-05-03 17:16:06,005 - INFO - IA: Raquette droite déplacée de 54 à 47
2025-05-03 17:16:06,023 - INFO - IA: Raquette droite déplacée de 47 à 54
2025-05-03 17:16:06,041 - INFO - IA: Raquette droite déplacée de 54 à 47
2025-05-03 17:16:06,059 - INFO - IA: Raquette droite déplacée de 47 à 40
2025-05-03 17:16:06,076 - INFO - IA: Raquette droite déplacée de 40 à 33
2025-05-03 17:16:06,094 - INFO - IA: Raquette droite déplacée de 33 à 26
2025-05-03 17:16:06,111 - INFO - IA: Raquette droite déplacée de 26 à 19
2025-05-03 17:16:06,129 - INFO - IA: Raquette droite déplacée de 19 à 12
2025-05-03 17:16:06,147 - INFO - IA: Raquette droite déplacée de 12 à 19
2025-05-03 17:16:06,164 - INFO - IA: Raquette droite déplacée de 19 à 12
2025-05-03 17:16:06,181 - INFO - IA: Raquette droite déplacée de 12 à 5
2025-05-03 17:16:06,200 - INFO - IA: Raquette droite déplacée de 5 à 0
2025-05-03 17:16:06,253 - INFO - COLLISION: Balle a rebondi sur un mur à la position (468, -2)
2025-05-03 17:16:06,357 - INFO - IA: Raquette droite déplacée de 0 à 7
2025-05-03 17:16:06,375 - INFO - IA: Raquette droite déplacée de 7 à 14
2025-05-03 17:16:06,393 - INFO - IA: Raquette droite déplacée de 14 à 7
2025-05-03 17:16:06,393 - INFO - COLLISION: Balle a rebondi sur une raquette à la position (556, 38)
2025-05-03 17:16:06,411 - INFO - IA: Raquette droite déplacée de 7 à 0
2025-05-03 17:16:06,428 - INFO - IA: Raquette droite déplacée de 0 à 7
2025-05-03 17:16:06,446 - INFO - INPUT: Joueur appuie sur la touche BAS
2025-05-03 17:16:06,447 - INFO - JOUEUR: Raquette gauche déplacée de 147 à 154
2025-05-03 17:16:06,447 - INFO - IA: Raquette droite déplacée de 7 à 14
2025-05-03 17:16:06,466 - INFO - JOUEUR: Raquette gauche déplacée de 154 à 161
2025-05-03 17:16:06,466 - INFO - IA: Raquette droite déplacée de 14 à 7
2025-05-03 17:16:06,484 - INFO - JOUEUR: Raquette gauche déplacée de 161 à 168
2025-05-03 17:16:06,484 - INFO - IA: Raquette droite déplacée de 7 à 0
2025-05-03 17:16:06,501 - INFO - JOUEUR: Raquette gauche déplacée de 168 à 175
2025-05-03 17:16:06,501 - INFO - IA: Raquette droite déplacée de 0 à 7
2025-05-03 17:16:06,518 - INFO - JOUEUR: Raquette gauche déplacée de 175 à 182
2025-05-03 17:16:06,518 - INFO - IA: Raquette droite déplacée de 7 à 14
2025-05-03 17:16:06,535 - INFO - JOUEUR: Raquette gauche déplacée de 182 à 189
2025-05-03 17:16:06,536 - INFO - IA: Raquette droite déplacée de 14 à 21
2025-05-03 17:16:06,553 - INFO - JOUEUR: Raquette gauche déplacée de 189 à 196
2025-05-03 17:16:06,553 - INFO - IA: Raquette droite déplacée de 21 à 28
2025-05-03 17:16:06,570 - INFO - JOUEUR: Raquette gauche déplacée de 196 à 203
2025-05-03 17:16:06,570 - INFO - IA: Raquette droite déplacée de 28 à 21
2025-05-03 17:16:06,587 - INFO - JOUEUR: Raquette gauche déplacée de 203 à 210
2025-05-03 17:16:06,587 - INFO - IA: Raquette droite déplacée de 21 à 28
2025-05-03 17:16:06,605 - INFO - JOUEUR: Raquette gauche déplacée de 210 à 217
2025-05-03 17:16:06,605 - INFO - IA: Raquette droite déplacée de 28 à 35
2025-05-03 17:16:06,622 - INFO - JOUEUR: Raquette gauche déplacée de 217 à 224
2025-05-03 17:16:06,622 - INFO - IA: Raquette droite déplacée de 35 à 42
2025-05-03 17:16:06,639 - INFO - JOUEUR: Raquette gauche déplacée de 224 à 231
2025-05-03 17:16:06,640 - INFO - IA: Raquette droite déplacée de 42 à 49
2025-05-03 17:16:06,657 - INFO - JOUEUR: Raquette gauche déplacée de 231 à 238
2025-05-03 17:16:06,657 - INFO - IA: Raquette droite déplacée de 49 à 56
2025-05-03 17:16:06,674 - INFO - JOUEUR: Raquette gauche déplacée de 238 à 245
2025-05-03 17:16:06,674 - INFO - IA: Raquette droite déplacée de 56 à 63
2025-05-03 17:16:06,692 - INFO - JOUEUR: Raquette gauche déplacée de 245 à 252
2025-05-03 17:16:06,692 - INFO - IA: Raquette droite déplacée de 63 à 70
2025-05-03 17:16:06,710 - INFO - JOUEUR: Raquette gauche déplacée de 252 à 259
2025-05-03 17:16:06,710 - INFO - IA: Raquette droite déplacée de 70 à 77
2025-05-03 17:16:06,727 - INFO - JOUEUR: Raquette gauche déplacée de 259 à 266
2025-05-03 17:16:06,727 - INFO - IA: Raquette droite déplacée de 77 à 70
2025-05-03 17:16:06,744 - INFO - JOUEUR: Raquette gauche déplacée de 266 à 273
2025-05-03 17:16:06,744 - INFO - IA: Raquette droite déplacée de 70 à 77
2025-05-03 17:16:06,762 - INFO - JOUEUR: Raquette gauche déplacée de 273 à 280
2025-05-03 17:16:06,762 - INFO - IA: Raquette droite déplacée de 77 à 84
2025-05-03 17:16:06,780 - INFO - JOUEUR: Raquette gauche déplacée de 280 à 287
2025-05-03 17:16:06,780 - INFO - IA: Raquette droite déplacée de 84 à 77
2025-05-03 17:16:06,797 - INFO - JOUEUR: Raquette gauche déplacée de 287 à 294
2025-05-03 17:16:06,797 - INFO - IA: Raquette droite déplacée de 77 à 84
2025-05-03 17:16:06,813 - INFO - JOUEUR: Raquette gauche déplacée de 294 à 301
2025-05-03 17:16:06,814 - INFO - IA: Raquette droite déplacée de 84 à 91
2025-05-03 17:16:06,831 - INFO - JOUEUR: Raquette gauche déplacée de 301 à 308
2025-05-03 17:16:06,832 - INFO - IA: Raquette droite déplacée de 91 à 98
2025-05-03 17:16:06,849 - INFO - INPUT: Joueur relâche les touches directionnelles
2025-05-03 17:16:06,849 - INFO - IA: Raquette droite déplacée de 98 à 105
2025-05-03 17:16:06,867 - INFO - IA: Raquette droite déplacée de 105 à 112
2025-05-03 17:16:06,884 - INFO - IA: Raquette droite déplacée de 112 à 119
2025-05-03 17:16:06,902 - INFO - IA: Raquette droite déplacée de 119 à 126
2025-05-03 17:16:06,920 - INFO - IA: Raquette droite déplacée de 126 à 119
2025-05-03 17:16:06,937 - INFO - IA: Raquette droite déplacée de 119 à 126
2025-05-03 17:16:06,954 - INFO - IA: Raquette droite déplacée de 126 à 133
2025-05-03 17:16:06,972 - INFO - IA: Raquette droite déplacée de 133 à 140
2025-05-03 17:16:06,992 - INFO - INPUT: Joueur appuie sur la touche HAUT
2025-05-03 17:16:06,992 - INFO - JOUEUR: Raquette gauche déplacée de 308 à 301
2025-05-03 17:16:06,992 - INFO - IA: Raquette droite déplacée de 140 à 147
2025-05-03 17:16:07,010 - INFO - JOUEUR: Raquette gauche déplacée de 301 à 294
2025-05-03 17:16:07,010 - INFO - IA: Raquette droite déplacée de 147 à 154
2025-05-03 17:16:07,027 - INFO - JOUEUR: Raquette gauche déplacée de 294 à 287
2025-05-03 17:16:07,027 - INFO - IA: Raquette droite déplacée de 154 à 161
2025-05-03 17:16:07,044 - INFO - JOUEUR: Raquette gauche déplacée de 287 à 280
2025-05-03 17:16:07,044 - INFO - IA: Raquette droite déplacée de 161 à 168
2025-05-03 17:16:07,062 - INFO - JOUEUR: Raquette gauche déplacée de 280 à 273
2025-05-03 17:16:07,062 - INFO - IA: Raquette droite déplacée de 168 à 175
2025-05-03 17:16:07,079 - INFO - JOUEUR: Raquette gauche déplacée de 273 à 266
2025-05-03 17:16:07,080 - INFO - IA: Raquette droite déplacée de 175 à 182
2025-05-03 17:16:07,097 - INFO - JOUEUR: Raquette gauche déplacée de 266 à 259
2025-05-03 17:16:07,097 - INFO - IA: Raquette droite déplacée de 182 à 189
2025-05-03 17:16:07,114 - INFO - JOUEUR: Raquette gauche déplacée de 259 à 252
2025-05-03 17:16:07,115 - INFO - IA: Raquette droite déplacée de 189 à 182
2025-05-03 17:16:07,132 - INFO - JOUEUR: Raquette gauche déplacée de 252 à 245
2025-05-03 17:16:07,132 - INFO - IA: Raquette droite déplacée de 182 à 189
2025-05-03 17:16:07,150 - INFO - JOUEUR: Raquette gauche déplacée de 245 à 238
2025-05-03 17:16:07,150 - INFO - IA: Raquette droite déplacée de 189 à 196
2025-05-03 17:16:07,167 - INFO - JOUEUR: Raquette gauche déplacée de 238 à 231
2025-05-03 17:16:07,167 - INFO - IA: Raquette droite déplacée de 196 à 203
2025-05-03 17:16:07,167 - INFO - COLLISION: Balle a rebondi sur une raquette à la position (28, 258)
2025-05-03 17:16:07,184 - INFO - JOUEUR: Raquette gauche déplacée de 231 à 224
2025-05-03 17:16:07,184 - INFO - IA: Raquette droite déplacée de 203 à 210
2025-05-03 17:16:07,202 - INFO - JOUEUR: Raquette gauche déplacée de 224 à 217
2025-05-03 17:16:07,202 - INFO - IA: Raquette droite déplacée de 210 à 217
2025-05-03 17:16:07,219 - INFO - JOUEUR: Raquette gauche déplacée de 217 à 210
2025-05-03 17:16:07,220 - INFO - IA: Raquette droite déplacée de 217 à 210
2025-05-03 17:16:07,237 - INFO - JOUEUR: Raquette gauche déplacée de 210 à 203
2025-05-03 17:16:07,237 - INFO - IA: Raquette droite déplacée de 210 à 217
2025-05-03 17:16:07,254 - INFO - JOUEUR: Raquette gauche déplacée de 203 à 196
2025-05-03 17:16:07,254 - INFO - IA: Raquette droite déplacée de 217 à 224
2025-05-03 17:16:07,271 - INFO - JOUEUR: Raquette gauche déplacée de 196 à 189
2025-05-03 17:16:07,271 - INFO - IA: Raquette droite déplacée de 224 à 231
2025-05-03 17:16:07,290 - INFO - JOUEUR: Raquette gauche déplacée de 189 à 182
2025-05-03 17:16:07,290 - INFO - IA: Raquette droite déplacée de 231 à 238
2025-05-03 17:16:07,307 - INFO - JOUEUR: Raquette gauche déplacée de 182 à 175
2025-05-03 17:16:07,307 - INFO - IA: Raquette droite déplacée de 238 à 231
2025-05-03 17:16:07,325 - INFO - INPUT: Joueur relâche les touches directionnelles
2025-05-03 17:16:07,326 - INFO - IA: Raquette droite déplacée de 231 à 238
2025-05-03 17:16:07,343 - INFO - IA: Raquette droite déplacée de 238 à 245
2025-05-03 17:16:07,360 - INFO - IA: Raquette droite déplacée de 245 à 238
2025-05-03 17:16:07,377 - INFO - IA: Raquette droite déplacée de 238 à 245
2025-05-03 17:16:07,395 - INFO - IA: Raquette droite déplacée de 245 à 252
2025-05-03 17:16:07,412 - INFO - IA: Raquette droite déplacée de 252 à 259
2025-05-03 17:16:07,429 - INFO - IA: Raquette droite déplacée de 259 à 266
2025-05-03 17:16:07,446 - INFO - IA: Raquette droite déplacée de 266 à 273
2025-05-03 17:16:07,463 - INFO - IA: Raquette droite déplacée de 273 à 280
2025-05-03 17:16:07,481 - INFO - IA: Raquette droite déplacée de 280 à 273
2025-05-03 17:16:07,498 - INFO - IA: Raquette droite déplacée de 273 à 280
2025-05-03 17:16:07,516 - INFO - IA: Raquette droite déplacée de 280 à 287
2025-05-03 17:16:07,534 - INFO - IA: Raquette droite déplacée de 287 à 294
2025-05-03 17:16:07,552 - INFO - IA: Raquette droite déplacée de 294 à 301
2025-05-03 17:16:07,569 - INFO - IA: Raquette droite déplacée de 301 à 308
2025-05-03 17:16:07,586 - INFO - IA: Raquette droite déplacée de 308 à 315
2025-05-03 17:16:07,604 - INFO - IA: Raquette droite déplacée de 315 à 322
2025-05-03 17:16:07,622 - INFO - IA: Raquette droite déplacée de 322 à 329
2025-05-03 17:16:07,639 - INFO - IA: Raquette droite déplacée de 329 à 322
2025-05-03 17:16:07,657 - INFO - IA: Raquette droite déplacée de 322 à 329
2025-05-03 17:16:07,674 - INFO - IA: Raquette droite déplacée de 329 à 336
2025-05-03 17:16:07,691 - INFO - IA: Raquette droite déplacée de 336 à 343
2025-05-03 17:16:07,708 - INFO - IA: Raquette droite déplacée de 343 à 350
2025-05-03 17:16:07,725 - INFO - IA: Raquette droite déplacée de 350 à 357
2025-05-03 17:16:07,742 - INFO - IA: Raquette droite déplacée de 357 à 364
2025-05-03 17:16:07,760 - INFO - IA: Raquette droite déplacée de 364 à 371
2025-05-03 17:16:07,778 - INFO - IA: Raquette droite déplacée de 371 à 364
2025-05-03 17:16:07,795 - INFO - INPUT: Joueur appuie sur la touche BAS
2025-05-03 17:16:07,796 - INFO - JOUEUR: Raquette gauche déplacée de 175 à 182
2025-05-03 17:16:07,796 - INFO - IA: Raquette droite déplacée de 364 à 371
2025-05-03 17:16:07,814 - INFO - JOUEUR: Raquette gauche déplacée de 182 à 189
2025-05-03 17:16:07,814 - INFO - IA: Raquette droite déplacée de 371 à 378
2025-05-03 17:16:07,831 - INFO - JOUEUR: Raquette gauche déplacée de 189 à 196
2025-05-03 17:16:07,832 - INFO - IA: Raquette droite déplacée de 378 à 385
2025-05-03 17:16:07,849 - INFO - JOUEUR: Raquette gauche déplacée de 196 à 203
2025-05-03 17:16:07,850 - INFO - IA: Raquette droite déplacée de 385 à 390
2025-05-03 17:16:07,866 - INFO - JOUEUR: Raquette gauche déplacée de 203 à 210
2025-05-03 17:16:07,883 - INFO - JOUEUR: Raquette gauche déplacée de 210 à 217
2025-05-03 17:16:07,884 - INFO - COLLISION: Balle a rebondi sur une raquette à la position (561, 463)
2025-05-03 17:16:07,900 - INFO - JOUEUR: Raquette gauche déplacée de 217 à 224
2025-05-03 17:16:07,901 - INFO - COLLISION: Balle a rebondi sur un mur à la position (547, 468)
2025-05-03 17:16:07,918 - INFO - JOUEUR: Raquette gauche déplacée de 224 à 231
2025-05-03 17:16:07,935 - INFO - INPUT: Joueur relâche les touches directionnelles
2025-05-03 17:16:08,006 - INFO - IA: Raquette droite déplacée de 390 à 383
2025-05-03 17:16:08,024 - INFO - IA: Raquette droite déplacée de 383 à 390
2025-05-03 17:16:08,077 - INFO - IA: Raquette droite déplacée de 390 à 383
2025-05-03 17:16:08,095 - INFO - IA: Raquette droite déplacée de 383 à 376
2025-05-03 17:16:08,112 - INFO - IA: Raquette droite déplacée de 376 à 369
2025-05-03 17:16:08,130 - INFO - IA: Raquette droite déplacée de 369 à 362
2025-05-03 17:16:08,147 - INFO - IA: Raquette droite déplacée de 362 à 369
2025-05-03 17:16:08,164 - INFO - IA: Raquette droite déplacée de 369 à 362
2025-05-03 17:16:08,182 - INFO - IA: Raquette droite déplacée de 362 à 355
2025-05-03 17:16:08,199 - INFO - IA: Raquette droite déplacée de 355 à 348
2025-05-03 17:16:08,216 - INFO - IA: Raquette droite déplacée de 348 à 355
2025-05-03 17:16:08,233 - INFO - IA: Raquette droite déplacée de 355 à 348
2025-05-03 17:16:08,250 - INFO - IA: Raquette droite déplacée de 348 à 341
2025-05-03 17:16:08,267 - INFO - IA: Raquette droite déplacée de 341 à 334
2025-05-03 17:16:08,284 - INFO - IA: Raquette droite déplacée de 334 à 327
2025-05-03 17:16:08,303 - INFO - IA: Raquette droite déplacée de 327 à 320
2025-05-03 17:16:08,320 - INFO - IA: Raquette droite déplacée de 320 à 327
2025-05-03 17:16:08,338 - INFO - IA: Raquette droite déplacée de 327 à 320
2025-05-03 17:16:08,355 - INFO - IA: Raquette droite déplacée de 320 à 327
2025-05-03 17:16:08,373 - INFO - IA: Raquette droite déplacée de 327 à 320
2025-05-03 17:16:08,390 - INFO - INPUT: Joueur appuie sur la touche BAS
2025-05-03 17:16:08,390 - INFO - JOUEUR: Raquette gauche déplacée de 231 à 238
2025-05-03 17:16:08,390 - INFO - IA: Raquette droite déplacée de 320 à 327
2025-05-03 17:16:08,408 - INFO - JOUEUR: Raquette gauche déplacée de 238 à 245
2025-05-03 17:16:08,408 - INFO - IA: Raquette droite déplacée de 327 à 320
2025-05-03 17:16:08,425 - INFO - JOUEUR: Raquette gauche déplacée de 245 à 252
2025-05-03 17:16:08,425 - INFO - IA: Raquette droite déplacée de 320 à 313
2025-05-03 17:16:08,443 - INFO - JOUEUR: Raquette gauche déplacée de 252 à 259
2025-05-03 17:16:08,443 - INFO - IA: Raquette droite déplacée de 313 à 306
2025-05-03 17:16:08,460 - INFO - JOUEUR: Raquette gauche déplacée de 259 à 266
2025-05-03 17:16:08,460 - INFO - IA: Raquette droite déplacée de 306 à 299
2025-05-03 17:16:08,478 - INFO - JOUEUR: Raquette gauche déplacée de 266 à 273
2025-05-03 17:16:08,478 - INFO - IA: Raquette droite déplacée de 299 à 292
2025-05-03 17:16:08,496 - INFO - JOUEUR: Raquette gauche déplacée de 273 à 280
2025-05-03 17:16:08,496 - INFO - IA: Raquette droite déplacée de 292 à 285
2025-05-03 17:16:08,513 - INFO - JOUEUR: Raquette gauche déplacée de 280 à 287
2025-05-03 17:16:08,514 - INFO - IA: Raquette droite déplacée de 285 à 278
2025-05-03 17:16:08,532 - INFO - INPUT: Joueur relâche les touches directionnelles
2025-05-03 17:16:08,533 - INFO - IA: Raquette droite déplacée de 278 à 271
2025-05-03 17:16:08,550 - INFO - IA: Raquette droite déplacée de 271 à 264
2025-05-03 17:16:08,550 - INFO - COLLISION: Balle a rebondi sur une raquette à la position (29, 283)
2025-05-03 17:16:08,567 - INFO - IA: Raquette droite déplacée de 264 à 257
2025-05-03 17:16:08,585 - INFO - IA: Raquette droite déplacée de 257 à 250
2025-05-03 17:16:08,602 - INFO - IA: Raquette droite déplacée de 250 à 243
2025-05-03 17:16:08,619 - INFO - IA: Raquette droite déplacée de 243 à 236
2025-05-03 17:16:08,636 - INFO - IA: Raquette droite déplacée de 236 à 229
2025-05-03 17:16:08,654 - INFO - IA: Raquette droite déplacée de 229 à 222
2025-05-03 17:16:08,670 - INFO - IA: Raquette droite déplacée de 222 à 215
2025-05-03 17:16:08,687 - INFO - IA: Raquette droite déplacée de 215 à 208
2025-05-03 17:16:08,705 - INFO - IA: Raquette droite déplacée de 208 à 201
2025-05-03 17:16:08,722 - INFO - IA: Raquette droite déplacée de 201 à 208
2025-05-03 17:16:08,739 - INFO - IA: Raquette droite déplacée de 208 à 215
2025-05-03 17:16:08,756 - INFO - IA: Raquette droite déplacée de 215 à 208
2025-05-03 17:16:08,774 - INFO - IA: Raquette droite déplacée de 208 à 201
2025-05-03 17:16:08,791 - INFO - IA: Raquette droite déplacée de 201 à 208
2025-05-03 17:16:08,808 - INFO - IA: Raquette droite déplacée de 208 à 201
2025-05-03 17:16:08,825 - INFO - IA: Raquette droite déplacée de 201 à 194
2025-05-03 17:16:08,842 - INFO - IA: Raquette droite déplacée de 194 à 187
2025-05-03 17:16:08,860 - INFO - IA: Raquette droite déplacée de 187 à 180
2025-05-03 17:16:08,878 - INFO - IA: Raquette droite déplacée de 180 à 173
2025-05-03 17:16:08,896 - INFO - IA: Raquette droite déplacée de 173 à 166
2025-05-03 17:16:08,914 - INFO - IA: Raquette droite déplacée de 166 à 159
2025-05-03 17:16:08,931 - INFO - IA: Raquette droite déplacée de 159 à 152
2025-05-03 17:16:08,948 - INFO - IA: Raquette droite déplacée de 152 à 159
2025-05-03 17:16:08,965 - INFO - IA: Raquette droite déplacée de 159 à 152
2025-05-03 17:16:08,982 - INFO - IA: Raquette droite déplacée de 152 à 145
2025-05-03 17:16:08,998 - INFO - IA: Raquette droite déplacée de 145 à 138
2025-05-03 17:16:09,016 - INFO - IA: Raquette droite déplacée de 138 à 145
2025-05-03 17:16:09,033 - INFO - IA: Raquette droite déplacée de 145 à 138
2025-05-03 17:16:09,050 - INFO - IA: Raquette droite déplacée de 138 à 131
2025-05-03 17:16:09,068 - INFO - IA: Raquette droite déplacée de 131 à 124
2025-05-03 17:16:09,086 - INFO - IA: Raquette droite déplacée de 124 à 117
2025-05-03 17:16:09,103 - INFO - IA: Raquette droite déplacée de 117 à 110
2025-05-03 17:16:09,121 - INFO - IA: Raquette droite déplacée de 110 à 117
2025-05-03 17:16:09,138 - INFO - IA: Raquette droite déplacée de 117 à 110
2025-05-03 17:16:09,157 - INFO - IA: Raquette droite déplacée de 110 à 103
2025-05-03 17:16:09,157 - INFO - COLLISION: Balle a rebondi sur une raquette à la position (554, 108)
2025-05-03 17:16:09,175 - INFO - IA: Raquette droite déplacée de 103 à 96
2025-05-03 17:16:09,192 - INFO - IA: Raquette droite déplacée de 96 à 89
2025-05-03 17:16:09,209 - INFO - IA: Raquette droite déplacée de 89 à 82
2025-05-03 17:16:09,226 - INFO - IA: Raquette droite déplacée de 82 à 75
2025-05-03 17:16:09,243 - INFO - IA: Raquette droite déplacée de 75 à 68
2025-05-03 17:16:09,260 - INFO - INPUT: Joueur appuie sur la touche HAUT
2025-05-03 17:16:09,260 - INFO - JOUEUR: Raquette gauche déplacée de 287 à 280
2025-05-03 17:16:09,277 - INFO - JOUEUR: Raquette gauche déplacée de 280 à 273
2025-05-03 17:16:09,277 - INFO - IA: Raquette droite déplacée de 68 à 61
2025-05-03 17:16:09,295 - INFO - JOUEUR: Raquette gauche déplacée de 273 à 266
2025-05-03 17:16:09,295 - INFO - IA: Raquette droite déplacée de 61 à 54
2025-05-03 17:16:09,313 - INFO - JOUEUR: Raquette gauche déplacée de 266 à 259
2025-05-03 17:16:09,313 - INFO - IA: Raquette droite déplacée de 54 à 47
2025-05-03 17:16:09,330 - INFO - JOUEUR: Raquette gauche déplacée de 259 à 252
2025-05-03 17:16:09,331 - INFO - IA: Raquette droite déplacée de 47 à 40
2025-05-03 17:16:09,347 - INFO - JOUEUR: Raquette gauche déplacée de 252 à 245
2025-05-03 17:16:09,347 - INFO - IA: Raquette droite déplacée de 40 à 33
2025-05-03 17:16:09,365 - INFO - JOUEUR: Raquette gauche déplacée de 245 à 238
2025-05-03 17:16:09,365 - INFO - IA: Raquette droite déplacée de 33 à 26
2025-05-03 17:16:09,382 - INFO - JOUEUR: Raquette gauche déplacée de 238 à 231
2025-05-03 17:16:09,382 - INFO - IA: Raquette droite déplacée de 26 à 19
2025-05-03 17:16:09,399 - INFO - JOUEUR: Raquette gauche déplacée de 231 à 224
2025-05-03 17:16:09,400 - INFO - IA: Raquette droite déplacée de 19 à 12
2025-05-03 17:16:09,417 - INFO - JOUEUR: Raquette gauche déplacée de 224 à 217
2025-05-03 17:16:09,417 - INFO - IA: Raquette droite déplacée de 12 à 5
2025-05-03 17:16:09,433 - INFO - JOUEUR: Raquette gauche déplacée de 217 à 210
2025-05-03 17:16:09,434 - INFO - IA: Raquette droite déplacée de 5 à 0
2025-05-03 17:16:09,450 - INFO - JOUEUR: Raquette gauche déplacée de 210 à 203
2025-05-03 17:16:09,467 - INFO - JOUEUR: Raquette gauche déplacée de 203 à 196
2025-05-03 17:16:09,485 - INFO - JOUEUR: Raquette gauche déplacée de 196 à 189
2025-05-03 17:16:09,485 - INFO - IA: Raquette droite déplacée de 0 à 7
2025-05-03 17:16:09,503 - INFO - JOUEUR: Raquette gauche déplacée de 189 à 182
2025-05-03 17:16:09,503 - INFO - IA: Raquette droite déplacée de 7 à 0
2025-05-03 17:16:09,520 - INFO - JOUEUR: Raquette gauche déplacée de 182 à 175
2025-05-03 17:16:09,538 - INFO - JOUEUR: Raquette gauche déplacée de 175 à 168
2025-05-03 17:16:09,538 - INFO - COLLISION: Balle a rebondi sur un mur à la position (224, -2)
2025-05-03 17:16:09,556 - INFO - JOUEUR: Raquette gauche déplacée de 168 à 161
2025-05-03 17:16:09,573 - INFO - JOUEUR: Raquette gauche déplacée de 161 à 154
2025-05-03 17:16:09,591 - INFO - JOUEUR: Raquette gauche déplacée de 154 à 147
2025-05-03 17:16:09,607 - INFO - JOUEUR: Raquette gauche déplacée de 147 à 140
2025-05-03 17:16:09,625 - INFO - JOUEUR: Raquette gauche déplacée de 140 à 133
2025-05-03 17:16:09,642 - INFO - JOUEUR: Raquette gauche déplacée de 133 à 126
2025-05-03 17:16:09,643 - INFO - IA: Raquette droite déplacée de 0 à 7
2025-05-03 17:16:09,660 - INFO - JOUEUR: Raquette gauche déplacée de 126 à 119
2025-05-03 17:16:09,661 - INFO - IA: Raquette droite déplacée de 7 à 0
2025-05-03 17:16:09,678 - INFO - JOUEUR: Raquette gauche déplacée de 119 à 112
2025-05-03 17:16:09,679 - INFO - IA: Raquette droite déplacée de 0 à 7
2025-05-03 17:16:09,696 - INFO - JOUEUR: Raquette gauche déplacée de 112 à 105
2025-05-03 17:16:09,696 - INFO - IA: Raquette droite déplacée de 7 à 14
2025-05-03 17:16:09,714 - INFO - JOUEUR: Raquette gauche déplacée de 105 à 98
2025-05-03 17:16:09,714 - INFO - IA: Raquette droite déplacée de 14 à 21
2025-05-03 17:16:09,731 - INFO - JOUEUR: Raquette gauche déplacée de 98 à 91
2025-05-03 17:16:09,731 - INFO - IA: Raquette droite déplacée de 21 à 28
2025-05-03 17:16:09,747 - INFO - JOUEUR: Raquette gauche déplacée de 91 à 84
2025-05-03 17:16:09,748 - INFO - IA: Raquette droite déplacée de 28 à 21
2025-05-03 17:16:09,764 - INFO - JOUEUR: Raquette gauche déplacée de 84 à 77
2025-05-03 17:16:09,765 - INFO - IA: Raquette droite déplacée de 21 à 14
2025-05-03 17:16:09,765 - INFO - COLLISION: Balle a rebondi sur une raquette à la position (29, 63)
2025-05-03 17:16:09,781 - INFO - JOUEUR: Raquette gauche déplacée de 77 à 70
2025-05-03 17:16:09,782 - INFO - IA: Raquette droite déplacée de 14 à 7
2025-05-03 17:16:09,799 - INFO - JOUEUR: Raquette gauche déplacée de 70 à 63
2025-05-03 17:16:09,799 - INFO - IA: Raquette droite déplacée de 7 à 14
2025-05-03 17:16:09,816 - INFO - JOUEUR: Raquette gauche déplacée de 63 à 56
2025-05-03 17:16:09,816 - INFO - IA: Raquette droite déplacée de 14 à 7
2025-05-03 17:16:09,834 - INFO - JOUEUR: Raquette gauche déplacée de 56 à 49
2025-05-03 17:16:09,834 - INFO - IA: Raquette droite déplacée de 7 à 14
2025-05-03 17:16:09,852 - INFO - JOUEUR: Raquette gauche déplacée de 49 à 42
2025-05-03 17:16:09,852 - INFO - IA: Raquette droite déplacée de 14 à 21
2025-05-03 17:16:09,870 - INFO - JOUEUR: Raquette gauche déplacée de 42 à 35
2025-05-03 17:16:09,870 - INFO - IA: Raquette droite déplacée de 21 à 28
2025-05-03 17:16:09,887 - INFO - JOUEUR: Raquette gauche déplacée de 35 à 28
2025-05-03 17:16:09,887 - INFO - IA: Raquette droite déplacée de 28 à 35
2025-05-03 17:16:09,905 - INFO - JOUEUR: Raquette gauche déplacée de 28 à 21
2025-05-03 17:16:09,905 - INFO - IA: Raquette droite déplacée de 35 à 42
2025-05-03 17:16:09,923 - INFO - JOUEUR: Raquette gauche déplacée de 21 à 14
2025-05-03 17:16:09,923 - INFO - IA: Raquette droite déplacée de 42 à 49
2025-05-03 17:16:09,941 - INFO - JOUEUR: Raquette gauche déplacée de 14 à 7
2025-05-03 17:16:09,941 - INFO - IA: Raquette droite déplacée de 49 à 56
2025-05-03 17:16:09,958 - INFO - INPUT: Joueur relâche les touches directionnelles
2025-05-03 17:16:09,958 - INFO - IA: Raquette droite déplacée de 56 à 49
2025-05-03 17:16:09,975 - INFO - IA: Raquette droite déplacée de 49 à 56
2025-05-03 17:16:09,992 - INFO - IA: Raquette droite déplacée de 56 à 63
2025-05-03 17:16:10,009 - INFO - IA: Raquette droite déplacée de 63 à 70
2025-05-03 17:16:10,026 - INFO - IA: Raquette droite déplacée de 70 à 77
2025-05-03 17:16:10,043 - INFO - IA: Raquette droite déplacée de 77 à 84
2025-05-03 17:16:10,060 - INFO - IA: Raquette droite déplacée de 84 à 91
2025-05-03 17:16:10,077 - INFO - IA: Raquette droite déplacée de 91 à 98
2025-05-03 17:16:10,095 - INFO - IA: Raquette droite déplacée de 98 à 105
2025-05-03 17:16:10,113 - INFO - IA: Raquette droite déplacée de 105 à 112
2025-05-03 17:16:10,131 - INFO - IA: Raquette droite déplacée de 112 à 119
2025-05-03 17:16:10,148 - INFO - IA: Raquette droite déplacée de 119 à 126
2025-05-03 17:16:10,165 - INFO - IA: Raquette droite déplacée de 126 à 119
2025-05-03 17:16:10,182 - INFO - IA: Raquette droite déplacée de 119 à 126
2025-05-03 17:16:10,200 - INFO - IA: Raquette droite déplacée de 126 à 133
2025-05-03 17:16:10,218 - INFO - IA: Raquette droite déplacée de 133 à 140
2025-05-03 17:16:10,235 - INFO - IA: Raquette droite déplacée de 140 à 133
2025-05-03 17:16:10,253 - INFO - INPUT: Joueur appuie sur la touche BAS
2025-05-03 17:16:10,253 - INFO - JOUEUR: Raquette gauche déplacée de 7 à 14
2025-05-03 17:16:10,253 - INFO - IA: Raquette droite déplacée de 133 à 140
2025-05-03 17:16:10,270 - INFO - JOUEUR: Raquette gauche déplacée de 14 à 21
2025-05-03 17:16:10,271 - INFO - IA: Raquette droite déplacée de 140 à 147
2025-05-03 17:16:10,287 - INFO - JOUEUR: Raquette gauche déplacée de 21 à 28
2025-05-03 17:16:10,288 - INFO - IA: Raquette droite déplacée de 147 à 154
2025-05-03 17:16:10,304 - INFO - JOUEUR: Raquette gauche déplacée de 28 à 35
2025-05-03 17:16:10,305 - INFO - IA: Raquette droite déplacée de 154 à 147
2025-05-03 17:16:10,322 - INFO - JOUEUR: Raquette gauche déplacée de 35 à 42
2025-05-03 17:16:10,322 - INFO - IA: Raquette droite déplacée de 147 à 154
2025-05-03 17:16:10,339 - INFO - JOUEUR: Raquette gauche déplacée de 42 à 49
2025-05-03 17:16:10,339 - INFO - IA: Raquette droite déplacée de 154 à 161
2025-05-03 17:16:10,356 - INFO - JOUEUR: Raquette gauche déplacée de 49 à 56
2025-05-03 17:16:10,357 - INFO - IA: Raquette droite déplacée de 161 à 168
2025-05-03 17:16:10,374 - INFO - JOUEUR: Raquette gauche déplacée de 56 à 63
2025-05-03 17:16:10,374 - INFO - COLLISION: Balle a rebondi sur une raquette à la position (554, 238)
2025-05-03 17:16:10,391 - INFO - JOUEUR: Raquette gauche déplacée de 63 à 70
2025-05-03 17:16:10,391 - INFO - IA: Raquette droite déplacée de 168 à 175
2025-05-03 17:16:10,408 - INFO - JOUEUR: Raquette gauche déplacée de 70 à 77
2025-05-03 17:16:10,408 - INFO - IA: Raquette droite déplacée de 175 à 182
2025-05-03 17:16:10,426 - INFO - JOUEUR: Raquette gauche déplacée de 77 à 84
2025-05-03 17:16:10,426 - INFO - IA: Raquette droite déplacée de 182 à 189
2025-05-03 17:16:10,444 - INFO - JOUEUR: Raquette gauche déplacée de 84 à 91
2025-05-03 17:16:10,445 - INFO - IA: Raquette droite déplacée de 189 à 196
2025-05-03 17:16:10,462 - INFO - JOUEUR: Raquette gauche déplacée de 91 à 98
2025-05-03 17:16:10,462 - INFO - IA: Raquette droite déplacée de 196 à 203
2025-05-03 17:16:10,479 - INFO - JOUEUR: Raquette gauche déplacée de 98 à 105
2025-05-03 17:16:10,479 - INFO - IA: Raquette droite déplacée de 203 à 210
2025-05-03 17:16:10,497 - INFO - JOUEUR: Raquette gauche déplacée de 105 à 112
2025-05-03 17:16:10,497 - INFO - IA: Raquette droite déplacée de 210 à 217
2025-05-03 17:16:10,514 - INFO - JOUEUR: Raquette gauche déplacée de 112 à 119
2025-05-03 17:16:10,514 - INFO - IA: Raquette droite déplacée de 217 à 224
2025-05-03 17:16:10,531 - INFO - JOUEUR: Raquette gauche déplacée de 119 à 126
2025-05-03 17:16:10,531 - INFO - IA: Raquette droite déplacée de 224 à 231
2025-05-03 17:16:10,548 - INFO - JOUEUR: Raquette gauche déplacée de 126 à 133
2025-05-03 17:16:10,548 - INFO - IA: Raquette droite déplacée de 231 à 238
2025-05-03 17:16:10,564 - INFO - JOUEUR: Raquette gauche déplacée de 133 à 140
2025-05-03 17:16:10,564 - INFO - IA: Raquette droite déplacée de 238 à 245
2025-05-03 17:16:10,582 - INFO - JOUEUR: Raquette gauche déplacée de 140 à 147
2025-05-03 17:16:10,582 - INFO - IA: Raquette droite déplacée de 245 à 238
2025-05-03 17:16:10,599 - INFO - JOUEUR: Raquette gauche déplacée de 147 à 154
2025-05-03 17:16:10,599 - INFO - IA: Raquette droite déplacée de 238 à 245
2025-05-03 17:16:10,616 - INFO - JOUEUR: Raquette gauche déplacée de 154 à 161
2025-05-03 17:16:10,617 - INFO - IA: Raquette droite déplacée de 245 à 252
2025-05-03 17:16:10,633 - INFO - JOUEUR: Raquette gauche déplacée de 161 à 168
2025-05-03 17:16:10,634 - INFO - IA: Raquette droite déplacée de 252 à 259
2025-05-03 17:16:10,651 - INFO - JOUEUR: Raquette gauche déplacée de 168 à 175
2025-05-03 17:16:10,651 - INFO - IA: Raquette droite déplacée de 259 à 266
2025-05-03 17:16:10,668 - INFO - JOUEUR: Raquette gauche déplacée de 175 à 182
2025-05-03 17:16:10,668 - INFO - IA: Raquette droite déplacée de 266 à 273
2025-05-03 17:16:10,686 - INFO - JOUEUR: Raquette gauche déplacée de 182 à 189
2025-05-03 17:16:10,686 - INFO - IA: Raquette droite déplacée de 273 à 280
2025-05-03 17:16:10,704 - INFO - JOUEUR: Raquette gauche déplacée de 189 à 196
2025-05-03 17:16:10,704 - INFO - IA: Raquette droite déplacée de 280 à 287
2025-05-03 17:16:10,721 - INFO - JOUEUR: Raquette gauche déplacée de 196 à 203
2025-05-03 17:16:10,721 - INFO - IA: Raquette droite déplacée de 287 à 294
2025-05-03 17:16:10,738 - INFO - JOUEUR: Raquette gauche déplacée de 203 à 210
2025-05-03 17:16:10,738 - INFO - IA: Raquette droite déplacée de 294 à 301
2025-05-03 17:16:10,755 - INFO - JOUEUR: Raquette gauche déplacée de 210 à 217
2025-05-03 17:16:10,755 - INFO - IA: Raquette droite déplacée de 301 à 308
2025-05-03 17:16:10,773 - INFO - JOUEUR: Raquette gauche déplacée de 217 à 224
2025-05-03 17:16:10,773 - INFO - IA: Raquette droite déplacée de 308 à 301
2025-05-03 17:16:10,790 - INFO - JOUEUR: Raquette gauche déplacée de 224 à 231
2025-05-03 17:16:10,790 - INFO - IA: Raquette droite déplacée de 301 à 308
2025-05-03 17:16:10,808 - INFO - JOUEUR: Raquette gauche déplacée de 231 à 238
2025-05-03 17:16:10,808 - INFO - IA: Raquette droite déplacée de 308 à 315
2025-05-03 17:16:10,826 - INFO - JOUEUR: Raquette gauche déplacée de 238 à 245
2025-05-03 17:16:10,826 - INFO - IA: Raquette droite déplacée de 315 à 322
2025-05-03 17:16:10,843 - INFO - JOUEUR: Raquette gauche déplacée de 245 à 252
2025-05-03 17:16:10,844 - INFO - IA: Raquette droite déplacée de 322 à 315
2025-05-03 17:16:10,861 - INFO - JOUEUR: Raquette gauche déplacée de 252 à 259
2025-05-03 17:16:10,861 - INFO - IA: Raquette droite déplacée de 315 à 322
2025-05-03 17:16:10,879 - INFO - JOUEUR: Raquette gauche déplacée de 259 à 266
2025-05-03 17:16:10,879 - INFO - IA: Raquette droite déplacée de 322 à 329
2025-05-03 17:16:10,896 - INFO - JOUEUR: Raquette gauche déplacée de 266 à 273
2025-05-03 17:16:10,896 - INFO - IA: Raquette droite déplacée de 329 à 336
2025-05-03 17:16:10,913 - INFO - JOUEUR: Raquette gauche déplacée de 273 à 280
2025-05-03 17:16:10,913 - INFO - IA: Raquette droite déplacée de 336 à 343
2025-05-03 17:16:10,931 - INFO - JOUEUR: Raquette gauche déplacée de 280 à 287
2025-05-03 17:16:10,931 - INFO - IA: Raquette droite déplacée de 343 à 350
2025-05-03 17:16:10,949 - INFO - JOUEUR: Raquette gauche déplacée de 287 à 294
2025-05-03 17:16:10,949 - INFO - IA: Raquette droite déplacée de 350 à 357
2025-05-03 17:16:10,968 - INFO - JOUEUR: Raquette gauche déplacée de 294 à 301
2025-05-03 17:16:10,968 - INFO - IA: Raquette droite déplacée de 357 à 350
2025-05-03 17:16:10,986 - INFO - JOUEUR: Raquette gauche déplacée de 301 à 308
2025-05-03 17:16:10,987 - INFO - IA: Raquette droite déplacée de 350 à 357
2025-05-03 17:16:11,005 - INFO - JOUEUR: Raquette gauche déplacée de 308 à 315
2025-05-03 17:16:11,005 - INFO - IA: Raquette droite déplacée de 357 à 364
2025-05-03 17:16:11,022 - INFO - JOUEUR: Raquette gauche déplacée de 315 à 322
2025-05-03 17:16:11,023 - INFO - IA: Raquette droite déplacée de 364 à 371
2025-05-03 17:16:11,023 - INFO - POINT: Joueur droite (IA) marque un point! Score: 0-7
2025-05-03 17:16:11,040 - INFO - JOUEUR: Raquette gauche déplacée de 322 à 329
2025-05-03 17:16:11,040 - INFO - IA: Raquette droite déplacée de 371 à 364
2025-05-03 17:16:11,059 - INFO - JOUEUR: Raquette gauche déplacée de 329 à 336
2025-05-03 17:16:11,059 - INFO - IA: Raquette droite déplacée de 364 à 357
2025-05-03 17:16:11,076 - INFO - JOUEUR: Raquette gauche déplacée de 336 à 343
2025-05-03 17:16:11,076 - INFO - IA: Raquette droite déplacée de 357 à 350
2025-05-03 17:16:11,094 - INFO - JOUEUR: Raquette gauche déplacée de 343 à 350
2025-05-03 17:16:11,094 - INFO - IA: Raquette droite déplacée de 350 à 343
2025-05-03 17:16:11,111 - INFO - JOUEUR: Raquette gauche déplacée de 350 à 357
2025-05-03 17:16:11,112 - INFO - IA: Raquette droite déplacée de 343 à 336
2025-05-03 17:16:11,129 - INFO - JOUEUR: Raquette gauche déplacée de 357 à 364
2025-05-03 17:16:11,129 - INFO - IA: Raquette droite déplacée de 336 à 329
2025-05-03 17:16:11,146 - INFO - JOUEUR: Raquette gauche déplacée de 364 à 371
2025-05-03 17:16:11,146 - INFO - IA: Raquette droite déplacée de 329 à 322
2025-05-03 17:16:11,164 - INFO - JOUEUR: Raquette gauche déplacée de 371 à 378
2025-05-03 17:16:11,164 - INFO - IA: Raquette droite déplacée de 322 à 315
2025-05-03 17:16:11,182 - INFO - JOUEUR: Raquette gauche déplacée de 378 à 385
2025-05-03 17:16:11,182 - INFO - IA: Raquette droite déplacée de 315 à 308
2025-05-03 17:16:11,200 - INFO - JOUEUR: Raquette gauche déplacée de 385 à 390
2025-05-03 17:16:11,200 - INFO - IA: Raquette droite déplacée de 308 à 301
2025-05-03 17:16:11,218 - INFO - IA: Raquette droite déplacée de 301 à 294
2025-05-03 17:16:11,236 - INFO - IA: Raquette droite déplacée de 294 à 287
2025-05-03 17:16:11,255 - INFO - IA: Raquette droite déplacée de 287 à 280
2025-05-03 17:16:11,273 - INFO - IA: Raquette droite déplacée de 280 à 273
2025-05-03 17:16:11,291 - INFO - INPUT: Joueur relâche les touches directionnelles
2025-05-03 17:16:11,291 - INFO - IA: Raquette droite déplacée de 273 à 280
2025-05-03 17:16:11,309 - INFO - IA: Raquette droite déplacée de 280 à 273
2025-05-03 17:16:11,326 - INFO - IA: Raquette droite déplacée de 273 à 266
2025-05-03 17:16:11,343 - INFO - IA: Raquette droite déplacée de 266 à 259
2025-05-03 17:16:11,361 - INFO - IA: Raquette droite déplacée de 259 à 266
2025-05-03 17:16:11,378 - INFO - IA: Raquette droite déplacée de 266 à 273
2025-05-03 17:16:11,395 - INFO - IA: Raquette droite déplacée de 273 à 280
2025-05-03 17:16:11,412 - INFO - IA: Raquette droite déplacée de 280 à 287
2025-05-03 17:16:11,447 - INFO - IA: Raquette droite déplacée de 287 à 294
2025-05-03 17:16:11,465 - INFO - IA: Raquette droite déplacée de 294 à 301
2025-05-03 17:16:11,483 - INFO - IA: Raquette droite déplacée de 301 à 308
2025-05-03 17:16:11,500 - INFO - IA: Raquette droite déplacée de 308 à 315
2025-05-03 17:16:11,517 - INFO - IA: Raquette droite déplacée de 315 à 308
2025-05-03 17:16:11,534 - INFO - IA: Raquette droite déplacée de 308 à 315
2025-05-03 17:16:11,551 - INFO - IA: Raquette droite déplacée de 315 à 322
2025-05-03 17:16:11,568 - INFO - IA: Raquette droite déplacée de 322 à 329
2025-05-03 17:16:11,585 - INFO - IA: Raquette droite déplacée de 329 à 336
2025-05-03 17:16:11,602 - INFO - IA: Raquette droite déplacée de 336 à 329
2025-05-03 17:16:11,620 - INFO - IA: Raquette droite déplacée de 329 à 336
2025-05-03 17:16:11,638 - INFO - IA: Raquette droite déplacée de 336 à 343
2025-05-03 17:16:11,655 - INFO - IA: Raquette droite déplacée de 343 à 350
2025-05-03 17:16:11,672 - INFO - IA: Raquette droite déplacée de 350 à 357
2025-05-03 17:16:11,689 - INFO - IA: Raquette droite déplacée de 357 à 364
2025-05-03 17:16:11,706 - INFO - IA: Raquette droite déplacée de 364 à 371
2025-05-03 17:16:11,723 - INFO - IA: Raquette droite déplacée de 371 à 378
2025-05-03 17:16:11,741 - INFO - IA: Raquette droite déplacée de 378 à 385
2025-05-03 17:16:11,758 - INFO - IA: Raquette droite déplacée de 385 à 390
2025-05-03 17:16:11,776 - INFO - IA: Raquette droite déplacée de 390 à 383
2025-05-03 17:16:11,794 - INFO - INPUT: Joueur appuie sur la touche HAUT
2025-05-03 17:16:11,794 - INFO - JOUEUR: Raquette gauche déplacée de 390 à 383
2025-05-03 17:16:11,794 - INFO - IA: Raquette droite déplacée de 383 à 390
2025-05-03 17:16:11,812 - INFO - JOUEUR: Raquette gauche déplacée de 383 à 376
2025-05-03 17:16:11,829 - INFO - JOUEUR: Raquette gauche déplacée de 376 à 369
2025-05-03 17:16:11,847 - INFO - JOUEUR: Raquette gauche déplacée de 369 à 362
2025-05-03 17:16:11,847 - INFO - COLLISION: Balle a rebondi sur un mur à la position (58, 468)
2025-05-03 17:16:11,864 - INFO - JOUEUR: Raquette gauche déplacée de 362 à 355
2025-05-03 17:16:11,881 - INFO - JOUEUR: Raquette gauche déplacée de 355 à 348
2025-05-03 17:16:11,898 - INFO - JOUEUR: Raquette gauche déplacée de 348 à 341
2025-05-03 17:16:11,915 - INFO - JOUEUR: Raquette gauche déplacée de 341 à 334
2025-05-03 17:16:11,933 - INFO - JOUEUR: Raquette gauche déplacée de 334 à 327
2025-05-03 17:16:11,950 - INFO - JOUEUR: Raquette gauche déplacée de 327 à 320
2025-05-03 17:16:11,967 - INFO - JOUEUR: Raquette gauche déplacée de 320 à 313
2025-05-03 17:16:11,985 - INFO - JOUEUR: Raquette gauche déplacée de 313 à 306
2025-05-03 17:16:12,003 - INFO - JOUEUR: Raquette gauche déplacée de 306 à 299
2025-05-03 17:16:12,003 - INFO - IA: Raquette droite déplacée de 390 à 383
2025-05-03 17:16:12,019 - INFO - JOUEUR: Raquette gauche déplacée de 299 à 292
2025-05-03 17:16:12,020 - INFO - IA: Raquette droite déplacée de 383 à 390
2025-05-03 17:16:12,037 - INFO - JOUEUR: Raquette gauche déplacée de 292 à 285
2025-05-03 17:16:12,037 - INFO - IA: Raquette droite déplacée de 390 à 383
2025-05-03 17:16:12,055 - INFO - JOUEUR: Raquette gauche déplacée de 285 à 278
2025-05-03 17:16:12,055 - INFO - IA: Raquette droite déplacée de 383 à 376
2025-05-03 17:16:12,055 - INFO - POINT: Joueur droite (IA) marque un point! Score: 0-8
2025-05-03 17:16:12,073 - INFO - JOUEUR: Raquette gauche déplacée de 278 à 271
2025-05-03 17:16:12,073 - INFO - IA: Raquette droite déplacée de 376 à 369
2025-05-03 17:16:12,091 - INFO - INPUT: Joueur relâche les touches directionnelles
2025-05-03 17:16:12,091 - INFO - IA: Raquette droite déplacée de 369 à 362
2025-05-03 17:16:12,110 - INFO - IA: Raquette droite déplacée de 362 à 355
2025-05-03 17:16:12,128 - INFO - IA: Raquette droite déplacée de 355 à 348
2025-05-03 17:16:12,146 - INFO - IA: Raquette droite déplacée de 348 à 341
2025-05-03 17:16:12,164 - INFO - IA: Raquette droite déplacée de 341 à 334
2025-05-03 17:16:12,181 - INFO - IA: Raquette droite déplacée de 334 à 327
2025-05-03 17:16:12,198 - INFO - IA: Raquette droite déplacée de 327 à 320
2025-05-03 17:16:12,216 - INFO - IA: Raquette droite déplacée de 320 à 313
2025-05-03 17:16:12,233 - INFO - IA: Raquette droite déplacée de 313 à 306
2025-05-03 17:16:12,251 - INFO - IA: Raquette droite déplacée de 306 à 299
2025-05-03 17:16:12,269 - INFO - IA: Raquette droite déplacée de 299 à 292
2025-05-03 17:16:12,287 - INFO - IA: Raquette droite déplacée de 292 à 285
2025-05-03 17:16:12,304 - INFO - IA: Raquette droite déplacée de 285 à 278
2025-05-03 17:16:12,322 - INFO - IA: Raquette droite déplacée de 278 à 271
2025-05-03 17:16:12,339 - INFO - IA: Raquette droite déplacée de 271 à 264
2025-05-03 17:16:12,357 - INFO - IA: Raquette droite déplacée de 264 à 257
2025-05-03 17:16:12,374 - INFO - IA: Raquette droite déplacée de 257 à 250
2025-05-03 17:16:12,391 - INFO - IA: Raquette droite déplacée de 250 à 243
2025-05-03 17:16:12,408 - INFO - IA: Raquette droite déplacée de 243 à 236
2025-05-03 17:16:12,426 - INFO - IA: Raquette droite déplacée de 236 à 229
2025-05-03 17:16:12,444 - INFO - IA: Raquette droite déplacée de 229 à 222
2025-05-03 17:16:12,461 - INFO - IA: Raquette droite déplacée de 222 à 215
2025-05-03 17:16:12,478 - INFO - IA: Raquette droite déplacée de 215 à 208
2025-05-03 17:16:12,495 - INFO - IA: Raquette droite déplacée de 208 à 201
2025-05-03 17:16:12,512 - INFO - IA: Raquette droite déplacée de 201 à 194
2025-05-03 17:16:12,530 - INFO - IA: Raquette droite déplacée de 194 à 187
2025-05-03 17:16:12,547 - INFO - IA: Raquette droite déplacée de 187 à 180
2025-05-03 17:16:12,564 - INFO - IA: Raquette droite déplacée de 180 à 173
2025-05-03 17:16:12,581 - INFO - IA: Raquette droite déplacée de 173 à 166
2025-05-03 17:16:12,598 - INFO - IA: Raquette droite déplacée de 166 à 159
2025-05-03 17:16:12,616 - INFO - IA: Raquette droite déplacée de 159 à 152
2025-05-03 17:16:12,633 - INFO - IA: Raquette droite déplacée de 152 à 145
2025-05-03 17:16:12,651 - INFO - INPUT: Joueur appuie sur la touche HAUT
2025-05-03 17:16:12,651 - INFO - JOUEUR: Raquette gauche déplacée de 271 à 264
2025-05-03 17:16:12,651 - INFO - IA: Raquette droite déplacée de 145 à 138
2025-05-03 17:16:12,668 - INFO - JOUEUR: Raquette gauche déplacée de 264 à 257
2025-05-03 17:16:12,668 - INFO - IA: Raquette droite déplacée de 138 à 131
2025-05-03 17:16:12,685 - INFO - JOUEUR: Raquette gauche déplacée de 257 à 250
2025-05-03 17:16:12,686 - INFO - IA: Raquette droite déplacée de 131 à 124
2025-05-03 17:16:12,703 - INFO - JOUEUR: Raquette gauche déplacée de 250 à 243
2025-05-03 17:16:12,703 - INFO - IA: Raquette droite déplacée de 124 à 117
2025-05-03 17:16:12,720 - INFO - JOUEUR: Raquette gauche déplacée de 243 à 236
2025-05-03 17:16:12,720 - INFO - IA: Raquette droite déplacée de 117 à 110
2025-05-03 17:16:12,737 - INFO - JOUEUR: Raquette gauche déplacée de 236 à 229
2025-05-03 17:16:12,737 - INFO - IA: Raquette droite déplacée de 110 à 103
2025-05-03 17:16:12,754 - INFO - JOUEUR: Raquette gauche déplacée de 229 à 222
2025-05-03 17:16:12,754 - INFO - IA: Raquette droite déplacée de 103 à 96
2025-05-03 17:16:12,772 - INFO - JOUEUR: Raquette gauche déplacée de 222 à 215
2025-05-03 17:16:12,772 - INFO - IA: Raquette droite déplacée de 96 à 89
2025-05-03 17:16:12,790 - INFO - JOUEUR: Raquette gauche déplacée de 215 à 208
2025-05-03 17:16:12,790 - INFO - IA: Raquette droite déplacée de 89 à 82
2025-05-03 17:16:12,807 - INFO - JOUEUR: Raquette gauche déplacée de 208 à 201
2025-05-03 17:16:12,807 - INFO - IA: Raquette droite déplacée de 82 à 75
2025-05-03 17:16:12,824 - INFO - JOUEUR: Raquette gauche déplacée de 201 à 194
2025-05-03 17:16:12,824 - INFO - IA: Raquette droite déplacée de 75 à 68
2025-05-03 17:16:12,842 - INFO - JOUEUR: Raquette gauche déplacée de 194 à 187
2025-05-03 17:16:12,842 - INFO - IA: Raquette droite déplacée de 68 à 61
2025-05-03 17:16:12,859 - INFO - JOUEUR: Raquette gauche déplacée de 187 à 180
2025-05-03 17:16:12,860 - INFO - IA: Raquette droite déplacée de 61 à 54
2025-05-03 17:16:12,877 - INFO - JOUEUR: Raquette gauche déplacée de 180 à 173
2025-05-03 17:16:12,877 - INFO - IA: Raquette droite déplacée de 54 à 47
2025-05-03 17:16:12,877 - INFO - COLLISION: Balle a rebondi sur un mur à la position (58, -2)
2025-05-03 17:16:12,894 - INFO - JOUEUR: Raquette gauche déplacée de 173 à 166
2025-05-03 17:16:12,894 - INFO - IA: Raquette droite déplacée de 47 à 40
2025-05-03 17:16:12,912 - INFO - JOUEUR: Raquette gauche déplacée de 166 à 159
2025-05-03 17:16:12,912 - INFO - IA: Raquette droite déplacée de 40 à 33
2025-05-03 17:16:12,929 - INFO - JOUEUR: Raquette gauche déplacée de 159 à 152
2025-05-03 17:16:12,929 - INFO - IA: Raquette droite déplacée de 33 à 26
2025-05-03 17:16:12,946 - INFO - JOUEUR: Raquette gauche déplacée de 152 à 145
2025-05-03 17:16:12,946 - INFO - IA: Raquette droite déplacée de 26 à 19
2025-05-03 17:16:12,964 - INFO - JOUEUR: Raquette gauche déplacée de 145 à 138
2025-05-03 17:16:12,964 - INFO - IA: Raquette droite déplacée de 19 à 12
2025-05-03 17:16:12,981 - INFO - JOUEUR: Raquette gauche déplacée de 138 à 131
2025-05-03 17:16:12,981 - INFO - IA: Raquette droite déplacée de 12 à 5
2025-05-03 17:16:12,998 - INFO - JOUEUR: Raquette gauche déplacée de 131 à 124
2025-05-03 17:16:12,998 - INFO - IA: Raquette droite déplacée de 5 à 0
2025-05-03 17:16:13,015 - INFO - JOUEUR: Raquette gauche déplacée de 124 à 117
2025-05-03 17:16:13,032 - INFO - JOUEUR: Raquette gauche déplacée de 117 à 110
2025-05-03 17:16:13,050 - INFO - JOUEUR: Raquette gauche déplacée de 110 à 103
2025-05-03 17:16:13,069 - INFO - JOUEUR: Raquette gauche déplacée de 103 à 96
2025-05-03 17:16:13,086 - INFO - JOUEUR: Raquette gauche déplacée de 96 à 89
2025-05-03 17:16:13,086 - INFO - IA: Raquette droite déplacée de 0 à 7
2025-05-03 17:16:13,086 - INFO - POINT: Joueur droite (IA) marque un point! Score: 0-9
2025-05-03 17:16:13,103 - INFO - JOUEUR: Raquette gauche déplacée de 89 à 82
2025-05-03 17:16:13,104 - INFO - IA: Raquette droite déplacée de 7 à 14
2025-05-03 17:16:13,121 - INFO - JOUEUR: Raquette gauche déplacée de 82 à 75
2025-05-03 17:16:13,121 - INFO - IA: Raquette droite déplacée de 14 à 21
2025-05-03 17:16:13,139 - INFO - JOUEUR: Raquette gauche déplacée de 75 à 68
2025-05-03 17:16:13,139 - INFO - IA: Raquette droite déplacée de 21 à 28
2025-05-03 17:16:13,156 - INFO - JOUEUR: Raquette gauche déplacée de 68 à 61
2025-05-03 17:16:13,157 - INFO - IA: Raquette droite déplacée de 28 à 35
2025-05-03 17:16:13,174 - INFO - JOUEUR: Raquette gauche déplacée de 61 à 54
2025-05-03 17:16:13,174 - INFO - IA: Raquette droite déplacée de 35 à 42
2025-05-03 17:16:13,191 - INFO - JOUEUR: Raquette gauche déplacée de 54 à 47
2025-05-03 17:16:13,192 - INFO - IA: Raquette droite déplacée de 42 à 49
2025-05-03 17:16:13,210 - INFO - JOUEUR: Raquette gauche déplacée de 47 à 40
2025-05-03 17:16:13,210 - INFO - IA: Raquette droite déplacée de 49 à 56
2025-05-03 17:16:13,227 - INFO - JOUEUR: Raquette gauche déplacée de 40 à 33
2025-05-03 17:16:13,227 - INFO - IA: Raquette droite déplacée de 56 à 63
2025-05-03 17:16:13,246 - INFO - JOUEUR: Raquette gauche déplacée de 33 à 26
2025-05-03 17:16:13,246 - INFO - IA: Raquette droite déplacée de 63 à 70
2025-05-03 17:16:13,263 - INFO - JOUEUR: Raquette gauche déplacée de 26 à 19
2025-05-03 17:16:13,263 - INFO - IA: Raquette droite déplacée de 70 à 77
2025-05-03 17:16:13,282 - INFO - INPUT: Joueur relâche les touches directionnelles
2025-05-03 17:16:13,283 - INFO - IA: Raquette droite déplacée de 77 à 84
2025-05-03 17:16:13,300 - INFO - IA: Raquette droite déplacée de 84 à 91
2025-05-03 17:16:13,318 - INFO - IA: Raquette droite déplacée de 91 à 98
2025-05-03 17:16:13,336 - INFO - IA: Raquette droite déplacée de 98 à 105
2025-05-03 17:16:13,353 - INFO - IA: Raquette droite déplacée de 105 à 112
2025-05-03 17:16:13,370 - INFO - IA: Raquette droite déplacée de 112 à 105
2025-05-03 17:16:13,387 - INFO - IA: Raquette droite déplacée de 105 à 98
2025-05-03 17:16:13,403 - INFO - IA: Raquette droite déplacée de 98 à 105
2025-05-03 17:16:13,420 - INFO - IA: Raquette droite déplacée de 105 à 112
2025-05-03 17:16:13,437 - INFO - IA: Raquette droite déplacée de 112 à 105
2025-05-03 17:16:13,455 - INFO - IA: Raquette droite déplacée de 105 à 112
2025-05-03 17:16:13,472 - INFO - IA: Raquette droite déplacée de 112 à 119
2025-05-03 17:16:13,489 - INFO - IA: Raquette droite déplacée de 119 à 112
2025-05-03 17:16:13,506 - INFO - IA: Raquette droite déplacée de 112 à 105
2025-05-03 17:16:13,523 - INFO - IA: Raquette droite déplacée de 105 à 98
2025-05-03 17:16:13,540 - INFO - IA: Raquette droite déplacée de 98 à 91
2025-05-03 17:16:13,558 - INFO - IA: Raquette droite déplacée de 91 à 84
2025-05-03 17:16:13,574 - INFO - IA: Raquette droite déplacée de 84 à 77
2025-05-03 17:16:13,592 - INFO - IA: Raquette droite déplacée de 77 à 70
2025-05-03 17:16:13,610 - INFO - IA: Raquette droite déplacée de 70 à 63
2025-05-03 17:16:13,627 - INFO - IA: Raquette droite déplacée de 63 à 56
2025-05-03 17:16:13,645 - INFO - IA: Raquette droite déplacée de 56 à 63
2025-05-03 17:16:13,661 - INFO - IA: Raquette droite déplacée de 63 à 56
2025-05-03 17:16:13,678 - INFO - IA: Raquette droite déplacée de 56 à 49
2025-05-03 17:16:13,695 - INFO - IA: Raquette droite déplacée de 49 à 42
2025-05-03 17:16:13,712 - INFO - IA: Raquette droite déplacée de 42 à 35
2025-05-03 17:16:13,729 - INFO - IA: Raquette droite déplacée de 35 à 28
2025-05-03 17:16:13,746 - INFO - IA: Raquette droite déplacée de 28 à 21
2025-05-03 17:16:13,764 - INFO - IA: Raquette droite déplacée de 21 à 14
2025-05-03 17:16:13,781 - INFO - IA: Raquette droite déplacée de 14 à 7
2025-05-03 17:16:13,798 - INFO - IA: Raquette droite déplacée de 7 à 0
2025-05-03 17:16:13,901 - INFO - COLLISION: Balle a rebondi sur un mur à la position (58, -2)
2025-05-03 17:16:13,987 - INFO - COLLISION: Balle a rebondi sur une raquette à la position (33, 23)
2025-05-03 17:16:14,022 - INFO - IA: Raquette droite déplacée de 0 à 7
2025-05-03 17:16:14,040 - INFO - IA: Raquette droite déplacée de 7 à 14
2025-05-03 17:16:14,057 - INFO - IA: Raquette droite déplacée de 14 à 7
2025-05-03 17:16:14,075 - INFO - IA: Raquette droite déplacée de 7 à 0
2025-05-03 17:16:14,093 - INFO - IA: Raquette droite déplacée de 0 à 7
2025-05-03 17:16:14,112 - INFO - IA: Raquette droite déplacée de 7 à 14
2025-05-03 17:16:14,130 - INFO - IA: Raquette droite déplacée de 14 à 21
2025-05-03 17:16:14,147 - INFO - IA: Raquette droite déplacée de 21 à 14
2025-05-03 17:16:14,164 - INFO - IA: Raquette droite déplacée de 14 à 21
2025-05-03 17:16:14,181 - INFO - IA: Raquette droite déplacée de 21 à 28
2025-05-03 17:16:14,199 - INFO - IA: Raquette droite déplacée de 28 à 35
2025-05-03 17:16:14,216 - INFO - IA: Raquette droite déplacée de 35 à 42
2025-05-03 17:16:14,233 - INFO - IA: Raquette droite déplacée de 42 à 49
2025-05-03 17:16:14,251 - INFO - IA: Raquette droite déplacée de 49 à 56
2025-05-03 17:16:14,268 - INFO - IA: Raquette droite déplacée de 56 à 49
2025-05-03 17:16:14,286 - INFO - IA: Raquette droite déplacée de 49 à 56
2025-05-03 17:16:14,303 - INFO - IA: Raquette droite déplacée de 56 à 49
2025-05-03 17:16:14,320 - INFO - IA: Raquette droite déplacée de 49 à 56
2025-05-03 17:16:14,339 - INFO - IA: Raquette droite déplacée de 56 à 63
2025-05-03 17:16:14,356 - INFO - IA: Raquette droite déplacée de 63 à 70
2025-05-03 17:16:14,374 - INFO - IA: Raquette droite déplacée de 70 à 77
2025-05-03 17:16:14,391 - INFO - IA: Raquette droite déplacée de 77 à 84
2025-05-03 17:16:14,408 - INFO - IA: Raquette droite déplacée de 84 à 91
2025-05-03 17:16:14,425 - INFO - IA: Raquette droite déplacée de 91 à 84
2025-05-03 17:16:14,442 - INFO - IA: Raquette droite déplacée de 84 à 91
2025-05-03 17:16:14,460 - INFO - IA: Raquette droite déplacée de 91 à 98
2025-05-03 17:16:14,478 - INFO - IA: Raquette droite déplacée de 98 à 105
2025-05-03 17:16:14,495 - INFO - IA: Raquette droite déplacée de 105 à 112
2025-05-03 17:16:14,512 - INFO - IA: Raquette droite déplacée de 112 à 105
2025-05-03 17:16:14,529 - INFO - IA: Raquette droite déplacée de 105 à 112
2025-05-03 17:16:14,546 - INFO - IA: Raquette droite déplacée de 112 à 105
2025-05-03 17:16:14,563 - INFO - IA: Raquette droite déplacée de 105 à 112
2025-05-03 17:16:14,581 - INFO - IA: Raquette droite déplacée de 112 à 119
2025-05-03 17:16:14,599 - INFO - IA: Raquette droite déplacée de 119 à 126
2025-05-03 17:16:14,617 - INFO - IA: Raquette droite déplacée de 126 à 133
2025-05-03 17:16:14,634 - INFO - IA: Raquette droite déplacée de 133 à 140
2025-05-03 17:16:14,651 - INFO - IA: Raquette droite déplacée de 140 à 147
2025-05-03 17:16:14,668 - INFO - IA: Raquette droite déplacée de 147 à 154
2025-05-03 17:16:14,685 - INFO - IA: Raquette droite déplacée de 154 à 161
2025-05-03 17:16:14,702 - INFO - IA: Raquette droite déplacée de 161 à 168
2025-05-03 17:16:14,723 - INFO - IA: Raquette droite déplacée de 168 à 175
2025-05-03 17:16:14,740 - INFO - IA: Raquette droite déplacée de 175 à 182
2025-05-03 17:16:14,758 - INFO - IA: Raquette droite déplacée de 182 à 189
2025-05-03 17:16:14,775 - INFO - IA: Raquette droite déplacée de 189 à 196
2025-05-03 17:16:14,792 - INFO - IA: Raquette droite déplacée de 196 à 189
2025-05-03 17:16:14,810 - INFO - IA: Raquette droite déplacée de 189 à 196
2025-05-03 17:16:14,827 - INFO - IA: Raquette droite déplacée de 196 à 203
2025-05-03 17:16:14,845 - INFO - IA: Raquette droite déplacée de 203 à 210
2025-05-03 17:16:14,863 - INFO - IA: Raquette droite déplacée de 210 à 203
2025-05-03 17:16:14,880 - INFO - IA: Raquette droite déplacée de 203 à 210
2025-05-03 17:16:14,898 - INFO - IA: Raquette droite déplacée de 210 à 217
2025-05-03 17:16:14,915 - INFO - IA: Raquette droite déplacée de 217 à 224
2025-05-03 17:16:14,932 - INFO - IA: Raquette droite déplacée de 224 à 231
2025-05-03 17:16:14,949 - INFO - IA: Raquette droite déplacée de 231 à 238
2025-05-03 17:16:14,966 - INFO - IA: Raquette droite déplacée de 238 à 245
2025-05-03 17:16:14,984 - INFO - IA: Raquette droite déplacée de 245 à 252
2025-05-03 17:16:15,001 - INFO - IA: Raquette droite déplacée de 252 à 259
2025-05-03 17:16:15,018 - INFO - IA: Raquette droite déplacée de 259 à 266
2025-05-03 17:16:15,035 - INFO - IA: Raquette droite déplacée de 266 à 273
2025-05-03 17:16:15,053 - INFO - IA: Raquette droite déplacée de 273 à 280
2025-05-03 17:16:15,071 - INFO - IA: Raquette droite déplacée de 280 à 287
2025-05-03 17:16:15,089 - INFO - IA: Raquette droite déplacée de 287 à 294
2025-05-03 17:16:15,106 - INFO - IA: Raquette droite déplacée de 294 à 301
2025-05-03 17:16:15,124 - INFO - IA: Raquette droite déplacée de 301 à 294
2025-05-03 17:16:15,143 - INFO - IA: Raquette droite déplacée de 294 à 301
2025-05-03 17:16:15,161 - INFO - IA: Raquette droite déplacée de 301 à 308
2025-05-03 17:16:15,179 - INFO - IA: Raquette droite déplacée de 308 à 301
2025-05-03 17:16:15,197 - INFO - IA: Raquette droite déplacée de 301 à 308
2025-05-03 17:16:15,214 - INFO - IA: Raquette droite déplacée de 308 à 315
2025-05-03 17:16:15,231 - INFO - IA: Raquette droite déplacée de 315 à 322
2025-05-03 17:16:15,249 - INFO - IA: Raquette droite déplacée de 322 à 329
2025-05-03 17:16:15,267 - INFO - IA: Raquette droite déplacée de 329 à 336
2025-05-03 17:16:15,284 - INFO - IA: Raquette droite déplacée de 336 à 343
2025-05-03 17:16:15,301 - INFO - IA: Raquette droite déplacée de 343 à 350
2025-05-03 17:16:15,318 - INFO - IA: Raquette droite déplacée de 350 à 343
2025-05-03 17:16:15,335 - INFO - IA: Raquette droite déplacée de 343 à 336
2025-05-03 17:16:15,353 - INFO - IA: Raquette droite déplacée de 336 à 343
2025-05-03 17:16:15,370 - INFO - IA: Raquette droite déplacée de 343 à 350
2025-05-03 17:16:15,387 - INFO - IA: Raquette droite déplacée de 350 à 357
2025-05-03 17:16:15,405 - INFO - IA: Raquette droite déplacée de 357 à 364
2025-05-03 17:16:15,422 - INFO - IA: Raquette droite déplacée de 364 à 357
2025-05-03 17:16:15,440 - INFO - IA: Raquette droite déplacée de 357 à 364
2025-05-03 17:16:15,457 - INFO - IA: Raquette droite déplacée de 364 à 371
2025-05-03 17:16:15,475 - INFO - IA: Raquette droite déplacée de 371 à 378
2025-05-03 17:16:15,492 - INFO - IA: Raquette droite déplacée de 378 à 385
2025-05-03 17:16:15,509 - INFO - IA: Raquette droite déplacée de 385 à 390
2025-05-03 17:16:15,510 - INFO - COLLISION: Balle a rebondi sur une raquette à la position (555, 458)
2025-05-03 17:16:15,544 - INFO - COLLISION: Balle a rebondi sur un mur à la position (543, 468)
2025-05-03 17:16:15,629 - INFO - IA: Raquette droite déplacée de 390 à 383
2025-05-03 17:16:15,647 - INFO - IA: Raquette droite déplacée de 383 à 390
2025-05-03 17:16:15,664 - INFO - IA: Raquette droite déplacée de 390 à 383
2025-05-03 17:16:15,682 - INFO - IA: Raquette droite déplacée de 383 à 376
2025-05-03 17:16:15,700 - INFO - IA: Raquette droite déplacée de 376 à 369
2025-05-03 17:16:15,717 - INFO - IA: Raquette droite déplacée de 369 à 376
2025-05-03 17:16:15,734 - INFO - IA: Raquette droite déplacée de 376 à 383
2025-05-03 17:16:15,751 - INFO - IA: Raquette droite déplacée de 383 à 376
2025-05-03 17:16:15,768 - INFO - IA: Raquette droite déplacée de 376 à 369
2025-05-03 17:16:15,785 - INFO - IA: Raquette droite déplacée de 369 à 376
2025-05-03 17:16:15,802 - INFO - IA: Raquette droite déplacée de 376 à 369
2025-05-03 17:16:15,820 - INFO - IA: Raquette droite déplacée de 369 à 362
2025-05-03 17:16:15,837 - INFO - IA: Raquette droite déplacée de 362 à 355
2025-05-03 17:16:15,854 - INFO - IA: Raquette droite déplacée de 355 à 348
2025-05-03 17:16:15,871 - INFO - IA: Raquette droite déplacée de 348 à 341
2025-05-03 17:16:15,888 - INFO - IA: Raquette droite déplacée de 341 à 334
2025-05-03 17:16:15,906 - INFO - IA: Raquette droite déplacée de 334 à 341
2025-05-03 17:16:15,924 - INFO - IA: Raquette droite déplacée de 341 à 334
2025-05-03 17:16:15,941 - INFO - IA: Raquette droite déplacée de 334 à 327
2025-05-03 17:16:15,959 - INFO - IA: Raquette droite déplacée de 327 à 320
2025-05-03 17:16:15,975 - INFO - IA: Raquette droite déplacée de 320 à 313
2025-05-03 17:16:15,992 - INFO - IA: Raquette droite déplacée de 313 à 306
2025-05-03 17:16:16,010 - INFO - IA: Raquette droite déplacée de 306 à 299
2025-05-03 17:16:16,027 - INFO - IA: Raquette droite déplacée de 299 à 306
2025-05-03 17:16:16,045 - INFO - IA: Raquette droite déplacée de 306 à 299
2025-05-03 17:16:16,062 - INFO - IA: Raquette droite déplacée de 299 à 306
2025-05-03 17:16:16,079 - INFO - IA: Raquette droite déplacée de 306 à 299
2025-05-03 17:16:16,097 - INFO - IA: Raquette droite déplacée de 299 à 292
2025-05-03 17:16:16,115 - INFO - IA: Raquette droite déplacée de 292 à 285
2025-05-03 17:16:16,132 - INFO - IA: Raquette droite déplacée de 285 à 278
2025-05-03 17:16:16,150 - INFO - IA: Raquette droite déplacée de 278 à 271
2025-05-03 17:16:16,167 - INFO - IA: Raquette droite déplacée de 271 à 264
2025-05-03 17:16:16,185 - INFO - IA: Raquette droite déplacée de 264 à 257
2025-05-03 17:16:16,203 - INFO - IA: Raquette droite déplacée de 257 à 250
2025-05-03 17:16:16,222 - INFO - IA: Raquette droite déplacée de 250 à 243
2025-05-03 17:16:16,240 - INFO - IA: Raquette droite déplacée de 243 à 250
2025-05-03 17:16:16,257 - INFO - IA: Raquette droite déplacée de 250 à 243
2025-05-03 17:16:16,275 - INFO - IA: Raquette droite déplacée de 243 à 250
2025-05-03 17:16:16,292 - INFO - IA: Raquette droite déplacée de 250 à 243
2025-05-03 17:16:16,309 - INFO - IA: Raquette droite déplacée de 243 à 236
2025-05-03 17:16:16,326 - INFO - IA: Raquette droite déplacée de 236 à 229
2025-05-03 17:16:16,343 - INFO - IA: Raquette droite déplacée de 229 à 222
2025-05-03 17:16:16,360 - INFO - IA: Raquette droite déplacée de 222 à 215
2025-05-03 17:16:16,377 - INFO - IA: Raquette droite déplacée de 215 à 222
2025-05-03 17:16:16,394 - INFO - IA: Raquette droite déplacée de 222 à 215
2025-05-03 17:16:16,412 - INFO - IA: Raquette droite déplacée de 215 à 208
2025-05-03 17:16:16,429 - INFO - IA: Raquette droite déplacée de 208 à 201
2025-05-03 17:16:16,446 - INFO - IA: Raquette droite déplacée de 201 à 194
2025-05-03 17:16:16,463 - INFO - IA: Raquette droite déplacée de 194 à 187
2025-05-03 17:16:16,481 - INFO - IA: Raquette droite déplacée de 187 à 194
2025-05-03 17:16:16,498 - INFO - IA: Raquette droite déplacée de 194 à 187
2025-05-03 17:16:16,515 - INFO - IA: Raquette droite déplacée de 187 à 180
2025-05-03 17:16:16,532 - INFO - IA: Raquette droite déplacée de 180 à 173
2025-05-03 17:16:16,549 - INFO - IA: Raquette droite déplacée de 173 à 166
2025-05-03 17:16:16,567 - INFO - IA: Raquette droite déplacée de 166 à 159
2025-05-03 17:16:16,584 - INFO - IA: Raquette droite déplacée de 159 à 152
2025-05-03 17:16:16,602 - INFO - IA: Raquette droite déplacée de 152 à 159
2025-05-03 17:16:16,620 - INFO - IA: Raquette droite déplacée de 159 à 152
2025-05-03 17:16:16,638 - INFO - IA: Raquette droite déplacée de 152 à 145
2025-05-03 17:16:16,655 - INFO - IA: Raquette droite déplacée de 145 à 138
2025-05-03 17:16:16,674 - INFO - IA: Raquette droite déplacée de 138 à 145
2025-05-03 17:16:16,691 - INFO - IA: Raquette droite déplacée de 145 à 138
2025-05-03 17:16:16,708 - INFO - IA: Raquette droite déplacée de 138 à 131
2025-05-03 17:16:16,725 - INFO - IA: Raquette droite déplacée de 131 à 124
2025-05-03 17:16:16,742 - INFO - IA: Raquette droite déplacée de 124 à 117
2025-05-03 17:16:16,760 - INFO - IA: Raquette droite déplacée de 117 à 110
2025-05-03 17:16:16,777 - INFO - IA: Raquette droite déplacée de 110 à 103
2025-05-03 17:16:16,794 - INFO - IA: Raquette droite déplacée de 103 à 96
2025-05-03 17:16:16,811 - INFO - IA: Raquette droite déplacée de 96 à 89
2025-05-03 17:16:16,828 - INFO - IA: Raquette droite déplacée de 89 à 82
2025-05-03 17:16:16,845 - INFO - IA: Raquette droite déplacée de 82 à 75
2025-05-03 17:16:16,862 - INFO - IA: Raquette droite déplacée de 75 à 68
2025-05-03 17:16:16,879 - INFO - IA: Raquette droite déplacée de 68 à 75
2025-05-03 17:16:16,896 - INFO - IA: Raquette droite déplacée de 75 à 68
2025-05-03 17:16:16,913 - INFO - IA: Raquette droite déplacée de 68 à 61
2025-05-03 17:16:16,932 - INFO - IA: Raquette droite déplacée de 61 à 54
2025-05-03 17:16:16,949 - INFO - IA: Raquette droite déplacée de 54 à 47
2025-05-03 17:16:16,966 - INFO - IA: Raquette droite déplacée de 47 à 40
2025-05-03 17:16:16,983 - INFO - IA: Raquette droite déplacée de 40 à 33
2025-05-03 17:16:17,000 - INFO - IA: Raquette droite déplacée de 33 à 26
2025-05-03 17:16:17,018 - INFO - IA: Raquette droite déplacée de 26 à 19
2025-05-03 17:16:17,018 - INFO - COLLISION: Balle a rebondi sur une raquette à la position (33, 43)
2025-05-03 17:16:17,036 - INFO - IA: Raquette droite déplacée de 19 à 12
2025-05-03 17:16:17,054 - INFO - IA: Raquette droite déplacée de 12 à 19
2025-05-03 17:16:17,070 - INFO - IA: Raquette droite déplacée de 19 à 12
2025-05-03 17:16:17,088 - INFO - IA: Raquette droite déplacée de 12 à 5
2025-05-03 17:16:17,107 - INFO - IA: Raquette droite déplacée de 5 à 0
2025-05-03 17:16:17,175 - INFO - COLLISION: Balle a rebondi sur un mur à la position (96, -2)
2025-05-03 17:16:17,363 - INFO - IA: Raquette droite déplacée de 0 à 7
2025-05-03 17:16:17,380 - INFO - IA: Raquette droite déplacée de 7 à 14
2025-05-03 17:16:17,397 - INFO - IA: Raquette droite déplacée de 14 à 21
2025-05-03 17:16:17,414 - INFO - IA: Raquette droite déplacée de 21 à 28
2025-05-03 17:16:17,431 - INFO - IA: Raquette droite déplacée de 28 à 35
2025-05-03 17:16:17,448 - INFO - IA: Raquette droite déplacée de 35 à 28
2025-05-03 17:16:17,466 - INFO - IA: Raquette droite déplacée de 28 à 21
2025-05-03 17:16:17,483 - INFO - IA: Raquette droite déplacée de 21 à 28
2025-05-03 17:16:17,500 - INFO - IA: Raquette droite déplacée de 28 à 35
2025-05-03 17:16:17,517 - INFO - IA: Raquette droite déplacée de 35 à 28
2025-05-03 17:16:17,534 - INFO - IA: Raquette droite déplacée de 28 à 35
2025-05-03 17:16:17,552 - INFO - IA: Raquette droite déplacée de 35 à 42
2025-05-03 17:16:17,570 - INFO - IA: Raquette droite déplacée de 42 à 49
2025-05-03 17:16:17,587 - INFO - IA: Raquette droite déplacée de 49 à 56
2025-05-03 17:16:17,605 - INFO - IA: Raquette droite déplacée de 56 à 63
2025-05-03 17:16:17,622 - INFO - IA: Raquette droite déplacée de 63 à 70
2025-05-03 17:16:17,640 - INFO - IA: Raquette droite déplacée de 70 à 77
2025-05-03 17:16:17,658 - INFO - IA: Raquette droite déplacée de 77 à 84
2025-05-03 17:16:17,674 - INFO - IA: Raquette droite déplacée de 84 à 91
2025-05-03 17:16:17,691 - INFO - IA: Raquette droite déplacée de 91 à 84
2025-05-03 17:16:17,708 - INFO - IA: Raquette droite déplacée de 84 à 91
2025-05-03 17:16:17,727 - INFO - IA: Raquette droite déplacée de 91 à 98
2025-05-03 17:16:17,745 - INFO - IA: Raquette droite déplacée de 98 à 105
2025-05-03 17:16:17,762 - INFO - IA: Raquette droite déplacée de 105 à 112
2025-05-03 17:16:17,780 - INFO - IA: Raquette droite déplacée de 112 à 119
2025-05-03 17:16:17,797 - INFO - IA: Raquette droite déplacée de 119 à 126
2025-05-03 17:16:17,814 - INFO - IA: Raquette droite déplacée de 126 à 133
2025-05-03 17:16:17,831 - INFO - IA: Raquette droite déplacée de 133 à 140
2025-05-03 17:16:17,848 - INFO - IA: Raquette droite déplacée de 140 à 147
2025-05-03 17:16:17,866 - INFO - IA: Raquette droite déplacée de 147 à 140
2025-05-03 17:16:17,883 - INFO - IA: Raquette droite déplacée de 140 à 147
2025-05-03 17:16:17,900 - INFO - IA: Raquette droite déplacée de 147 à 140
2025-05-03 17:16:17,918 - INFO - IA: Raquette droite déplacée de 140 à 147
2025-05-03 17:16:17,935 - INFO - IA: Raquette droite déplacée de 147 à 154
2025-05-03 17:16:17,952 - INFO - IA: Raquette droite déplacée de 154 à 161
2025-05-03 17:16:17,969 - INFO - IA: Raquette droite déplacée de 161 à 168
2025-05-03 17:16:17,987 - INFO - IA: Raquette droite déplacée de 168 à 175
2025-05-03 17:16:18,004 - INFO - IA: Raquette droite déplacée de 175 à 182
2025-05-03 17:16:18,022 - INFO - IA: Raquette droite déplacée de 182 à 189
2025-05-03 17:16:18,040 - INFO - IA: Raquette droite déplacée de 189 à 196
2025-05-03 17:16:18,075 - INFO - IA: Raquette droite déplacée de 196 à 203
2025-05-03 17:16:18,091 - INFO - IA: Raquette droite déplacée de 203 à 196
2025-05-03 17:16:18,108 - INFO - IA: Raquette droite déplacée de 196 à 203
2025-05-03 17:16:18,126 - INFO - IA: Raquette droite déplacée de 203 à 210
2025-05-03 17:16:18,143 - INFO - IA: Raquette droite déplacée de 210 à 217
2025-05-03 17:16:18,161 - INFO - IA: Raquette droite déplacée de 217 à 224
2025-05-03 17:16:18,179 - INFO - IA: Raquette droite déplacée de 224 à 231
2025-05-03 17:16:18,197 - INFO - IA: Raquette droite déplacée de 231 à 238
2025-05-03 17:16:18,214 - INFO - IA: Raquette droite déplacée de 238 à 245
2025-05-03 17:16:18,232 - INFO - IA: Raquette droite déplacée de 245 à 252
2025-05-03 17:16:18,250 - INFO - IA: Raquette droite déplacée de 252 à 259
2025-05-03 17:16:18,268 - INFO - IA: Raquette droite déplacée de 259 à 252
2025-05-03 17:16:18,286 - INFO - IA: Raquette droite déplacée de 252 à 259
2025-05-03 17:16:18,303 - INFO - IA: Raquette droite déplacée de 259 à 266
2025-05-03 17:16:18,303 - INFO - COLLISION: Balle a rebondi sur une raquette à la position (551, 323)
2025-05-03 17:16:18,320 - INFO - IA: Raquette droite déplacée de 266 à 273
2025-05-03 17:16:18,337 - INFO - IA: Raquette droite déplacée de 273 à 266
2025-05-03 17:16:18,355 - INFO - IA: Raquette droite déplacée de 266 à 273
2025-05-03 17:16:18,389 - INFO - IA: Raquette droite déplacée de 273 à 280
2025-05-03 17:16:18,407 - INFO - IA: Raquette droite déplacée de 280 à 287
2025-05-03 17:16:18,424 - INFO - IA: Raquette droite déplacée de 287 à 294
2025-05-03 17:16:18,442 - INFO - IA: Raquette droite déplacée de 294 à 301
2025-05-03 17:16:18,459 - INFO - IA: Raquette droite déplacée de 301 à 308
2025-05-03 17:16:18,476 - INFO - IA: Raquette droite déplacée de 308 à 301
2025-05-03 17:16:18,493 - INFO - IA: Raquette droite déplacée de 301 à 308
2025-05-03 17:16:18,510 - INFO - IA: Raquette droite déplacée de 308 à 315
2025-05-03 17:16:18,528 - INFO - IA: Raquette droite déplacée de 315 à 322
2025-05-03 17:16:18,545 - INFO - IA: Raquette droite déplacée de 322 à 329
2025-05-03 17:16:18,563 - INFO - IA: Raquette droite déplacée de 329 à 336
2025-05-03 17:16:18,580 - INFO - IA: Raquette droite déplacée de 336 à 343
2025-05-03 17:16:18,596 - INFO - IA: Raquette droite déplacée de 343 à 336
2025-05-03 17:16:18,614 - INFO - IA: Raquette droite déplacée de 336 à 343
2025-05-03 17:16:18,631 - INFO - IA: Raquette droite déplacée de 343 à 350
2025-05-03 17:16:18,648 - INFO - IA: Raquette droite déplacée de 350 à 357
2025-05-03 17:16:18,665 - INFO - IA: Raquette droite déplacée de 357 à 364
2025-05-03 17:16:18,682 - INFO - IA: Raquette droite déplacée de 364 à 371
2025-05-03 17:16:18,699 - INFO - IA: Raquette droite déplacée de 371 à 378
2025-05-03 17:16:18,717 - INFO - IA: Raquette droite déplacée de 378 à 385
2025-05-03 17:16:18,735 - INFO - IA: Raquette droite déplacée de 385 à 390
2025-05-03 17:16:18,805 - INFO - COLLISION: Balle a rebondi sur un mur à la position (348, 468)
2025-05-03 17:16:18,927 - INFO - IA: Raquette droite déplacée de 390 à 383
2025-05-03 17:16:18,945 - INFO - IA: Raquette droite déplacée de 383 à 376
2025-05-03 17:16:18,962 - INFO - IA: Raquette droite déplacée de 376 à 383
2025-05-03 17:16:18,979 - INFO - IA: Raquette droite déplacée de 383 à 376
2025-05-03 17:16:18,997 - INFO - IA: Raquette droite déplacée de 376 à 383
2025-05-03 17:16:19,014 - INFO - IA: Raquette droite déplacée de 383 à 376
2025-05-03 17:16:19,031 - INFO - IA: Raquette droite déplacée de 376 à 369
2025-05-03 17:16:19,048 - INFO - IA: Raquette droite déplacée de 369 à 362
2025-05-03 17:16:19,067 - INFO - IA: Raquette droite déplacée de 362 à 355
2025-05-03 17:16:19,084 - INFO - IA: Raquette droite déplacée de 355 à 348
2025-05-03 17:16:19,101 - INFO - IA: Raquette droite déplacée de 348 à 355
2025-05-03 17:16:19,119 - INFO - IA: Raquette droite déplacée de 355 à 348
2025-05-03 17:16:19,136 - INFO - IA: Raquette droite déplacée de 348 à 341
2025-05-03 17:16:19,154 - INFO - IA: Raquette droite déplacée de 341 à 348
2025-05-03 17:16:19,172 - INFO - IA: Raquette droite déplacée de 348 à 341
2025-05-03 17:16:19,190 - INFO - IA: Raquette droite déplacée de 341 à 334
2025-05-03 17:16:19,206 - INFO - IA: Raquette droite déplacée de 334 à 341
2025-05-03 17:16:19,224 - INFO - IA: Raquette droite déplacée de 341 à 334
2025-05-03 17:16:19,241 - INFO - IA: Raquette droite déplacée de 334 à 341
2025-05-03 17:16:19,259 - INFO - IA: Raquette droite déplacée de 341 à 334
2025-05-03 17:16:19,276 - INFO - IA: Raquette droite déplacée de 334 à 327
2025-05-03 17:16:19,293 - INFO - IA: Raquette droite déplacée de 327 à 320
2025-05-03 17:16:19,311 - INFO - IA: Raquette droite déplacée de 320 à 313
2025-05-03 17:16:19,328 - INFO - IA: Raquette droite déplacée de 313 à 306
2025-05-03 17:16:19,345 - INFO - IA: Raquette droite déplacée de 306 à 299
2025-05-03 17:16:19,362 - INFO - IA: Raquette droite déplacée de 299 à 292
2025-05-03 17:16:19,380 - INFO - IA: Raquette droite déplacée de 292 à 285
2025-05-03 17:16:19,397 - INFO - IA: Raquette droite déplacée de 285 à 278
2025-05-03 17:16:19,414 - INFO - INPUT: Joueur appuie sur la touche BAS
2025-05-03 17:16:19,414 - INFO - JOUEUR: Raquette gauche déplacée de 19 à 26
2025-05-03 17:16:19,414 - INFO - IA: Raquette droite déplacée de 278 à 285
2025-05-03 17:16:19,431 - INFO - JOUEUR: Raquette gauche déplacée de 26 à 33
2025-05-03 17:16:19,431 - INFO - IA: Raquette droite déplacée de 285 à 278
2025-05-03 17:16:19,448 - INFO - JOUEUR: Raquette gauche déplacée de 33 à 40
2025-05-03 17:16:19,448 - INFO - IA: Raquette droite déplacée de 278 à 271
2025-05-03 17:16:19,465 - INFO - JOUEUR: Raquette gauche déplacée de 40 à 47
2025-05-03 17:16:19,465 - INFO - IA: Raquette droite déplacée de 271 à 264
2025-05-03 17:16:19,482 - INFO - JOUEUR: Raquette gauche déplacée de 47 à 54
2025-05-03 17:16:19,482 - INFO - IA: Raquette droite déplacée de 264 à 257
2025-05-03 17:16:19,500 - INFO - JOUEUR: Raquette gauche déplacée de 54 à 61
2025-05-03 17:16:19,500 - INFO - IA: Raquette droite déplacée de 257 à 250
2025-05-03 17:16:19,517 - INFO - JOUEUR: Raquette gauche déplacée de 61 à 68
2025-05-03 17:16:19,517 - INFO - IA: Raquette droite déplacée de 250 à 243
2025-05-03 17:16:19,534 - INFO - JOUEUR: Raquette gauche déplacée de 68 à 75
2025-05-03 17:16:19,534 - INFO - IA: Raquette droite déplacée de 243 à 236
2025-05-03 17:16:19,552 - INFO - JOUEUR: Raquette gauche déplacée de 75 à 82
2025-05-03 17:16:19,552 - INFO - IA: Raquette droite déplacée de 236 à 243
2025-05-03 17:16:19,570 - INFO - JOUEUR: Raquette gauche déplacée de 82 à 89
2025-05-03 17:16:19,570 - INFO - IA: Raquette droite déplacée de 243 à 236
2025-05-03 17:16:19,587 - INFO - JOUEUR: Raquette gauche déplacée de 89 à 96
2025-05-03 17:16:19,605 - INFO - JOUEUR: Raquette gauche déplacée de 96 à 103
2025-05-03 17:16:19,605 - INFO - IA: Raquette droite déplacée de 236 à 229
2025-05-03 17:16:19,622 - INFO - JOUEUR: Raquette gauche déplacée de 103 à 110
2025-05-03 17:16:19,622 - INFO - IA: Raquette droite déplacée de 229 à 222
2025-05-03 17:16:19,639 - INFO - JOUEUR: Raquette gauche déplacée de 110 à 117
2025-05-03 17:16:19,640 - INFO - IA: Raquette droite déplacée de 222 à 215
2025-05-03 17:16:19,657 - INFO - JOUEUR: Raquette gauche déplacée de 117 à 124
2025-05-03 17:16:19,657 - INFO - IA: Raquette droite déplacée de 215 à 208
2025-05-03 17:16:19,674 - INFO - JOUEUR: Raquette gauche déplacée de 124 à 131
2025-05-03 17:16:19,675 - INFO - IA: Raquette droite déplacée de 208 à 201
2025-05-03 17:16:19,675 - INFO - POINT: Joueur droite (IA) marque un point! Score: 0-10
2025-05-03 17:16:19,692 - INFO - JOUEUR: Raquette gauche déplacée de 131 à 138
2025-05-03 17:16:19,692 - INFO - IA: Raquette droite déplacée de 201 à 194
2025-05-03 17:16:19,708 - INFO - JOUEUR: Raquette gauche déplacée de 138 à 145
2025-05-03 17:16:19,709 - INFO - IA: Raquette droite déplacée de 194 à 187
2025-05-03 17:16:19,725 - INFO - JOUEUR: Raquette gauche déplacée de 145 à 152
2025-05-03 17:16:19,726 - INFO - IA: Raquette droite déplacée de 187 à 194
2025-05-03 17:16:19,742 - INFO - JOUEUR: Raquette gauche déplacée de 152 à 159
2025-05-03 17:16:19,742 - INFO - IA: Raquette droite déplacée de 194 à 187
2025-05-03 17:16:19,760 - INFO - JOUEUR: Raquette gauche déplacée de 159 à 166
2025-05-03 17:16:19,760 - INFO - IA: Raquette droite déplacée de 187 à 180
2025-05-03 17:16:19,777 - INFO - JOUEUR: Raquette gauche déplacée de 166 à 173
2025-05-03 17:16:19,777 - INFO - IA: Raquette droite déplacée de 180 à 173
2025-05-03 17:16:19,794 - INFO - JOUEUR: Raquette gauche déplacée de 173 à 180
2025-05-03 17:16:19,794 - INFO - IA: Raquette droite déplacée de 173 à 180
2025-05-03 17:16:19,811 - INFO - JOUEUR: Raquette gauche déplacée de 180 à 187
2025-05-03 17:16:19,811 - INFO - IA: Raquette droite déplacée de 180 à 173
2025-05-03 17:16:19,830 - INFO - JOUEUR: Raquette gauche déplacée de 187 à 194
2025-05-03 17:16:19,830 - INFO - IA: Raquette droite déplacée de 173 à 166
2025-05-03 17:16:19,848 - INFO - JOUEUR: Raquette gauche déplacée de 194 à 201
2025-05-03 17:16:19,848 - INFO - IA: Raquette droite déplacée de 166 à 173
2025-05-03 17:16:19,865 - INFO - JOUEUR: Raquette gauche déplacée de 201 à 208
2025-05-03 17:16:19,866 - INFO - IA: Raquette droite déplacée de 173 à 166
2025-05-03 17:16:19,883 - INFO - JOUEUR: Raquette gauche déplacée de 208 à 215
2025-05-03 17:16:19,883 - INFO - IA: Raquette droite déplacée de 166 à 159
2025-05-03 17:16:19,900 - INFO - JOUEUR: Raquette gauche déplacée de 215 à 222
2025-05-03 17:16:19,900 - INFO - IA: Raquette droite déplacée de 159 à 152
2025-05-03 17:16:19,918 - INFO - JOUEUR: Raquette gauche déplacée de 222 à 229
2025-05-03 17:16:19,918 - INFO - IA: Raquette droite déplacée de 152 à 145
2025-05-03 17:16:19,936 - INFO - INPUT: Joueur relâche les touches directionnelles
2025-05-03 17:16:19,936 - INFO - IA: Raquette droite déplacée de 145 à 138
2025-05-03 17:16:19,954 - INFO - IA: Raquette droite déplacée de 138 à 131
2025-05-03 17:16:19,972 - INFO - IA: Raquette droite déplacée de 131 à 124
2025-05-03 17:16:19,988 - INFO - IA: Raquette droite déplacée de 124 à 131
2025-05-03 17:16:20,005 - INFO - IA: Raquette droite déplacée de 131 à 138
2025-05-03 17:16:20,023 - INFO - IA: Raquette droite déplacée de 138 à 131
2025-05-03 17:16:20,039 - INFO - IA: Raquette droite déplacée de 131 à 124
2025-05-03 17:16:20,057 - INFO - IA: Raquette droite déplacée de 124 à 117
2025-05-03 17:16:20,075 - INFO - IA: Raquette droite déplacée de 117 à 110
2025-05-03 17:16:20,093 - INFO - IA: Raquette droite déplacée de 110 à 103
2025-05-03 17:16:20,110 - INFO - IA: Raquette droite déplacée de 103 à 96
2025-05-03 17:16:20,128 - INFO - IA: Raquette droite déplacée de 96 à 89
2025-05-03 17:16:20,145 - INFO - IA: Raquette droite déplacée de 89 à 96
2025-05-03 17:16:20,163 - INFO - IA: Raquette droite déplacée de 96 à 89
2025-05-03 17:16:20,181 - INFO - IA: Raquette droite déplacée de 89 à 82
2025-05-03 17:16:20,198 - INFO - IA: Raquette droite déplacée de 82 à 75
2025-05-03 17:16:20,215 - INFO - IA: Raquette droite déplacée de 75 à 68
2025-05-03 17:16:20,233 - INFO - IA: Raquette droite déplacée de 68 à 61
2025-05-03 17:16:20,251 - INFO - IA: Raquette droite déplacée de 61 à 54
2025-05-03 17:16:20,268 - INFO - IA: Raquette droite déplacée de 54 à 47
2025-05-03 17:16:20,284 - INFO - IA: Raquette droite déplacée de 47 à 40
2025-05-03 17:16:20,301 - INFO - INPUT: Joueur appuie sur la touche HAUT
2025-05-03 17:16:20,302 - INFO - JOUEUR: Raquette gauche déplacée de 229 à 222
2025-05-03 17:16:20,302 - INFO - IA: Raquette droite déplacée de 40 à 33
2025-05-03 17:16:20,319 - INFO - JOUEUR: Raquette gauche déplacée de 222 à 215
2025-05-03 17:16:20,319 - INFO - IA: Raquette droite déplacée de 33 à 26
2025-05-03 17:16:20,336 - INFO - JOUEUR: Raquette gauche déplacée de 215 à 208
2025-05-03 17:16:20,337 - INFO - IA: Raquette droite déplacée de 26 à 33
2025-05-03 17:16:20,354 - INFO - JOUEUR: Raquette gauche déplacée de 208 à 201
2025-05-03 17:16:20,354 - INFO - IA: Raquette droite déplacée de 33 à 26
2025-05-03 17:16:20,371 - INFO - JOUEUR: Raquette gauche déplacée de 201 à 194
2025-05-03 17:16:20,371 - INFO - IA: Raquette droite déplacée de 26 à 19
2025-05-03 17:16:20,390 - INFO - JOUEUR: Raquette gauche déplacée de 194 à 187
2025-05-03 17:16:20,390 - INFO - IA: Raquette droite déplacée de 19 à 12
2025-05-03 17:16:20,407 - INFO - JOUEUR: Raquette gauche déplacée de 187 à 180
2025-05-03 17:16:20,407 - INFO - IA: Raquette droite déplacée de 12 à 5
2025-05-03 17:16:20,424 - INFO - JOUEUR: Raquette gauche déplacée de 180 à 173
2025-05-03 17:16:20,424 - INFO - IA: Raquette droite déplacée de 5 à 0
2025-05-03 17:16:20,441 - INFO - JOUEUR: Raquette gauche déplacée de 173 à 166
2025-05-03 17:16:20,459 - INFO - JOUEUR: Raquette gauche déplacée de 166 à 159
2025-05-03 17:16:20,459 - INFO - IA: Raquette droite déplacée de 0 à 7
2025-05-03 17:16:20,477 - INFO - JOUEUR: Raquette gauche déplacée de 159 à 152
2025-05-03 17:16:20,477 - INFO - IA: Raquette droite déplacée de 7 à 0
2025-05-03 17:16:20,494 - INFO - JOUEUR: Raquette gauche déplacée de 152 à 145
2025-05-03 17:16:20,494 - INFO - COLLISION: Balle a rebondi sur un mur à la position (58, -2)
2025-05-03 17:16:20,511 - INFO - JOUEUR: Raquette gauche déplacée de 145 à 138
2025-05-03 17:16:20,529 - INFO - JOUEUR: Raquette gauche déplacée de 138 à 131
2025-05-03 17:16:20,546 - INFO - JOUEUR: Raquette gauche déplacée de 131 à 124
2025-05-03 17:16:20,563 - INFO - JOUEUR: Raquette gauche déplacée de 124 à 117
2025-05-03 17:16:20,580 - INFO - JOUEUR: Raquette gauche déplacée de 117 à 110
2025-05-03 17:16:20,596 - INFO - JOUEUR: Raquette gauche déplacée de 110 à 103
2025-05-03 17:16:20,613 - INFO - JOUEUR: Raquette gauche déplacée de 103 à 96
2025-05-03 17:16:20,630 - INFO - JOUEUR: Raquette gauche déplacée de 96 à 89
2025-05-03 17:16:20,631 - INFO - IA: Raquette droite déplacée de 0 à 7
2025-05-03 17:16:20,648 - INFO - JOUEUR: Raquette gauche déplacée de 89 à 82
2025-05-03 17:16:20,648 - INFO - IA: Raquette droite déplacée de 7 à 14
2025-05-03 17:16:20,665 - INFO - JOUEUR: Raquette gauche déplacée de 82 à 75
2025-05-03 17:16:20,665 - INFO - IA: Raquette droite déplacée de 14 à 21
2025-05-03 17:16:20,683 - INFO - JOUEUR: Raquette gauche déplacée de 75 à 68
2025-05-03 17:16:20,683 - INFO - IA: Raquette droite déplacée de 21 à 14
2025-05-03 17:16:20,700 - INFO - JOUEUR: Raquette gauche déplacée de 68 à 61
2025-05-03 17:16:20,700 - INFO - IA: Raquette droite déplacée de 14 à 21
2025-05-03 17:16:20,700 - INFO - POINT: Joueur droite (IA) marque un point! Score: 0-11
2025-05-03 17:16:20,718 - INFO - JOUEUR: Raquette gauche déplacée de 61 à 54
2025-05-03 17:16:20,718 - INFO - IA: Raquette droite déplacée de 21 à 28
2025-05-03 17:16:20,735 - INFO - JOUEUR: Raquette gauche déplacée de 54 à 47
2025-05-03 17:16:20,735 - INFO - IA: Raquette droite déplacée de 28 à 35
2025-05-03 17:16:20,752 - INFO - JOUEUR: Raquette gauche déplacée de 47 à 40
2025-05-03 17:16:20,752 - INFO - IA: Raquette droite déplacée de 35 à 42
2025-05-03 17:16:20,770 - INFO - JOUEUR: Raquette gauche déplacée de 40 à 33
2025-05-03 17:16:20,770 - INFO - IA: Raquette droite déplacée de 42 à 49
2025-05-03 17:16:20,787 - INFO - JOUEUR: Raquette gauche déplacée de 33 à 26
2025-05-03 17:16:20,787 - INFO - IA: Raquette droite déplacée de 49 à 56
2025-05-03 17:16:20,804 - INFO - JOUEUR: Raquette gauche déplacée de 26 à 19
2025-05-03 17:16:20,804 - INFO - IA: Raquette droite déplacée de 56 à 63
2025-05-03 17:16:20,822 - INFO - INPUT: Joueur relâche les touches directionnelles
2025-05-03 17:16:20,822 - INFO - IA: Raquette droite déplacée de 63 à 70
2025-05-03 17:16:20,840 - INFO - IA: Raquette droite déplacée de 70 à 77
2025-05-03 17:16:20,859 - INFO - IA: Raquette droite déplacée de 77 à 84
2025-05-03 17:16:20,876 - INFO - IA: Raquette droite déplacée de 84 à 91
2025-05-03 17:16:20,893 - INFO - IA: Raquette droite déplacée de 91 à 98
2025-05-03 17:16:20,910 - INFO - IA: Raquette droite déplacée de 98 à 105
2025-05-03 17:16:20,927 - INFO - IA: Raquette droite déplacée de 105 à 112
2025-05-03 17:16:20,945 - INFO - IA: Raquette droite déplacée de 112 à 119
2025-05-03 17:16:20,963 - INFO - IA: Raquette droite déplacée de 119 à 126
2025-05-03 17:16:20,980 - INFO - IA: Raquette droite déplacée de 126 à 133
2025-05-03 17:16:20,997 - INFO - IA: Raquette droite déplacée de 133 à 140
2025-05-03 17:16:21,015 - INFO - IA: Raquette droite déplacée de 140 à 147
2025-05-03 17:16:21,032 - INFO - IA: Raquette droite déplacée de 147 à 154
2025-05-03 17:16:21,049 - INFO - IA: Raquette droite déplacée de 154 à 161
2025-05-03 17:16:21,066 - INFO - IA: Raquette droite déplacée de 161 à 168
2025-05-03 17:16:21,084 - INFO - INPUT: Joueur appuie sur la touche BAS
2025-05-03 17:16:21,084 - INFO - JOUEUR: Raquette gauche déplacée de 19 à 26
2025-05-03 17:16:21,084 - INFO - IA: Raquette droite déplacée de 168 à 175
2025-05-03 17:16:21,101 - INFO - JOUEUR: Raquette gauche déplacée de 26 à 33
2025-05-03 17:16:21,101 - INFO - IA: Raquette droite déplacée de 175 à 182
2025-05-03 17:16:21,120 - INFO - JOUEUR: Raquette gauche déplacée de 33 à 40
2025-05-03 17:16:21,120 - INFO - IA: Raquette droite déplacée de 182 à 189
2025-05-03 17:16:21,137 - INFO - JOUEUR: Raquette gauche déplacée de 40 à 47
2025-05-03 17:16:21,137 - INFO - IA: Raquette droite déplacée de 189 à 196
2025-05-03 17:16:21,154 - INFO - JOUEUR: Raquette gauche déplacée de 47 à 54
2025-05-03 17:16:21,155 - INFO - IA: Raquette droite déplacée de 196 à 203
2025-05-03 17:16:21,172 - INFO - JOUEUR: Raquette gauche déplacée de 54 à 61
2025-05-03 17:16:21,172 - INFO - IA: Raquette droite déplacée de 203 à 210
2025-05-03 17:16:21,190 - INFO - JOUEUR: Raquette gauche déplacée de 61 à 68
2025-05-03 17:16:21,190 - INFO - IA: Raquette droite déplacée de 210 à 217
2025-05-03 17:16:21,209 - INFO - JOUEUR: Raquette gauche déplacée de 68 à 75
2025-05-03 17:16:21,209 - INFO - IA: Raquette droite déplacée de 217 à 224
2025-05-03 17:16:21,226 - INFO - JOUEUR: Raquette gauche déplacée de 75 à 82
2025-05-03 17:16:21,226 - INFO - IA: Raquette droite déplacée de 224 à 231
2025-05-03 17:16:21,245 - INFO - JOUEUR: Raquette gauche déplacée de 82 à 89
2025-05-03 17:16:21,245 - INFO - IA: Raquette droite déplacée de 231 à 238
2025-05-03 17:16:21,263 - INFO - JOUEUR: Raquette gauche déplacée de 89 à 96
2025-05-03 17:16:21,263 - INFO - IA: Raquette droite déplacée de 238 à 245
2025-05-03 17:16:21,280 - INFO - JOUEUR: Raquette gauche déplacée de 96 à 103
2025-05-03 17:16:21,280 - INFO - IA: Raquette droite déplacée de 245 à 252
2025-05-03 17:16:21,297 - INFO - JOUEUR: Raquette gauche déplacée de 103 à 110
2025-05-03 17:16:21,297 - INFO - IA: Raquette droite déplacée de 252 à 259
2025-05-03 17:16:21,314 - INFO - JOUEUR: Raquette gauche déplacée de 110 à 117
2025-05-03 17:16:21,314 - INFO - IA: Raquette droite déplacée de 259 à 266
2025-05-03 17:16:21,332 - INFO - JOUEUR: Raquette gauche déplacée de 117 à 124
2025-05-03 17:16:21,332 - INFO - IA: Raquette droite déplacée de 266 à 273
2025-05-03 17:16:21,350 - INFO - JOUEUR: Raquette gauche déplacée de 124 à 131
2025-05-03 17:16:21,350 - INFO - IA: Raquette droite déplacée de 273 à 280
2025-05-03 17:16:21,368 - INFO - JOUEUR: Raquette gauche déplacée de 131 à 138
2025-05-03 17:16:21,368 - INFO - IA: Raquette droite déplacée de 280 à 287
2025-05-03 17:16:21,386 - INFO - JOUEUR: Raquette gauche déplacée de 138 à 145
2025-05-03 17:16:21,386 - INFO - IA: Raquette droite déplacée de 287 à 294
2025-05-03 17:16:21,403 - INFO - JOUEUR: Raquette gauche déplacée de 145 à 152
2025-05-03 17:16:21,403 - INFO - IA: Raquette droite déplacée de 294 à 301
2025-05-03 17:16:21,420 - INFO - JOUEUR: Raquette gauche déplacée de 152 à 159
2025-05-03 17:16:21,421 - INFO - IA: Raquette droite déplacée de 301 à 308
2025-05-03 17:16:21,437 - INFO - JOUEUR: Raquette gauche déplacée de 159 à 166
2025-05-03 17:16:21,437 - INFO - IA: Raquette droite déplacée de 308 à 315
2025-05-03 17:16:21,454 - INFO - JOUEUR: Raquette gauche déplacée de 166 à 173
2025-05-03 17:16:21,454 - INFO - IA: Raquette droite déplacée de 315 à 322
2025-05-03 17:16:21,472 - INFO - JOUEUR: Raquette gauche déplacée de 173 à 180
2025-05-03 17:16:21,472 - INFO - IA: Raquette droite déplacée de 322 à 329
2025-05-03 17:16:21,489 - INFO - JOUEUR: Raquette gauche déplacée de 180 à 187
2025-05-03 17:16:21,490 - INFO - IA: Raquette droite déplacée de 329 à 336
2025-05-03 17:16:21,507 - INFO - JOUEUR: Raquette gauche déplacée de 187 à 194
2025-05-03 17:16:21,507 - INFO - IA: Raquette droite déplacée de 336 à 343
2025-05-03 17:16:21,525 - INFO - JOUEUR: Raquette gauche déplacée de 194 à 201
2025-05-03 17:16:21,525 - INFO - IA: Raquette droite déplacée de 343 à 350
2025-05-03 17:16:21,525 - INFO - COLLISION: Balle a rebondi sur un mur à la position (58, 468)
2025-05-03 17:16:21,543 - INFO - JOUEUR: Raquette gauche déplacée de 201 à 208
2025-05-03 17:16:21,543 - INFO - IA: Raquette droite déplacée de 350 à 357
2025-05-03 17:16:21,560 - INFO - JOUEUR: Raquette gauche déplacée de 208 à 215
2025-05-03 17:16:21,560 - INFO - IA: Raquette droite déplacée de 357 à 364
2025-05-03 17:16:21,577 - INFO - JOUEUR: Raquette gauche déplacée de 215 à 222
2025-05-03 17:16:21,577 - INFO - IA: Raquette droite déplacée de 364 à 371
2025-05-03 17:16:21,594 - INFO - JOUEUR: Raquette gauche déplacée de 222 à 229
2025-05-03 17:16:21,594 - INFO - IA: Raquette droite déplacée de 371 à 378
2025-05-03 17:16:21,612 - INFO - JOUEUR: Raquette gauche déplacée de 229 à 236
2025-05-03 17:16:21,612 - INFO - IA: Raquette droite déplacée de 378 à 385
2025-05-03 17:16:21,629 - INFO - JOUEUR: Raquette gauche déplacée de 236 à 243
2025-05-03 17:16:21,629 - INFO - IA: Raquette droite déplacée de 385 à 378
2025-05-03 17:16:21,647 - INFO - JOUEUR: Raquette gauche déplacée de 243 à 250
2025-05-03 17:16:21,647 - INFO - IA: Raquette droite déplacée de 378 à 385
2025-05-03 17:16:21,666 - INFO - INPUT: Joueur relâche les touches directionnelles
2025-05-03 17:16:21,666 - INFO - IA: Raquette droite déplacée de 385 à 390
2025-05-03 17:16:21,682 - INFO - IA: Raquette droite déplacée de 390 à 383
2025-05-03 17:16:21,717 - INFO - IA: Raquette droite déplacée de 383 à 376
2025-05-03 17:16:21,735 - INFO - IA: Raquette droite déplacée de 376 à 383
2025-05-03 17:16:21,735 - INFO - POINT: Joueur droite (IA) marque un point! Score: 0-12
2025-05-03 17:16:21,753 - INFO - IA: Raquette droite déplacée de 383 à 376
2025-05-03 17:16:21,770 - INFO - IA: Raquette droite déplacée de 376 à 369
2025-05-03 17:16:21,786 - INFO - IA: Raquette droite déplacée de 369 à 362
2025-05-03 17:16:21,803 - INFO - IA: Raquette droite déplacée de 362 à 355
2025-05-03 17:16:21,820 - INFO - IA: Raquette droite déplacée de 355 à 348
2025-05-03 17:16:21,838 - INFO - IA: Raquette droite déplacée de 348 à 341
2025-05-03 17:16:21,856 - INFO - IA: Raquette droite déplacée de 341 à 334
2025-05-03 17:16:21,873 - INFO - IA: Raquette droite déplacée de 334 à 327
2025-05-03 17:16:21,890 - INFO - IA: Raquette droite déplacée de 327 à 320
2025-05-03 17:16:21,908 - INFO - IA: Raquette droite déplacée de 320 à 313
2025-05-03 17:16:21,925 - INFO - IA: Raquette droite déplacée de 313 à 306
2025-05-03 17:16:21,942 - INFO - INPUT: Joueur appuie sur la touche HAUT
2025-05-03 17:16:21,943 - INFO - JOUEUR: Raquette gauche déplacée de 250 à 243
2025-05-03 17:16:21,943 - INFO - IA: Raquette droite déplacée de 306 à 299
2025-05-03 17:16:21,960 - INFO - JOUEUR: Raquette gauche déplacée de 243 à 236
2025-05-03 17:16:21,960 - INFO - IA: Raquette droite déplacée de 299 à 292
2025-05-03 17:16:21,978 - INFO - JOUEUR: Raquette gauche déplacée de 236 à 229
2025-05-03 17:16:21,978 - INFO - IA: Raquette droite déplacée de 292 à 285
2025-05-03 17:16:21,995 - INFO - JOUEUR: Raquette gauche déplacée de 229 à 222
2025-05-03 17:16:21,995 - INFO - IA: Raquette droite déplacée de 285 à 278
2025-05-03 17:16:22,012 - INFO - JOUEUR: Raquette gauche déplacée de 222 à 215
2025-05-03 17:16:22,013 - INFO - IA: Raquette droite déplacée de 278 à 271
2025-05-03 17:16:22,030 - INFO - JOUEUR: Raquette gauche déplacée de 215 à 208
2025-05-03 17:16:22,031 - INFO - IA: Raquette droite déplacée de 271 à 264
2025-05-03 17:16:22,048 - INFO - JOUEUR: Raquette gauche déplacée de 208 à 201
2025-05-03 17:16:22,048 - INFO - IA: Raquette droite déplacée de 264 à 271
2025-05-03 17:16:22,066 - INFO - JOUEUR: Raquette gauche déplacée de 201 à 194
2025-05-03 17:16:22,066 - INFO - IA: Raquette droite déplacée de 271 à 278
2025-05-03 17:16:22,083 - INFO - JOUEUR: Raquette gauche déplacée de 194 à 187
2025-05-03 17:16:22,083 - INFO - IA: Raquette droite déplacée de 278 à 285
2025-05-03 17:16:22,100 - INFO - JOUEUR: Raquette gauche déplacée de 187 à 180
2025-05-03 17:16:22,100 - INFO - IA: Raquette droite déplacée de 285 à 292
2025-05-03 17:16:22,118 - INFO - JOUEUR: Raquette gauche déplacée de 180 à 173
2025-05-03 17:16:22,118 - INFO - IA: Raquette droite déplacée de 292 à 299
2025-05-03 17:16:22,136 - INFO - JOUEUR: Raquette gauche déplacée de 173 à 166
2025-05-03 17:16:22,137 - INFO - IA: Raquette droite déplacée de 299 à 292
2025-05-03 17:16:22,154 - INFO - JOUEUR: Raquette gauche déplacée de 166 à 159
2025-05-03 17:16:22,154 - INFO - IA: Raquette droite déplacée de 292 à 285
2025-05-03 17:16:22,172 - INFO - INPUT: Joueur relâche les touches directionnelles
2025-05-03 17:16:22,172 - INFO - IA: Raquette droite déplacée de 285 à 292
2025-05-03 17:16:22,190 - INFO - IA: Raquette droite déplacée de 292 à 299
2025-05-03 17:16:22,208 - INFO - IA: Raquette droite déplacée de 299 à 306
2025-05-03 17:16:22,226 - INFO - IA: Raquette droite déplacée de 306 à 299
2025-05-03 17:16:22,243 - INFO - IA: Raquette droite déplacée de 299 à 306
2025-05-03 17:16:22,261 - INFO - IA: Raquette droite déplacée de 306 à 313
2025-05-03 17:16:22,280 - INFO - IA: Raquette droite déplacée de 313 à 320
2025-05-03 17:16:22,299 - INFO - INPUT: Joueur appuie sur la touche BAS
2025-05-03 17:16:22,299 - INFO - JOUEUR: Raquette gauche déplacée de 159 à 166
2025-05-03 17:16:22,299 - INFO - IA: Raquette droite déplacée de 320 à 327
2025-05-03 17:16:22,317 - INFO - JOUEUR: Raquette gauche déplacée de 166 à 173
2025-05-03 17:16:22,317 - INFO - IA: Raquette droite déplacée de 327 à 334
2025-05-03 17:16:22,335 - INFO - JOUEUR: Raquette gauche déplacée de 173 à 180
2025-05-03 17:16:22,335 - INFO - IA: Raquette droite déplacée de 334 à 341
2025-05-03 17:16:22,352 - INFO - JOUEUR: Raquette gauche déplacée de 180 à 187
2025-05-03 17:16:22,352 - INFO - IA: Raquette droite déplacée de 341 à 348
2025-05-03 17:16:22,369 - INFO - JOUEUR: Raquette gauche déplacée de 187 à 194
2025-05-03 17:16:22,370 - INFO - IA: Raquette droite déplacée de 348 à 355
2025-05-03 17:16:22,387 - INFO - JOUEUR: Raquette gauche déplacée de 194 à 201
2025-05-03 17:16:22,387 - INFO - IA: Raquette droite déplacée de 355 à 362
2025-05-03 17:16:22,404 - INFO - JOUEUR: Raquette gauche déplacée de 201 à 208
2025-05-03 17:16:22,404 - INFO - IA: Raquette droite déplacée de 362 à 369
2025-05-03 17:16:22,422 - INFO - JOUEUR: Raquette gauche déplacée de 208 à 215
2025-05-03 17:16:22,422 - INFO - IA: Raquette droite déplacée de 369 à 376
2025-05-03 17:16:22,439 - INFO - JOUEUR: Raquette gauche déplacée de 215 à 222
2025-05-03 17:16:22,439 - INFO - IA: Raquette droite déplacée de 376 à 383
2025-05-03 17:16:22,456 - INFO - JOUEUR: Raquette gauche déplacée de 222 à 229
2025-05-03 17:16:22,473 - INFO - JOUEUR: Raquette gauche déplacée de 229 à 236
2025-05-03 17:16:22,473 - INFO - IA: Raquette droite déplacée de 383 à 390
2025-05-03 17:16:22,490 - INFO - JOUEUR: Raquette gauche déplacée de 236 à 243
2025-05-03 17:16:22,507 - INFO - JOUEUR: Raquette gauche déplacée de 243 à 250
2025-05-03 17:16:22,525 - INFO - JOUEUR: Raquette gauche déplacée de 250 à 257
2025-05-03 17:16:22,543 - INFO - JOUEUR: Raquette gauche déplacée de 257 à 264
2025-05-03 17:16:22,560 - INFO - JOUEUR: Raquette gauche déplacée de 264 à 271
2025-05-03 17:16:22,560 - INFO - COLLISION: Balle a rebondi sur un mur à la position (58, 468)
2025-05-03 17:16:22,577 - INFO - JOUEUR: Raquette gauche déplacée de 271 à 278
2025-05-03 17:16:22,594 - INFO - JOUEUR: Raquette gauche déplacée de 278 à 285
2025-05-03 17:16:22,611 - INFO - JOUEUR: Raquette gauche déplacée de 285 à 292
2025-05-03 17:16:22,628 - INFO - JOUEUR: Raquette gauche déplacée de 292 à 299
2025-05-03 17:16:22,645 - INFO - JOUEUR: Raquette gauche déplacée de 299 à 306
2025-05-03 17:16:22,663 - INFO - JOUEUR: Raquette gauche déplacée de 306 à 313
2025-05-03 17:16:22,680 - INFO - JOUEUR: Raquette gauche déplacée de 313 à 320
2025-05-03 17:16:22,680 - INFO - IA: Raquette droite déplacée de 390 à 383
2025-05-03 17:16:22,698 - INFO - INPUT: Joueur relâche les touches directionnelles
2025-05-03 17:16:22,698 - INFO - IA: Raquette droite déplacée de 383 à 376
2025-05-03 17:16:22,716 - INFO - IA: Raquette droite déplacée de 376 à 383
2025-05-03 17:16:22,733 - INFO - IA: Raquette droite déplacée de 383 à 390
2025-05-03 17:16:22,768 - INFO - IA: Raquette droite déplacée de 390 à 383
2025-05-03 17:16:22,768 - INFO - POINT: Joueur droite (IA) marque un point! Score: 0-13
2025-05-03 17:16:22,785 - INFO - IA: Raquette droite déplacée de 383 à 376
2025-05-03 17:16:22,803 - INFO - IA: Raquette droite déplacée de 376 à 369
2025-05-03 17:16:22,821 - INFO - IA: Raquette droite déplacée de 369 à 362
2025-05-03 17:16:22,838 - INFO - IA: Raquette droite déplacée de 362 à 355
2025-05-03 17:16:22,854 - INFO - IA: Raquette droite déplacée de 355 à 348
2025-05-03 17:16:22,871 - INFO - IA: Raquette droite déplacée de 348 à 341
2025-05-03 17:16:22,888 - INFO - IA: Raquette droite déplacée de 341 à 334
2025-05-03 17:16:22,905 - INFO - IA: Raquette droite déplacée de 334 à 327
2025-05-03 17:16:22,923 - INFO - IA: Raquette droite déplacée de 327 à 320
2025-05-03 17:16:22,940 - INFO - IA: Raquette droite déplacée de 320 à 313
2025-05-03 17:16:22,957 - INFO - IA: Raquette droite déplacée de 313 à 306
2025-05-03 17:16:22,974 - INFO - IA: Raquette droite déplacée de 306 à 299
2025-05-03 17:16:22,992 - INFO - IA: Raquette droite déplacée de 299 à 292
2025-05-03 17:16:23,010 - INFO - IA: Raquette droite déplacée de 292 à 285
2025-05-03 17:16:23,027 - INFO - IA: Raquette droite déplacée de 285 à 278
2025-05-03 17:16:23,044 - INFO - IA: Raquette droite déplacée de 278 à 271
2025-05-03 17:16:23,061 - INFO - IA: Raquette droite déplacée de 271 à 264
2025-05-03 17:16:23,078 - INFO - IA: Raquette droite déplacée de 264 à 257
2025-05-03 17:16:23,095 - INFO - IA: Raquette droite déplacée de 257 à 250
2025-05-03 17:16:23,113 - INFO - IA: Raquette droite déplacée de 250 à 243
2025-05-03 17:16:23,129 - INFO - IA: Raquette droite déplacée de 243 à 236
2025-05-03 17:16:23,148 - INFO - IA: Raquette droite déplacée de 236 à 229
2025-05-03 17:16:23,165 - INFO - IA: Raquette droite déplacée de 229 à 222
2025-05-03 17:16:23,182 - INFO - IA: Raquette droite déplacée de 222 à 215
2025-05-03 17:16:23,199 - INFO - IA: Raquette droite déplacée de 215 à 208
2025-05-03 17:16:23,216 - INFO - IA: Raquette droite déplacée de 208 à 201
2025-05-03 17:16:23,235 - INFO - IA: Raquette droite déplacée de 201 à 194
2025-05-03 17:16:23,252 - INFO - IA: Raquette droite déplacée de 194 à 187
2025-05-03 17:16:23,271 - INFO - INPUT: Joueur appuie sur la touche HAUT
2025-05-03 17:16:23,271 - INFO - JOUEUR: Raquette gauche déplacée de 320 à 313
2025-05-03 17:16:23,271 - INFO - IA: Raquette droite déplacée de 187 à 180
2025-05-03 17:16:23,288 - INFO - JOUEUR: Raquette gauche déplacée de 313 à 306
2025-05-03 17:16:23,288 - INFO - IA: Raquette droite déplacée de 180 à 173
2025-05-03 17:16:23,306 - INFO - JOUEUR: Raquette gauche déplacée de 306 à 299
2025-05-03 17:16:23,306 - INFO - IA: Raquette droite déplacée de 173 à 166
2025-05-03 17:16:23,323 - INFO - JOUEUR: Raquette gauche déplacée de 299 à 292
2025-05-03 17:16:23,324 - INFO - IA: Raquette droite déplacée de 166 à 159
2025-05-03 17:16:23,341 - INFO - JOUEUR: Raquette gauche déplacée de 292 à 285
2025-05-03 17:16:23,342 - INFO - IA: Raquette droite déplacée de 159 à 152
2025-05-03 17:16:23,359 - INFO - JOUEUR: Raquette gauche déplacée de 285 à 278
2025-05-03 17:16:23,360 - INFO - IA: Raquette droite déplacée de 152 à 145
2025-05-03 17:16:23,377 - INFO - JOUEUR: Raquette gauche déplacée de 278 à 271
2025-05-03 17:16:23,377 - INFO - IA: Raquette droite déplacée de 145 à 138
2025-05-03 17:16:23,394 - INFO - JOUEUR: Raquette gauche déplacée de 271 à 264
2025-05-03 17:16:23,394 - INFO - IA: Raquette droite déplacée de 138 à 131
2025-05-03 17:16:23,411 - INFO - JOUEUR: Raquette gauche déplacée de 264 à 257
2025-05-03 17:16:23,411 - INFO - IA: Raquette droite déplacée de 131 à 124
2025-05-03 17:16:23,428 - INFO - JOUEUR: Raquette gauche déplacée de 257 à 250
2025-05-03 17:16:23,428 - INFO - IA: Raquette droite déplacée de 124 à 117
2025-05-03 17:16:23,445 - INFO - JOUEUR: Raquette gauche déplacée de 250 à 243
2025-05-03 17:16:23,445 - INFO - IA: Raquette droite déplacée de 117 à 110
2025-05-03 17:16:23,463 - INFO - JOUEUR: Raquette gauche déplacée de 243 à 236
2025-05-03 17:16:23,463 - INFO - IA: Raquette droite déplacée de 110 à 103
2025-05-03 17:16:23,480 - INFO - JOUEUR: Raquette gauche déplacée de 236 à 229
2025-05-03 17:16:23,480 - INFO - IA: Raquette droite déplacée de 103 à 96
2025-05-03 17:16:23,497 - INFO - JOUEUR: Raquette gauche déplacée de 229 à 222
2025-05-03 17:16:23,497 - INFO - IA: Raquette droite déplacée de 96 à 89
2025-05-03 17:16:23,514 - INFO - JOUEUR: Raquette gauche déplacée de 222 à 215
2025-05-03 17:16:23,514 - INFO - IA: Raquette droite déplacée de 89 à 82
2025-05-03 17:16:23,532 - INFO - JOUEUR: Raquette gauche déplacée de 215 à 208
2025-05-03 17:16:23,532 - INFO - IA: Raquette droite déplacée de 82 à 75
2025-05-03 17:16:23,549 - INFO - JOUEUR: Raquette gauche déplacée de 208 à 201
2025-05-03 17:16:23,549 - INFO - IA: Raquette droite déplacée de 75 à 68
2025-05-03 17:16:23,567 - INFO - JOUEUR: Raquette gauche déplacée de 201 à 194
2025-05-03 17:16:23,567 - INFO - IA: Raquette droite déplacée de 68 à 61
2025-05-03 17:16:23,584 - INFO - JOUEUR: Raquette gauche déplacée de 194 à 187
2025-05-03 17:16:23,585 - INFO - IA: Raquette droite déplacée de 61 à 54
2025-05-03 17:16:23,585 - INFO - COLLISION: Balle a rebondi sur un mur à la position (528, -2)
2025-05-03 17:16:23,602 - INFO - JOUEUR: Raquette gauche déplacée de 187 à 180
2025-05-03 17:16:23,603 - INFO - IA: Raquette droite déplacée de 54 à 47
2025-05-03 17:16:23,620 - INFO - JOUEUR: Raquette gauche déplacée de 180 à 173
2025-05-03 17:16:23,621 - INFO - IA: Raquette droite déplacée de 47 à 40
2025-05-03 17:16:23,638 - INFO - JOUEUR: Raquette gauche déplacée de 173 à 166
2025-05-03 17:16:23,638 - INFO - IA: Raquette droite déplacée de 40 à 33
2025-05-03 17:16:23,655 - INFO - JOUEUR: Raquette gauche déplacée de 166 à 159
2025-05-03 17:16:23,655 - INFO - IA: Raquette droite déplacée de 33 à 26
2025-05-03 17:16:23,672 - INFO - INPUT: Joueur relâche les touches directionnelles
2025-05-03 17:16:23,672 - INFO - IA: Raquette droite déplacée de 26 à 19
2025-05-03 17:16:23,672 - INFO - COLLISION: Balle a rebondi sur une raquette à la position (553, 23)
2025-05-03 17:16:23,690 - INFO - IA: Raquette droite déplacée de 19 à 12
2025-05-03 17:16:23,707 - INFO - IA: Raquette droite déplacée de 12 à 5
2025-05-03 17:16:23,724 - INFO - IA: Raquette droite déplacée de 5 à 12
2025-05-03 17:16:23,742 - INFO - IA: Raquette droite déplacée de 12 à 5
2025-05-03 17:16:23,759 - INFO - IA: Raquette droite déplacée de 5 à 12
2025-05-03 17:16:23,776 - INFO - IA: Raquette droite déplacée de 12 à 19
2025-05-03 17:16:23,793 - INFO - IA: Raquette droite déplacée de 19 à 26
2025-05-03 17:16:23,809 - INFO - IA: Raquette droite déplacée de 26 à 19
2025-05-03 17:16:23,826 - INFO - IA: Raquette droite déplacée de 19 à 26
2025-05-03 17:16:23,844 - INFO - IA: Raquette droite déplacée de 26 à 33
2025-05-03 17:16:23,862 - INFO - IA: Raquette droite déplacée de 33 à 26
2025-05-03 17:16:23,879 - INFO - IA: Raquette droite déplacée de 26 à 19
2025-05-03 17:16:23,897 - INFO - IA: Raquette droite déplacée de 19 à 12
2025-05-03 17:16:23,913 - INFO - IA: Raquette droite déplacée de 12 à 19
2025-05-03 17:16:23,930 - INFO - IA: Raquette droite déplacée de 19 à 26
2025-05-03 17:16:23,947 - INFO - IA: Raquette droite déplacée de 26 à 33
2025-05-03 17:16:23,965 - INFO - IA: Raquette droite déplacée de 33 à 40
2025-05-03 17:16:23,983 - INFO - IA: Raquette droite déplacée de 40 à 47
2025-05-03 17:16:24,000 - INFO - IA: Raquette droite déplacée de 47 à 54
2025-05-03 17:16:24,017 - INFO - IA: Raquette droite déplacée de 54 à 61
2025-05-03 17:16:24,034 - INFO - IA: Raquette droite déplacée de 61 à 68
2025-05-03 17:16:24,051 - INFO - IA: Raquette droite déplacée de 68 à 75
2025-05-03 17:16:24,070 - INFO - IA: Raquette droite déplacée de 75 à 82
2025-05-03 17:16:24,086 - INFO - IA: Raquette droite déplacée de 82 à 75
2025-05-03 17:16:24,104 - INFO - IA: Raquette droite déplacée de 75 à 82
2025-05-03 17:16:24,122 - INFO - IA: Raquette droite déplacée de 82 à 89
2025-05-03 17:16:24,139 - INFO - IA: Raquette droite déplacée de 89 à 82
2025-05-03 17:16:24,157 - INFO - INPUT: Joueur appuie sur la touche BAS
2025-05-03 17:16:24,157 - INFO - JOUEUR: Raquette gauche déplacée de 159 à 166
2025-05-03 17:16:24,158 - INFO - IA: Raquette droite déplacée de 82 à 89
2025-05-03 17:16:24,175 - INFO - JOUEUR: Raquette gauche déplacée de 166 à 173
2025-05-03 17:16:24,175 - INFO - IA: Raquette droite déplacée de 89 à 96
2025-05-03 17:16:24,192 - INFO - JOUEUR: Raquette gauche déplacée de 173 à 180
2025-05-03 17:16:24,192 - INFO - IA: Raquette droite déplacée de 96 à 103
2025-05-03 17:16:24,210 - INFO - JOUEUR: Raquette gauche déplacée de 180 à 187
2025-05-03 17:16:24,210 - INFO - IA: Raquette droite déplacée de 103 à 110
2025-05-03 17:16:24,227 - INFO - JOUEUR: Raquette gauche déplacée de 187 à 194
2025-05-03 17:16:24,227 - INFO - IA: Raquette droite déplacée de 110 à 117
2025-05-03 17:16:24,245 - INFO - JOUEUR: Raquette gauche déplacée de 194 à 201
2025-05-03 17:16:24,248 - INFO - IA: Raquette droite déplacée de 117 à 124
2025-05-03 17:16:24,265 - INFO - JOUEUR: Raquette gauche déplacée de 201 à 208
2025-05-03 17:16:24,265 - INFO - IA: Raquette droite déplacée de 124 à 131
2025-05-03 17:16:24,282 - INFO - JOUEUR: Raquette gauche déplacée de 208 à 215
2025-05-03 17:16:24,282 - INFO - IA: Raquette droite déplacée de 131 à 138
2025-05-03 17:16:24,300 - INFO - JOUEUR: Raquette gauche déplacée de 215 à 222
2025-05-03 17:16:24,300 - INFO - IA: Raquette droite déplacée de 138 à 145
2025-05-03 17:16:24,317 - INFO - JOUEUR: Raquette gauche déplacée de 222 à 229
2025-05-03 17:16:24,317 - INFO - IA: Raquette droite déplacée de 145 à 152
2025-05-03 17:16:24,335 - INFO - JOUEUR: Raquette gauche déplacée de 229 à 236
2025-05-03 17:16:24,335 - INFO - IA: Raquette droite déplacée de 152 à 159
2025-05-03 17:16:24,353 - INFO - JOUEUR: Raquette gauche déplacée de 236 à 243
2025-05-03 17:16:24,353 - INFO - IA: Raquette droite déplacée de 159 à 166
2025-05-03 17:16:24,371 - INFO - JOUEUR: Raquette gauche déplacée de 243 à 250
2025-05-03 17:16:24,372 - INFO - IA: Raquette droite déplacée de 166 à 159
2025-05-03 17:16:24,390 - INFO - JOUEUR: Raquette gauche déplacée de 250 à 257
2025-05-03 17:16:24,390 - INFO - IA: Raquette droite déplacée de 159 à 166
2025-05-03 17:16:24,407 - INFO - JOUEUR: Raquette gauche déplacée de 257 à 264
2025-05-03 17:16:24,407 - INFO - IA: Raquette droite déplacée de 166 à 173
2025-05-03 17:16:24,425 - INFO - JOUEUR: Raquette gauche déplacée de 264 à 271
2025-05-03 17:16:24,425 - INFO - IA: Raquette droite déplacée de 173 à 180
2025-05-03 17:16:24,442 - INFO - JOUEUR: Raquette gauche déplacée de 271 à 278
2025-05-03 17:16:24,442 - INFO - IA: Raquette droite déplacée de 180 à 187
2025-05-03 17:16:24,459 - INFO - JOUEUR: Raquette gauche déplacée de 278 à 285
2025-05-03 17:16:24,460 - INFO - IA: Raquette droite déplacée de 187 à 194
2025-05-03 17:16:24,476 - INFO - JOUEUR: Raquette gauche déplacée de 285 à 292
2025-05-03 17:16:24,476 - INFO - IA: Raquette droite déplacée de 194 à 201
2025-05-03 17:16:24,494 - INFO - JOUEUR: Raquette gauche déplacée de 292 à 299
2025-05-03 17:16:24,494 - INFO - IA: Raquette droite déplacée de 201 à 208
2025-05-03 17:16:24,512 - INFO - JOUEUR: Raquette gauche déplacée de 299 à 306
2025-05-03 17:16:24,512 - INFO - IA: Raquette droite déplacée de 208 à 215
2025-05-03 17:16:24,530 - INFO - JOUEUR: Raquette gauche déplacée de 306 à 313
2025-05-03 17:16:24,530 - INFO - IA: Raquette droite déplacée de 215 à 222
2025-05-03 17:16:24,547 - INFO - JOUEUR: Raquette gauche déplacée de 313 à 320
2025-05-03 17:16:24,547 - INFO - IA: Raquette droite déplacée de 222 à 229
2025-05-03 17:16:24,564 - INFO - JOUEUR: Raquette gauche déplacée de 320 à 327
2025-05-03 17:16:24,564 - INFO - IA: Raquette droite déplacée de 229 à 222
2025-05-03 17:16:24,581 - INFO - JOUEUR: Raquette gauche déplacée de 327 à 334
2025-05-03 17:16:24,581 - INFO - IA: Raquette droite déplacée de 222 à 229
2025-05-03 17:16:24,598 - INFO - JOUEUR: Raquette gauche déplacée de 334 à 341
2025-05-03 17:16:24,598 - INFO - IA: Raquette droite déplacée de 229 à 236
2025-05-03 17:16:24,617 - INFO - INPUT: Joueur relâche les touches directionnelles
2025-05-03 17:16:24,617 - INFO - IA: Raquette droite déplacée de 236 à 243
2025-05-03 17:16:24,635 - INFO - IA: Raquette droite déplacée de 243 à 250
2025-05-03 17:16:24,653 - INFO - IA: Raquette droite déplacée de 250 à 243
2025-05-03 17:16:24,671 - INFO - IA: Raquette droite déplacée de 243 à 250
2025-05-03 17:16:24,689 - INFO - IA: Raquette droite déplacée de 250 à 257
2025-05-03 17:16:24,706 - INFO - IA: Raquette droite déplacée de 257 à 264
2025-05-03 17:16:24,723 - INFO - IA: Raquette droite déplacée de 264 à 271
2025-05-03 17:16:24,740 - INFO - IA: Raquette droite déplacée de 271 à 278
2025-05-03 17:16:24,757 - INFO - IA: Raquette droite déplacée de 278 à 285
2025-05-03 17:16:24,774 - INFO - IA: Raquette droite déplacée de 285 à 292
2025-05-03 17:16:24,791 - INFO - IA: Raquette droite déplacée de 292 à 299
2025-05-03 17:16:24,808 - INFO - IA: Raquette droite déplacée de 299 à 292
2025-05-03 17:16:24,825 - INFO - IA: Raquette droite déplacée de 292 à 299
2025-05-03 17:16:24,843 - INFO - IA: Raquette droite déplacée de 299 à 292
2025-05-03 17:16:24,860 - INFO - IA: Raquette droite déplacée de 292 à 299
2025-05-03 17:16:24,877 - INFO - IA: Raquette droite déplacée de 299 à 306
2025-05-03 17:16:24,894 - INFO - IA: Raquette droite déplacée de 306 à 313
2025-05-03 17:16:24,911 - INFO - IA: Raquette droite déplacée de 313 à 320
2025-05-03 17:16:24,929 - INFO - IA: Raquette droite déplacée de 320 à 327
2025-05-03 17:16:24,947 - INFO - IA: Raquette droite déplacée de 327 à 334
2025-05-03 17:16:24,965 - INFO - IA: Raquette droite déplacée de 334 à 341
2025-05-03 17:16:24,982 - INFO - IA: Raquette droite déplacée de 341 à 348
2025-05-03 17:16:24,999 - INFO - IA: Raquette droite déplacée de 348 à 355
2025-05-03 17:16:25,033 - INFO - IA: Raquette droite déplacée de 355 à 348
2025-05-03 17:16:25,050 - INFO - IA: Raquette droite déplacée de 348 à 355
2025-05-03 17:16:25,067 - INFO - IA: Raquette droite déplacée de 355 à 362
2025-05-03 17:16:25,085 - INFO - IA: Raquette droite déplacée de 362 à 369
2025-05-03 17:16:25,102 - INFO - IA: Raquette droite déplacée de 369 à 376
2025-05-03 17:16:25,119 - INFO - IA: Raquette droite déplacée de 376 à 383
2025-05-03 17:16:25,136 - INFO - IA: Raquette droite déplacée de 383 à 390
2025-05-03 17:16:25,223 - INFO - COLLISION: Balle a rebondi sur un mur à la position (108, 468)
2025-05-03 17:16:25,310 - INFO - IA: Raquette droite déplacée de 390 à 383
2025-05-03 17:16:25,327 - INFO - IA: Raquette droite déplacée de 383 à 390
2025-05-03 17:16:25,344 - INFO - IA: Raquette droite déplacée de 390 à 383
2025-05-03 17:16:25,361 - INFO - IA: Raquette droite déplacée de 383 à 390
2025-05-03 17:16:25,378 - INFO - IA: Raquette droite déplacée de 390 à 383
2025-05-03 17:16:25,395 - INFO - IA: Raquette droite déplacée de 383 à 376
2025-05-03 17:16:25,413 - INFO - IA: Raquette droite déplacée de 376 à 383
2025-05-03 17:16:25,431 - INFO - IA: Raquette droite déplacée de 383 à 376
2025-05-03 17:16:25,449 - INFO - IA: Raquette droite déplacée de 376 à 369
2025-05-03 17:16:25,467 - INFO - IA: Raquette droite déplacée de 369 à 362
2025-05-03 17:16:25,484 - INFO - IA: Raquette droite déplacée de 362 à 355
2025-05-03 17:16:25,484 - INFO - COLLISION: Balle a rebondi sur une raquette à la position (33, 393)
2025-05-03 17:16:25,502 - INFO - IA: Raquette droite déplacée de 355 à 362
2025-05-03 17:16:25,520 - INFO - IA: Raquette droite déplacée de 362 à 355
2025-05-03 17:16:25,538 - INFO - IA: Raquette droite déplacée de 355 à 348
2025-05-03 17:16:25,556 - INFO - IA: Raquette droite déplacée de 348 à 341
2025-05-03 17:16:25,573 - INFO - IA: Raquette droite déplacée de 341 à 334
2025-05-03 17:16:25,590 - INFO - IA: Raquette droite déplacée de 334 à 327
2025-05-03 17:16:25,607 - INFO - IA: Raquette droite déplacée de 327 à 334
2025-05-03 17:16:25,624 - INFO - IA: Raquette droite déplacée de 334 à 327
2025-05-03 17:16:25,641 - INFO - IA: Raquette droite déplacée de 327 à 334
2025-05-03 17:16:25,658 - INFO - IA: Raquette droite déplacée de 334 à 327
2025-05-03 17:16:25,676 - INFO - IA: Raquette droite déplacée de 327 à 334
2025-05-03 17:16:25,694 - INFO - IA: Raquette droite déplacée de 334 à 327
2025-05-03 17:16:25,711 - INFO - IA: Raquette droite déplacée de 327 à 320
2025-05-03 17:16:25,730 - INFO - IA: Raquette droite déplacée de 320 à 313
2025-05-03 17:16:25,748 - INFO - IA: Raquette droite déplacée de 313 à 306
2025-05-03 17:16:25,766 - INFO - IA: Raquette droite déplacée de 306 à 299
2025-05-03 17:16:25,783 - INFO - IA: Raquette droite déplacée de 299 à 292
2025-05-03 17:16:25,799 - INFO - IA: Raquette droite déplacée de 292 à 285
2025-05-03 17:16:25,817 - INFO - IA: Raquette droite déplacée de 285 à 278
2025-05-03 17:16:25,834 - INFO - IA: Raquette droite déplacée de 278 à 285
2025-05-03 17:16:25,851 - INFO - IA: Raquette droite déplacée de 285 à 278
2025-05-03 17:16:25,868 - INFO - IA: Raquette droite déplacée de 278 à 271
2025-05-03 17:16:25,885 - INFO - IA: Raquette droite déplacée de 271 à 264
2025-05-03 17:16:25,903 - INFO - IA: Raquette droite déplacée de 264 à 257
2025-05-03 17:16:25,919 - INFO - IA: Raquette droite déplacée de 257 à 250
2025-05-03 17:16:25,936 - INFO - IA: Raquette droite déplacée de 250 à 243
2025-05-03 17:16:25,970 - INFO - IA: Raquette droite déplacée de 243 à 236
2025-05-03 17:16:25,988 - INFO - IA: Raquette droite déplacée de 236 à 229
2025-05-03 17:16:26,005 - INFO - IA: Raquette droite déplacée de 229 à 222
2025-05-03 17:16:26,022 - INFO - IA: Raquette droite déplacée de 222 à 229
2025-05-03 17:16:26,040 - INFO - IA: Raquette droite déplacée de 229 à 222
2025-05-03 17:16:26,057 - INFO - IA: Raquette droite déplacée de 222 à 215
2025-05-03 17:16:26,073 - INFO - IA: Raquette droite déplacée de 215 à 208
2025-05-03 17:16:26,091 - INFO - IA: Raquette droite déplacée de 208 à 201
2025-05-03 17:16:26,107 - INFO - IA: Raquette droite déplacée de 201 à 194
2025-05-03 17:16:26,124 - INFO - IA: Raquette droite déplacée de 194 à 187
2025-05-03 17:16:26,142 - INFO - IA: Raquette droite déplacée de 187 à 180
2025-05-03 17:16:26,160 - INFO - IA: Raquette droite déplacée de 180 à 173
2025-05-03 17:16:26,177 - INFO - IA: Raquette droite déplacée de 173 à 166
2025-05-03 17:16:26,195 - INFO - IA: Raquette droite déplacée de 166 à 159
2025-05-03 17:16:26,212 - INFO - IA: Raquette droite déplacée de 159 à 152
2025-05-03 17:16:26,230 - INFO - IA: Raquette droite déplacée de 152 à 159
2025-05-03 17:16:26,248 - INFO - IA: Raquette droite déplacée de 159 à 152
2025-05-03 17:16:26,267 - INFO - IA: Raquette droite déplacée de 152 à 145
2025-05-03 17:16:26,285 - INFO - IA: Raquette droite déplacée de 145 à 138
2025-05-03 17:16:26,303 - INFO - IA: Raquette droite déplacée de 138 à 131
2025-05-03 17:16:26,320 - INFO - IA: Raquette droite déplacée de 131 à 138
2025-05-03 17:16:26,338 - INFO - IA: Raquette droite déplacée de 138 à 131
2025-05-03 17:16:26,356 - INFO - IA: Raquette droite déplacée de 131 à 124
2025-05-03 17:16:26,373 - INFO - INPUT: Joueur appuie sur la touche HAUT
2025-05-03 17:16:26,373 - INFO - JOUEUR: Raquette gauche déplacée de 341 à 334
2025-05-03 17:16:26,373 - INFO - IA: Raquette droite déplacée de 124 à 131
2025-05-03 17:16:26,391 - INFO - JOUEUR: Raquette gauche déplacée de 334 à 327
2025-05-03 17:16:26,391 - INFO - IA: Raquette droite déplacée de 131 à 124
2025-05-03 17:16:26,408 - INFO - JOUEUR: Raquette gauche déplacée de 327 à 320
2025-05-03 17:16:26,408 - INFO - IA: Raquette droite déplacée de 124 à 117
2025-05-03 17:16:26,425 - INFO - JOUEUR: Raquette gauche déplacée de 320 à 313
2025-05-03 17:16:26,425 - INFO - IA: Raquette droite déplacée de 117 à 110
2025-05-03 17:16:26,441 - INFO - JOUEUR: Raquette gauche déplacée de 313 à 306
2025-05-03 17:16:26,442 - INFO - IA: Raquette droite déplacée de 110 à 103
2025-05-03 17:16:26,458 - INFO - JOUEUR: Raquette gauche déplacée de 306 à 299
2025-05-03 17:16:26,459 - INFO - IA: Raquette droite déplacée de 103 à 96
2025-05-03 17:16:26,476 - INFO - JOUEUR: Raquette gauche déplacée de 299 à 292
2025-05-03 17:16:26,476 - INFO - IA: Raquette droite déplacée de 96 à 89
2025-05-03 17:16:26,494 - INFO - JOUEUR: Raquette gauche déplacée de 292 à 285
2025-05-03 17:16:26,494 - INFO - IA: Raquette droite déplacée de 89 à 82
2025-05-03 17:16:26,512 - INFO - JOUEUR: Raquette gauche déplacée de 285 à 278
2025-05-03 17:16:26,512 - INFO - IA: Raquette droite déplacée de 82 à 89
2025-05-03 17:16:26,529 - INFO - JOUEUR: Raquette gauche déplacée de 278 à 271
2025-05-03 17:16:26,530 - INFO - IA: Raquette droite déplacée de 89 à 82
2025-05-03 17:16:26,547 - INFO - JOUEUR: Raquette gauche déplacée de 271 à 264
2025-05-03 17:16:26,547 - INFO - IA: Raquette droite déplacée de 82 à 75
2025-05-03 17:16:26,565 - INFO - JOUEUR: Raquette gauche déplacée de 264 à 257
2025-05-03 17:16:26,565 - INFO - IA: Raquette droite déplacée de 75 à 68
2025-05-03 17:16:26,582 - INFO - JOUEUR: Raquette gauche déplacée de 257 à 250
2025-05-03 17:16:26,582 - INFO - IA: Raquette droite déplacée de 68 à 75
2025-05-03 17:16:26,600 - INFO - JOUEUR: Raquette gauche déplacée de 250 à 243
2025-05-03 17:16:26,600 - INFO - IA: Raquette droite déplacée de 75 à 68
2025-05-03 17:16:26,617 - INFO - JOUEUR: Raquette gauche déplacée de 243 à 236
2025-05-03 17:16:26,617 - INFO - IA: Raquette droite déplacée de 68 à 61
2025-05-03 17:16:26,634 - INFO - JOUEUR: Raquette gauche déplacée de 236 à 229
2025-05-03 17:16:26,634 - INFO - IA: Raquette droite déplacée de 61 à 54
2025-05-03 17:16:26,652 - INFO - JOUEUR: Raquette gauche déplacée de 229 à 222
2025-05-03 17:16:26,652 - INFO - IA: Raquette droite déplacée de 54 à 47
2025-05-03 17:16:26,669 - INFO - JOUEUR: Raquette gauche déplacée de 222 à 215
2025-05-03 17:16:26,669 - INFO - IA: Raquette droite déplacée de 47 à 40
2025-05-03 17:16:26,687 - INFO - JOUEUR: Raquette gauche déplacée de 215 à 208
2025-05-03 17:16:26,687 - INFO - IA: Raquette droite déplacée de 40 à 33
2025-05-03 17:16:26,704 - INFO - JOUEUR: Raquette gauche déplacée de 208 à 201
2025-05-03 17:16:26,704 - INFO - IA: Raquette droite déplacée de 33 à 26
2025-05-03 17:16:26,721 - INFO - JOUEUR: Raquette gauche déplacée de 201 à 194
2025-05-03 17:16:26,721 - INFO - IA: Raquette droite déplacée de 26 à 19
2025-05-03 17:16:26,740 - INFO - INPUT: Joueur relâche les touches directionnelles
2025-05-03 17:16:26,740 - INFO - IA: Raquette droite déplacée de 19 à 12
2025-05-03 17:16:26,758 - INFO - IA: Raquette droite déplacée de 12 à 5
2025-05-03 17:16:26,775 - INFO - IA: Raquette droite déplacée de 5 à 0
2025-05-03 17:16:26,792 - INFO - IA: Raquette droite déplacée de 0 à 7
2025-05-03 17:16:26,810 - INFO - IA: Raquette droite déplacée de 7 à 0
2025-05-03 17:16:26,861 - INFO - COLLISION: Balle a rebondi sur un mur à la position (507, -2)
2025-05-03 17:16:26,928 - INFO - IA: Raquette droite déplacée de 0 à 7
2025-05-03 17:16:26,945 - INFO - IA: Raquette droite déplacée de 7 à 0
2025-05-03 17:16:26,980 - INFO - IA: Raquette droite déplacée de 0 à 7
2025-05-03 17:16:26,999 - INFO - IA: Raquette droite déplacée de 7 à 14
2025-05-03 17:16:27,000 - INFO - COLLISION: Balle a rebondi sur une raquette à la position (555, 38)
2025-05-03 17:16:27,017 - INFO - IA: Raquette droite déplacée de 14 à 7
2025-05-03 17:16:27,035 - INFO - IA: Raquette droite déplacée de 7 à 14
2025-05-03 17:16:27,052 - INFO - IA: Raquette droite déplacée de 14 à 21
2025-05-03 17:16:27,070 - INFO - INPUT: Joueur appuie sur la touche BAS
2025-05-03 17:16:27,070 - INFO - JOUEUR: Raquette gauche déplacée de 194 à 201
2025-05-03 17:16:27,070 - INFO - IA: Raquette droite déplacée de 21 à 28
2025-05-03 17:16:27,087 - INFO - JOUEUR: Raquette gauche déplacée de 201 à 208
2025-05-03 17:16:27,087 - INFO - IA: Raquette droite déplacée de 28 à 21
2025-05-03 17:16:27,104 - INFO - JOUEUR: Raquette gauche déplacée de 208 à 215
2025-05-03 17:16:27,104 - INFO - IA: Raquette droite déplacée de 21 à 28
2025-05-03 17:16:27,121 - INFO - JOUEUR: Raquette gauche déplacée de 215 à 222
2025-05-03 17:16:27,121 - INFO - IA: Raquette droite déplacée de 28 à 35
2025-05-03 17:16:27,138 - INFO - JOUEUR: Raquette gauche déplacée de 222 à 229
2025-05-03 17:16:27,138 - INFO - IA: Raquette droite déplacée de 35 à 42
2025-05-03 17:16:27,155 - INFO - JOUEUR: Raquette gauche déplacée de 229 à 236
2025-05-03 17:16:27,155 - INFO - IA: Raquette droite déplacée de 42 à 35
2025-05-03 17:16:27,172 - INFO - JOUEUR: Raquette gauche déplacée de 236 à 243
2025-05-03 17:16:27,172 - INFO - IA: Raquette droite déplacée de 35 à 42
2025-05-03 17:16:27,190 - INFO - JOUEUR: Raquette gauche déplacée de 243 à 250
2025-05-03 17:16:27,190 - INFO - IA: Raquette droite déplacée de 42 à 35
2025-05-03 17:16:27,207 - INFO - JOUEUR: Raquette gauche déplacée de 250 à 257
2025-05-03 17:16:27,207 - INFO - IA: Raquette droite déplacée de 35 à 42
2025-05-03 17:16:27,224 - INFO - JOUEUR: Raquette gauche déplacée de 257 à 264
2025-05-03 17:16:27,242 - INFO - JOUEUR: Raquette gauche déplacée de 264 à 271
2025-05-03 17:16:27,242 - INFO - IA: Raquette droite déplacée de 42 à 49
2025-05-03 17:16:27,259 - INFO - JOUEUR: Raquette gauche déplacée de 271 à 278
2025-05-03 17:16:27,259 - INFO - IA: Raquette droite déplacée de 49 à 56
2025-05-03 17:16:27,276 - INFO - JOUEUR: Raquette gauche déplacée de 278 à 285
2025-05-03 17:16:27,276 - INFO - IA: Raquette droite déplacée de 56 à 63
2025-05-03 17:16:27,294 - INFO - JOUEUR: Raquette gauche déplacée de 285 à 292
2025-05-03 17:16:27,295 - INFO - IA: Raquette droite déplacée de 63 à 70
2025-05-03 17:16:27,313 - INFO - JOUEUR: Raquette gauche déplacée de 292 à 299
2025-05-03 17:16:27,313 - INFO - IA: Raquette droite déplacée de 70 à 77
2025-05-03 17:16:27,332 - INFO - JOUEUR: Raquette gauche déplacée de 299 à 306
2025-05-03 17:16:27,332 - INFO - IA: Raquette droite déplacée de 77 à 70
2025-05-03 17:16:27,350 - INFO - JOUEUR: Raquette gauche déplacée de 306 à 313
2025-05-03 17:16:27,350 - INFO - IA: Raquette droite déplacée de 70 à 77
2025-05-03 17:16:27,367 - INFO - JOUEUR: Raquette gauche déplacée de 313 à 320
2025-05-03 17:16:27,367 - INFO - IA: Raquette droite déplacée de 77 à 84
2025-05-03 17:16:27,384 - INFO - JOUEUR: Raquette gauche déplacée de 320 à 327
2025-05-03 17:16:27,384 - INFO - IA: Raquette droite déplacée de 84 à 77
2025-05-03 17:16:27,402 - INFO - INPUT: Joueur relâche les touches directionnelles
2025-05-03 17:16:27,402 - INFO - IA: Raquette droite déplacée de 77 à 84
2025-05-03 17:16:27,419 - INFO - IA: Raquette droite déplacée de 84 à 91
2025-05-03 17:16:27,436 - INFO - IA: Raquette droite déplacée de 91 à 98
2025-05-03 17:16:27,453 - INFO - IA: Raquette droite déplacée de 98 à 105
2025-05-03 17:16:27,470 - INFO - IA: Raquette droite déplacée de 105 à 112
2025-05-03 17:16:27,487 - INFO - IA: Raquette droite déplacée de 112 à 119
2025-05-03 17:16:27,504 - INFO - IA: Raquette droite déplacée de 119 à 126
2025-05-03 17:16:27,522 - INFO - IA: Raquette droite déplacée de 126 à 133
2025-05-03 17:16:27,540 - INFO - INPUT: Joueur appuie sur la touche HAUT
2025-05-03 17:16:27,540 - INFO - JOUEUR: Raquette gauche déplacée de 327 à 320
2025-05-03 17:16:27,540 - INFO - IA: Raquette droite déplacée de 133 à 140
2025-05-03 17:16:27,558 - INFO - JOUEUR: Raquette gauche déplacée de 320 à 313
2025-05-03 17:16:27,558 - INFO - IA: Raquette droite déplacée de 140 à 147
2025-05-03 17:16:27,575 - INFO - JOUEUR: Raquette gauche déplacée de 313 à 306
2025-05-03 17:16:27,575 - INFO - IA: Raquette droite déplacée de 147 à 154
2025-05-03 17:16:27,593 - INFO - JOUEUR: Raquette gauche déplacée de 306 à 299
2025-05-03 17:16:27,593 - INFO - IA: Raquette droite déplacée de 154 à 161
2025-05-03 17:16:27,611 - INFO - JOUEUR: Raquette gauche déplacée de 299 à 292
2025-05-03 17:16:27,611 - INFO - IA: Raquette droite déplacée de 161 à 154
2025-05-03 17:16:27,628 - INFO - JOUEUR: Raquette gauche déplacée de 292 à 285
2025-05-03 17:16:27,628 - INFO - IA: Raquette droite déplacée de 154 à 161
2025-05-03 17:16:27,645 - INFO - JOUEUR: Raquette gauche déplacée de 285 à 278
2025-05-03 17:16:27,645 - INFO - IA: Raquette droite déplacée de 161 à 168
2025-05-03 17:16:27,662 - INFO - JOUEUR: Raquette gauche déplacée de 278 à 271
2025-05-03 17:16:27,663 - INFO - IA: Raquette droite déplacée de 168 à 161
2025-05-03 17:16:27,680 - INFO - JOUEUR: Raquette gauche déplacée de 271 à 264
2025-05-03 17:16:27,680 - INFO - IA: Raquette droite déplacée de 161 à 168
2025-05-03 17:16:27,698 - INFO - JOUEUR: Raquette gauche déplacée de 264 à 257
2025-05-03 17:16:27,698 - INFO - IA: Raquette droite déplacée de 168 à 175
2025-05-03 17:16:27,716 - INFO - JOUEUR: Raquette gauche déplacée de 257 à 250
2025-05-03 17:16:27,716 - INFO - IA: Raquette droite déplacée de 175 à 182
2025-05-03 17:16:27,733 - INFO - JOUEUR: Raquette gauche déplacée de 250 à 243
2025-05-03 17:16:27,733 - INFO - IA: Raquette droite déplacée de 182 à 189
2025-05-03 17:16:27,751 - INFO - JOUEUR: Raquette gauche déplacée de 243 à 236
2025-05-03 17:16:27,751 - INFO - IA: Raquette droite déplacée de 189 à 196
2025-05-03 17:16:27,768 - INFO - JOUEUR: Raquette gauche déplacée de 236 à 229
2025-05-03 17:16:27,768 - INFO - IA: Raquette droite déplacée de 196 à 203
2025-05-03 17:16:27,785 - INFO - JOUEUR: Raquette gauche déplacée de 229 à 222
2025-05-03 17:16:27,785 - INFO - IA: Raquette droite déplacée de 203 à 210
2025-05-03 17:16:27,802 - INFO - INPUT: Joueur relâche les touches directionnelles
2025-05-03 17:16:27,802 - INFO - IA: Raquette droite déplacée de 210 à 217
2025-05-03 17:16:27,821 - INFO - IA: Raquette droite déplacée de 217 à 224
2025-05-03 17:16:27,838 - INFO - IA: Raquette droite déplacée de 224 à 217
2025-05-03 17:16:27,857 - INFO - IA: Raquette droite déplacée de 217 à 224
2025-05-03 17:16:27,874 - INFO - IA: Raquette droite déplacée de 224 à 231
2025-05-03 17:16:27,891 - INFO - IA: Raquette droite déplacée de 231 à 238
2025-05-03 17:16:27,908 - INFO - IA: Raquette droite déplacée de 238 à 245
2025-05-03 17:16:27,925 - INFO - IA: Raquette droite déplacée de 245 à 252
2025-05-03 17:16:27,942 - INFO - IA: Raquette droite déplacée de 252 à 245
2025-05-03 17:16:27,960 - INFO - IA: Raquette droite déplacée de 245 à 252
2025-05-03 17:16:27,977 - INFO - IA: Raquette droite déplacée de 252 à 259
2025-05-03 17:16:27,994 - INFO - IA: Raquette droite déplacée de 259 à 252
2025-05-03 17:16:28,012 - INFO - IA: Raquette droite déplacée de 252 à 259
2025-05-03 17:16:28,029 - INFO - IA: Raquette droite déplacée de 259 à 266
2025-05-03 17:16:28,046 - INFO - IA: Raquette droite déplacée de 266 à 273
2025-05-03 17:16:28,064 - INFO - IA: Raquette droite déplacée de 273 à 280
2025-05-03 17:16:28,082 - INFO - IA: Raquette droite déplacée de 280 à 287
2025-05-03 17:16:28,100 - INFO - IA: Raquette droite déplacée de 287 à 294
2025-05-03 17:16:28,117 - INFO - IA: Raquette droite déplacée de 294 à 301
2025-05-03 17:16:28,134 - INFO - IA: Raquette droite déplacée de 301 à 294
2025-05-03 17:16:28,152 - INFO - IA: Raquette droite déplacée de 294 à 301
2025-05-03 17:16:28,170 - INFO - IA: Raquette droite déplacée de 301 à 308
2025-05-03 17:16:28,187 - INFO - IA: Raquette droite déplacée de 308 à 315
2025-05-03 17:16:28,203 - INFO - IA: Raquette droite déplacée de 315 à 308
2025-05-03 17:16:28,222 - INFO - IA: Raquette droite déplacée de 308 à 315
2025-05-03 17:16:28,239 - INFO - IA: Raquette droite déplacée de 315 à 322
2025-05-03 17:16:28,256 - INFO - IA: Raquette droite déplacée de 322 à 329
2025-05-03 17:16:28,274 - INFO - INPUT: Joueur appuie sur la touche BAS
2025-05-03 17:16:28,274 - INFO - JOUEUR: Raquette gauche déplacée de 222 à 229
2025-05-03 17:16:28,274 - INFO - IA: Raquette droite déplacée de 329 à 336
2025-05-03 17:16:28,292 - INFO - JOUEUR: Raquette gauche déplacée de 229 à 236
2025-05-03 17:16:28,292 - INFO - IA: Raquette droite déplacée de 336 à 343
2025-05-03 17:16:28,310 - INFO - JOUEUR: Raquette gauche déplacée de 236 à 243
2025-05-03 17:16:28,310 - INFO - IA: Raquette droite déplacée de 343 à 350
2025-05-03 17:16:28,327 - INFO - JOUEUR: Raquette gauche déplacée de 243 à 250
2025-05-03 17:16:28,327 - INFO - IA: Raquette droite déplacée de 350 à 357
2025-05-03 17:16:28,346 - INFO - JOUEUR: Raquette gauche déplacée de 250 à 257
2025-05-03 17:16:28,346 - INFO - IA: Raquette droite déplacée de 357 à 364
2025-05-03 17:16:28,364 - INFO - JOUEUR: Raquette gauche déplacée de 257 à 264
2025-05-03 17:16:28,364 - INFO - IA: Raquette droite déplacée de 364 à 371
2025-05-03 17:16:28,382 - INFO - JOUEUR: Raquette gauche déplacée de 264 à 271
2025-05-03 17:16:28,382 - INFO - IA: Raquette droite déplacée de 371 à 364
2025-05-03 17:16:28,399 - INFO - JOUEUR: Raquette gauche déplacée de 271 à 278
2025-05-03 17:16:28,400 - INFO - IA: Raquette droite déplacée de 364 à 371
2025-05-03 17:16:28,400 - INFO - POINT: Joueur droite (IA) marque un point! Score: 0-14
2025-05-03 17:16:28,417 - INFO - JOUEUR: Raquette gauche déplacée de 278 à 285
2025-05-03 17:16:28,417 - INFO - IA: Raquette droite déplacée de 371 à 364
2025-05-03 17:16:28,434 - INFO - JOUEUR: Raquette gauche déplacée de 285 à 292
2025-05-03 17:16:28,434 - INFO - IA: Raquette droite déplacée de 364 à 357
2025-05-03 17:16:28,452 - INFO - JOUEUR: Raquette gauche déplacée de 292 à 299
2025-05-03 17:16:28,452 - INFO - IA: Raquette droite déplacée de 357 à 350
2025-05-03 17:16:28,470 - INFO - INPUT: Joueur relâche les touches directionnelles
2025-05-03 17:16:28,470 - INFO - IA: Raquette droite déplacée de 350 à 343
2025-05-03 17:16:28,488 - INFO - IA: Raquette droite déplacée de 343 à 336
2025-05-03 17:16:28,504 - INFO - IA: Raquette droite déplacée de 336 à 329
2025-05-03 17:16:28,522 - INFO - IA: Raquette droite déplacée de 329 à 322
2025-05-03 17:16:28,539 - INFO - IA: Raquette droite déplacée de 322 à 315
2025-05-03 17:16:28,557 - INFO - IA: Raquette droite déplacée de 315 à 308
2025-05-03 17:16:28,574 - INFO - IA: Raquette droite déplacée de 308 à 301
2025-05-03 17:16:28,594 - INFO - IA: Raquette droite déplacée de 301 à 294
2025-05-03 17:16:28,611 - INFO - IA: Raquette droite déplacée de 294 à 287
2025-05-03 17:16:28,630 - INFO - IA: Raquette droite déplacée de 287 à 280
2025-05-03 17:16:28,647 - INFO - IA: Raquette droite déplacée de 280 à 273
2025-05-03 17:16:28,664 - INFO - IA: Raquette droite déplacée de 273 à 266
2025-05-03 17:16:28,681 - INFO - IA: Raquette droite déplacée de 266 à 259
2025-05-03 17:16:28,697 - INFO - IA: Raquette droite déplacée de 259 à 252
2025-05-03 17:16:28,714 - INFO - IA: Raquette droite déplacée de 252 à 245
2025-05-03 17:16:28,732 - INFO - IA: Raquette droite déplacée de 245 à 238
2025-05-03 17:16:28,749 - INFO - IA: Raquette droite déplacée de 238 à 231
2025-05-03 17:16:28,766 - INFO - IA: Raquette droite déplacée de 231 à 224
2025-05-03 17:16:28,784 - INFO - IA: Raquette droite déplacée de 224 à 217
2025-05-03 17:16:28,801 - INFO - IA: Raquette droite déplacée de 217 à 210
2025-05-03 17:16:28,818 - INFO - IA: Raquette droite déplacée de 210 à 203
2025-05-03 17:16:28,835 - INFO - IA: Raquette droite déplacée de 203 à 196
2025-05-03 17:16:28,852 - INFO - IA: Raquette droite déplacée de 196 à 189
2025-05-03 17:16:28,870 - INFO - IA: Raquette droite déplacée de 189 à 182
2025-05-03 17:16:28,888 - INFO - IA: Raquette droite déplacée de 182 à 175
2025-05-03 17:16:28,905 - INFO - IA: Raquette droite déplacée de 175 à 168
2025-05-03 17:16:28,923 - INFO - IA: Raquette droite déplacée de 168 à 161
2025-05-03 17:16:28,939 - INFO - IA: Raquette droite déplacée de 161 à 154
2025-05-03 17:16:28,956 - INFO - IA: Raquette droite déplacée de 154 à 147
2025-05-03 17:16:28,973 - INFO - IA: Raquette droite déplacée de 147 à 140
2025-05-03 17:16:28,990 - INFO - IA: Raquette droite déplacée de 140 à 133
2025-05-03 17:16:29,007 - INFO - IA: Raquette droite déplacée de 133 à 126
2025-05-03 17:16:29,025 - INFO - IA: Raquette droite déplacée de 126 à 119
2025-05-03 17:16:29,041 - INFO - IA: Raquette droite déplacée de 119 à 112
2025-05-03 17:16:29,059 - INFO - IA: Raquette droite déplacée de 112 à 105
2025-05-03 17:16:29,076 - INFO - IA: Raquette droite déplacée de 105 à 98
2025-05-03 17:16:29,094 - INFO - IA: Raquette droite déplacée de 98 à 91
2025-05-03 17:16:29,111 - INFO - IA: Raquette droite déplacée de 91 à 84
2025-05-03 17:16:29,129 - INFO - IA: Raquette droite déplacée de 84 à 77
2025-05-03 17:16:29,146 - INFO - IA: Raquette droite déplacée de 77 à 70
2025-05-03 17:16:29,165 - INFO - IA: Raquette droite déplacée de 70 à 63
2025-05-03 17:16:29,182 - INFO - IA: Raquette droite déplacée de 63 à 56
2025-05-03 17:16:29,199 - INFO - IA: Raquette droite déplacée de 56 à 49
2025-05-03 17:16:29,217 - INFO - IA: Raquette droite déplacée de 49 à 42
2025-05-03 17:16:29,217 - INFO - COLLISION: Balle a rebondi sur un mur à la position (528, -2)
2025-05-03 17:16:29,234 - INFO - IA: Raquette droite déplacée de 42 à 35
2025-05-03 17:16:29,252 - INFO - IA: Raquette droite déplacée de 35 à 28
2025-05-03 17:16:29,270 - INFO - IA: Raquette droite déplacée de 28 à 21
2025-05-03 17:16:29,287 - INFO - IA: Raquette droite déplacée de 21 à 14
2025-05-03 17:16:29,305 - INFO - IA: Raquette droite déplacée de 14 à 7
2025-05-03 17:16:29,305 - INFO - COLLISION: Balle a rebondi sur une raquette à la position (553, 23)
2025-05-03 17:16:29,323 - INFO - IA: Raquette droite déplacée de 7 à 0
2025-05-03 17:16:29,340 - INFO - IA: Raquette droite déplacée de 0 à 7
2025-05-03 17:16:29,358 - INFO - IA: Raquette droite déplacée de 7 à 0
2025-05-03 17:16:29,375 - INFO - IA: Raquette droite déplacée de 0 à 7
2025-05-03 17:16:29,393 - INFO - IA: Raquette droite déplacée de 7 à 0
2025-05-03 17:16:29,411 - INFO - IA: Raquette droite déplacée de 0 à 7
2025-05-03 17:16:29,427 - INFO - IA: Raquette droite déplacée de 7 à 14
2025-05-03 17:16:29,445 - INFO - IA: Raquette droite déplacée de 14 à 7
2025-05-03 17:16:29,463 - INFO - IA: Raquette droite déplacée de 7 à 14
2025-05-03 17:16:29,480 - INFO - IA: Raquette droite déplacée de 14 à 21
2025-05-03 17:16:29,497 - INFO - IA: Raquette droite déplacée de 21 à 28
2025-05-03 17:16:29,514 - INFO - IA: Raquette droite déplacée de 28 à 35
2025-05-03 17:16:29,532 - INFO - IA: Raquette droite déplacée de 35 à 42
2025-05-03 17:16:29,549 - INFO - IA: Raquette droite déplacée de 42 à 49
2025-05-03 17:16:29,566 - INFO - IA: Raquette droite déplacée de 49 à 42
2025-05-03 17:16:29,583 - INFO - IA: Raquette droite déplacée de 42 à 49
2025-05-03 17:16:29,600 - INFO - IA: Raquette droite déplacée de 49 à 42
2025-05-03 17:16:29,617 - INFO - IA: Raquette droite déplacée de 42 à 49
2025-05-03 17:16:29,635 - INFO - IA: Raquette droite déplacée de 49 à 56
2025-05-03 17:16:29,652 - INFO - IA: Raquette droite déplacée de 56 à 49
2025-05-03 17:16:29,671 - INFO - IA: Raquette droite déplacée de 49 à 56
2025-05-03 17:16:29,688 - INFO - IA: Raquette droite déplacée de 56 à 63
2025-05-03 17:16:29,705 - INFO - IA: Raquette droite déplacée de 63 à 70
2025-05-03 17:16:29,722 - INFO - IA: Raquette droite déplacée de 70 à 77
2025-05-03 17:16:29,739 - INFO - IA: Raquette droite déplacée de 77 à 84
2025-05-03 17:16:29,756 - INFO - IA: Raquette droite déplacée de 84 à 91
2025-05-03 17:16:29,773 - INFO - IA: Raquette droite déplacée de 91 à 98
2025-05-03 17:16:29,791 - INFO - IA: Raquette droite déplacée de 98 à 105
2025-05-03 17:16:29,808 - INFO - IA: Raquette droite déplacée de 105 à 112
2025-05-03 17:16:29,825 - INFO - IA: Raquette droite déplacée de 112 à 119
2025-05-03 17:16:29,843 - INFO - IA: Raquette droite déplacée de 119 à 126
2025-05-03 17:16:29,860 - INFO - IA: Raquette droite déplacée de 126 à 133
2025-05-03 17:16:29,877 - INFO - IA: Raquette droite déplacée de 133 à 126
2025-05-03 17:16:29,894 - INFO - IA: Raquette droite déplacée de 126 à 133
2025-05-03 17:16:29,912 - INFO - IA: Raquette droite déplacée de 133 à 140
2025-05-03 17:16:29,929 - INFO - IA: Raquette droite déplacée de 140 à 133
2025-05-03 17:16:29,946 - INFO - IA: Raquette droite déplacée de 133 à 140
2025-05-03 17:16:29,963 - INFO - IA: Raquette droite déplacée de 140 à 147
2025-05-03 17:16:29,981 - INFO - IA: Raquette droite déplacée de 147 à 154
2025-05-03 17:16:29,998 - INFO - IA: Raquette droite déplacée de 154 à 161
2025-05-03 17:16:30,015 - INFO - IA: Raquette droite déplacée de 161 à 168
2025-05-03 17:16:30,033 - INFO - IA: Raquette droite déplacée de 168 à 175
2025-05-03 17:16:30,050 - INFO - IA: Raquette droite déplacée de 175 à 182
2025-05-03 17:16:30,067 - INFO - IA: Raquette droite déplacée de 182 à 189
2025-05-03 17:16:30,085 - INFO - IA: Raquette droite déplacée de 189 à 196
2025-05-03 17:16:30,102 - INFO - IA: Raquette droite déplacée de 196 à 189
2025-05-03 17:16:30,120 - INFO - IA: Raquette droite déplacée de 189 à 196
2025-05-03 17:16:30,137 - INFO - IA: Raquette droite déplacée de 196 à 203
2025-05-03 17:16:30,154 - INFO - IA: Raquette droite déplacée de 203 à 210
2025-05-03 17:16:30,172 - INFO - IA: Raquette droite déplacée de 210 à 217
2025-05-03 17:16:30,190 - INFO - IA: Raquette droite déplacée de 217 à 224
2025-05-03 17:16:30,207 - INFO - IA: Raquette droite déplacée de 224 à 231
2025-05-03 17:16:30,224 - INFO - IA: Raquette droite déplacée de 231 à 224
2025-05-03 17:16:30,241 - INFO - IA: Raquette droite déplacée de 224 à 231
2025-05-03 17:16:30,259 - INFO - IA: Raquette droite déplacée de 231 à 238
2025-05-03 17:16:30,277 - INFO - IA: Raquette droite déplacée de 238 à 245
2025-05-03 17:16:30,295 - INFO - IA: Raquette droite déplacée de 245 à 252
2025-05-03 17:16:30,313 - INFO - IA: Raquette droite déplacée de 252 à 259
2025-05-03 17:16:30,331 - INFO - INPUT: Joueur appuie sur la touche BAS
2025-05-03 17:16:30,331 - INFO - JOUEUR: Raquette gauche déplacée de 299 à 306
2025-05-03 17:16:30,331 - INFO - IA: Raquette droite déplacée de 259 à 252
2025-05-03 17:16:30,349 - INFO - JOUEUR: Raquette gauche déplacée de 306 à 313
2025-05-03 17:16:30,349 - INFO - IA: Raquette droite déplacée de 252 à 259
2025-05-03 17:16:30,366 - INFO - JOUEUR: Raquette gauche déplacée de 313 à 320
2025-05-03 17:16:30,366 - INFO - IA: Raquette droite déplacée de 259 à 266
2025-05-03 17:16:30,384 - INFO - JOUEUR: Raquette gauche déplacée de 320 à 327
2025-05-03 17:16:30,384 - INFO - IA: Raquette droite déplacée de 266 à 273
2025-05-03 17:16:30,400 - INFO - JOUEUR: Raquette gauche déplacée de 327 à 334
2025-05-03 17:16:30,401 - INFO - IA: Raquette droite déplacée de 273 à 280
2025-05-03 17:16:30,418 - INFO - JOUEUR: Raquette gauche déplacée de 334 à 341
2025-05-03 17:16:30,419 - INFO - IA: Raquette droite déplacée de 280 à 287
2025-05-03 17:16:30,435 - INFO - JOUEUR: Raquette gauche déplacée de 341 à 348
2025-05-03 17:16:30,436 - INFO - IA: Raquette droite déplacée de 287 à 294
2025-05-03 17:16:30,453 - INFO - JOUEUR: Raquette gauche déplacée de 348 à 355
2025-05-03 17:16:30,453 - INFO - IA: Raquette droite déplacée de 294 à 301
2025-05-03 17:16:30,471 - INFO - JOUEUR: Raquette gauche déplacée de 355 à 362
2025-05-03 17:16:30,471 - INFO - IA: Raquette droite déplacée de 301 à 308
2025-05-03 17:16:30,489 - INFO - JOUEUR: Raquette gauche déplacée de 362 à 369
2025-05-03 17:16:30,489 - INFO - IA: Raquette droite déplacée de 308 à 315
2025-05-03 17:16:30,505 - INFO - JOUEUR: Raquette gauche déplacée de 369 à 376
2025-05-03 17:16:30,506 - INFO - IA: Raquette droite déplacée de 315 à 308
2025-05-03 17:16:30,522 - INFO - JOUEUR: Raquette gauche déplacée de 376 à 383
2025-05-03 17:16:30,522 - INFO - IA: Raquette droite déplacée de 308 à 315
2025-05-03 17:16:30,540 - INFO - JOUEUR: Raquette gauche déplacée de 383 à 390
2025-05-03 17:16:30,540 - INFO - IA: Raquette droite déplacée de 315 à 322
2025-05-03 17:16:30,574 - INFO - IA: Raquette droite déplacée de 322 à 329
2025-05-03 17:16:30,591 - INFO - IA: Raquette droite déplacée de 329 à 336
2025-05-03 17:16:30,608 - INFO - IA: Raquette droite déplacée de 336 à 329
2025-05-03 17:16:30,625 - INFO - INPUT: Joueur relâche les touches directionnelles
2025-05-03 17:16:30,625 - INFO - IA: Raquette droite déplacée de 329 à 336
2025-05-03 17:16:30,643 - INFO - IA: Raquette droite déplacée de 336 à 343
2025-05-03 17:16:30,661 - INFO - IA: Raquette droite déplacée de 343 à 350
2025-05-03 17:16:30,679 - INFO - IA: Raquette droite déplacée de 350 à 357
2025-05-03 17:16:30,714 - INFO - IA: Raquette droite déplacée de 357 à 364
2025-05-03 17:16:30,732 - INFO - IA: Raquette droite déplacée de 364 à 371
2025-05-03 17:16:30,749 - INFO - IA: Raquette droite déplacée de 371 à 378
2025-05-03 17:16:30,766 - INFO - IA: Raquette droite déplacée de 378 à 385
2025-05-03 17:16:30,783 - INFO - IA: Raquette droite déplacée de 385 à 390
2025-05-03 17:16:30,851 - INFO - COLLISION: Balle a rebondi sur un mur à la position (108, 468)
2025-05-03 17:16:30,988 - INFO - IA: Raquette droite déplacée de 390 à 383
2025-05-03 17:16:31,005 - INFO - IA: Raquette droite déplacée de 383 à 390
2025-05-03 17:16:31,040 - INFO - IA: Raquette droite déplacée de 390 à 383
2025-05-03 17:16:31,057 - INFO - IA: Raquette droite déplacée de 383 à 376
2025-05-03 17:16:31,075 - INFO - IA: Raquette droite déplacée de 376 à 383
2025-05-03 17:16:31,092 - INFO - IA: Raquette droite déplacée de 383 à 376
2025-05-03 17:16:31,110 - INFO - IA: Raquette droite déplacée de 376 à 369
2025-05-03 17:16:31,110 - INFO - COLLISION: Balle a rebondi sur une raquette à la position (33, 393)
2025-05-03 17:16:31,128 - INFO - IA: Raquette droite déplacée de 369 à 362
2025-05-03 17:16:31,145 - INFO - IA: Raquette droite déplacée de 362 à 369
2025-05-03 17:16:31,163 - INFO - IA: Raquette droite déplacée de 369 à 362
2025-05-03 17:16:31,181 - INFO - IA: Raquette droite déplacée de 362 à 355
2025-05-03 17:16:31,197 - INFO - IA: Raquette droite déplacée de 355 à 348
2025-05-03 17:16:31,214 - INFO - IA: Raquette droite déplacée de 348 à 341
2025-05-03 17:16:31,233 - INFO - IA: Raquette droite déplacée de 341 à 348
2025-05-03 17:16:31,252 - INFO - IA: Raquette droite déplacée de 348 à 341
2025-05-03 17:16:31,269 - INFO - IA: Raquette droite déplacée de 341 à 334
2025-05-03 17:16:31,287 - INFO - IA: Raquette droite déplacée de 334 à 327
2025-05-03 17:16:31,305 - INFO - IA: Raquette droite déplacée de 327 à 320
2025-05-03 17:16:31,323 - INFO - IA: Raquette droite déplacée de 320 à 313
2025-05-03 17:16:31,340 - INFO - IA: Raquette droite déplacée de 313 à 306
2025-05-03 17:16:31,358 - INFO - IA: Raquette droite déplacée de 306 à 299
2025-05-03 17:16:31,375 - INFO - IA: Raquette droite déplacée de 299 à 292
2025-05-03 17:16:31,393 - INFO - IA: Raquette droite déplacée de 292 à 299
2025-05-03 17:16:31,410 - INFO - IA: Raquette droite déplacée de 299 à 292
2025-05-03 17:16:31,427 - INFO - IA: Raquette droite déplacée de 292 à 299
2025-05-03 17:16:31,444 - INFO - IA: Raquette droite déplacée de 299 à 292
2025-05-03 17:16:31,462 - INFO - INPUT: Joueur appuie sur la touche HAUT
2025-05-03 17:16:31,462 - INFO - JOUEUR: Raquette gauche déplacée de 390 à 383
2025-05-03 17:16:31,462 - INFO - IA: Raquette droite déplacée de 292 à 285
2025-05-03 17:16:31,480 - INFO - JOUEUR: Raquette gauche déplacée de 383 à 376
2025-05-03 17:16:31,480 - INFO - IA: Raquette droite déplacée de 285 à 278
2025-05-03 17:16:31,498 - INFO - JOUEUR: Raquette gauche déplacée de 376 à 369
2025-05-03 17:16:31,498 - INFO - IA: Raquette droite déplacée de 278 à 271
2025-05-03 17:16:31,515 - INFO - JOUEUR: Raquette gauche déplacée de 369 à 362
2025-05-03 17:16:31,532 - INFO - JOUEUR: Raquette gauche déplacée de 362 à 355
2025-05-03 17:16:31,532 - INFO - IA: Raquette droite déplacée de 271 à 264
2025-05-03 17:16:31,550 - INFO - JOUEUR: Raquette gauche déplacée de 355 à 348
2025-05-03 17:16:31,550 - INFO - IA: Raquette droite déplacée de 264 à 257
2025-05-03 17:16:31,568 - INFO - INPUT: Joueur relâche les touches directionnelles
2025-05-03 17:16:31,568 - INFO - IA: Raquette droite déplacée de 257 à 250
2025-05-03 17:16:31,585 - INFO - IA: Raquette droite déplacée de 250 à 243
2025-05-03 17:16:31,602 - INFO - IA: Raquette droite déplacée de 243 à 236
2025-05-03 17:16:31,619 - INFO - IA: Raquette droite déplacée de 236 à 243
2025-05-03 17:16:31,637 - INFO - INPUT: Joueur appuie sur la touche HAUT
2025-05-03 17:16:31,637 - INFO - JOUEUR: Raquette gauche déplacée de 348 à 341
2025-05-03 17:16:31,637 - INFO - IA: Raquette droite déplacée de 243 à 236
2025-05-03 17:16:31,655 - INFO - JOUEUR: Raquette gauche déplacée de 341 à 334
2025-05-03 17:16:31,655 - INFO - IA: Raquette droite déplacée de 236 à 229
2025-05-03 17:16:31,672 - INFO - JOUEUR: Raquette gauche déplacée de 334 à 327
2025-05-03 17:16:31,673 - INFO - IA: Raquette droite déplacée de 229 à 222
2025-05-03 17:16:31,689 - INFO - JOUEUR: Raquette gauche déplacée de 327 à 320
2025-05-03 17:16:31,690 - INFO - IA: Raquette droite déplacée de 222 à 215
2025-05-03 17:16:31,707 - INFO - JOUEUR: Raquette gauche déplacée de 320 à 313
2025-05-03 17:16:31,707 - INFO - IA: Raquette droite déplacée de 215 à 208
2025-05-03 17:16:31,724 - INFO - JOUEUR: Raquette gauche déplacée de 313 à 306
2025-05-03 17:16:31,742 - INFO - JOUEUR: Raquette gauche déplacée de 306 à 299
2025-05-03 17:16:31,742 - INFO - IA: Raquette droite déplacée de 208 à 201
2025-05-03 17:16:31,760 - INFO - JOUEUR: Raquette gauche déplacée de 299 à 292
2025-05-03 17:16:31,760 - INFO - IA: Raquette droite déplacée de 201 à 194
2025-05-03 17:16:31,777 - INFO - JOUEUR: Raquette gauche déplacée de 292 à 285
2025-05-03 17:16:31,777 - INFO - IA: Raquette droite déplacée de 194 à 187
2025-05-03 17:16:31,794 - INFO - JOUEUR: Raquette gauche déplacée de 285 à 278
2025-05-03 17:16:31,794 - INFO - IA: Raquette droite déplacée de 187 à 180
2025-05-03 17:16:31,812 - INFO - INPUT: Joueur relâche les touches directionnelles
2025-05-03 17:16:31,813 - INFO - IA: Raquette droite déplacée de 180 à 173
2025-05-03 17:16:31,831 - INFO - IA: Raquette droite déplacée de 173 à 166
2025-05-03 17:16:31,848 - INFO - IA: Raquette droite déplacée de 166 à 159
2025-05-03 17:16:31,865 - INFO - IA: Raquette droite déplacée de 159 à 152
2025-05-03 17:16:31,883 - INFO - IA: Raquette droite déplacée de 152 à 145
2025-05-03 17:16:31,900 - INFO - IA: Raquette droite déplacée de 145 à 138
2025-05-03 17:16:31,917 - INFO - IA: Raquette droite déplacée de 138 à 145
2025-05-03 17:16:31,934 - INFO - IA: Raquette droite déplacée de 145 à 138
2025-05-03 17:16:31,969 - INFO - IA: Raquette droite déplacée de 138 à 131
2025-05-03 17:16:31,986 - INFO - IA: Raquette droite déplacée de 131 à 124
2025-05-03 17:16:32,003 - INFO - IA: Raquette droite déplacée de 124 à 131
2025-05-03 17:16:32,021 - INFO - IA: Raquette droite déplacée de 131 à 124
2025-05-03 17:16:32,038 - INFO - IA: Raquette droite déplacée de 124 à 117
2025-05-03 17:16:32,056 - INFO - IA: Raquette droite déplacée de 117 à 110
2025-05-03 17:16:32,073 - INFO - IA: Raquette droite déplacée de 110 à 117
2025-05-03 17:16:32,090 - INFO - IA: Raquette droite déplacée de 117 à 110
2025-05-03 17:16:32,107 - INFO - IA: Raquette droite déplacée de 110 à 103
2025-05-03 17:16:32,124 - INFO - IA: Raquette droite déplacée de 103 à 96
2025-05-03 17:16:32,141 - INFO - IA: Raquette droite déplacée de 96 à 89
2025-05-03 17:16:32,158 - INFO - IA: Raquette droite déplacée de 89 à 82
2025-05-03 17:16:32,175 - INFO - IA: Raquette droite déplacée de 82 à 75
2025-05-03 17:16:32,192 - INFO - IA: Raquette droite déplacée de 75 à 68
2025-05-03 17:16:32,209 - INFO - IA: Raquette droite déplacée de 68 à 61
2025-05-03 17:16:32,226 - INFO - IA: Raquette droite déplacée de 61 à 68
2025-05-03 17:16:32,244 - INFO - IA: Raquette droite déplacée de 68 à 61
2025-05-03 17:16:32,263 - INFO - IA: Raquette droite déplacée de 61 à 54
2025-05-03 17:16:32,281 - INFO - IA: Raquette droite déplacée de 54 à 47
2025-05-03 17:16:32,300 - INFO - IA: Raquette droite déplacée de 47 à 40
2025-05-03 17:16:32,317 - INFO - IA: Raquette droite déplacée de 40 à 33
2025-05-03 17:16:32,334 - INFO - IA: Raquette droite déplacée de 33 à 26
2025-05-03 17:16:32,351 - INFO - IA: Raquette droite déplacée de 26 à 19
2025-05-03 17:16:32,369 - INFO - IA: Raquette droite déplacée de 19 à 12
2025-05-03 17:16:32,388 - INFO - IA: Raquette droite déplacée de 12 à 5
2025-05-03 17:16:32,405 - INFO - IA: Raquette droite déplacée de 5 à 0
2025-05-03 17:16:32,490 - INFO - COLLISION: Balle a rebondi sur un mur à la position (507, -2)
2025-05-03 17:16:32,627 - INFO - IA: Raquette droite déplacée de 0 à 7
2025-05-03 17:16:32,627 - INFO - COLLISION: Balle a rebondi sur une raquette à la position (555, 38)
2025-05-03 17:16:32,644 - INFO - IA: Raquette droite déplacée de 7 à 0
2025-05-03 17:16:32,661 - INFO - IA: Raquette droite déplacée de 0 à 7
2025-05-03 17:16:32,678 - INFO - IA: Raquette droite déplacée de 7 à 14
2025-05-03 17:16:32,695 - INFO - IA: Raquette droite déplacée de 14 à 7
2025-05-03 17:16:32,712 - INFO - IA: Raquette droite déplacée de 7 à 14
2025-05-03 17:16:32,729 - INFO - IA: Raquette droite déplacée de 14 à 21
2025-05-03 17:16:32,747 - INFO - IA: Raquette droite déplacée de 21 à 28
2025-05-03 17:16:32,764 - INFO - IA: Raquette droite déplacée de 28 à 35
2025-05-03 17:16:32,781 - INFO - IA: Raquette droite déplacée de 35 à 42
2025-05-03 17:16:32,799 - INFO - IA: Raquette droite déplacée de 42 à 49
2025-05-03 17:16:32,816 - INFO - IA: Raquette droite déplacée de 49 à 56
2025-05-03 17:16:32,833 - INFO - IA: Raquette droite déplacée de 56 à 63
2025-05-03 17:16:32,851 - INFO - IA: Raquette droite déplacée de 63 à 70
2025-05-03 17:16:32,868 - INFO - IA: Raquette droite déplacée de 70 à 77
2025-05-03 17:16:32,886 - INFO - IA: Raquette droite déplacée de 77 à 70
2025-05-03 17:16:32,903 - INFO - IA: Raquette droite déplacée de 70 à 77
2025-05-03 17:16:32,938 - INFO - IA: Raquette droite déplacée de 77 à 84
2025-05-03 17:16:32,955 - INFO - IA: Raquette droite déplacée de 84 à 91
2025-05-03 17:16:32,972 - INFO - IA: Raquette droite déplacée de 91 à 98
2025-05-03 17:16:32,989 - INFO - IA: Raquette droite déplacée de 98 à 91
2025-05-03 17:16:33,007 - INFO - IA: Raquette droite déplacée de 91 à 84
2025-05-03 17:16:33,023 - INFO - IA: Raquette droite déplacée de 84 à 91
2025-05-03 17:16:33,040 - INFO - IA: Raquette droite déplacée de 91 à 98
2025-05-03 17:16:33,058 - INFO - IA: Raquette droite déplacée de 98 à 105
2025-05-03 17:16:33,075 - INFO - IA: Raquette droite déplacée de 105 à 98
2025-05-03 17:16:33,093 - INFO - IA: Raquette droite déplacée de 98 à 105
2025-05-03 17:16:33,111 - INFO - IA: Raquette droite déplacée de 105 à 112
2025-05-03 17:16:33,128 - INFO - IA: Raquette droite déplacée de 112 à 119
2025-05-03 17:16:33,145 - INFO - IA: Raquette droite déplacée de 119 à 126
2025-05-03 17:16:33,163 - INFO - IA: Raquette droite déplacée de 126 à 133
2025-05-03 17:16:33,181 - INFO - IA: Raquette droite déplacée de 133 à 140
2025-05-03 17:16:33,198 - INFO - IA: Raquette droite déplacée de 140 à 147
2025-05-03 17:16:33,215 - INFO - IA: Raquette droite déplacée de 147 à 154
2025-05-03 17:16:33,232 - INFO - IA: Raquette droite déplacée de 154 à 147
2025-05-03 17:16:33,250 - INFO - IA: Raquette droite déplacée de 147 à 154
2025-05-03 17:16:33,267 - INFO - IA: Raquette droite déplacée de 154 à 161
2025-05-03 17:16:33,284 - INFO - IA: Raquette droite déplacée de 161 à 168
2025-05-03 17:16:33,320 - INFO - IA: Raquette droite déplacée de 168 à 175
2025-05-03 17:16:33,337 - INFO - IA: Raquette droite déplacée de 175 à 182
2025-05-03 17:16:33,355 - INFO - IA: Raquette droite déplacée de 182 à 189
2025-05-03 17:16:33,390 - INFO - IA: Raquette droite déplacée de 189 à 196
2025-05-03 17:16:33,408 - INFO - IA: Raquette droite déplacée de 196 à 203
2025-05-03 17:16:33,426 - INFO - IA: Raquette droite déplacée de 203 à 210
2025-05-03 17:16:33,445 - INFO - IA: Raquette droite déplacée de 210 à 217
2025-05-03 17:16:33,463 - INFO - IA: Raquette droite déplacée de 217 à 224
2025-05-03 17:16:33,481 - INFO - IA: Raquette droite déplacée de 224 à 217
2025-05-03 17:16:33,498 - INFO - IA: Raquette droite déplacée de 217 à 224
2025-05-03 17:16:33,516 - INFO - IA: Raquette droite déplacée de 224 à 231
2025-05-03 17:16:33,533 - INFO - IA: Raquette droite déplacée de 231 à 238
2025-05-03 17:16:33,551 - INFO - IA: Raquette droite déplacée de 238 à 245
2025-05-03 17:16:33,568 - INFO - IA: Raquette droite déplacée de 245 à 252
2025-05-03 17:16:33,586 - INFO - IA: Raquette droite déplacée de 252 à 245
2025-05-03 17:16:33,603 - INFO - IA: Raquette droite déplacée de 245 à 252
2025-05-03 17:16:33,621 - INFO - IA: Raquette droite déplacée de 252 à 259
2025-05-03 17:16:33,656 - INFO - IA: Raquette droite déplacée de 259 à 266
2025-05-03 17:16:33,674 - INFO - IA: Raquette droite déplacée de 266 à 273
2025-05-03 17:16:33,691 - INFO - IA: Raquette droite déplacée de 273 à 280
2025-05-03 17:16:33,709 - INFO - IA: Raquette droite déplacée de 280 à 287
2025-05-03 17:16:33,726 - INFO - IA: Raquette droite déplacée de 287 à 280
2025-05-03 17:16:33,743 - INFO - IA: Raquette droite déplacée de 280 à 287
2025-05-03 17:16:33,761 - INFO - IA: Raquette droite déplacée de 287 à 294
2025-05-03 17:16:33,778 - INFO - IA: Raquette droite déplacée de 294 à 301
2025-05-03 17:16:33,795 - INFO - IA: Raquette droite déplacée de 301 à 308
2025-05-03 17:16:33,813 - INFO - IA: Raquette droite déplacée de 308 à 315
2025-05-03 17:16:33,831 - INFO - IA: Raquette droite déplacée de 315 à 322
2025-05-03 17:16:33,848 - INFO - IA: Raquette droite déplacée de 322 à 329
2025-05-03 17:16:33,866 - INFO - IA: Raquette droite déplacée de 329 à 336
2025-05-03 17:16:33,884 - INFO - IA: Raquette droite déplacée de 336 à 343
2025-05-03 17:16:33,902 - INFO - IA: Raquette droite déplacée de 343 à 350
2025-05-03 17:16:33,919 - INFO - IA: Raquette droite déplacée de 350 à 357
2025-05-03 17:16:33,936 - INFO - IA: Raquette droite déplacée de 357 à 350
2025-05-03 17:16:33,953 - INFO - IA: Raquette droite déplacée de 350 à 357
2025-05-03 17:16:33,970 - INFO - IA: Raquette droite déplacée de 357 à 364
2025-05-03 17:16:33,988 - INFO - IA: Raquette droite déplacée de 364 à 371
2025-05-03 17:16:34,006 - INFO - IA: Raquette droite déplacée de 371 à 378
2025-05-03 17:16:34,023 - INFO - IA: Raquette droite déplacée de 378 à 385
2025-05-03 17:16:34,023 - INFO - POINT: Joueur droite (IA) marque un point! Score: 0-15
2025-05-03 17:16:34,040 - INFO - IA: Raquette droite déplacée de 385 à 378
2025-05-03 17:16:34,058 - INFO - IA: Raquette droite déplacée de 378 à 371
2025-05-03 17:16:34,076 - INFO - IA: Raquette droite déplacée de 371 à 364
2025-05-03 17:16:34,093 - INFO - IA: Raquette droite déplacée de 364 à 357
2025-05-03 17:16:34,110 - INFO - IA: Raquette droite déplacée de 357 à 350
2025-05-03 17:16:34,127 - INFO - IA: Raquette droite déplacée de 350 à 343
2025-05-03 17:16:34,145 - INFO - IA: Raquette droite déplacée de 343 à 336
2025-05-03 17:16:34,163 - INFO - IA: Raquette droite déplacée de 336 à 329
2025-05-03 17:16:34,180 - INFO - IA: Raquette droite déplacée de 329 à 322
2025-05-03 17:16:34,198 - INFO - IA: Raquette droite déplacée de 322 à 315
2025-05-03 17:16:34,215 - INFO - IA: Raquette droite déplacée de 315 à 308
2025-05-03 17:16:34,233 - INFO - IA: Raquette droite déplacée de 308 à 301
2025-05-03 17:16:34,250 - INFO - IA: Raquette droite déplacée de 301 à 294
2025-05-03 17:16:34,268 - INFO - IA: Raquette droite déplacée de 294 à 287
2025-05-03 17:16:34,285 - INFO - IA: Raquette droite déplacée de 287 à 280
2025-05-03 17:16:34,302 - INFO - IA: Raquette droite déplacée de 280 à 273
2025-05-03 17:16:34,320 - INFO - IA: Raquette droite déplacée de 273 à 280
2025-05-03 17:16:34,337 - INFO - IA: Raquette droite déplacée de 280 à 273
2025-05-03 17:16:34,355 - INFO - IA: Raquette droite déplacée de 273 à 266
2025-05-03 17:16:34,393 - INFO - IA: Raquette droite déplacée de 266 à 273
2025-05-03 17:16:34,411 - INFO - IA: Raquette droite déplacée de 273 à 280
2025-05-03 17:16:34,428 - INFO - IA: Raquette droite déplacée de 280 à 287
2025-05-03 17:16:34,446 - INFO - IA: Raquette droite déplacée de 287 à 294
2025-05-03 17:16:34,464 - INFO - IA: Raquette droite déplacée de 294 à 301
2025-05-03 17:16:34,483 - INFO - IA: Raquette droite déplacée de 301 à 308
2025-05-03 17:16:34,501 - INFO - IA: Raquette droite déplacée de 308 à 301
2025-05-03 17:16:34,518 - INFO - IA: Raquette droite déplacée de 301 à 308
2025-05-03 17:16:34,536 - INFO - IA: Raquette droite déplacée de 308 à 315
2025-05-03 17:16:34,552 - INFO - IA: Raquette droite déplacée de 315 à 322
2025-05-03 17:16:34,569 - INFO - IA: Raquette droite déplacée de 322 à 329
2025-05-03 17:16:34,586 - INFO - IA: Raquette droite déplacée de 329 à 336
2025-05-03 17:16:34,604 - INFO - IA: Raquette droite déplacée de 336 à 329
2025-05-03 17:16:34,620 - INFO - IA: Raquette droite déplacée de 329 à 336
2025-05-03 17:16:34,637 - INFO - IA: Raquette droite déplacée de 336 à 343
2025-05-03 17:16:34,655 - INFO - IA: Raquette droite déplacée de 343 à 350
2025-05-03 17:16:34,673 - INFO - INPUT: Joueur appuie sur la touche BAS
2025-05-03 17:16:34,673 - INFO - JOUEUR: Raquette gauche déplacée de 278 à 285
2025-05-03 17:16:34,673 - INFO - IA: Raquette droite déplacée de 350 à 357
2025-05-03 17:16:34,691 - INFO - JOUEUR: Raquette gauche déplacée de 285 à 292
2025-05-03 17:16:34,691 - INFO - IA: Raquette droite déplacée de 357 à 364
2025-05-03 17:16:34,708 - INFO - JOUEUR: Raquette gauche déplacée de 292 à 299
2025-05-03 17:16:34,709 - INFO - IA: Raquette droite déplacée de 364 à 371
2025-05-03 17:16:34,726 - INFO - JOUEUR: Raquette gauche déplacée de 299 à 306
2025-05-03 17:16:34,726 - INFO - IA: Raquette droite déplacée de 371 à 378
2025-05-03 17:16:34,744 - INFO - INPUT: Joueur relâche les touches directionnelles
2025-05-03 17:16:34,744 - INFO - IA: Raquette droite déplacée de 378 à 371
2025-05-03 17:16:34,762 - INFO - IA: Raquette droite déplacée de 371 à 378
2025-05-03 17:16:34,780 - INFO - IA: Raquette droite déplacée de 378 à 385
2025-05-03 17:16:34,797 - INFO - IA: Raquette droite déplacée de 385 à 390
2025-05-03 17:16:34,850 - INFO - INPUT: Joueur appuie sur la touche BAS
2025-05-03 17:16:34,850 - INFO - JOUEUR: Raquette gauche déplacée de 306 à 313
2025-05-03 17:16:34,850 - INFO - COLLISION: Balle a rebondi sur un mur à la position (58, 468)
2025-05-03 17:16:34,867 - INFO - JOUEUR: Raquette gauche déplacée de 313 à 320
2025-05-03 17:16:34,885 - INFO - JOUEUR: Raquette gauche déplacée de 320 à 327
2025-05-03 17:16:34,902 - INFO - JOUEUR: Raquette gauche déplacée de 327 à 334
2025-05-03 17:16:34,919 - INFO - JOUEUR: Raquette gauche déplacée de 334 à 341
2025-05-03 17:16:34,939 - INFO - INPUT: Joueur relâche les touches directionnelles
2025-05-03 17:16:34,939 - INFO - IA: Raquette droite déplacée de 390 à 383
2025-05-03 17:16:34,957 - INFO - IA: Raquette droite déplacée de 383 à 390
2025-05-03 17:16:34,975 - INFO - IA: Raquette droite déplacée de 390 à 383
2025-05-03 17:16:34,992 - INFO - IA: Raquette droite déplacée de 383 à 390
2025-05-03 17:16:34,992 - INFO - COLLISION: Balle a rebondi sur une raquette à la position (18, 428)
2025-05-03 17:16:35,010 - INFO - COLLISION: Balle a rebondi sur une raquette à la position (24, 423)
2025-05-03 17:16:35,027 - INFO - IA: Raquette droite déplacée de 390 à 383
2025-05-03 17:16:35,027 - INFO - COLLISION: Balle a rebondi sur une raquette à la position (18, 418)
2025-05-03 17:16:35,045 - INFO - IA: Raquette droite déplacée de 383 à 376
2025-05-03 17:16:35,045 - INFO - COLLISION: Balle a rebondi sur une raquette à la position (25, 413)
2025-05-03 17:16:35,062 - INFO - IA: Raquette droite déplacée de 376 à 369
2025-05-03 17:16:35,062 - INFO - COLLISION: Balle a rebondi sur une raquette à la position (18, 408)
2025-05-03 17:16:35,080 - INFO - IA: Raquette droite déplacée de 369 à 362
2025-05-03 17:16:35,080 - INFO - COLLISION: Balle a rebondi sur une raquette à la position (26, 403)
2025-05-03 17:16:35,097 - INFO - IA: Raquette droite déplacée de 362 à 355
2025-05-03 17:16:35,097 - INFO - COLLISION: Balle a rebondi sur une raquette à la position (17, 398)
2025-05-03 17:16:35,114 - INFO - IA: Raquette droite déplacée de 355 à 362
2025-05-03 17:16:35,114 - INFO - COLLISION: Balle a rebondi sur une raquette à la position (27, 393)
2025-05-03 17:16:35,131 - INFO - IA: Raquette droite déplacée de 362 à 369
2025-05-03 17:16:35,131 - INFO - COLLISION: Balle a rebondi sur une raquette à la position (16, 388)
2025-05-03 17:16:35,149 - INFO - IA: Raquette droite déplacée de 369 à 362
2025-05-03 17:16:35,149 - INFO - COLLISION: Balle a rebondi sur une raquette à la position (28, 383)
2025-05-03 17:16:35,166 - INFO - IA: Raquette droite déplacée de 362 à 355
2025-05-03 17:16:35,166 - INFO - COLLISION: Balle a rebondi sur une raquette à la position (15, 378)
2025-05-03 17:16:35,183 - INFO - IA: Raquette droite déplacée de 355 à 348
2025-05-03 17:16:35,184 - INFO - COLLISION: Balle a rebondi sur une raquette à la position (29, 373)
2025-05-03 17:16:35,201 - INFO - IA: Raquette droite déplacée de 348 à 341
2025-05-03 17:16:35,201 - INFO - COLLISION: Balle a rebondi sur une raquette à la position (14, 368)
2025-05-03 17:16:35,219 - INFO - IA: Raquette droite déplacée de 341 à 348
2025-05-03 17:16:35,220 - INFO - COLLISION: Balle a rebondi sur une raquette à la position (29, 363)
2025-05-03 17:16:35,237 - INFO - IA: Raquette droite déplacée de 348 à 341
2025-05-03 17:16:35,237 - INFO - COLLISION: Balle a rebondi sur une raquette à la position (14, 358)
2025-05-03 17:16:35,255 - INFO - IA: Raquette droite déplacée de 341 à 334
2025-05-03 17:16:35,255 - INFO - COLLISION: Balle a rebondi sur une raquette à la position (29, 353)
2025-05-03 17:16:35,272 - INFO - IA: Raquette droite déplacée de 334 à 327
2025-05-03 17:16:35,272 - INFO - COLLISION: Balle a rebondi sur une raquette à la position (14, 348)
2025-05-03 17:16:35,289 - INFO - IA: Raquette droite déplacée de 327 à 334
2025-05-03 17:16:35,289 - INFO - COLLISION: Balle a rebondi sur une raquette à la position (29, 343)
2025-05-03 17:16:35,306 - INFO - IA: Raquette droite déplacée de 334 à 327
2025-05-03 17:16:35,307 - INFO - COLLISION: Balle a rebondi sur une raquette à la position (14, 338)
2025-05-03 17:16:35,325 - INFO - IA: Raquette droite déplacée de 327 à 320
2025-05-03 17:16:35,325 - INFO - COLLISION: Balle a rebondi sur une raquette à la position (29, 333)
2025-05-03 17:16:35,342 - INFO - IA: Raquette droite déplacée de 320 à 313
2025-05-03 17:16:35,342 - INFO - COLLISION: Balle a rebondi sur une raquette à la position (14, 328)
2025-05-03 17:16:35,360 - INFO - IA: Raquette droite déplacée de 313 à 306
2025-05-03 17:16:35,377 - INFO - IA: Raquette droite déplacée de 306 à 299
2025-05-03 17:16:35,394 - INFO - IA: Raquette droite déplacée de 299 à 292
2025-05-03 17:16:35,412 - INFO - IA: Raquette droite déplacée de 292 à 285
2025-05-03 17:16:35,429 - INFO - IA: Raquette droite déplacée de 285 à 278
2025-05-03 17:16:35,446 - INFO - IA: Raquette droite déplacée de 278 à 285
2025-05-03 17:16:35,464 - INFO - IA: Raquette droite déplacée de 285 à 278
2025-05-03 17:16:35,481 - INFO - IA: Raquette droite déplacée de 278 à 271
2025-05-03 17:16:35,499 - INFO - IA: Raquette droite déplacée de 271 à 264
2025-05-03 17:16:35,516 - INFO - IA: Raquette droite déplacée de 264 à 271
2025-05-03 17:16:35,533 - INFO - IA: Raquette droite déplacée de 271 à 264
2025-05-03 17:16:35,551 - INFO - IA: Raquette droite déplacée de 264 à 257
2025-05-03 17:16:35,568 - INFO - IA: Raquette droite déplacée de 257 à 250
2025-05-03 17:16:35,585 - INFO - IA: Raquette droite déplacée de 250 à 243
2025-05-03 17:16:35,603 - INFO - IA: Raquette droite déplacée de 243 à 236
2025-05-03 17:16:35,621 - INFO - IA: Raquette droite déplacée de 236 à 229
2025-05-03 17:16:35,637 - INFO - IA: Raquette droite déplacée de 229 à 222
2025-05-03 17:16:35,655 - INFO - IA: Raquette droite déplacée de 222 à 229
2025-05-03 17:16:35,672 - INFO - IA: Raquette droite déplacée de 229 à 222
2025-05-03 17:16:35,689 - INFO - IA: Raquette droite déplacée de 222 à 215
2025-05-03 17:16:35,706 - INFO - IA: Raquette droite déplacée de 215 à 208
2025-05-03 17:16:35,724 - INFO - IA: Raquette droite déplacée de 208 à 201
2025-05-03 17:16:35,742 - INFO - IA: Raquette droite déplacée de 201 à 194
2025-05-03 17:16:35,759 - INFO - IA: Raquette droite déplacée de 194 à 187
2025-05-03 17:16:35,776 - INFO - IA: Raquette droite déplacée de 187 à 180
2025-05-03 17:16:35,794 - INFO - IA: Raquette droite déplacée de 180 à 173
2025-05-03 17:16:35,812 - INFO - IA: Raquette droite déplacée de 173 à 180
2025-05-03 17:16:35,829 - INFO - IA: Raquette droite déplacée de 180 à 173
2025-05-03 17:16:35,846 - INFO - IA: Raquette droite déplacée de 173 à 166
2025-05-03 17:16:35,862 - INFO - IA: Raquette droite déplacée de 166 à 173
2025-05-03 17:16:35,880 - INFO - IA: Raquette droite déplacée de 173 à 166
2025-05-03 17:16:35,897 - INFO - IA: Raquette droite déplacée de 166 à 159
2025-05-03 17:16:35,914 - INFO - IA: Raquette droite déplacée de 159 à 152
2025-05-03 17:16:35,932 - INFO - IA: Raquette droite déplacée de 152 à 145
2025-05-03 17:16:35,948 - INFO - IA: Raquette droite déplacée de 145 à 138
2025-05-03 17:16:35,966 - INFO - IA: Raquette droite déplacée de 138 à 131
2025-05-03 17:16:35,966 - INFO - COLLISION: Balle a rebondi sur une raquette à la position (554, 148)
2025-05-03 17:16:35,984 - INFO - IA: Raquette droite déplacée de 131 à 124
2025-05-03 17:16:36,002 - INFO - IA: Raquette droite déplacée de 124 à 117
2025-05-03 17:16:36,019 - INFO - IA: Raquette droite déplacée de 117 à 110
2025-05-03 17:16:36,036 - INFO - IA: Raquette droite déplacée de 110 à 103
2025-05-03 17:16:36,053 - INFO - IA: Raquette droite déplacée de 103 à 96
2025-05-03 17:16:36,070 - INFO - IA: Raquette droite déplacée de 96 à 89
2025-05-03 17:16:36,087 - INFO - IA: Raquette droite déplacée de 89 à 96
2025-05-03 17:16:36,105 - INFO - IA: Raquette droite déplacée de 96 à 89
2025-05-03 17:16:36,122 - INFO - IA: Raquette droite déplacée de 89 à 82
2025-05-03 17:16:36,139 - INFO - IA: Raquette droite déplacée de 82 à 75
2025-05-03 17:16:36,156 - INFO - IA: Raquette droite déplacée de 75 à 82
2025-05-03 17:16:36,174 - INFO - IA: Raquette droite déplacée de 82 à 75
2025-05-03 17:16:36,191 - INFO - IA: Raquette droite déplacée de 75 à 68
2025-05-03 17:16:36,209 - INFO - IA: Raquette droite déplacée de 68 à 61
2025-05-03 17:16:36,226 - INFO - IA: Raquette droite déplacée de 61 à 68
2025-05-03 17:16:36,243 - INFO - IA: Raquette droite déplacée de 68 à 61
2025-05-03 17:16:36,261 - INFO - IA: Raquette droite déplacée de 61 à 54
2025-05-03 17:16:36,278 - INFO - IA: Raquette droite déplacée de 54 à 47
2025-05-03 17:16:36,296 - INFO - IA: Raquette droite déplacée de 47 à 40
2025-05-03 17:16:36,313 - INFO - IA: Raquette droite déplacée de 40 à 33
2025-05-03 17:16:36,331 - INFO - IA: Raquette droite déplacée de 33 à 40
2025-05-03 17:16:36,348 - INFO - IA: Raquette droite déplacée de 40 à 33
2025-05-03 17:16:36,366 - INFO - IA: Raquette droite déplacée de 33 à 26
2025-05-03 17:16:36,383 - INFO - INPUT: Joueur appuie sur la touche HAUT
2025-05-03 17:16:36,383 - INFO - JOUEUR: Raquette gauche déplacée de 341 à 334
2025-05-03 17:16:36,383 - INFO - IA: Raquette droite déplacée de 26 à 19
2025-05-03 17:16:36,401 - INFO - JOUEUR: Raquette gauche déplacée de 334 à 327
2025-05-03 17:16:36,401 - INFO - IA: Raquette droite déplacée de 19 à 12
2025-05-03 17:16:36,418 - INFO - JOUEUR: Raquette gauche déplacée de 327 à 320
2025-05-03 17:16:36,418 - INFO - IA: Raquette droite déplacée de 12 à 5
2025-05-03 17:16:36,436 - INFO - JOUEUR: Raquette gauche déplacée de 320 à 313
2025-05-03 17:16:36,436 - INFO - IA: Raquette droite déplacée de 5 à 0
2025-05-03 17:16:36,453 - INFO - JOUEUR: Raquette gauche déplacée de 313 à 306
2025-05-03 17:16:36,453 - INFO - IA: Raquette droite déplacée de 0 à 7
2025-05-03 17:16:36,472 - INFO - JOUEUR: Raquette gauche déplacée de 306 à 299
2025-05-03 17:16:36,472 - INFO - IA: Raquette droite déplacée de 7 à 0
2025-05-03 17:16:36,490 - INFO - JOUEUR: Raquette gauche déplacée de 299 à 292
2025-05-03 17:16:36,490 - INFO - COLLISION: Balle a rebondi sur un mur à la position (104, -2)
2025-05-03 17:16:36,508 - INFO - JOUEUR: Raquette gauche déplacée de 292 à 285
2025-05-03 17:16:36,526 - INFO - JOUEUR: Raquette gauche déplacée de 285 à 278
2025-05-03 17:16:36,544 - INFO - JOUEUR: Raquette gauche déplacée de 278 à 271
2025-05-03 17:16:36,562 - INFO - JOUEUR: Raquette gauche déplacée de 271 à 264
2025-05-03 17:16:36,580 - INFO - JOUEUR: Raquette gauche déplacée de 264 à 257
2025-05-03 17:16:36,596 - INFO - JOUEUR: Raquette gauche déplacée de 257 à 250
2025-05-03 17:16:36,613 - INFO - JOUEUR: Raquette gauche déplacée de 250 à 243
2025-05-03 17:16:36,613 - INFO - POINT: Joueur droite (IA) marque un point! Score: 0-16
2025-05-03 17:16:36,630 - INFO - JOUEUR: Raquette gauche déplacée de 243 à 236
2025-05-03 17:16:36,631 - INFO - IA: Raquette droite déplacée de 0 à 7
2025-05-03 17:16:36,648 - INFO - JOUEUR: Raquette gauche déplacée de 236 à 229
2025-05-03 17:16:36,648 - INFO - IA: Raquette droite déplacée de 7 à 14
2025-05-03 17:16:36,665 - INFO - JOUEUR: Raquette gauche déplacée de 229 à 222
2025-05-03 17:16:36,665 - INFO - IA: Raquette droite déplacée de 14 à 21
2025-05-03 17:16:36,682 - INFO - JOUEUR: Raquette gauche déplacée de 222 à 215
2025-05-03 17:16:36,682 - INFO - IA: Raquette droite déplacée de 21 à 28
2025-05-03 17:16:36,700 - INFO - JOUEUR: Raquette gauche déplacée de 215 à 208
2025-05-03 17:16:36,700 - INFO - IA: Raquette droite déplacée de 28 à 35
2025-05-03 17:16:36,718 - INFO - JOUEUR: Raquette gauche déplacée de 208 à 201
2025-05-03 17:16:36,718 - INFO - IA: Raquette droite déplacée de 35 à 42
2025-05-03 17:16:36,735 - INFO - JOUEUR: Raquette gauche déplacée de 201 à 194
2025-05-03 17:16:36,735 - INFO - IA: Raquette droite déplacée de 42 à 49
2025-05-03 17:16:36,752 - INFO - JOUEUR: Raquette gauche déplacée de 194 à 187
2025-05-03 17:16:36,753 - INFO - IA: Raquette droite déplacée de 49 à 56
2025-05-03 17:16:36,771 - INFO - JOUEUR: Raquette gauche déplacée de 187 à 180
2025-05-03 17:16:36,771 - INFO - IA: Raquette droite déplacée de 56 à 63
2025-05-03 17:16:36,790 - INFO - INPUT: Joueur relâche les touches directionnelles
2025-05-03 17:16:36,790 - INFO - IA: Raquette droite déplacée de 63 à 70
2025-05-03 17:16:36,808 - INFO - IA: Raquette droite déplacée de 70 à 77
2025-05-03 17:16:36,825 - INFO - IA: Raquette droite déplacée de 77 à 84
2025-05-03 17:16:36,843 - INFO - IA: Raquette droite déplacée de 84 à 91
2025-05-03 17:16:36,861 - INFO - IA: Raquette droite déplacée de 91 à 98
2025-05-03 17:16:36,878 - INFO - IA: Raquette droite déplacée de 98 à 105
2025-05-03 17:16:36,895 - INFO - IA: Raquette droite déplacée de 105 à 112
2025-05-03 17:16:36,913 - INFO - IA: Raquette droite déplacée de 112 à 119
2025-05-03 17:16:36,929 - INFO - IA: Raquette droite déplacée de 119 à 126
2025-05-03 17:16:36,946 - INFO - IA: Raquette droite déplacée de 126 à 133
2025-05-03 17:16:36,964 - INFO - IA: Raquette droite déplacée de 133 à 140
2025-05-03 17:16:36,982 - INFO - IA: Raquette droite déplacée de 140 à 147
2025-05-03 17:16:36,999 - INFO - IA: Raquette droite déplacée de 147 à 154
2025-05-03 17:16:37,016 - INFO - IA: Raquette droite déplacée de 154 à 161
2025-05-03 17:16:37,033 - INFO - IA: Raquette droite déplacée de 161 à 168
2025-05-03 17:16:37,050 - INFO - IA: Raquette droite déplacée de 168 à 175
2025-05-03 17:16:37,067 - INFO - IA: Raquette droite déplacée de 175 à 182
2025-05-03 17:16:37,084 - INFO - IA: Raquette droite déplacée de 182 à 189
2025-05-03 17:16:37,102 - INFO - IA: Raquette droite déplacée de 189 à 196
2025-05-03 17:16:37,119 - INFO - IA: Raquette droite déplacée de 196 à 203
2025-05-03 17:16:37,137 - INFO - INPUT: Joueur appuie sur la touche BAS
2025-05-03 17:16:37,137 - INFO - JOUEUR: Raquette gauche déplacée de 180 à 187
2025-05-03 17:16:37,137 - INFO - IA: Raquette droite déplacée de 203 à 210
2025-05-03 17:16:37,154 - INFO - JOUEUR: Raquette gauche déplacée de 187 à 194
2025-05-03 17:16:37,154 - INFO - IA: Raquette droite déplacée de 210 à 217
2025-05-03 17:16:37,172 - INFO - JOUEUR: Raquette gauche déplacée de 194 à 201
2025-05-03 17:16:37,172 - INFO - IA: Raquette droite déplacée de 217 à 224
2025-05-03 17:16:37,189 - INFO - JOUEUR: Raquette gauche déplacée de 201 à 208
2025-05-03 17:16:37,190 - INFO - IA: Raquette droite déplacée de 224 à 231
2025-05-03 17:16:37,206 - INFO - JOUEUR: Raquette gauche déplacée de 208 à 215
2025-05-03 17:16:37,207 - INFO - IA: Raquette droite déplacée de 231 à 238
2025-05-03 17:16:37,224 - INFO - JOUEUR: Raquette gauche déplacée de 215 à 222
2025-05-03 17:16:37,224 - INFO - IA: Raquette droite déplacée de 238 à 245
2025-05-03 17:16:37,241 - INFO - JOUEUR: Raquette gauche déplacée de 222 à 229
2025-05-03 17:16:37,242 - INFO - IA: Raquette droite déplacée de 245 à 252
2025-05-03 17:16:37,259 - INFO - JOUEUR: Raquette gauche déplacée de 229 à 236
2025-05-03 17:16:37,259 - INFO - IA: Raquette droite déplacée de 252 à 259
2025-05-03 17:16:37,276 - INFO - JOUEUR: Raquette gauche déplacée de 236 à 243
2025-05-03 17:16:37,276 - INFO - IA: Raquette droite déplacée de 259 à 266
2025-05-03 17:16:37,294 - INFO - JOUEUR: Raquette gauche déplacée de 243 à 250
2025-05-03 17:16:37,295 - INFO - IA: Raquette droite déplacée de 266 à 273
2025-05-03 17:16:37,312 - INFO - JOUEUR: Raquette gauche déplacée de 250 à 257
2025-05-03 17:16:37,312 - INFO - IA: Raquette droite déplacée de 273 à 280
2025-05-03 17:16:37,331 - INFO - JOUEUR: Raquette gauche déplacée de 257 à 264
2025-05-03 17:16:37,331 - INFO - IA: Raquette droite déplacée de 280 à 287
2025-05-03 17:16:37,348 - INFO - JOUEUR: Raquette gauche déplacée de 264 à 271
2025-05-03 17:16:37,348 - INFO - IA: Raquette droite déplacée de 287 à 294
2025-05-03 17:16:37,366 - INFO - JOUEUR: Raquette gauche déplacée de 271 à 278
2025-05-03 17:16:37,366 - INFO - IA: Raquette droite déplacée de 294 à 301
2025-05-03 17:16:37,383 - INFO - JOUEUR: Raquette gauche déplacée de 278 à 285
2025-05-03 17:16:37,383 - INFO - IA: Raquette droite déplacée de 301 à 308
2025-05-03 17:16:37,400 - INFO - JOUEUR: Raquette gauche déplacée de 285 à 292
2025-05-03 17:16:37,401 - INFO - IA: Raquette droite déplacée de 308 à 315
2025-05-03 17:16:37,418 - INFO - JOUEUR: Raquette gauche déplacée de 292 à 299
2025-05-03 17:16:37,418 - INFO - IA: Raquette droite déplacée de 315 à 322
2025-05-03 17:16:37,435 - INFO - JOUEUR: Raquette gauche déplacée de 299 à 306
2025-05-03 17:16:37,435 - INFO - IA: Raquette droite déplacée de 322 à 329
2025-05-03 17:16:37,435 - INFO - COLLISION: Balle a rebondi sur un mur à la position (58, 468)
2025-05-03 17:16:37,452 - INFO - JOUEUR: Raquette gauche déplacée de 306 à 313
2025-05-03 17:16:37,452 - INFO - IA: Raquette droite déplacée de 329 à 336
2025-05-03 17:16:37,470 - INFO - JOUEUR: Raquette gauche déplacée de 313 à 320
2025-05-03 17:16:37,470 - INFO - IA: Raquette droite déplacée de 336 à 343
2025-05-03 17:16:37,488 - INFO - JOUEUR: Raquette gauche déplacée de 320 à 327
2025-05-03 17:16:37,488 - INFO - IA: Raquette droite déplacée de 343 à 350
2025-05-03 17:16:37,505 - INFO - JOUEUR: Raquette gauche déplacée de 327 à 334
2025-05-03 17:16:37,505 - INFO - IA: Raquette droite déplacée de 350 à 357
2025-05-03 17:16:37,523 - INFO - JOUEUR: Raquette gauche déplacée de 334 à 341
2025-05-03 17:16:37,523 - INFO - IA: Raquette droite déplacée de 357 à 364
2025-05-03 17:16:37,540 - INFO - JOUEUR: Raquette gauche déplacée de 341 à 348
2025-05-03 17:16:37,541 - INFO - IA: Raquette droite déplacée de 364 à 371
2025-05-03 17:16:37,558 - INFO - JOUEUR: Raquette gauche déplacée de 348 à 355
2025-05-03 17:16:37,558 - INFO - IA: Raquette droite déplacée de 371 à 378
2025-05-03 17:16:37,558 - INFO - COLLISION: Balle a rebondi sur une raquette à la position (23, 433)
2025-05-03 17:16:37,576 - INFO - JOUEUR: Raquette gauche déplacée de 355 à 362
2025-05-03 17:16:37,576 - INFO - IA: Raquette droite déplacée de 378 à 385
2025-05-03 17:16:37,576 - INFO - COLLISION: Balle a rebondi sur une raquette à la position (29, 428)
2025-05-03 17:16:37,594 - INFO - JOUEUR: Raquette gauche déplacée de 362 à 369
2025-05-03 17:16:37,594 - INFO - IA: Raquette droite déplacée de 385 à 390
2025-05-03 17:16:37,594 - INFO - COLLISION: Balle a rebondi sur une raquette à la position (23, 423)
2025-05-03 17:16:37,611 - INFO - JOUEUR: Raquette gauche déplacée de 369 à 376
2025-05-03 17:16:37,611 - INFO - COLLISION: Balle a rebondi sur une raquette à la position (30, 418)
2025-05-03 17:16:37,629 - INFO - JOUEUR: Raquette gauche déplacée de 376 à 383
2025-05-03 17:16:37,629 - INFO - COLLISION: Balle a rebondi sur une raquette à la position (23, 413)
2025-05-03 17:16:37,645 - INFO - JOUEUR: Raquette gauche déplacée de 383 à 390
2025-05-03 17:16:37,646 - INFO - COLLISION: Balle a rebondi sur une raquette à la position (31, 408)
2025-05-03 17:16:37,663 - INFO - IA: Raquette droite déplacée de 390 à 383
2025-05-03 17:16:37,663 - INFO - COLLISION: Balle a rebondi sur une raquette à la position (22, 403)
2025-05-03 17:16:37,680 - INFO - IA: Raquette droite déplacée de 383 à 376
2025-05-03 17:16:37,681 - INFO - COLLISION: Balle a rebondi sur une raquette à la position (32, 398)
2025-05-03 17:16:37,697 - INFO - IA: Raquette droite déplacée de 376 à 369
2025-05-03 17:16:37,698 - INFO - COLLISION: Balle a rebondi sur une raquette à la position (21, 393)
2025-05-03 17:16:37,715 - INFO - IA: Raquette droite déplacée de 369 à 376
2025-05-03 17:16:37,715 - INFO - COLLISION: Balle a rebondi sur une raquette à la position (33, 388)
2025-05-03 17:16:37,733 - INFO - IA: Raquette droite déplacée de 376 à 369
2025-05-03 17:16:37,733 - INFO - COLLISION: Balle a rebondi sur une raquette à la position (20, 383)
2025-05-03 17:16:37,750 - INFO - INPUT: Joueur relâche les touches directionnelles
2025-05-03 17:16:37,750 - INFO - IA: Raquette droite déplacée de 369 à 362
2025-05-03 17:16:37,750 - INFO - COLLISION: Balle a rebondi sur une raquette à la position (34, 378)
2025-05-03 17:16:37,768 - INFO - IA: Raquette droite déplacée de 362 à 355
2025-05-03 17:16:37,785 - INFO - IA: Raquette droite déplacée de 355 à 348
2025-05-03 17:16:37,802 - INFO - IA: Raquette droite déplacée de 348 à 341
2025-05-03 17:16:37,802 - INFO - POINT: Joueur droite (IA) marque un point! Score: 0-17
2025-05-03 17:16:37,819 - INFO - IA: Raquette droite déplacée de 341 à 334
2025-05-03 17:16:37,837 - INFO - IA: Raquette droite déplacée de 334 à 327
2025-05-03 17:16:37,855 - INFO - IA: Raquette droite déplacée de 327 à 320
2025-05-03 17:16:37,873 - INFO - IA: Raquette droite déplacée de 320 à 313
2025-05-03 17:16:37,894 - INFO - IA: Raquette droite déplacée de 313 à 306
2025-05-03 17:16:37,912 - INFO - IA: Raquette droite déplacée de 306 à 299
2025-05-03 17:16:37,929 - INFO - IA: Raquette droite déplacée de 299 à 292
2025-05-03 17:16:37,947 - INFO - IA: Raquette droite déplacée de 292 à 285
2025-05-03 17:16:37,964 - INFO - IA: Raquette droite déplacée de 285 à 278
2025-05-03 17:16:37,981 - INFO - IA: Raquette droite déplacée de 278 à 271
2025-05-03 17:16:37,998 - INFO - IA: Raquette droite déplacée de 271 à 264
2025-05-03 17:16:38,016 - INFO - IA: Raquette droite déplacée de 264 à 257
2025-05-03 17:16:38,033 - INFO - IA: Raquette droite déplacée de 257 à 250
2025-05-03 17:16:38,049 - INFO - IA: Raquette droite déplacée de 250 à 243
2025-05-03 17:16:38,067 - INFO - IA: Raquette droite déplacée de 243 à 236
2025-05-03 17:16:38,085 - INFO - IA: Raquette droite déplacée de 236 à 229
2025-05-03 17:16:38,104 - INFO - IA: Raquette droite déplacée de 229 à 222
2025-05-03 17:16:38,122 - INFO - IA: Raquette droite déplacée de 222 à 215
2025-05-03 17:16:38,140 - INFO - IA: Raquette droite déplacée de 215 à 208
2025-05-03 17:16:38,158 - INFO - IA: Raquette droite déplacée de 208 à 201
2025-05-03 17:16:38,176 - INFO - IA: Raquette droite déplacée de 201 à 194
2025-05-03 17:16:38,193 - INFO - IA: Raquette droite déplacée de 194 à 187
2025-05-03 17:16:38,211 - INFO - IA: Raquette droite déplacée de 187 à 180
2025-05-03 17:16:38,227 - INFO - IA: Raquette droite déplacée de 180 à 173
2025-05-03 17:16:38,244 - INFO - IA: Raquette droite déplacée de 173 à 166
2025-05-03 17:16:38,262 - INFO - IA: Raquette droite déplacée de 166 à 159
2025-05-03 17:16:38,280 - INFO - IA: Raquette droite déplacée de 159 à 152
2025-05-03 17:16:38,297 - INFO - IA: Raquette droite déplacée de 152 à 145
2025-05-03 17:16:38,314 - INFO - IA: Raquette droite déplacée de 145 à 138
2025-05-03 17:16:38,332 - INFO - IA: Raquette droite déplacée de 138 à 131
2025-05-03 17:16:38,349 - INFO - IA: Raquette droite déplacée de 131 à 124
2025-05-03 17:16:38,367 - INFO - IA: Raquette droite déplacée de 124 à 117
2025-05-03 17:16:38,385 - INFO - IA: Raquette droite déplacée de 117 à 110
2025-05-03 17:16:38,404 - INFO - IA: Raquette droite déplacée de 110 à 103
2025-05-03 17:16:38,422 - INFO - IA: Raquette droite déplacée de 103 à 96
2025-05-03 17:16:38,440 - INFO - IA: Raquette droite déplacée de 96 à 89
2025-05-03 17:16:38,457 - INFO - IA: Raquette droite déplacée de 89 à 82
2025-05-03 17:16:38,474 - INFO - IA: Raquette droite déplacée de 82 à 75
2025-05-03 17:16:38,491 - INFO - IA: Raquette droite déplacée de 75 à 68
2025-05-03 17:16:38,510 - INFO - IA: Raquette droite déplacée de 68 à 61
2025-05-03 17:16:38,527 - INFO - IA: Raquette droite déplacée de 61 à 54
2025-05-03 17:16:38,545 - INFO - IA: Raquette droite déplacée de 54 à 47
2025-05-03 17:16:38,562 - INFO - IA: Raquette droite déplacée de 47 à 40
2025-05-03 17:16:38,579 - INFO - IA: Raquette droite déplacée de 40 à 33
2025-05-03 17:16:38,597 - INFO - IA: Raquette droite déplacée de 33 à 26
2025-05-03 17:16:38,614 - INFO - IA: Raquette droite déplacée de 26 à 19
2025-05-03 17:16:38,631 - INFO - IA: Raquette droite déplacée de 19 à 12
2025-05-03 17:16:38,631 - INFO - COLLISION: Balle a rebondi sur un mur à la position (528, -2)
2025-05-03 17:16:38,650 - INFO - IA: Raquette droite déplacée de 12 à 5
2025-05-03 17:16:38,667 - INFO - IA: Raquette droite déplacée de 5 à 0
2025-05-03 17:16:38,718 - INFO - COLLISION: Balle a rebondi sur une raquette à la position (553, 23)
2025-05-03 17:16:38,770 - INFO - IA: Raquette droite déplacée de 0 à 7
2025-05-03 17:16:38,787 - INFO - IA: Raquette droite déplacée de 7 à 14
2025-05-03 17:16:38,804 - INFO - IA: Raquette droite déplacée de 14 à 7
2025-05-03 17:16:38,822 - INFO - IA: Raquette droite déplacée de 7 à 0
2025-05-03 17:16:38,839 - INFO - IA: Raquette droite déplacée de 0 à 7
2025-05-03 17:16:38,856 - INFO - IA: Raquette droite déplacée de 7 à 14
2025-05-03 17:16:38,874 - INFO - IA: Raquette droite déplacée de 14 à 21
2025-05-03 17:16:38,892 - INFO - IA: Raquette droite déplacée de 21 à 28
2025-05-03 17:16:38,910 - INFO - IA: Raquette droite déplacée de 28 à 35
2025-05-03 17:16:38,927 - INFO - IA: Raquette droite déplacée de 35 à 28
2025-05-03 17:16:38,943 - INFO - IA: Raquette droite déplacée de 28 à 35
2025-05-03 17:16:38,961 - INFO - IA: Raquette droite déplacée de 35 à 42
2025-05-03 17:16:38,978 - INFO - IA: Raquette droite déplacée de 42 à 49
2025-05-03 17:16:38,995 - INFO - IA: Raquette droite déplacée de 49 à 56
2025-05-03 17:16:39,012 - INFO - IA: Raquette droite déplacée de 56 à 63
2025-05-03 17:16:39,029 - INFO - IA: Raquette droite déplacée de 63 à 70
2025-05-03 17:16:39,047 - INFO - IA: Raquette droite déplacée de 70 à 63
2025-05-03 17:16:39,065 - INFO - IA: Raquette droite déplacée de 63 à 56
2025-05-03 17:16:39,082 - INFO - IA: Raquette droite déplacée de 56 à 63
2025-05-03 17:16:39,100 - INFO - IA: Raquette droite déplacée de 63 à 70
2025-05-03 17:16:39,117 - INFO - IA: Raquette droite déplacée de 70 à 77
2025-05-03 17:16:39,135 - INFO - IA: Raquette droite déplacée de 77 à 84
2025-05-03 17:16:39,153 - INFO - IA: Raquette droite déplacée de 84 à 91
2025-05-03 17:16:39,171 - INFO - IA: Raquette droite déplacée de 91 à 98
2025-05-03 17:16:39,188 - INFO - IA: Raquette droite déplacée de 98 à 105
2025-05-03 17:16:39,205 - INFO - INPUT: Joueur appuie sur la touche HAUT
2025-05-03 17:16:39,205 - INFO - JOUEUR: Raquette gauche déplacée de 390 à 383
2025-05-03 17:16:39,205 - INFO - IA: Raquette droite déplacée de 105 à 98
2025-05-03 17:16:39,223 - INFO - JOUEUR: Raquette gauche déplacée de 383 à 376
2025-05-03 17:16:39,223 - INFO - IA: Raquette droite déplacée de 98 à 105
2025-05-03 17:16:39,240 - INFO - JOUEUR: Raquette gauche déplacée de 376 à 369
2025-05-03 17:16:39,243 - INFO - IA: Raquette droite déplacée de 105 à 112
2025-05-03 17:16:39,260 - INFO - JOUEUR: Raquette gauche déplacée de 369 à 362
2025-05-03 17:16:39,260 - INFO - IA: Raquette droite déplacée de 112 à 119
2025-05-03 17:16:39,277 - INFO - JOUEUR: Raquette gauche déplacée de 362 à 355
2025-05-03 17:16:39,278 - INFO - IA: Raquette droite déplacée de 119 à 112
2025-05-03 17:16:39,295 - INFO - JOUEUR: Raquette gauche déplacée de 355 à 348
2025-05-03 17:16:39,295 - INFO - IA: Raquette droite déplacée de 112 à 119
2025-05-03 17:16:39,313 - INFO - JOUEUR: Raquette gauche déplacée de 348 à 341
2025-05-03 17:16:39,313 - INFO - IA: Raquette droite déplacée de 119 à 126
2025-05-03 17:16:39,331 - INFO - JOUEUR: Raquette gauche déplacée de 341 à 334
2025-05-03 17:16:39,331 - INFO - IA: Raquette droite déplacée de 126 à 133
2025-05-03 17:16:39,349 - INFO - INPUT: Joueur relâche les touches directionnelles
2025-05-03 17:16:39,349 - INFO - IA: Raquette droite déplacée de 133 à 140
2025-05-03 17:16:39,367 - INFO - IA: Raquette droite déplacée de 140 à 147
2025-05-03 17:16:39,384 - INFO - IA: Raquette droite déplacée de 147 à 154
2025-05-03 17:16:39,402 - INFO - IA: Raquette droite déplacée de 154 à 161
2025-05-03 17:16:39,421 - INFO - IA: Raquette droite déplacée de 161 à 154
2025-05-03 17:16:39,438 - INFO - IA: Raquette droite déplacée de 154 à 161
2025-05-03 17:16:39,456 - INFO - IA: Raquette droite déplacée de 161 à 168
2025-05-03 17:16:39,474 - INFO - IA: Raquette droite déplacée de 168 à 175
2025-05-03 17:16:39,491 - INFO - IA: Raquette droite déplacée de 175 à 182
2025-05-03 17:16:39,508 - INFO - IA: Raquette droite déplacée de 182 à 189
2025-05-03 17:16:39,526 - INFO - IA: Raquette droite déplacée de 189 à 182
2025-05-03 17:16:39,544 - INFO - IA: Raquette droite déplacée de 182 à 189
2025-05-03 17:16:39,561 - INFO - IA: Raquette droite déplacée de 189 à 196
2025-05-03 17:16:39,577 - INFO - IA: Raquette droite déplacée de 196 à 203
2025-05-03 17:16:39,594 - INFO - IA: Raquette droite déplacée de 203 à 210
2025-05-03 17:16:39,612 - INFO - IA: Raquette droite déplacée de 210 à 217
2025-05-03 17:16:39,629 - INFO - IA: Raquette droite déplacée de 217 à 224
2025-05-03 17:16:39,647 - INFO - IA: Raquette droite déplacée de 224 à 217
2025-05-03 17:16:39,664 - INFO - IA: Raquette droite déplacée de 217 à 224
2025-05-03 17:16:39,682 - INFO - IA: Raquette droite déplacée de 224 à 231
2025-05-03 17:16:39,699 - INFO - IA: Raquette droite déplacée de 231 à 238
2025-05-03 17:16:39,716 - INFO - IA: Raquette droite déplacée de 238 à 245
2025-05-03 17:16:39,734 - INFO - IA: Raquette droite déplacée de 245 à 252
2025-05-03 17:16:39,751 - INFO - IA: Raquette droite déplacée de 252 à 259
2025-05-03 17:16:39,768 - INFO - IA: Raquette droite déplacée de 259 à 252
2025-05-03 17:16:39,785 - INFO - IA: Raquette droite déplacée de 252 à 259
2025-05-03 17:16:39,803 - INFO - IA: Raquette droite déplacée de 259 à 266
2025-05-03 17:16:39,820 - INFO - IA: Raquette droite déplacée de 266 à 273
2025-05-03 17:16:39,838 - INFO - IA: Raquette droite déplacée de 273 à 280
2025-05-03 17:16:39,855 - INFO - IA: Raquette droite déplacée de 280 à 287
2025-05-03 17:16:39,873 - INFO - IA: Raquette droite déplacée de 287 à 294
2025-05-03 17:16:39,890 - INFO - INPUT: Joueur appuie sur la touche BAS
2025-05-03 17:16:39,891 - INFO - JOUEUR: Raquette gauche déplacée de 334 à 341
2025-05-03 17:16:39,891 - INFO - IA: Raquette droite déplacée de 294 à 301
2025-05-03 17:16:39,909 - INFO - JOUEUR: Raquette gauche déplacée de 341 à 348
2025-05-03 17:16:39,910 - INFO - IA: Raquette droite déplacée de 301 à 308
2025-05-03 17:16:39,928 - INFO - JOUEUR: Raquette gauche déplacée de 348 à 355
2025-05-03 17:16:39,928 - INFO - IA: Raquette droite déplacée de 308 à 315
2025-05-03 17:16:39,946 - INFO - JOUEUR: Raquette gauche déplacée de 355 à 362
2025-05-03 17:16:39,946 - INFO - IA: Raquette droite déplacée de 315 à 322
2025-05-03 17:16:39,964 - INFO - JOUEUR: Raquette gauche déplacée de 362 à 369
2025-05-03 17:16:39,964 - INFO - IA: Raquette droite déplacée de 322 à 329
2025-05-03 17:16:39,981 - INFO - JOUEUR: Raquette gauche déplacée de 369 à 376
2025-05-03 17:16:39,981 - INFO - IA: Raquette droite déplacée de 329 à 336
2025-05-03 17:16:39,998 - INFO - JOUEUR: Raquette gauche déplacée de 376 à 383
2025-05-03 17:16:39,998 - INFO - IA: Raquette droite déplacée de 336 à 329
2025-05-03 17:16:40,016 - INFO - JOUEUR: Raquette gauche déplacée de 383 à 390
2025-05-03 17:16:40,016 - INFO - IA: Raquette droite déplacée de 329 à 336
2025-05-03 17:16:40,034 - INFO - INPUT: Joueur relâche les touches directionnelles
2025-05-03 17:16:40,034 - INFO - IA: Raquette droite déplacée de 336 à 343
2025-05-03 17:16:40,052 - INFO - IA: Raquette droite déplacée de 343 à 350
2025-05-03 17:16:40,069 - INFO - IA: Raquette droite déplacée de 350 à 357
2025-05-03 17:16:40,087 - INFO - IA: Raquette droite déplacée de 357 à 350
2025-05-03 17:16:40,104 - INFO - IA: Raquette droite déplacée de 350 à 343
2025-05-03 17:16:40,122 - INFO - IA: Raquette droite déplacée de 343 à 350
2025-05-03 17:16:40,139 - INFO - IA: Raquette droite déplacée de 350 à 357
2025-05-03 17:16:40,156 - INFO - IA: Raquette droite déplacée de 357 à 364
2025-05-03 17:16:40,173 - INFO - IA: Raquette droite déplacée de 364 à 371
2025-05-03 17:16:40,192 - INFO - IA: Raquette droite déplacée de 371 à 378
2025-05-03 17:16:40,209 - INFO - IA: Raquette droite déplacée de 378 à 385
2025-05-03 17:16:40,226 - INFO - IA: Raquette droite déplacée de 385 à 390
2025-05-03 17:16:40,277 - INFO - COLLISION: Balle a rebondi sur un mur à la position (108, 468)
2025-05-03 17:16:40,381 - INFO - IA: Raquette droite déplacée de 390 à 383
2025-05-03 17:16:40,398 - INFO - IA: Raquette droite déplacée de 383 à 390
2025-05-03 17:16:40,487 - INFO - IA: Raquette droite déplacée de 390 à 383
2025-05-03 17:16:40,505 - INFO - IA: Raquette droite déplacée de 383 à 390
2025-05-03 17:16:40,522 - INFO - IA: Raquette droite déplacée de 390 à 383
2025-05-03 17:16:40,539 - INFO - IA: Raquette droite déplacée de 383 à 376
2025-05-03 17:16:40,539 - INFO - COLLISION: Balle a rebondi sur une raquette à la position (33, 393)
2025-05-03 17:16:40,556 - INFO - IA: Raquette droite déplacée de 376 à 369
2025-05-03 17:16:40,572 - INFO - IA: Raquette droite déplacée de 369 à 362
2025-05-03 17:16:40,590 - INFO - IA: Raquette droite déplacée de 362 à 355
2025-05-03 17:16:40,607 - INFO - IA: Raquette droite déplacée de 355 à 348
2025-05-03 17:16:40,624 - INFO - IA: Raquette droite déplacée de 348 à 341
2025-05-03 17:16:40,642 - INFO - IA: Raquette droite déplacée de 341 à 348
2025-05-03 17:16:40,660 - INFO - IA: Raquette droite déplacée de 348 à 341
2025-05-03 17:16:40,677 - INFO - IA: Raquette droite déplacée de 341 à 334
2025-05-03 17:16:40,694 - INFO - IA: Raquette droite déplacée de 334 à 327
2025-05-03 17:16:40,712 - INFO - IA: Raquette droite déplacée de 327 à 320
2025-05-03 17:16:40,729 - INFO - IA: Raquette droite déplacée de 320 à 313
2025-05-03 17:16:40,747 - INFO - IA: Raquette droite déplacée de 313 à 306
2025-05-03 17:16:40,764 - INFO - IA: Raquette droite déplacée de 306 à 299
2025-05-03 17:16:40,781 - INFO - IA: Raquette droite déplacée de 299 à 306
2025-05-03 17:16:40,798 - INFO - IA: Raquette droite déplacée de 306 à 299
2025-05-03 17:16:40,815 - INFO - IA: Raquette droite déplacée de 299 à 292
2025-05-03 17:16:40,832 - INFO - IA: Raquette droite déplacée de 292 à 285
2025-05-03 17:16:40,849 - INFO - IA: Raquette droite déplacée de 285 à 278
2025-05-03 17:16:40,866 - INFO - IA: Raquette droite déplacée de 278 à 271
2025-05-03 17:16:40,884 - INFO - IA: Raquette droite déplacée de 271 à 264
2025-05-03 17:16:40,918 - INFO - IA: Raquette droite déplacée de 264 à 257
2025-05-03 17:16:40,936 - INFO - IA: Raquette droite déplacée de 257 à 264
2025-05-03 17:16:40,954 - INFO - IA: Raquette droite déplacée de 264 à 257
2025-05-03 17:16:40,971 - INFO - IA: Raquette droite déplacée de 257 à 250
2025-05-03 17:16:40,989 - INFO - IA: Raquette droite déplacée de 250 à 243
2025-05-03 17:16:41,006 - INFO - IA: Raquette droite déplacée de 243 à 236
2025-05-03 17:16:41,023 - INFO - IA: Raquette droite déplacée de 236 à 229
2025-05-03 17:16:41,041 - INFO - IA: Raquette droite déplacée de 229 à 222
2025-05-03 17:16:41,058 - INFO - IA: Raquette droite déplacée de 222 à 229
2025-05-03 17:16:41,076 - INFO - IA: Raquette droite déplacée de 229 à 222
2025-05-03 17:16:41,094 - INFO - IA: Raquette droite déplacée de 222 à 215
2025-05-03 17:16:41,111 - INFO - IA: Raquette droite déplacée de 215 à 208
2025-05-03 17:16:41,127 - INFO - IA: Raquette droite déplacée de 208 à 201
2025-05-03 17:16:41,144 - INFO - IA: Raquette droite déplacée de 201 à 194
2025-05-03 17:16:41,162 - INFO - INPUT: Joueur appuie sur la touche HAUT
2025-05-03 17:16:41,162 - INFO - JOUEUR: Raquette gauche déplacée de 390 à 383
2025-05-03 17:16:41,163 - INFO - IA: Raquette droite déplacée de 194 à 187
2025-05-03 17:16:41,180 - INFO - JOUEUR: Raquette gauche déplacée de 383 à 376
2025-05-03 17:16:41,180 - INFO - IA: Raquette droite déplacée de 187 à 180
2025-05-03 17:16:41,197 - INFO - JOUEUR: Raquette gauche déplacée de 376 à 369
2025-05-03 17:16:41,198 - INFO - IA: Raquette droite déplacée de 180 à 187
2025-05-03 17:16:41,215 - INFO - JOUEUR: Raquette gauche déplacée de 369 à 362
2025-05-03 17:16:41,216 - INFO - IA: Raquette droite déplacée de 187 à 180
2025-05-03 17:16:41,232 - INFO - JOUEUR: Raquette gauche déplacée de 362 à 355
2025-05-03 17:16:41,233 - INFO - IA: Raquette droite déplacée de 180 à 173
2025-05-03 17:16:41,250 - INFO - JOUEUR: Raquette gauche déplacée de 355 à 348
2025-05-03 17:16:41,250 - INFO - IA: Raquette droite déplacée de 173 à 166
2025-05-03 17:16:41,268 - INFO - JOUEUR: Raquette gauche déplacée de 348 à 341
2025-05-03 17:16:41,268 - INFO - IA: Raquette droite déplacée de 166 à 173
2025-05-03 17:16:41,285 - INFO - JOUEUR: Raquette gauche déplacée de 341 à 334
2025-05-03 17:16:41,286 - INFO - IA: Raquette droite déplacée de 173 à 166
2025-05-03 17:16:41,303 - INFO - JOUEUR: Raquette gauche déplacée de 334 à 327
2025-05-03 17:16:41,303 - INFO - IA: Raquette droite déplacée de 166 à 159
2025-05-03 17:16:41,321 - INFO - JOUEUR: Raquette gauche déplacée de 327 à 320
2025-05-03 17:16:41,321 - INFO - IA: Raquette droite déplacée de 159 à 152
2025-05-03 17:16:41,338 - INFO - JOUEUR: Raquette gauche déplacée de 320 à 313
2025-05-03 17:16:41,339 - INFO - IA: Raquette droite déplacée de 152 à 159
2025-05-03 17:16:41,357 - INFO - JOUEUR: Raquette gauche déplacée de 313 à 306
2025-05-03 17:16:41,357 - INFO - IA: Raquette droite déplacée de 159 à 152
2025-05-03 17:16:41,374 - INFO - JOUEUR: Raquette gauche déplacée de 306 à 299
2025-05-03 17:16:41,374 - INFO - IA: Raquette droite déplacée de 152 à 145
2025-05-03 17:16:41,392 - INFO - JOUEUR: Raquette gauche déplacée de 299 à 292
2025-05-03 17:16:41,392 - INFO - IA: Raquette droite déplacée de 145 à 138
2025-05-03 17:16:41,409 - INFO - JOUEUR: Raquette gauche déplacée de 292 à 285
2025-05-03 17:16:41,409 - INFO - IA: Raquette droite déplacée de 138 à 131
2025-05-03 17:16:41,426 - INFO - JOUEUR: Raquette gauche déplacée de 285 à 278
2025-05-03 17:16:41,426 - INFO - IA: Raquette droite déplacée de 131 à 124
2025-05-03 17:16:41,443 - INFO - JOUEUR: Raquette gauche déplacée de 278 à 271
2025-05-03 17:16:41,443 - INFO - IA: Raquette droite déplacée de 124 à 117
2025-05-03 17:16:41,460 - INFO - JOUEUR: Raquette gauche déplacée de 271 à 264
2025-05-03 17:16:41,461 - INFO - IA: Raquette droite déplacée de 117 à 110
2025-05-03 17:16:41,478 - INFO - JOUEUR: Raquette gauche déplacée de 264 à 257
2025-05-03 17:16:41,478 - INFO - IA: Raquette droite déplacée de 110 à 117
2025-05-03 17:16:41,496 - INFO - JOUEUR: Raquette gauche déplacée de 257 à 250
2025-05-03 17:16:41,497 - INFO - IA: Raquette droite déplacée de 117 à 110
2025-05-03 17:16:41,514 - INFO - JOUEUR: Raquette gauche déplacée de 250 à 243
2025-05-03 17:16:41,515 - INFO - IA: Raquette droite déplacée de 110 à 103
2025-05-03 17:16:41,533 - INFO - JOUEUR: Raquette gauche déplacée de 243 à 236
2025-05-03 17:16:41,533 - INFO - IA: Raquette droite déplacée de 103 à 96
2025-05-03 17:16:41,551 - INFO - INPUT: Joueur relâche les touches directionnelles
2025-05-03 17:16:41,551 - INFO - IA: Raquette droite déplacée de 96 à 89
2025-05-03 17:16:41,568 - INFO - IA: Raquette droite déplacée de 89 à 82
2025-05-03 17:16:41,604 - INFO - IA: Raquette droite déplacée de 82 à 75
2025-05-03 17:16:41,622 - INFO - IA: Raquette droite déplacée de 75 à 68
2025-05-03 17:16:41,639 - INFO - IA: Raquette droite déplacée de 68 à 61
2025-05-03 17:16:41,656 - INFO - IA: Raquette droite déplacée de 61 à 54
2025-05-03 17:16:41,673 - INFO - IA: Raquette droite déplacée de 54 à 47
2025-05-03 17:16:41,690 - INFO - IA: Raquette droite déplacée de 47 à 40
2025-05-03 17:16:41,707 - INFO - IA: Raquette droite déplacée de 40 à 33
2025-05-03 17:16:41,725 - INFO - IA: Raquette droite déplacée de 33 à 40
2025-05-03 17:16:41,743 - INFO - IA: Raquette droite déplacée de 40 à 33
2025-05-03 17:16:41,760 - INFO - IA: Raquette droite déplacée de 33 à 40
2025-05-03 17:16:41,777 - INFO - IA: Raquette droite déplacée de 40 à 33
2025-05-03 17:16:41,795 - INFO - IA: Raquette droite déplacée de 33 à 26
2025-05-03 17:16:41,812 - INFO - IA: Raquette droite déplacée de 26 à 19
2025-05-03 17:16:41,828 - INFO - IA: Raquette droite déplacée de 19 à 12
2025-05-03 17:16:41,845 - INFO - IA: Raquette droite déplacée de 12 à 5
2025-05-03 17:16:41,862 - INFO - IA: Raquette droite déplacée de 5 à 0
2025-05-03 17:16:41,913 - INFO - COLLISION: Balle a rebondi sur un mur à la position (507, -2)
2025-05-03 17:16:41,982 - INFO - IA: Raquette droite déplacée de 0 à 7
2025-05-03 17:16:41,999 - INFO - IA: Raquette droite déplacée de 7 à 0
2025-05-03 17:16:42,051 - INFO - COLLISION: Balle a rebondi sur une raquette à la position (555, 38)
2025-05-03 17:16:42,069 - INFO - IA: Raquette droite déplacée de 0 à 7
2025-05-03 17:16:42,086 - INFO - IA: Raquette droite déplacée de 7 à 14
2025-05-03 17:16:42,102 - INFO - IA: Raquette droite déplacée de 14 à 7
2025-05-03 17:16:42,120 - INFO - IA: Raquette droite déplacée de 7 à 14
2025-05-03 17:16:42,138 - INFO - IA: Raquette droite déplacée de 14 à 21
2025-05-03 17:16:42,154 - INFO - IA: Raquette droite déplacée de 21 à 14
2025-05-03 17:16:42,173 - INFO - IA: Raquette droite déplacée de 14 à 21
2025-05-03 17:16:42,190 - INFO - IA: Raquette droite déplacée de 21 à 14
2025-05-03 17:16:42,206 - INFO - IA: Raquette droite déplacée de 14 à 21
2025-05-03 17:16:42,224 - INFO - IA: Raquette droite déplacée de 21 à 28
2025-05-03 17:16:42,241 - INFO - IA: Raquette droite déplacée de 28 à 35
2025-05-03 17:16:42,258 - INFO - IA: Raquette droite déplacée de 35 à 42
2025-05-03 17:16:42,275 - INFO - IA: Raquette droite déplacée de 42 à 35
2025-05-03 17:16:42,293 - INFO - IA: Raquette droite déplacée de 35 à 42
2025-05-03 17:16:42,311 - INFO - IA: Raquette droite déplacée de 42 à 49
2025-05-03 17:16:42,328 - INFO - IA: Raquette droite déplacée de 49 à 42
2025-05-03 17:16:42,345 - INFO - IA: Raquette droite déplacée de 42 à 49
2025-05-03 17:16:42,363 - INFO - IA: Raquette droite déplacée de 49 à 56
2025-05-03 17:16:42,379 - INFO - IA: Raquette droite déplacée de 56 à 63
2025-05-03 17:16:42,396 - INFO - IA: Raquette droite déplacée de 63 à 70
2025-05-03 17:16:42,413 - INFO - IA: Raquette droite déplacée de 70 à 77
2025-05-03 17:16:42,431 - INFO - IA: Raquette droite déplacée de 77 à 84
2025-05-03 17:16:42,448 - INFO - IA: Raquette droite déplacée de 84 à 91
2025-05-03 17:16:42,465 - INFO - IA: Raquette droite déplacée de 91 à 98
2025-05-03 17:16:42,483 - INFO - IA: Raquette droite déplacée de 98 à 105
2025-05-03 17:16:42,501 - INFO - IA: Raquette droite déplacée de 105 à 112
2025-05-03 17:16:42,519 - INFO - IA: Raquette droite déplacée de 112 à 105
2025-05-03 17:16:42,536 - INFO - IA: Raquette droite déplacée de 105 à 112
2025-05-03 17:16:42,554 - INFO - IA: Raquette droite déplacée de 112 à 119
2025-05-03 17:16:42,571 - INFO - IA: Raquette droite déplacée de 119 à 126
2025-05-03 17:16:42,589 - INFO - IA: Raquette droite déplacée de 126 à 133
2025-05-03 17:16:42,607 - INFO - INPUT: Joueur appuie sur la touche BAS
2025-05-03 17:16:42,607 - INFO - JOUEUR: Raquette gauche déplacée de 236 à 243
2025-05-03 17:16:42,607 - INFO - IA: Raquette droite déplacée de 133 à 140
2025-05-03 17:16:42,625 - INFO - JOUEUR: Raquette gauche déplacée de 243 à 250
2025-05-03 17:16:42,625 - INFO - IA: Raquette droite déplacée de 140 à 147
2025-05-03 17:16:42,642 - INFO - JOUEUR: Raquette gauche déplacée de 250 à 257
2025-05-03 17:16:42,642 - INFO - IA: Raquette droite déplacée de 147 à 140
2025-05-03 17:16:42,659 - INFO - JOUEUR: Raquette gauche déplacée de 257 à 264
2025-05-03 17:16:42,660 - INFO - IA: Raquette droite déplacée de 140 à 147
2025-05-03 17:16:42,677 - INFO - JOUEUR: Raquette gauche déplacée de 264 à 271
2025-05-03 17:16:42,677 - INFO - IA: Raquette droite déplacée de 147 à 154
2025-05-03 17:16:42,693 - INFO - JOUEUR: Raquette gauche déplacée de 271 à 278
2025-05-03 17:16:42,694 - INFO - IA: Raquette droite déplacée de 154 à 147
2025-05-03 17:16:42,711 - INFO - JOUEUR: Raquette gauche déplacée de 278 à 285
2025-05-03 17:16:42,711 - INFO - IA: Raquette droite déplacée de 147 à 154
2025-05-03 17:16:42,728 - INFO - JOUEUR: Raquette gauche déplacée de 285 à 292
2025-05-03 17:16:42,728 - INFO - IA: Raquette droite déplacée de 154 à 161
2025-05-03 17:16:42,745 - INFO - JOUEUR: Raquette gauche déplacée de 292 à 299
2025-05-03 17:16:42,745 - INFO - IA: Raquette droite déplacée de 161 à 168
2025-05-03 17:16:42,764 - INFO - INPUT: Joueur relâche les touches directionnelles
2025-05-03 17:16:42,764 - INFO - IA: Raquette droite déplacée de 168 à 175
2025-05-03 17:16:42,782 - INFO - IA: Raquette droite déplacée de 175 à 182
2025-05-03 17:16:42,800 - INFO - IA: Raquette droite déplacée de 182 à 189
2025-05-03 17:16:42,818 - INFO - IA: Raquette droite déplacée de 189 à 196
2025-05-03 17:16:42,836 - INFO - IA: Raquette droite déplacée de 196 à 203
2025-05-03 17:16:42,853 - INFO - IA: Raquette droite déplacée de 203 à 210
2025-05-03 17:16:42,870 - INFO - IA: Raquette droite déplacée de 210 à 217
2025-05-03 17:16:42,888 - INFO - IA: Raquette droite déplacée de 217 à 210
2025-05-03 17:16:42,905 - INFO - IA: Raquette droite déplacée de 210 à 217
2025-05-03 17:16:42,922 - INFO - IA: Raquette droite déplacée de 217 à 224
2025-05-03 17:16:42,939 - INFO - IA: Raquette droite déplacée de 224 à 231
2025-05-03 17:16:42,955 - INFO - IA: Raquette droite déplacée de 231 à 238
2025-05-03 17:16:42,973 - INFO - IA: Raquette droite déplacée de 238 à 245
2025-05-03 17:16:42,990 - INFO - IA: Raquette droite déplacée de 245 à 252
2025-05-03 17:16:43,007 - INFO - IA: Raquette droite déplacée de 252 à 259
2025-05-03 17:16:43,025 - INFO - IA: Raquette droite déplacée de 259 à 252
2025-05-03 17:16:43,060 - INFO - IA: Raquette droite déplacée de 252 à 259
2025-05-03 17:16:43,077 - INFO - IA: Raquette droite déplacée de 259 à 266
2025-05-03 17:16:43,094 - INFO - IA: Raquette droite déplacée de 266 à 273
2025-05-03 17:16:43,111 - INFO - IA: Raquette droite déplacée de 273 à 280
2025-05-03 17:16:43,127 - INFO - IA: Raquette droite déplacée de 280 à 287
2025-05-03 17:16:43,144 - INFO - IA: Raquette droite déplacée de 287 à 294
2025-05-03 17:16:43,162 - INFO - IA: Raquette droite déplacée de 294 à 301
2025-05-03 17:16:43,179 - INFO - IA: Raquette droite déplacée de 301 à 294
2025-05-03 17:16:43,196 - INFO - IA: Raquette droite déplacée de 294 à 301
2025-05-03 17:16:43,214 - INFO - IA: Raquette droite déplacée de 301 à 308
2025-05-03 17:16:43,231 - INFO - IA: Raquette droite déplacée de 308 à 315
2025-05-03 17:16:43,249 - INFO - IA: Raquette droite déplacée de 315 à 322
2025-05-03 17:16:43,266 - INFO - IA: Raquette droite déplacée de 322 à 329
2025-05-03 17:16:43,283 - INFO - IA: Raquette droite déplacée de 329 à 336
2025-05-03 17:16:43,301 - INFO - IA: Raquette droite déplacée de 336 à 343
2025-05-03 17:16:43,318 - INFO - IA: Raquette droite déplacée de 343 à 350
2025-05-03 17:16:43,337 - INFO - IA: Raquette droite déplacée de 350 à 357
2025-05-03 17:16:43,356 - INFO - INPUT: Joueur appuie sur la touche BAS
2025-05-03 17:16:43,357 - INFO - JOUEUR: Raquette gauche déplacée de 299 à 306
2025-05-03 17:16:43,357 - INFO - IA: Raquette droite déplacée de 357 à 364
2025-05-03 17:16:43,374 - INFO - JOUEUR: Raquette gauche déplacée de 306 à 313
2025-05-03 17:16:43,375 - INFO - IA: Raquette droite déplacée de 364 à 371
2025-05-03 17:16:43,392 - INFO - JOUEUR: Raquette gauche déplacée de 313 à 320
2025-05-03 17:16:43,392 - INFO - IA: Raquette droite déplacée de 371 à 378
2025-05-03 17:16:43,409 - INFO - JOUEUR: Raquette gauche déplacée de 320 à 327
2025-05-03 17:16:43,410 - INFO - IA: Raquette droite déplacée de 378 à 385
2025-05-03 17:16:43,427 - INFO - JOUEUR: Raquette gauche déplacée de 327 à 334
2025-05-03 17:16:43,427 - INFO - IA: Raquette droite déplacée de 385 à 378
2025-05-03 17:16:43,444 - INFO - JOUEUR: Raquette gauche déplacée de 334 à 341
2025-05-03 17:16:43,444 - INFO - IA: Raquette droite déplacée de 378 à 385
2025-05-03 17:16:43,444 - INFO - POINT: Joueur droite (IA) marque un point! Score: 0-18
2025-05-03 17:16:43,461 - INFO - JOUEUR: Raquette gauche déplacée de 341 à 348
2025-05-03 17:16:43,461 - INFO - IA: Raquette droite déplacée de 385 à 378
2025-05-03 17:16:43,477 - INFO - JOUEUR: Raquette gauche déplacée de 348 à 355
2025-05-03 17:16:43,478 - INFO - IA: Raquette droite déplacée de 378 à 371
2025-05-03 17:16:43,495 - INFO - JOUEUR: Raquette gauche déplacée de 355 à 362
2025-05-03 17:16:43,495 - INFO - IA: Raquette droite déplacée de 371 à 364
2025-05-03 17:16:43,512 - INFO - INPUT: Joueur relâche les touches directionnelles
2025-05-03 17:16:43,512 - INFO - IA: Raquette droite déplacée de 364 à 357
2025-05-03 17:16:43,530 - INFO - IA: Raquette droite déplacée de 357 à 350
2025-05-03 17:16:43,547 - INFO - IA: Raquette droite déplacée de 350 à 343
2025-05-03 17:16:43,565 - INFO - IA: Raquette droite déplacée de 343 à 336
2025-05-03 17:16:43,583 - INFO - IA: Raquette droite déplacée de 336 à 329
2025-05-03 17:16:43,601 - INFO - IA: Raquette droite déplacée de 329 à 322
2025-05-03 17:16:43,620 - INFO - IA: Raquette droite déplacée de 322 à 315
2025-05-03 17:16:43,638 - INFO - IA: Raquette droite déplacée de 315 à 308
2025-05-03 17:16:43,655 - INFO - IA: Raquette droite déplacée de 308 à 301
2025-05-03 17:16:43,672 - INFO - IA: Raquette droite déplacée de 301 à 294
2025-05-03 17:16:43,689 - INFO - IA: Raquette droite déplacée de 294 à 287
2025-05-03 17:16:43,707 - INFO - IA: Raquette droite déplacée de 287 à 280
2025-05-03 17:16:43,724 - INFO - IA: Raquette droite déplacée de 280 à 287
2025-05-03 17:16:43,741 - INFO - IA: Raquette droite déplacée de 287 à 280
2025-05-03 17:16:43,758 - INFO - IA: Raquette droite déplacée de 280 à 287
2025-05-03 17:16:43,776 - INFO - IA: Raquette droite déplacée de 287 à 280
2025-05-03 17:16:43,794 - INFO - IA: Raquette droite déplacée de 280 à 287
2025-05-03 17:16:43,811 - INFO - IA: Raquette droite déplacée de 287 à 294
2025-05-03 17:16:43,827 - INFO - IA: Raquette droite déplacée de 294 à 287
2025-05-03 17:16:43,844 - INFO - IA: Raquette droite déplacée de 287 à 280
2025-05-03 17:16:43,862 - INFO - IA: Raquette droite déplacée de 280 à 287
2025-05-03 17:16:43,879 - INFO - IA: Raquette droite déplacée de 287 à 294
2025-05-03 17:16:43,897 - INFO - IA: Raquette droite déplacée de 294 à 301
2025-05-03 17:16:43,915 - INFO - IA: Raquette droite déplacée de 301 à 308
2025-05-03 17:16:43,932 - INFO - IA: Raquette droite déplacée de 308 à 315
2025-05-03 17:16:43,949 - INFO - IA: Raquette droite déplacée de 315 à 322
2025-05-03 17:16:43,966 - INFO - IA: Raquette droite déplacée de 322 à 315
2025-05-03 17:16:43,984 - INFO - IA: Raquette droite déplacée de 315 à 322
2025-05-03 17:16:44,001 - INFO - IA: Raquette droite déplacée de 322 à 329
2025-05-03 17:16:44,018 - INFO - IA: Raquette droite déplacée de 329 à 322
2025-05-03 17:16:44,036 - INFO - IA: Raquette droite déplacée de 322 à 329
2025-05-03 17:16:44,054 - INFO - IA: Raquette droite déplacée de 329 à 336
2025-05-03 17:16:44,072 - INFO - IA: Raquette droite déplacée de 336 à 343
2025-05-03 17:16:44,089 - INFO - IA: Raquette droite déplacée de 343 à 350
2025-05-03 17:16:44,106 - INFO - IA: Raquette droite déplacée de 350 à 357
2025-05-03 17:16:44,124 - INFO - IA: Raquette droite déplacée de 357 à 364
2025-05-03 17:16:44,141 - INFO - IA: Raquette droite déplacée de 364 à 371
2025-05-03 17:16:44,159 - INFO - IA: Raquette droite déplacée de 371 à 378
2025-05-03 17:16:44,176 - INFO - IA: Raquette droite déplacée de 378 à 385
2025-05-03 17:16:44,193 - INFO - IA: Raquette droite déplacée de 385 à 390
2025-05-03 17:16:44,260 - INFO - COLLISION: Balle a rebondi sur un mur à la position (528, 468)
2025-05-03 17:16:44,345 - INFO - IA: Raquette droite déplacée de 390 à 383
2025-05-03 17:16:44,346 - INFO - COLLISION: Balle a rebondi sur une raquette à la position (553, 443)
2025-05-03 17:16:44,363 - INFO - IA: Raquette droite déplacée de 383 à 390
2025-05-03 17:16:44,398 - INFO - IA: Raquette droite déplacée de 390 à 383
2025-05-03 17:16:44,417 - INFO - IA: Raquette droite déplacée de 383 à 390
2025-05-03 17:16:44,434 - INFO - IA: Raquette droite déplacée de 390 à 383
2025-05-03 17:16:44,451 - INFO - IA: Raquette droite déplacée de 383 à 376
2025-05-03 17:16:44,468 - INFO - IA: Raquette droite déplacée de 376 à 383
2025-05-03 17:16:44,486 - INFO - IA: Raquette droite déplacée de 383 à 376
2025-05-03 17:16:44,504 - INFO - IA: Raquette droite déplacée de 376 à 369
2025-05-03 17:16:44,522 - INFO - IA: Raquette droite déplacée de 369 à 362
2025-05-03 17:16:44,539 - INFO - IA: Raquette droite déplacée de 362 à 355
2025-05-03 17:16:44,557 - INFO - IA: Raquette droite déplacée de 355 à 348
2025-05-03 17:16:44,574 - INFO - IA: Raquette droite déplacée de 348 à 341
2025-05-03 17:16:44,592 - INFO - IA: Raquette droite déplacée de 341 à 348
2025-05-03 17:16:44,609 - INFO - IA: Raquette droite déplacée de 348 à 355
2025-05-03 17:16:44,627 - INFO - IA: Raquette droite déplacée de 355 à 348
2025-05-03 17:16:44,644 - INFO - IA: Raquette droite déplacée de 348 à 355
2025-05-03 17:16:44,661 - INFO - IA: Raquette droite déplacée de 355 à 348
2025-05-03 17:16:44,679 - INFO - IA: Raquette droite déplacée de 348 à 341
2025-05-03 17:16:44,696 - INFO - IA: Raquette droite déplacée de 341 à 334
2025-05-03 17:16:44,714 - INFO - IA: Raquette droite déplacée de 334 à 327
2025-05-03 17:16:44,732 - INFO - IA: Raquette droite déplacée de 327 à 320
2025-05-03 17:16:44,749 - INFO - IA: Raquette droite déplacée de 320 à 313
2025-05-03 17:16:44,767 - INFO - IA: Raquette droite déplacée de 313 à 306
2025-05-03 17:16:44,784 - INFO - IA: Raquette droite déplacée de 306 à 313
2025-05-03 17:16:44,802 - INFO - IA: Raquette droite déplacée de 313 à 306
2025-05-03 17:16:44,819 - INFO - IA: Raquette droite déplacée de 306 à 299
2025-05-03 17:16:44,836 - INFO - IA: Raquette droite déplacée de 299 à 292
2025-05-03 17:16:44,853 - INFO - IA: Raquette droite déplacée de 292 à 285
2025-05-03 17:16:44,871 - INFO - IA: Raquette droite déplacée de 285 à 278
2025-05-03 17:16:44,888 - INFO - IA: Raquette droite déplacée de 278 à 271
2025-05-03 17:16:44,905 - INFO - IA: Raquette droite déplacée de 271 à 264
2025-05-03 17:16:44,923 - INFO - IA: Raquette droite déplacée de 264 à 257
2025-05-03 17:16:44,941 - INFO - IA: Raquette droite déplacée de 257 à 250
2025-05-03 17:16:44,959 - INFO - IA: Raquette droite déplacée de 250 à 243
2025-05-03 17:16:44,975 - INFO - IA: Raquette droite déplacée de 243 à 250
2025-05-03 17:16:44,993 - INFO - IA: Raquette droite déplacée de 250 à 243
2025-05-03 17:16:45,009 - INFO - IA: Raquette droite déplacée de 243 à 236
2025-05-03 17:16:45,026 - INFO - IA: Raquette droite déplacée de 236 à 229
2025-05-03 17:16:45,043 - INFO - IA: Raquette droite déplacée de 229 à 222
2025-05-03 17:16:45,060 - INFO - IA: Raquette droite déplacée de 222 à 215
2025-05-03 17:16:45,077 - INFO - IA: Raquette droite déplacée de 215 à 208
2025-05-03 17:16:45,095 - INFO - IA: Raquette droite déplacée de 208 à 215
2025-05-03 17:16:45,112 - INFO - IA: Raquette droite déplacée de 215 à 222
2025-05-03 17:16:45,130 - INFO - IA: Raquette droite déplacée de 222 à 215
2025-05-03 17:16:45,146 - INFO - IA: Raquette droite déplacée de 215 à 208
2025-05-03 17:16:45,163 - INFO - IA: Raquette droite déplacée de 208 à 201
2025-05-03 17:16:45,180 - INFO - IA: Raquette droite déplacée de 201 à 194
2025-05-03 17:16:45,197 - INFO - IA: Raquette droite déplacée de 194 à 187
2025-05-03 17:16:45,215 - INFO - IA: Raquette droite déplacée de 187 à 180
2025-05-03 17:16:45,233 - INFO - IA: Raquette droite déplacée de 180 à 173
2025-05-03 17:16:45,250 - INFO - IA: Raquette droite déplacée de 173 à 166
2025-05-03 17:16:45,267 - INFO - IA: Raquette droite déplacée de 166 à 159
2025-05-03 17:16:45,284 - INFO - IA: Raquette droite déplacée de 159 à 152
2025-05-03 17:16:45,302 - INFO - IA: Raquette droite déplacée de 152 à 145
2025-05-03 17:16:45,320 - INFO - IA: Raquette droite déplacée de 145 à 138
2025-05-03 17:16:45,337 - INFO - IA: Raquette droite déplacée de 138 à 131
2025-05-03 17:16:45,356 - INFO - IA: Raquette droite déplacée de 131 à 138
2025-05-03 17:16:45,373 - INFO - IA: Raquette droite déplacée de 138 à 131
2025-05-03 17:16:45,390 - INFO - IA: Raquette droite déplacée de 131 à 124
2025-05-03 17:16:45,408 - INFO - IA: Raquette droite déplacée de 124 à 117
2025-05-03 17:16:45,426 - INFO - IA: Raquette droite déplacée de 117 à 110
2025-05-03 17:16:45,444 - INFO - IA: Raquette droite déplacée de 110 à 103
2025-05-03 17:16:45,461 - INFO - IA: Raquette droite déplacée de 103 à 96
2025-05-03 17:16:45,479 - INFO - IA: Raquette droite déplacée de 96 à 89
2025-05-03 17:16:45,496 - INFO - IA: Raquette droite déplacée de 89 à 82
2025-05-03 17:16:45,514 - INFO - IA: Raquette droite déplacée de 82 à 75
2025-05-03 17:16:45,532 - INFO - IA: Raquette droite déplacée de 75 à 82
2025-05-03 17:16:45,549 - INFO - IA: Raquette droite déplacée de 82 à 75
2025-05-03 17:16:45,567 - INFO - IA: Raquette droite déplacée de 75 à 68
2025-05-03 17:16:45,585 - INFO - IA: Raquette droite déplacée de 68 à 61
2025-05-03 17:16:45,602 - INFO - IA: Raquette droite déplacée de 61 à 54
2025-05-03 17:16:45,619 - INFO - IA: Raquette droite déplacée de 54 à 47
2025-05-03 17:16:45,636 - INFO - IA: Raquette droite déplacée de 47 à 54
2025-05-03 17:16:45,653 - INFO - IA: Raquette droite déplacée de 54 à 61
2025-05-03 17:16:45,670 - INFO - IA: Raquette droite déplacée de 61 à 54
2025-05-03 17:16:45,688 - INFO - IA: Raquette droite déplacée de 54 à 47
2025-05-03 17:16:45,705 - INFO - IA: Raquette droite déplacée de 47 à 40
2025-05-03 17:16:45,723 - INFO - IA: Raquette droite déplacée de 40 à 33
2025-05-03 17:16:45,740 - INFO - IA: Raquette droite déplacée de 33 à 26
2025-05-03 17:16:45,757 - INFO - IA: Raquette droite déplacée de 26 à 19
2025-05-03 17:16:45,774 - INFO - IA: Raquette droite déplacée de 19 à 12
2025-05-03 17:16:45,791 - INFO - IA: Raquette droite déplacée de 12 à 19
2025-05-03 17:16:45,808 - INFO - IA: Raquette droite déplacée de 19 à 12
2025-05-03 17:16:45,825 - INFO - IA: Raquette droite déplacée de 12 à 5
2025-05-03 17:16:45,843 - INFO - IA: Raquette droite déplacée de 5 à 0
2025-05-03 17:16:45,896 - INFO - COLLISION: Balle a rebondi sur un mur à la position (108, -2)
2025-05-03 17:16:46,017 - INFO - IA: Raquette droite déplacée de 0 à 7
2025-05-03 17:16:46,034 - INFO - IA: Raquette droite déplacée de 7 à 14
2025-05-03 17:16:46,052 - INFO - IA: Raquette droite déplacée de 14 à 7
2025-05-03 17:16:46,069 - INFO - IA: Raquette droite déplacée de 7 à 0
2025-05-03 17:16:46,102 - INFO - IA: Raquette droite déplacée de 0 à 7
2025-05-03 17:16:46,119 - INFO - IA: Raquette droite déplacée de 7 à 0
2025-05-03 17:16:46,136 - INFO - IA: Raquette droite déplacée de 0 à 7
2025-05-03 17:16:46,154 - INFO - IA: Raquette droite déplacée de 7 à 14
2025-05-03 17:16:46,170 - INFO - IA: Raquette droite déplacée de 14 à 21
2025-05-03 17:16:46,188 - INFO - IA: Raquette droite déplacée de 21 à 14
2025-05-03 17:16:46,206 - INFO - IA: Raquette droite déplacée de 14 à 21
2025-05-03 17:16:46,223 - INFO - IA: Raquette droite déplacée de 21 à 28
2025-05-03 17:16:46,240 - INFO - IA: Raquette droite déplacée de 28 à 35
2025-05-03 17:16:46,258 - INFO - IA: Raquette droite déplacée de 35 à 42
2025-05-03 17:16:46,276 - INFO - IA: Raquette droite déplacée de 42 à 49
2025-05-03 17:16:46,276 - INFO - POINT: Joueur droite (IA) marque un point! Score: 0-19
2025-05-03 17:16:46,293 - INFO - IA: Raquette droite déplacée de 49 à 56
2025-05-03 17:16:46,310 - INFO - IA: Raquette droite déplacée de 56 à 63
2025-05-03 17:16:46,328 - INFO - IA: Raquette droite déplacée de 63 à 70
2025-05-03 17:16:46,345 - INFO - IA: Raquette droite déplacée de 70 à 77
2025-05-03 17:16:46,362 - INFO - IA: Raquette droite déplacée de 77 à 84
2025-05-03 17:16:46,380 - INFO - IA: Raquette droite déplacée de 84 à 91
2025-05-03 17:16:46,397 - INFO - IA: Raquette droite déplacée de 91 à 98
2025-05-03 17:16:46,415 - INFO - IA: Raquette droite déplacée de 98 à 105
2025-05-03 17:16:46,433 - INFO - IA: Raquette droite déplacée de 105 à 112
2025-05-03 17:16:46,450 - INFO - IA: Raquette droite déplacée de 112 à 119
2025-05-03 17:16:46,468 - INFO - IA: Raquette droite déplacée de 119 à 126
2025-05-03 17:16:46,486 - INFO - IA: Raquette droite déplacée de 126 à 133
2025-05-03 17:16:46,505 - INFO - IA: Raquette droite déplacée de 133 à 140
2025-05-03 17:16:46,523 - INFO - IA: Raquette droite déplacée de 140 à 147
2025-05-03 17:16:46,542 - INFO - IA: Raquette droite déplacée de 147 à 154
2025-05-03 17:16:46,559 - INFO - IA: Raquette droite déplacée de 154 à 161
2025-05-03 17:16:46,579 - INFO - IA: Raquette droite déplacée de 161 à 168
2025-05-03 17:16:46,597 - INFO - IA: Raquette droite déplacée de 168 à 175
2025-05-03 17:16:46,615 - INFO - IA: Raquette droite déplacée de 175 à 182
2025-05-03 17:16:46,632 - INFO - IA: Raquette droite déplacée de 182 à 189
2025-05-03 17:16:46,649 - INFO - IA: Raquette droite déplacée de 189 à 196
2025-05-03 17:16:46,667 - INFO - IA: Raquette droite déplacée de 196 à 203
2025-05-03 17:16:46,685 - INFO - IA: Raquette droite déplacée de 203 à 210
2025-05-03 17:16:46,703 - INFO - IA: Raquette droite déplacée de 210 à 217
2025-05-03 17:16:46,720 - INFO - IA: Raquette droite déplacée de 217 à 224
2025-05-03 17:16:46,737 - INFO - IA: Raquette droite déplacée de 224 à 231
2025-05-03 17:16:46,754 - INFO - IA: Raquette droite déplacée de 231 à 238
2025-05-03 17:16:46,773 - INFO - IA: Raquette droite déplacée de 238 à 245
2025-05-03 17:16:46,790 - INFO - IA: Raquette droite déplacée de 245 à 252
2025-05-03 17:16:46,807 - INFO - IA: Raquette droite déplacée de 252 à 259
2025-05-03 17:16:46,824 - INFO - IA: Raquette droite déplacée de 259 à 266
2025-05-03 17:16:46,841 - INFO - IA: Raquette droite déplacée de 266 à 273
2025-05-03 17:16:46,858 - INFO - IA: Raquette droite déplacée de 273 à 280
2025-05-03 17:16:46,875 - INFO - IA: Raquette droite déplacée de 280 à 287
2025-05-03 17:16:46,892 - INFO - IA: Raquette droite déplacée de 287 à 294
2025-05-03 17:16:46,909 - INFO - IA: Raquette droite déplacée de 294 à 301
2025-05-03 17:16:46,926 - INFO - IA: Raquette droite déplacée de 301 à 308
2025-05-03 17:16:46,944 - INFO - IA: Raquette droite déplacée de 308 à 315
2025-05-03 17:16:46,961 - INFO - IA: Raquette droite déplacée de 315 à 322
2025-05-03 17:16:46,979 - INFO - IA: Raquette droite déplacée de 322 à 329
2025-05-03 17:16:46,996 - INFO - IA: Raquette droite déplacée de 329 à 336
2025-05-03 17:16:47,014 - INFO - IA: Raquette droite déplacée de 336 à 343
2025-05-03 17:16:47,036 - INFO - IA: Raquette droite déplacée de 343 à 350
2025-05-03 17:16:47,054 - INFO - IA: Raquette droite déplacée de 350 à 357
2025-05-03 17:16:47,072 - INFO - IA: Raquette droite déplacée de 357 à 364
2025-05-03 17:16:47,090 - INFO - IA: Raquette droite déplacée de 364 à 371
2025-05-03 17:16:47,107 - INFO - IA: Raquette droite déplacée de 371 à 378
2025-05-03 17:16:47,107 - INFO - COLLISION: Balle a rebondi sur un mur à la position (528, 468)
2025-05-03 17:16:47,124 - INFO - IA: Raquette droite déplacée de 378 à 385
2025-05-03 17:16:47,142 - INFO - IA: Raquette droite déplacée de 385 à 390
2025-05-03 17:16:47,193 - INFO - COLLISION: Balle a rebondi sur une raquette à la position (553, 443)
2025-05-03 17:16:47,244 - INFO - IA: Raquette droite déplacée de 390 à 383
2025-05-03 17:16:47,261 - INFO - IA: Raquette droite déplacée de 383 à 376
2025-05-03 17:16:47,280 - INFO - IA: Raquette droite déplacée de 376 à 369
2025-05-03 17:16:47,300 - INFO - IA: Raquette droite déplacée de 369 à 376
2025-05-03 17:16:47,318 - INFO - IA: Raquette droite déplacée de 376 à 369
2025-05-03 17:16:47,334 - INFO - IA: Raquette droite déplacée de 369 à 376
2025-05-03 17:16:47,352 - INFO - IA: Raquette droite déplacée de 376 à 369
2025-05-03 17:16:47,369 - INFO - IA: Raquette droite déplacée de 369 à 362
2025-05-03 17:16:47,386 - INFO - IA: Raquette droite déplacée de 362 à 355
2025-05-03 17:16:47,404 - INFO - IA: Raquette droite déplacée de 355 à 362
2025-05-03 17:16:47,422 - INFO - IA: Raquette droite déplacée de 362 à 355
2025-05-03 17:16:47,439 - INFO - IA: Raquette droite déplacée de 355 à 348
2025-05-03 17:16:47,457 - INFO - IA: Raquette droite déplacée de 348 à 341
2025-05-03 17:16:47,474 - INFO - IA: Raquette droite déplacée de 341 à 348
2025-05-03 17:16:47,492 - INFO - IA: Raquette droite déplacée de 348 à 341
2025-05-03 17:16:47,509 - INFO - IA: Raquette droite déplacée de 341 à 334
2025-05-03 17:16:47,528 - INFO - IA: Raquette droite déplacée de 334 à 327
2025-05-03 17:16:47,545 - INFO - IA: Raquette droite déplacée de 327 à 320
2025-05-03 17:16:47,564 - INFO - IA: Raquette droite déplacée de 320 à 313
2025-05-03 17:16:47,582 - INFO - IA: Raquette droite déplacée de 313 à 306
2025-05-03 17:16:47,601 - INFO - IA: Raquette droite déplacée de 306 à 299
2025-05-03 17:16:47,619 - INFO - IA: Raquette droite déplacée de 299 à 306
2025-05-03 17:16:47,636 - INFO - IA: Raquette droite déplacée de 306 à 299
2025-05-03 17:16:47,653 - INFO - IA: Raquette droite déplacée de 299 à 292
2025-05-03 17:16:47,671 - INFO - IA: Raquette droite déplacée de 292 à 285
2025-05-03 17:16:47,688 - INFO - IA: Raquette droite déplacée de 285 à 292
2025-05-03 17:16:47,705 - INFO - IA: Raquette droite déplacée de 292 à 285
2025-05-03 17:16:47,722 - INFO - IA: Raquette droite déplacée de 285 à 278
2025-05-03 17:16:47,739 - INFO - IA: Raquette droite déplacée de 278 à 271
2025-05-03 17:16:47,757 - INFO - IA: Raquette droite déplacée de 271 à 264
2025-05-03 17:16:47,775 - INFO - IA: Raquette droite déplacée de 264 à 257
2025-05-03 17:16:47,792 - INFO - IA: Raquette droite déplacée de 257 à 250
2025-05-03 17:16:47,811 - INFO - IA: Raquette droite déplacée de 250 à 243
2025-05-03 17:16:47,829 - INFO - IA: Raquette droite déplacée de 243 à 250
2025-05-03 17:16:47,848 - INFO - IA: Raquette droite déplacée de 250 à 243
2025-05-03 17:16:47,866 - INFO - IA: Raquette droite déplacée de 243 à 236
2025-05-03 17:16:47,884 - INFO - IA: Raquette droite déplacée de 236 à 229
2025-05-03 17:16:47,901 - INFO - IA: Raquette droite déplacée de 229 à 222
2025-05-03 17:16:47,919 - INFO - IA: Raquette droite déplacée de 222 à 215
2025-05-03 17:16:47,937 - INFO - IA: Raquette droite déplacée de 215 à 208
2025-05-03 17:16:47,954 - INFO - IA: Raquette droite déplacée de 208 à 201
2025-05-03 17:16:47,971 - INFO - IA: Raquette droite déplacée de 201 à 208
2025-05-03 17:16:47,988 - INFO - IA: Raquette droite déplacée de 208 à 215
2025-05-03 17:16:48,005 - INFO - IA: Raquette droite déplacée de 215 à 208
2025-05-03 17:16:48,023 - INFO - IA: Raquette droite déplacée de 208 à 201
2025-05-03 17:16:48,040 - INFO - IA: Raquette droite déplacée de 201 à 194
2025-05-03 17:16:48,075 - INFO - IA: Raquette droite déplacée de 194 à 187
2025-05-03 17:16:48,093 - INFO - IA: Raquette droite déplacée de 187 à 180
2025-05-03 17:16:48,110 - INFO - IA: Raquette droite déplacée de 180 à 173
2025-05-03 17:16:48,128 - INFO - IA: Raquette droite déplacée de 173 à 166
2025-05-03 17:16:48,145 - INFO - IA: Raquette droite déplacée de 166 à 159
2025-05-03 17:16:48,163 - INFO - IA: Raquette droite déplacée de 159 à 152
2025-05-03 17:16:48,181 - INFO - IA: Raquette droite déplacée de 152 à 145
2025-05-03 17:16:48,198 - INFO - IA: Raquette droite déplacée de 145 à 138
2025-05-03 17:16:48,216 - INFO - IA: Raquette droite déplacée de 138 à 131
2025-05-03 17:16:48,234 - INFO - IA: Raquette droite déplacée de 131 à 138
2025-05-03 17:16:48,251 - INFO - IA: Raquette droite déplacée de 138 à 131
2025-05-03 17:16:48,268 - INFO - IA: Raquette droite déplacée de 131 à 124
2025-05-03 17:16:48,285 - INFO - IA: Raquette droite déplacée de 124 à 117
2025-05-03 17:16:48,302 - INFO - IA: Raquette droite déplacée de 117 à 110
2025-05-03 17:16:48,319 - INFO - IA: Raquette droite déplacée de 110 à 103
2025-05-03 17:16:48,336 - INFO - IA: Raquette droite déplacée de 103 à 96
2025-05-03 17:16:48,354 - INFO - IA: Raquette droite déplacée de 96 à 89
2025-05-03 17:16:48,372 - INFO - IA: Raquette droite déplacée de 89 à 82
2025-05-03 17:16:48,388 - INFO - IA: Raquette droite déplacée de 82 à 75
2025-05-03 17:16:48,406 - INFO - IA: Raquette droite déplacée de 75 à 68
2025-05-03 17:16:48,424 - INFO - IA: Raquette droite déplacée de 68 à 75
2025-05-03 17:16:48,441 - INFO - IA: Raquette droite déplacée de 75 à 68
2025-05-03 17:16:48,459 - INFO - IA: Raquette droite déplacée de 68 à 61
2025-05-03 17:16:48,477 - INFO - IA: Raquette droite déplacée de 61 à 54
2025-05-03 17:16:48,495 - INFO - IA: Raquette droite déplacée de 54 à 47
2025-05-03 17:16:48,513 - INFO - IA: Raquette droite déplacée de 47 à 40
2025-05-03 17:16:48,531 - INFO - IA: Raquette droite déplacée de 40 à 47
2025-05-03 17:16:48,549 - INFO - IA: Raquette droite déplacée de 47 à 40
2025-05-03 17:16:48,566 - INFO - IA: Raquette droite déplacée de 40 à 33
2025-05-03 17:16:48,584 - INFO - IA: Raquette droite déplacée de 33 à 26
2025-05-03 17:16:48,601 - INFO - IA: Raquette droite déplacée de 26 à 19
2025-05-03 17:16:48,619 - INFO - IA: Raquette droite déplacée de 19 à 26
2025-05-03 17:16:48,637 - INFO - IA: Raquette droite déplacée de 26 à 19
2025-05-03 17:16:48,654 - INFO - IA: Raquette droite déplacée de 19 à 12
2025-05-03 17:16:48,672 - INFO - IA: Raquette droite déplacée de 12 à 5
2025-05-03 17:16:48,689 - INFO - IA: Raquette droite déplacée de 5 à 0
2025-05-03 17:16:48,757 - INFO - COLLISION: Balle a rebondi sur un mur à la position (108, -2)
2025-05-03 17:16:48,897 - INFO - IA: Raquette droite déplacée de 0 à 7
2025-05-03 17:16:48,914 - INFO - IA: Raquette droite déplacée de 7 à 0
2025-05-03 17:16:48,966 - INFO - IA: Raquette droite déplacée de 0 à 7
2025-05-03 17:16:48,983 - INFO - IA: Raquette droite déplacée de 7 à 14
2025-05-03 17:16:49,000 - INFO - IA: Raquette droite déplacée de 14 à 7
2025-05-03 17:16:49,018 - INFO - IA: Raquette droite déplacée de 7 à 0
2025-05-03 17:16:49,035 - INFO - IA: Raquette droite déplacée de 0 à 7
2025-05-03 17:16:49,052 - INFO - IA: Raquette droite déplacée de 7 à 14
2025-05-03 17:16:49,070 - INFO - IA: Raquette droite déplacée de 14 à 21
2025-05-03 17:16:49,087 - INFO - IA: Raquette droite déplacée de 21 à 28
2025-05-03 17:16:49,104 - INFO - IA: Raquette droite déplacée de 28 à 35
2025-05-03 17:16:49,122 - INFO - IA: Raquette droite déplacée de 35 à 42
2025-05-03 17:16:49,139 - INFO - IA: Raquette droite déplacée de 42 à 49
2025-05-03 17:16:49,139 - INFO - POINT: Joueur droite (IA) marque un point! Score: 0-20
2025-05-03 17:16:49,156 - INFO - IA: Raquette droite déplacée de 49 à 56
2025-05-03 17:16:49,173 - INFO - IA: Raquette droite déplacée de 56 à 63
2025-05-03 17:16:49,190 - INFO - IA: Raquette droite déplacée de 63 à 70
2025-05-03 17:16:49,207 - INFO - IA: Raquette droite déplacée de 70 à 77
2025-05-03 17:16:49,225 - INFO - IA: Raquette droite déplacée de 77 à 84
2025-05-03 17:16:49,243 - INFO - IA: Raquette droite déplacée de 84 à 91
2025-05-03 17:16:49,260 - INFO - IA: Raquette droite déplacée de 91 à 98
2025-05-03 17:16:49,278 - INFO - IA: Raquette droite déplacée de 98 à 105
2025-05-03 17:16:49,295 - INFO - IA: Raquette droite déplacée de 105 à 112
2025-05-03 17:16:49,312 - INFO - IA: Raquette droite déplacée de 112 à 119
2025-05-03 17:16:49,329 - INFO - IA: Raquette droite déplacée de 119 à 112
2025-05-03 17:16:49,347 - INFO - IA: Raquette droite déplacée de 112 à 119
2025-05-03 17:16:49,365 - INFO - IA: Raquette droite déplacée de 119 à 126
2025-05-03 17:16:49,383 - INFO - IA: Raquette droite déplacée de 126 à 133
2025-05-03 17:16:49,400 - INFO - IA: Raquette droite déplacée de 133 à 140
2025-05-03 17:16:49,418 - INFO - IA: Raquette droite déplacée de 140 à 147
2025-05-03 17:16:49,435 - INFO - IA: Raquette droite déplacée de 147 à 140
2025-05-03 17:16:49,452 - INFO - IA: Raquette droite déplacée de 140 à 133
2025-05-03 17:16:49,469 - INFO - IA: Raquette droite déplacée de 133 à 126
2025-05-03 17:16:49,486 - INFO - IA: Raquette droite déplacée de 126 à 119
2025-05-03 17:16:49,504 - INFO - IA: Raquette droite déplacée de 119 à 112
2025-05-03 17:16:49,521 - INFO - IA: Raquette droite déplacée de 112 à 105
2025-05-03 17:16:49,539 - INFO - IA: Raquette droite déplacée de 105 à 98
2025-05-03 17:16:49,556 - INFO - IA: Raquette droite déplacée de 98 à 91
2025-05-03 17:16:49,574 - INFO - IA: Raquette droite déplacée de 91 à 84
2025-05-03 17:16:49,591 - INFO - IA: Raquette droite déplacée de 84 à 77
2025-05-03 17:16:49,608 - INFO - IA: Raquette droite déplacée de 77 à 70
2025-05-03 17:16:49,627 - INFO - IA: Raquette droite déplacée de 70 à 77
2025-05-03 17:16:49,645 - INFO - IA: Raquette droite déplacée de 77 à 70
2025-05-03 17:16:49,663 - INFO - IA: Raquette droite déplacée de 70 à 63
2025-05-03 17:16:49,681 - INFO - IA: Raquette droite déplacée de 63 à 56
2025-05-03 17:16:49,698 - INFO - IA: Raquette droite déplacée de 56 à 49
2025-05-03 17:16:49,715 - INFO - IA: Raquette droite déplacée de 49 à 42
2025-05-03 17:16:49,732 - INFO - IA: Raquette droite déplacée de 42 à 35
2025-05-03 17:16:49,749 - INFO - IA: Raquette droite déplacée de 35 à 28
2025-05-03 17:16:49,765 - INFO - IA: Raquette droite déplacée de 28 à 35
2025-05-03 17:16:49,783 - INFO - IA: Raquette droite déplacée de 35 à 28
2025-05-03 17:16:49,800 - INFO - IA: Raquette droite déplacée de 28 à 21
2025-05-03 17:16:49,818 - INFO - IA: Raquette droite déplacée de 21 à 14
2025-05-03 17:16:49,835 - INFO - IA: Raquette droite déplacée de 14 à 21
2025-05-03 17:16:49,852 - INFO - IA: Raquette droite déplacée de 21 à 14
2025-05-03 17:16:49,870 - INFO - IA: Raquette droite déplacée de 14 à 7
2025-05-03 17:16:49,887 - INFO - IA: Raquette droite déplacée de 7 à 0
2025-05-03 17:16:49,957 - INFO - COLLISION: Balle a rebondi sur un mur à la position (58, -2)
2025-05-03 17:16:50,044 - INFO - IA: Raquette droite déplacée de 0 à 7
2025-05-03 17:16:50,061 - INFO - IA: Raquette droite déplacée de 7 à 0
2025-05-03 17:16:50,079 - INFO - IA: Raquette droite déplacée de 0 à 7
2025-05-03 17:16:50,096 - INFO - IA: Raquette droite déplacée de 7 à 0
2025-05-03 17:16:50,114 - INFO - IA: Raquette droite déplacée de 0 à 7
2025-05-03 17:16:50,131 - INFO - IA: Raquette droite déplacée de 7 à 14
2025-05-03 17:16:50,148 - INFO - IA: Raquette droite déplacée de 14 à 7
2025-05-03 17:16:50,166 - INFO - IA: Raquette droite déplacée de 7 à 0
2025-05-03 17:16:50,167 - INFO - POINT: Joueur droite (IA) marque un point! Score: 0-21
2025-05-03 17:16:50,185 - INFO - IA: Raquette droite déplacée de 0 à 7
2025-05-03 17:16:50,202 - INFO - IA: Raquette droite déplacée de 7 à 14
2025-05-03 17:16:50,219 - INFO - IA: Raquette droite déplacée de 14 à 21
2025-05-03 17:16:50,235 - INFO - IA: Raquette droite déplacée de 21 à 28
2025-05-03 17:16:50,253 - INFO - IA: Raquette droite déplacée de 28 à 35
2025-05-03 17:16:50,270 - INFO - IA: Raquette droite déplacée de 35 à 42
2025-05-03 17:16:50,288 - INFO - IA: Raquette droite déplacée de 42 à 49
2025-05-03 17:16:50,305 - INFO - IA: Raquette droite déplacée de 49 à 56
2025-05-03 17:16:50,323 - INFO - IA: Raquette droite déplacée de 56 à 63
2025-05-03 17:16:50,340 - INFO - IA: Raquette droite déplacée de 63 à 70
2025-05-03 17:16:50,358 - INFO - IA: Raquette droite déplacée de 70 à 77
2025-05-03 17:16:50,375 - INFO - IA: Raquette droite déplacée de 77 à 84
2025-05-03 17:16:50,392 - INFO - IA: Raquette droite déplacée de 84 à 91
2025-05-03 17:16:50,412 - INFO - IA: Raquette droite déplacée de 91 à 98
2025-05-03 17:16:50,430 - INFO - IA: Raquette droite déplacée de 98 à 105
2025-05-03 17:16:50,448 - INFO - IA: Raquette droite déplacée de 105 à 112
2025-05-03 17:16:50,466 - INFO - IA: Raquette droite déplacée de 112 à 119
2025-05-03 17:16:50,483 - INFO - IA: Raquette droite déplacée de 119 à 126
2025-05-03 17:16:50,499 - INFO - IA: Raquette droite déplacée de 126 à 133
2025-05-03 17:16:50,517 - INFO - IA: Raquette droite déplacée de 133 à 140
2025-05-03 17:16:50,535 - INFO - IA: Raquette droite déplacée de 140 à 147
2025-05-03 17:16:50,552 - INFO - IA: Raquette droite déplacée de 147 à 154
2025-05-03 17:16:50,569 - INFO - IA: Raquette droite déplacée de 154 à 161
2025-05-03 17:16:50,587 - INFO - IA: Raquette droite déplacée de 161 à 168
2025-05-03 17:16:50,604 - INFO - IA: Raquette droite déplacée de 168 à 175
2025-05-03 17:16:50,621 - INFO - IA: Raquette droite déplacée de 175 à 182
2025-05-03 17:16:50,637 - INFO - IA: Raquette droite déplacée de 182 à 189
2025-05-03 17:16:50,655 - INFO - IA: Raquette droite déplacée de 189 à 196
2025-05-03 17:16:50,673 - INFO - IA: Raquette droite déplacée de 196 à 203
2025-05-03 17:16:50,691 - INFO - IA: Raquette droite déplacée de 203 à 210
2025-05-03 17:16:50,708 - INFO - IA: Raquette droite déplacée de 210 à 217
2025-05-03 17:16:50,725 - INFO - IA: Raquette droite déplacée de 217 à 224
2025-05-03 17:16:50,742 - INFO - IA: Raquette droite déplacée de 224 à 231
2025-05-03 17:16:50,759 - INFO - IA: Raquette droite déplacée de 231 à 238
2025-05-03 17:16:50,776 - INFO - IA: Raquette droite déplacée de 238 à 245
2025-05-03 17:16:50,794 - INFO - IA: Raquette droite déplacée de 245 à 252
2025-05-03 17:16:50,813 - INFO - IA: Raquette droite déplacée de 252 à 259
2025-05-03 17:16:50,830 - INFO - IA: Raquette droite déplacée de 259 à 266
2025-05-03 17:16:50,847 - INFO - IA: Raquette droite déplacée de 266 à 273
2025-05-03 17:16:50,864 - INFO - IA: Raquette droite déplacée de 273 à 280
2025-05-03 17:16:50,881 - INFO - IA: Raquette droite déplacée de 280 à 287
2025-05-03 17:16:50,898 - INFO - IA: Raquette droite déplacée de 287 à 294
2025-05-03 17:16:50,915 - INFO - IA: Raquette droite déplacée de 294 à 301
2025-05-03 17:16:50,932 - INFO - IA: Raquette droite déplacée de 301 à 308
2025-05-03 17:16:50,950 - INFO - IA: Raquette droite déplacée de 308 à 315
2025-05-03 17:16:50,968 - INFO - IA: Raquette droite déplacée de 315 à 322
2025-05-03 17:16:50,985 - INFO - IA: Raquette droite déplacée de 322 à 329
2025-05-03 17:16:50,985 - INFO - COLLISION: Balle a rebondi sur un mur à la position (528, 468)
2025-05-03 17:16:51,002 - INFO - IA: Raquette droite déplacée de 329 à 336
2025-05-03 17:16:51,019 - INFO - IA: Raquette droite déplacée de 336 à 343
2025-05-03 17:16:51,037 - INFO - IA: Raquette droite déplacée de 343 à 350
2025-05-03 17:16:51,054 - INFO - IA: Raquette droite déplacée de 350 à 357
2025-05-03 17:16:51,070 - INFO - IA: Raquette droite déplacée de 357 à 364
2025-05-03 17:16:51,070 - INFO - COLLISION: Balle a rebondi sur une raquette à la position (553, 443)
2025-05-03 17:16:51,087 - INFO - IA: Raquette droite déplacée de 364 à 371
2025-05-03 17:16:51,104 - INFO - IA: Raquette droite déplacée de 371 à 378
2025-05-03 17:16:51,122 - INFO - IA: Raquette droite déplacée de 378 à 385
2025-05-03 17:16:51,139 - INFO - IA: Raquette droite déplacée de 385 à 378
2025-05-03 17:16:51,157 - INFO - IA: Raquette droite déplacée de 378 à 385
2025-05-03 17:16:51,174 - INFO - IA: Raquette droite déplacée de 385 à 378
2025-05-03 17:16:51,192 - INFO - IA: Raquette droite déplacée de 378 à 371
2025-05-03 17:16:51,210 - INFO - IA: Raquette droite déplacée de 371 à 364
2025-05-03 17:16:51,227 - INFO - IA: Raquette droite déplacée de 364 à 371
2025-05-03 17:16:51,245 - INFO - IA: Raquette droite déplacée de 371 à 364
2025-05-03 17:16:51,262 - INFO - IA: Raquette droite déplacée de 364 à 357
2025-05-03 17:16:51,280 - INFO - IA: Raquette droite déplacée de 357 à 350
2025-05-03 17:16:51,297 - INFO - IA: Raquette droite déplacée de 350 à 343
2025-05-03 17:16:51,315 - INFO - IA: Raquette droite déplacée de 343 à 336
2025-05-03 17:16:51,332 - INFO - IA: Raquette droite déplacée de 336 à 329
2025-05-03 17:16:51,349 - INFO - IA: Raquette droite déplacée de 329 à 336
2025-05-03 17:16:51,365 - INFO - IA: Raquette droite déplacée de 336 à 329
2025-05-03 17:16:51,382 - INFO - IA: Raquette droite déplacée de 329 à 322
2025-05-03 17:16:51,400 - INFO - IA: Raquette droite déplacée de 322 à 329
2025-05-03 17:16:51,417 - INFO - IA: Raquette droite déplacée de 329 à 322
2025-05-03 17:16:51,435 - INFO - IA: Raquette droite déplacée de 322 à 315
2025-05-03 17:16:51,453 - INFO - IA: Raquette droite déplacée de 315 à 308
2025-05-03 17:16:51,471 - INFO - IA: Raquette droite déplacée de 308 à 301
2025-05-03 17:16:51,489 - INFO - IA: Raquette droite déplacée de 301 à 294
2025-05-03 17:16:51,507 - INFO - IA: Raquette droite déplacée de 294 à 287
2025-05-03 17:16:51,524 - INFO - IA: Raquette droite déplacée de 287 à 294
2025-05-03 17:16:51,541 - INFO - IA: Raquette droite déplacée de 294 à 287
2025-05-03 17:16:51,559 - INFO - IA: Raquette droite déplacée de 287 à 280
2025-05-03 17:16:51,577 - INFO - IA: Raquette droite déplacée de 280 à 287
2025-05-03 17:16:51,594 - INFO - IA: Raquette droite déplacée de 287 à 280
2025-05-03 17:16:51,612 - INFO - IA: Raquette droite déplacée de 280 à 273
2025-05-03 17:16:51,629 - INFO - IA: Raquette droite déplacée de 273 à 280
2025-05-03 17:16:51,646 - INFO - IA: Raquette droite déplacée de 280 à 273
2025-05-03 17:16:51,664 - INFO - IA: Raquette droite déplacée de 273 à 266
2025-05-03 17:16:51,681 - INFO - IA: Raquette droite déplacée de 266 à 259
2025-05-03 17:16:51,698 - INFO - IA: Raquette droite déplacée de 259 à 252
2025-05-03 17:16:51,715 - INFO - IA: Raquette droite déplacée de 252 à 245
2025-05-03 17:16:51,733 - INFO - IA: Raquette droite déplacée de 245 à 252
2025-05-03 17:16:51,750 - INFO - IA: Raquette droite déplacée de 252 à 245
2025-05-03 17:16:51,769 - INFO - IA: Raquette droite déplacée de 245 à 238
2025-05-03 17:16:51,787 - INFO - IA: Raquette droite déplacée de 238 à 231
2025-05-03 17:16:51,804 - INFO - IA: Raquette droite déplacée de 231 à 224
2025-05-03 17:16:51,821 - INFO - IA: Raquette droite déplacée de 224 à 217
2025-05-03 17:16:51,839 - INFO - IA: Raquette droite déplacée de 217 à 210
2025-05-03 17:16:51,857 - INFO - IA: Raquette droite déplacée de 210 à 203
2025-05-03 17:16:51,875 - INFO - IA: Raquette droite déplacée de 203 à 196
2025-05-03 17:16:51,893 - INFO - IA: Raquette droite déplacée de 196 à 189
2025-05-03 17:16:51,909 - INFO - IA: Raquette droite déplacée de 189 à 182
2025-05-03 17:16:51,927 - INFO - IA: Raquette droite déplacée de 182 à 189
2025-05-03 17:16:51,945 - INFO - IA: Raquette droite déplacée de 189 à 182
2025-05-03 17:16:51,962 - INFO - IA: Raquette droite déplacée de 182 à 175
2025-05-03 17:16:51,980 - INFO - IA: Raquette droite déplacée de 175 à 182
2025-05-03 17:16:51,997 - INFO - IA: Raquette droite déplacée de 182 à 175
2025-05-03 17:16:52,015 - INFO - IA: Raquette droite déplacée de 175 à 168
2025-05-03 17:16:52,032 - INFO - IA: Raquette droite déplacée de 168 à 161
2025-05-03 17:16:52,049 - INFO - IA: Raquette droite déplacée de 161 à 154
2025-05-03 17:16:52,067 - INFO - IA: Raquette droite déplacée de 154 à 147
2025-05-03 17:16:52,084 - INFO - IA: Raquette droite déplacée de 147 à 140
2025-05-03 17:16:52,101 - INFO - IA: Raquette droite déplacée de 140 à 133
2025-05-03 17:16:52,119 - INFO - IA: Raquette droite déplacée de 133 à 126
2025-05-03 17:16:52,135 - INFO - IA: Raquette droite déplacée de 126 à 119
2025-05-03 17:16:52,152 - INFO - IA: Raquette droite déplacée de 119 à 112
2025-05-03 17:16:52,169 - INFO - IA: Raquette droite déplacée de 112 à 105
2025-05-03 17:16:52,187 - INFO - IA: Raquette droite déplacée de 105 à 98
2025-05-03 17:16:52,204 - INFO - IA: Raquette droite déplacée de 98 à 91
2025-05-03 17:16:52,222 - INFO - IA: Raquette droite déplacée de 91 à 98
2025-05-03 17:16:52,239 - INFO - IA: Raquette droite déplacée de 98 à 91
2025-05-03 17:16:52,257 - INFO - IA: Raquette droite déplacée de 91 à 84
2025-05-03 17:16:52,274 - INFO - IA: Raquette droite déplacée de 84 à 77
2025-05-03 17:16:52,292 - INFO - IA: Raquette droite déplacée de 77 à 70
2025-05-03 17:16:52,310 - INFO - IA: Raquette droite déplacée de 70 à 63
2025-05-03 17:16:52,328 - INFO - IA: Raquette droite déplacée de 63 à 70
2025-05-03 17:16:52,345 - INFO - IA: Raquette droite déplacée de 70 à 63
2025-05-03 17:16:52,363 - INFO - IA: Raquette droite déplacée de 63 à 56
2025-05-03 17:16:52,380 - INFO - IA: Raquette droite déplacée de 56 à 49
2025-05-03 17:16:52,396 - INFO - IA: Raquette droite déplacée de 49 à 42
2025-05-03 17:16:52,414 - INFO - IA: Raquette droite déplacée de 42 à 49
2025-05-03 17:16:52,432 - INFO - IA: Raquette droite déplacée de 49 à 42
2025-05-03 17:16:52,449 - INFO - IA: Raquette droite déplacée de 42 à 49
2025-05-03 17:16:52,467 - INFO - IA: Raquette droite déplacée de 49 à 42
2025-05-03 17:16:52,486 - INFO - IA: Raquette droite déplacée de 42 à 35
2025-05-03 17:16:52,504 - INFO - IA: Raquette droite déplacée de 35 à 28
2025-05-03 17:16:52,523 - INFO - IA: Raquette droite déplacée de 28 à 21
2025-05-03 17:16:52,541 - INFO - IA: Raquette droite déplacée de 21 à 14
2025-05-03 17:16:52,559 - INFO - IA: Raquette droite déplacée de 14 à 7
2025-05-03 17:16:52,577 - INFO - IA: Raquette droite déplacée de 7 à 0
2025-05-03 17:16:52,630 - INFO - COLLISION: Balle a rebondi sur un mur à la position (108, -2)
2025-05-03 17:16:52,819 - INFO - IA: Raquette droite déplacée de 0 à 7
2025-05-03 17:16:52,835 - INFO - IA: Raquette droite déplacée de 7 à 14
2025-05-03 17:16:52,853 - INFO - IA: Raquette droite déplacée de 14 à 7
2025-05-03 17:16:52,871 - INFO - IA: Raquette droite déplacée de 7 à 14
2025-05-03 17:16:52,889 - INFO - IA: Raquette droite déplacée de 14 à 21
2025-05-03 17:16:52,906 - INFO - IA: Raquette droite déplacée de 21 à 28
2025-05-03 17:16:52,923 - INFO - IA: Raquette droite déplacée de 28 à 21
2025-05-03 17:16:52,941 - INFO - IA: Raquette droite déplacée de 21 à 28
2025-05-03 17:16:52,958 - INFO - IA: Raquette droite déplacée de 28 à 35
2025-05-03 17:16:52,975 - INFO - IA: Raquette droite déplacée de 35 à 42
2025-05-03 17:16:52,994 - INFO - IA: Raquette droite déplacée de 42 à 49
2025-05-03 17:16:53,011 - INFO - IA: Raquette droite déplacée de 49 à 42
2025-05-03 17:16:53,011 - INFO - POINT: Joueur droite (IA) marque un point! Score: 0-22
2025-05-03 17:16:53,028 - INFO - IA: Raquette droite déplacée de 42 à 49
2025-05-03 17:16:53,046 - INFO - IA: Raquette droite déplacée de 49 à 56
2025-05-03 17:16:53,063 - INFO - IA: Raquette droite déplacée de 56 à 63
2025-05-03 17:16:53,081 - INFO - IA: Raquette droite déplacée de 63 à 70
2025-05-03 17:16:53,098 - INFO - IA: Raquette droite déplacée de 70 à 77
2025-05-03 17:16:53,115 - INFO - IA: Raquette droite déplacée de 77 à 84
2025-05-03 17:16:53,132 - INFO - IA: Raquette droite déplacée de 84 à 91
2025-05-03 17:16:53,150 - INFO - IA: Raquette droite déplacée de 91 à 98
2025-05-03 17:16:53,167 - INFO - IA: Raquette droite déplacée de 98 à 105
2025-05-03 17:16:53,184 - INFO - IA: Raquette droite déplacée de 105 à 112
2025-05-03 17:16:53,201 - INFO - IA: Raquette droite déplacée de 112 à 119
2025-05-03 17:16:53,218 - INFO - IA: Raquette droite déplacée de 119 à 126
2025-05-03 17:16:53,235 - INFO - IA: Raquette droite déplacée de 126 à 119
2025-05-03 17:16:53,252 - INFO - IA: Raquette droite déplacée de 119 à 126
2025-05-03 17:16:53,270 - INFO - IA: Raquette droite déplacée de 126 à 133
2025-05-03 17:16:53,288 - INFO - IA: Raquette droite déplacée de 133 à 126
2025-05-03 17:16:53,306 - INFO - IA: Raquette droite déplacée de 126 à 119
2025-05-03 17:16:53,324 - INFO - IA: Raquette droite déplacée de 119 à 112
2025-05-03 17:16:53,341 - INFO - IA: Raquette droite déplacée de 112 à 105
2025-05-03 17:16:53,359 - INFO - IA: Raquette droite déplacée de 105 à 112
2025-05-03 17:16:53,377 - INFO - IA: Raquette droite déplacée de 112 à 105
2025-05-03 17:16:53,394 - INFO - IA: Raquette droite déplacée de 105 à 98
2025-05-03 17:16:53,411 - INFO - IA: Raquette droite déplacée de 98 à 105
2025-05-03 17:16:53,429 - INFO - IA: Raquette droite déplacée de 105 à 98
2025-05-03 17:16:53,446 - INFO - IA: Raquette droite déplacée de 98 à 91
2025-05-03 17:16:53,464 - INFO - IA: Raquette droite déplacée de 91 à 84
2025-05-03 17:16:53,480 - INFO - IA: Raquette droite déplacée de 84 à 77
2025-05-03 17:16:53,498 - INFO - IA: Raquette droite déplacée de 77 à 70
2025-05-03 17:16:53,515 - INFO - IA: Raquette droite déplacée de 70 à 63
2025-05-03 17:16:53,532 - INFO - IA: Raquette droite déplacée de 63 à 56
2025-05-03 17:16:53,549 - INFO - IA: Raquette droite déplacée de 56 à 49
2025-05-03 17:16:53,566 - INFO - IA: Raquette droite déplacée de 49 à 56
2025-05-03 17:16:53,583 - INFO - IA: Raquette droite déplacée de 56 à 49
2025-05-03 17:16:53,601 - INFO - IA: Raquette droite déplacée de 49 à 42
2025-05-03 17:16:53,618 - INFO - IA: Raquette droite déplacée de 42 à 35
2025-05-03 17:16:53,636 - INFO - IA: Raquette droite déplacée de 35 à 28
2025-05-03 17:16:53,654 - INFO - IA: Raquette droite déplacée de 28 à 35
2025-05-03 17:16:53,671 - INFO - IA: Raquette droite déplacée de 35 à 28
2025-05-03 17:16:53,688 - INFO - IA: Raquette droite déplacée de 28 à 21
2025-05-03 17:16:53,705 - INFO - IA: Raquette droite déplacée de 21 à 14
2025-05-03 17:16:53,722 - INFO - IA: Raquette droite déplacée de 14 à 7
2025-05-03 17:16:53,739 - INFO - IA: Raquette droite déplacée de 7 à 0
2025-05-03 17:16:53,827 - INFO - COLLISION: Balle a rebondi sur un mur à la position (58, -2)
2025-05-03 17:16:53,947 - INFO - IA: Raquette droite déplacée de 0 à 7
2025-05-03 17:16:53,964 - INFO - IA: Raquette droite déplacée de 7 à 0
2025-05-03 17:16:53,981 - INFO - IA: Raquette droite déplacée de 0 à 7
2025-05-03 17:16:53,998 - INFO - IA: Raquette droite déplacée de 7 à 0
2025-05-03 17:16:54,016 - INFO - IA: Raquette droite déplacée de 0 à 7
2025-05-03 17:16:54,033 - INFO - IA: Raquette droite déplacée de 7 à 14
2025-05-03 17:16:54,033 - INFO - POINT: Joueur droite (IA) marque un point! Score: 0-23
2025-05-03 17:16:54,050 - INFO - IA: Raquette droite déplacée de 14 à 21
2025-05-03 17:16:54,067 - INFO - IA: Raquette droite déplacée de 21 à 28
2025-05-03 17:16:54,085 - INFO - IA: Raquette droite déplacée de 28 à 35
2025-05-03 17:16:54,103 - INFO - IA: Raquette droite déplacée de 35 à 42
2025-05-03 17:16:54,119 - INFO - IA: Raquette droite déplacée de 42 à 49
2025-05-03 17:16:54,136 - INFO - IA: Raquette droite déplacée de 49 à 56
2025-05-03 17:16:54,153 - INFO - IA: Raquette droite déplacée de 56 à 63
2025-05-03 17:16:54,170 - INFO - IA: Raquette droite déplacée de 63 à 70
2025-05-03 17:16:54,188 - INFO - IA: Raquette droite déplacée de 70 à 77
2025-05-03 17:16:54,205 - INFO - IA: Raquette droite déplacée de 77 à 84
2025-05-03 17:16:54,222 - INFO - IA: Raquette droite déplacée de 84 à 91
2025-05-03 17:16:54,239 - INFO - IA: Raquette droite déplacée de 91 à 98
2025-05-03 17:16:54,256 - INFO - IA: Raquette droite déplacée de 98 à 105
2025-05-03 17:16:54,274 - INFO - IA: Raquette droite déplacée de 105 à 112
2025-05-03 17:16:54,292 - INFO - IA: Raquette droite déplacée de 112 à 119
2025-05-03 17:16:54,310 - INFO - IA: Raquette droite déplacée de 119 à 126
2025-05-03 17:16:54,327 - INFO - IA: Raquette droite déplacée de 126 à 119
2025-05-03 17:16:54,344 - INFO - IA: Raquette droite déplacée de 119 à 112
2025-05-03 17:16:54,362 - INFO - IA: Raquette droite déplacée de 112 à 105
2025-05-03 17:16:54,380 - INFO - IA: Raquette droite déplacée de 105 à 98
2025-05-03 17:16:54,396 - INFO - IA: Raquette droite déplacée de 98 à 91
2025-05-03 17:16:54,413 - INFO - IA: Raquette droite déplacée de 91 à 98
2025-05-03 17:16:54,431 - INFO - IA: Raquette droite déplacée de 98 à 91
2025-05-03 17:16:54,448 - INFO - IA: Raquette droite déplacée de 91 à 98
2025-05-03 17:16:54,466 - INFO - IA: Raquette droite déplacée de 98 à 105
2025-05-03 17:16:54,483 - INFO - IA: Raquette droite déplacée de 105 à 98
2025-05-03 17:16:54,500 - INFO - IA: Raquette droite déplacée de 98 à 91
2025-05-03 17:16:54,517 - INFO - IA: Raquette droite déplacée de 91 à 84
2025-05-03 17:16:54,534 - INFO - IA: Raquette droite déplacée de 84 à 77
2025-05-03 17:16:54,552 - INFO - IA: Raquette droite déplacée de 77 à 70
2025-05-03 17:16:54,570 - INFO - IA: Raquette droite déplacée de 70 à 63
2025-05-03 17:16:54,587 - INFO - IA: Raquette droite déplacée de 63 à 56
2025-05-03 17:16:54,605 - INFO - IA: Raquette droite déplacée de 56 à 49
2025-05-03 17:16:54,623 - INFO - IA: Raquette droite déplacée de 49 à 42
2025-05-03 17:16:54,641 - INFO - IA: Raquette droite déplacée de 42 à 49
2025-05-03 17:16:54,658 - INFO - IA: Raquette droite déplacée de 49 à 42
2025-05-03 17:16:54,676 - INFO - IA: Raquette droite déplacée de 42 à 49
2025-05-03 17:16:54,694 - INFO - IA: Raquette droite déplacée de 49 à 42
2025-05-03 17:16:54,711 - INFO - IA: Raquette droite déplacée de 42 à 35
2025-05-03 17:16:54,728 - INFO - IA: Raquette droite déplacée de 35 à 28
2025-05-03 17:16:54,745 - INFO - IA: Raquette droite déplacée de 28 à 21
2025-05-03 17:16:54,762 - INFO - IA: Raquette droite déplacée de 21 à 14
2025-05-03 17:16:54,779 - INFO - IA: Raquette droite déplacée de 14 à 7
2025-05-03 17:16:54,797 - INFO - IA: Raquette droite déplacée de 7 à 0
2025-05-03 17:16:54,848 - INFO - COLLISION: Balle a rebondi sur un mur à la position (58, -2)
2025-05-03 17:16:54,951 - INFO - IA: Raquette droite déplacée de 0 à 7
2025-05-03 17:16:54,968 - INFO - IA: Raquette droite déplacée de 7 à 0
2025-05-03 17:16:54,986 - INFO - IA: Raquette droite déplacée de 0 à 7
2025-05-03 17:16:55,003 - INFO - IA: Raquette droite déplacée de 7 à 0
2025-05-03 17:16:55,020 - INFO - IA: Raquette droite déplacée de 0 à 7
2025-05-03 17:16:55,038 - INFO - IA: Raquette droite déplacée de 7 à 14
2025-05-03 17:16:55,056 - INFO - IA: Raquette droite déplacée de 14 à 21
2025-05-03 17:16:55,056 - INFO - POINT: Joueur droite (IA) marque un point! Score: 0-24
2025-05-03 17:16:55,073 - INFO - IA: Raquette droite déplacée de 21 à 28
2025-05-03 17:16:55,091 - INFO - IA: Raquette droite déplacée de 28 à 35
2025-05-03 17:16:55,108 - INFO - IA: Raquette droite déplacée de 35 à 42
2025-05-03 17:16:55,125 - INFO - IA: Raquette droite déplacée de 42 à 49
2025-05-03 17:16:55,142 - INFO - IA: Raquette droite déplacée de 49 à 56
2025-05-03 17:16:55,159 - INFO - IA: Raquette droite déplacée de 56 à 63
2025-05-03 17:16:55,177 - INFO - IA: Raquette droite déplacée de 63 à 70
2025-05-03 17:16:55,194 - INFO - IA: Raquette droite déplacée de 70 à 77
2025-05-03 17:16:55,210 - INFO - IA: Raquette droite déplacée de 77 à 84
2025-05-03 17:16:55,228 - INFO - IA: Raquette droite déplacée de 84 à 91
2025-05-03 17:16:55,245 - INFO - IA: Raquette droite déplacée de 91 à 98
2025-05-03 17:16:55,263 - INFO - IA: Raquette droite déplacée de 98 à 105
2025-05-03 17:16:55,279 - INFO - IA: Raquette droite déplacée de 105 à 112
2025-05-03 17:16:55,296 - INFO - IA: Raquette droite déplacée de 112 à 119
2025-05-03 17:16:55,313 - INFO - IA: Raquette droite déplacée de 119 à 126
2025-05-03 17:16:55,330 - INFO - IA: Raquette droite déplacée de 126 à 119
2025-05-03 17:16:55,347 - INFO - IA: Raquette droite déplacée de 119 à 126
2025-05-03 17:16:55,365 - INFO - IA: Raquette droite déplacée de 126 à 133
2025-05-03 17:16:55,401 - INFO - IA: Raquette droite déplacée de 133 à 126
2025-05-03 17:16:55,419 - INFO - IA: Raquette droite déplacée de 126 à 119
2025-05-03 17:16:55,436 - INFO - IA: Raquette droite déplacée de 119 à 112
2025-05-03 17:16:55,453 - INFO - IA: Raquette droite déplacée de 112 à 105
2025-05-03 17:16:55,471 - INFO - IA: Raquette droite déplacée de 105 à 98
2025-05-03 17:16:55,487 - INFO - IA: Raquette droite déplacée de 98 à 91
2025-05-03 17:16:55,505 - INFO - IA: Raquette droite déplacée de 91 à 84
2025-05-03 17:16:55,523 - INFO - IA: Raquette droite déplacée de 84 à 77
2025-05-03 17:16:55,541 - INFO - IA: Raquette droite déplacée de 77 à 70
2025-05-03 17:16:55,559 - INFO - IA: Raquette droite déplacée de 70 à 63
2025-05-03 17:16:55,576 - INFO - IA: Raquette droite déplacée de 63 à 56
2025-05-03 17:16:55,593 - INFO - IA: Raquette droite déplacée de 56 à 49
2025-05-03 17:16:55,610 - INFO - IA: Raquette droite déplacée de 49 à 42
2025-05-03 17:16:55,628 - INFO - IA: Raquette droite déplacée de 42 à 35
2025-05-03 17:16:55,646 - INFO - IA: Raquette droite déplacée de 35 à 28
2025-05-03 17:16:55,664 - INFO - IA: Raquette droite déplacée de 28 à 35
2025-05-03 17:16:55,681 - INFO - IA: Raquette droite déplacée de 35 à 28
2025-05-03 17:16:55,699 - INFO - IA: Raquette droite déplacée de 28 à 21
2025-05-03 17:16:55,716 - INFO - IA: Raquette droite déplacée de 21 à 14
2025-05-03 17:16:55,732 - INFO - IA: Raquette droite déplacée de 14 à 7
2025-05-03 17:16:55,749 - INFO - IA: Raquette droite déplacée de 7 à 0
2025-05-03 17:16:55,767 - INFO - IA: Raquette droite déplacée de 0 à 7
2025-05-03 17:16:55,784 - INFO - IA: Raquette droite déplacée de 7 à 0
2025-05-03 17:16:55,868 - INFO - COLLISION: Balle a rebondi sur un mur à la position (58, -2)
2025-05-03 17:16:55,957 - INFO - IA: Raquette droite déplacée de 0 à 7
2025-05-03 17:16:55,974 - INFO - IA: Raquette droite déplacée de 7 à 0
2025-05-03 17:16:56,010 - INFO - IA: Raquette droite déplacée de 0 à 7
2025-05-03 17:16:56,027 - INFO - IA: Raquette droite déplacée de 7 à 0
2025-05-03 17:16:56,044 - INFO - IA: Raquette droite déplacée de 0 à 7
2025-05-03 17:16:56,061 - INFO - IA: Raquette droite déplacée de 7 à 14
2025-05-03 17:16:56,078 - INFO - IA: Raquette droite déplacée de 14 à 7
2025-05-03 17:16:56,078 - INFO - POINT: Joueur droite (IA) marque un point! Score: 0-25
2025-05-03 17:16:56,095 - INFO - IA: Raquette droite déplacée de 7 à 14
2025-05-03 17:16:56,113 - INFO - IA: Raquette droite déplacée de 14 à 21
2025-05-03 17:16:56,130 - INFO - IA: Raquette droite déplacée de 21 à 28
2025-05-03 17:16:56,148 - INFO - IA: Raquette droite déplacée de 28 à 35
2025-05-03 17:16:56,166 - INFO - IA: Raquette droite déplacée de 35 à 42
2025-05-03 17:16:56,184 - INFO - IA: Raquette droite déplacée de 42 à 49
2025-05-03 17:16:56,200 - INFO - IA: Raquette droite déplacée de 49 à 56
2025-05-03 17:16:56,218 - INFO - IA: Raquette droite déplacée de 56 à 63
2025-05-03 17:16:56,236 - INFO - IA: Raquette droite déplacée de 63 à 70
2025-05-03 17:16:56,253 - INFO - IA: Raquette droite déplacée de 70 à 77
2025-05-03 17:16:56,270 - INFO - IA: Raquette droite déplacée de 77 à 84
2025-05-03 17:16:56,288 - INFO - IA: Raquette droite déplacée de 84 à 91
2025-05-03 17:16:56,305 - INFO - IA: Raquette droite déplacée de 91 à 98
2025-05-03 17:16:56,322 - INFO - IA: Raquette droite déplacée de 98 à 105
2025-05-03 17:16:56,340 - INFO - IA: Raquette droite déplacée de 105 à 112
2025-05-03 17:16:56,358 - INFO - IA: Raquette droite déplacée de 112 à 119
2025-05-03 17:16:56,376 - INFO - IA: Raquette droite déplacée de 119 à 126
2025-05-03 17:16:56,393 - INFO - IA: Raquette droite déplacée de 126 à 119
2025-05-03 17:16:56,410 - INFO - IA: Raquette droite déplacée de 119 à 112
2025-05-03 17:16:56,427 - INFO - IA: Raquette droite déplacée de 112 à 105
2025-05-03 17:16:56,444 - INFO - IA: Raquette droite déplacée de 105 à 112
2025-05-03 17:16:56,462 - INFO - IA: Raquette droite déplacée de 112 à 105
2025-05-03 17:16:56,497 - INFO - IA: Raquette droite déplacée de 105 à 98
2025-05-03 17:16:56,514 - INFO - IA: Raquette droite déplacée de 98 à 91
2025-05-03 17:16:56,532 - INFO - IA: Raquette droite déplacée de 91 à 98
2025-05-03 17:16:56,549 - INFO - IA: Raquette droite déplacée de 98 à 91
2025-05-03 17:16:56,567 - INFO - IA: Raquette droite déplacée de 91 à 84
2025-05-03 17:16:56,584 - INFO - IA: Raquette droite déplacée de 84 à 77
2025-05-03 17:16:56,602 - INFO - IA: Raquette droite déplacée de 77 à 84
2025-05-03 17:16:56,619 - INFO - IA: Raquette droite déplacée de 84 à 77
2025-05-03 17:16:56,637 - INFO - IA: Raquette droite déplacée de 77 à 70
2025-05-03 17:16:56,654 - INFO - IA: Raquette droite déplacée de 70 à 63
2025-05-03 17:16:56,673 - INFO - IA: Raquette droite déplacée de 63 à 56
2025-05-03 17:16:56,691 - INFO - IA: Raquette droite déplacée de 56 à 49
2025-05-03 17:16:56,709 - INFO - IA: Raquette droite déplacée de 49 à 42
2025-05-03 17:16:56,727 - INFO - IA: Raquette droite déplacée de 42 à 49
2025-05-03 17:16:56,744 - INFO - IA: Raquette droite déplacée de 49 à 42
2025-05-03 17:16:56,761 - INFO - IA: Raquette droite déplacée de 42 à 35
2025-05-03 17:16:56,778 - INFO - IA: Raquette droite déplacée de 35 à 28
2025-05-03 17:16:56,795 - INFO - IA: Raquette droite déplacée de 28 à 21
2025-05-03 17:16:56,812 - INFO - IA: Raquette droite déplacée de 21 à 14
2025-05-03 17:16:56,829 - INFO - IA: Raquette droite déplacée de 14 à 7
2025-05-03 17:16:56,846 - INFO - IA: Raquette droite déplacée de 7 à 14
2025-05-03 17:16:56,864 - INFO - IA: Raquette droite déplacée de 14 à 7
2025-05-03 17:16:56,882 - INFO - IA: Raquette droite déplacée de 7 à 0
2025-05-03 17:16:56,899 - INFO - COLLISION: Balle a rebondi sur un mur à la position (528, -2)
2025-05-03 17:16:56,985 - INFO - COLLISION: Balle a rebondi sur une raquette à la position (553, 23)
2025-05-03 17:16:57,035 - INFO - IA: Raquette droite déplacée de 0 à 7
2025-05-03 17:16:57,053 - INFO - IA: Raquette droite déplacée de 7 à 0
2025-05-03 17:16:57,070 - INFO - IA: Raquette droite déplacée de 0 à 7
2025-05-03 17:16:57,087 - INFO - IA: Raquette droite déplacée de 7 à 0
2025-05-03 17:16:57,122 - INFO - IA: Raquette droite déplacée de 0 à 7
2025-05-03 17:16:57,140 - INFO - IA: Raquette droite déplacée de 7 à 0
2025-05-03 17:16:57,157 - INFO - IA: Raquette droite déplacée de 0 à 7
2025-05-03 17:16:57,175 - INFO - IA: Raquette droite déplacée de 7 à 14
2025-05-03 17:16:57,192 - INFO - IA: Raquette droite déplacée de 14 à 21
2025-05-03 17:16:57,209 - INFO - IA: Raquette droite déplacée de 21 à 14
2025-05-03 17:16:57,226 - INFO - IA: Raquette droite déplacée de 14 à 21
2025-05-03 17:16:57,243 - INFO - IA: Raquette droite déplacée de 21 à 28
2025-05-03 17:16:57,262 - INFO - IA: Raquette droite déplacée de 28 à 35
2025-05-03 17:16:57,279 - INFO - IA: Raquette droite déplacée de 35 à 42
2025-05-03 17:16:57,297 - INFO - IA: Raquette droite déplacée de 42 à 49
2025-05-03 17:16:57,315 - INFO - IA: Raquette droite déplacée de 49 à 56
2025-05-03 17:16:57,332 - INFO - IA: Raquette droite déplacée de 56 à 63
2025-05-03 17:16:57,349 - INFO - IA: Raquette droite déplacée de 63 à 70
2025-05-03 17:16:57,367 - INFO - IA: Raquette droite déplacée de 70 à 77
2025-05-03 17:16:57,384 - INFO - IA: Raquette droite déplacée de 77 à 70
2025-05-03 17:16:57,401 - INFO - IA: Raquette droite déplacée de 70 à 77
2025-05-03 17:16:57,418 - INFO - IA: Raquette droite déplacée de 77 à 84
2025-05-03 17:16:57,435 - INFO - IA: Raquette droite déplacée de 84 à 91
2025-05-03 17:16:57,453 - INFO - IA: Raquette droite déplacée de 91 à 98
2025-05-03 17:16:57,469 - INFO - IA: Raquette droite déplacée de 98 à 105
2025-05-03 17:16:57,487 - INFO - IA: Raquette droite déplacée de 105 à 112
2025-05-03 17:16:57,505 - INFO - IA: Raquette droite déplacée de 112 à 105
2025-05-03 17:16:57,523 - INFO - IA: Raquette droite déplacée de 105 à 112
2025-05-03 17:16:57,541 - INFO - IA: Raquette droite déplacée de 112 à 119
2025-05-03 17:16:57,558 - INFO - IA: Raquette droite déplacée de 119 à 126
2025-05-03 17:16:57,576 - INFO - IA: Raquette droite déplacée de 126 à 133
2025-05-03 17:16:57,593 - INFO - IA: Raquette droite déplacée de 133 à 140
2025-05-03 17:16:57,611 - INFO - IA: Raquette droite déplacée de 140 à 147
2025-05-03 17:16:57,629 - INFO - IA: Raquette droite déplacée de 147 à 154
2025-05-03 17:16:57,646 - INFO - IA: Raquette droite déplacée de 154 à 161
2025-05-03 17:16:57,664 - INFO - IA: Raquette droite déplacée de 161 à 168
2025-05-03 17:16:57,680 - INFO - IA: Raquette droite déplacée de 168 à 161
2025-05-03 17:16:57,698 - INFO - IA: Raquette droite déplacée de 161 à 168
2025-05-03 17:16:57,715 - INFO - IA: Raquette droite déplacée de 168 à 175
2025-05-03 17:16:57,732 - INFO - IA: Raquette droite déplacée de 175 à 168
2025-05-03 17:16:57,750 - INFO - IA: Raquette droite déplacée de 168 à 175
2025-05-03 17:16:57,767 - INFO - IA: Raquette droite déplacée de 175 à 182
2025-05-03 17:16:57,785 - INFO - IA: Raquette droite déplacée de 182 à 189
2025-05-03 17:16:57,802 - INFO - IA: Raquette droite déplacée de 189 à 196
2025-05-03 17:16:57,819 - INFO - IA: Raquette droite déplacée de 196 à 203
2025-05-03 17:16:57,837 - INFO - IA: Raquette droite déplacée de 203 à 210
2025-05-03 17:16:57,855 - INFO - IA: Raquette droite déplacée de 210 à 217
2025-05-03 17:16:57,872 - INFO - IA: Raquette droite déplacée de 217 à 224
2025-05-03 17:16:57,889 - INFO - IA: Raquette droite déplacée de 224 à 231
2025-05-03 17:16:57,907 - INFO - IA: Raquette droite déplacée de 231 à 238
2025-05-03 17:16:57,924 - INFO - IA: Raquette droite déplacée de 238 à 245
2025-05-03 17:16:57,942 - INFO - IA: Raquette droite déplacée de 245 à 238
2025-05-03 17:16:57,960 - INFO - IA: Raquette droite déplacée de 238 à 245
2025-05-03 17:16:57,977 - INFO - IA: Raquette droite déplacée de 245 à 252
2025-05-03 17:16:57,994 - INFO - IA: Raquette droite déplacée de 252 à 259
2025-05-03 17:16:58,011 - INFO - IA: Raquette droite déplacée de 259 à 266
2025-05-03 17:16:58,029 - INFO - IA: Raquette droite déplacée de 266 à 273
2025-05-03 17:16:58,047 - INFO - IA: Raquette droite déplacée de 273 à 280
2025-05-03 17:16:58,065 - INFO - IA: Raquette droite déplacée de 280 à 287
2025-05-03 17:16:58,082 - INFO - IA: Raquette droite déplacée de 287 à 280
2025-05-03 17:16:58,099 - INFO - IA: Raquette droite déplacée de 280 à 287
2025-05-03 17:16:58,116 - INFO - IA: Raquette droite déplacée de 287 à 294
2025-05-03 17:16:58,133 - INFO - IA: Raquette droite déplacée de 294 à 301
2025-05-03 17:16:58,151 - INFO - IA: Raquette droite déplacée de 301 à 308
2025-05-03 17:16:58,169 - INFO - IA: Raquette droite déplacée de 308 à 315
2025-05-03 17:16:58,187 - INFO - IA: Raquette droite déplacée de 315 à 322
2025-05-03 17:16:58,204 - INFO - IA: Raquette droite déplacée de 322 à 329
2025-05-03 17:16:58,222 - INFO - IA: Raquette droite déplacée de 329 à 336
2025-05-03 17:16:58,240 - INFO - IA: Raquette droite déplacée de 336 à 329
2025-05-03 17:16:58,257 - INFO - IA: Raquette droite déplacée de 329 à 336
2025-05-03 17:16:58,274 - INFO - IA: Raquette droite déplacée de 336 à 329
2025-05-03 17:16:58,292 - INFO - IA: Raquette droite déplacée de 329 à 336
2025-05-03 17:16:58,309 - INFO - IA: Raquette droite déplacée de 336 à 343
2025-05-03 17:16:58,327 - INFO - IA: Raquette droite déplacée de 343 à 350
2025-05-03 17:16:58,345 - INFO - IA: Raquette droite déplacée de 350 à 357
2025-05-03 17:16:58,361 - INFO - IA: Raquette droite déplacée de 357 à 364
2025-05-03 17:16:58,378 - INFO - IA: Raquette droite déplacée de 364 à 371
2025-05-03 17:16:58,395 - INFO - IA: Raquette droite déplacée de 371 à 378
2025-05-03 17:16:58,413 - INFO - IA: Raquette droite déplacée de 378 à 371
2025-05-03 17:16:58,430 - INFO - IA: Raquette droite déplacée de 371 à 378
2025-05-03 17:16:58,447 - INFO - IA: Raquette droite déplacée de 378 à 371
2025-05-03 17:16:58,464 - INFO - IA: Raquette droite déplacée de 371 à 378
2025-05-03 17:16:58,482 - INFO - IA: Raquette droite déplacée de 378 à 385
2025-05-03 17:16:58,499 - INFO - IA: Raquette droite déplacée de 385 à 390
2025-05-03 17:16:58,534 - INFO - COLLISION: Balle a rebondi sur un mur à la position (108, 468)
2025-05-03 17:16:58,621 - INFO - IA: Raquette droite déplacée de 390 à 383
2025-05-03 17:16:58,639 - INFO - IA: Raquette droite déplacée de 383 à 390
2025-05-03 17:16:58,707 - INFO - IA: Raquette droite déplacée de 390 à 383
2025-05-03 17:16:58,724 - INFO - IA: Raquette droite déplacée de 383 à 390
2025-05-03 17:16:58,742 - INFO - IA: Raquette droite déplacée de 390 à 383
2025-05-03 17:16:58,759 - INFO - IA: Raquette droite déplacée de 383 à 390
2025-05-03 17:16:58,794 - INFO - IA: Raquette droite déplacée de 390 à 383
2025-05-03 17:16:58,795 - INFO - COLLISION: Balle a rebondi sur une raquette à la position (33, 393)
2025-05-03 17:16:58,812 - INFO - IA: Raquette droite déplacée de 383 à 376
2025-05-03 17:16:58,829 - INFO - IA: Raquette droite déplacée de 376 à 369
2025-05-03 17:16:58,847 - INFO - IA: Raquette droite déplacée de 369 à 362
2025-05-03 17:16:58,865 - INFO - IA: Raquette droite déplacée de 362 à 355
2025-05-03 17:16:58,882 - INFO - IA: Raquette droite déplacée de 355 à 348
2025-05-03 17:16:58,899 - INFO - IA: Raquette droite déplacée de 348 à 341
2025-05-03 17:16:58,916 - INFO - IA: Raquette droite déplacée de 341 à 334
2025-05-03 17:16:58,933 - INFO - IA: Raquette droite déplacée de 334 à 341
2025-05-03 17:16:58,950 - INFO - IA: Raquette droite déplacée de 341 à 334
2025-05-03 17:16:58,967 - INFO - IA: Raquette droite déplacée de 334 à 327
2025-05-03 17:16:58,984 - INFO - IA: Raquette droite déplacée de 327 à 320
2025-05-03 17:16:59,000 - INFO - IA: Raquette droite déplacée de 320 à 313
2025-05-03 17:16:59,017 - INFO - IA: Raquette droite déplacée de 313 à 320
2025-05-03 17:16:59,035 - INFO - IA: Raquette droite déplacée de 320 à 313
2025-05-03 17:16:59,053 - INFO - IA: Raquette droite déplacée de 313 à 306
2025-05-03 17:16:59,071 - INFO - IA: Raquette droite déplacée de 306 à 299
2025-05-03 17:16:59,090 - INFO - IA: Raquette droite déplacée de 299 à 292
2025-05-03 17:16:59,107 - INFO - IA: Raquette droite déplacée de 292 à 285
2025-05-03 17:16:59,125 - INFO - IA: Raquette droite déplacée de 285 à 292
2025-05-03 17:16:59,141 - INFO - IA: Raquette droite déplacée de 292 à 285
2025-05-03 17:16:59,158 - INFO - IA: Raquette droite déplacée de 285 à 278
2025-05-03 17:16:59,175 - INFO - IA: Raquette droite déplacée de 278 à 271
2025-05-03 17:16:59,193 - INFO - IA: Raquette droite déplacée de 271 à 264
2025-05-03 17:16:59,211 - INFO - IA: Raquette droite déplacée de 264 à 257
2025-05-03 17:16:59,228 - INFO - IA: Raquette droite déplacée de 257 à 250
2025-05-03 17:16:59,245 - INFO - IA: Raquette droite déplacée de 250 à 243
2025-05-03 17:16:59,262 - INFO - IA: Raquette droite déplacée de 243 à 236
2025-05-03 17:16:59,280 - INFO - IA: Raquette droite déplacée de 236 à 243
2025-05-03 17:16:59,298 - INFO - IA: Raquette droite déplacée de 243 à 236
2025-05-03 17:16:59,314 - INFO - IA: Raquette droite déplacée de 236 à 229
2025-05-03 17:16:59,331 - INFO - IA: Raquette droite déplacée de 229 à 222
2025-05-03 17:16:59,349 - INFO - IA: Raquette droite déplacée de 222 à 215
2025-05-03 17:16:59,367 - INFO - IA: Raquette droite déplacée de 215 à 208
2025-05-03 17:16:59,385 - INFO - IA: Raquette droite déplacée de 208 à 201
2025-05-03 17:16:59,403 - INFO - IA: Raquette droite déplacée de 201 à 194
2025-05-03 17:16:59,421 - INFO - IA: Raquette droite déplacée de 194 à 187
2025-05-03 17:16:59,438 - INFO - IA: Raquette droite déplacée de 187 à 180
2025-05-03 17:16:59,455 - INFO - IA: Raquette droite déplacée de 180 à 173
2025-05-03 17:16:59,473 - INFO - IA: Raquette droite déplacée de 173 à 180
2025-05-03 17:16:59,491 - INFO - IA: Raquette droite déplacée de 180 à 173
2025-05-03 17:16:59,509 - INFO - IA: Raquette droite déplacée de 173 à 166
2025-05-03 17:16:59,527 - INFO - IA: Raquette droite déplacée de 166 à 159
2025-05-03 17:16:59,544 - INFO - IA: Raquette droite déplacée de 159 à 166
2025-05-03 17:16:59,562 - INFO - IA: Raquette droite déplacée de 166 à 159
2025-05-03 17:16:59,579 - INFO - IA: Raquette droite déplacée de 159 à 152
2025-05-03 17:16:59,597 - INFO - IA: Raquette droite déplacée de 152 à 145
2025-05-03 17:16:59,616 - INFO - IA: Raquette droite déplacée de 145 à 138
2025-05-03 17:16:59,633 - INFO - IA: Raquette droite déplacée de 138 à 131
2025-05-03 17:16:59,650 - INFO - IA: Raquette droite déplacée de 131 à 138
2025-05-03 17:16:59,668 - INFO - IA: Raquette droite déplacée de 138 à 131
2025-05-03 17:16:59,686 - INFO - IA: Raquette droite déplacée de 131 à 124
2025-05-03 17:16:59,705 - INFO - IA: Raquette droite déplacée de 124 à 117
2025-05-03 17:16:59,722 - INFO - IA: Raquette droite déplacée de 117 à 110
2025-05-03 17:16:59,740 - INFO - IA: Raquette droite déplacée de 110 à 117
2025-05-03 17:16:59,757 - INFO - IA: Raquette droite déplacée de 117 à 110
2025-05-03 17:16:59,775 - INFO - IA: Raquette droite déplacée de 110 à 103
2025-05-03 17:16:59,792 - INFO - IA: Raquette droite déplacée de 103 à 96
2025-05-03 17:16:59,827 - INFO - IA: Raquette droite déplacée de 96 à 89
2025-05-03 17:16:59,844 - INFO - IA: Raquette droite déplacée de 89 à 82
2025-05-03 17:16:59,860 - INFO - IA: Raquette droite déplacée de 82 à 75
2025-05-03 17:16:59,878 - INFO - IA: Raquette droite déplacée de 75 à 68
2025-05-03 17:16:59,896 - INFO - IA: Raquette droite déplacée de 68 à 61
2025-05-03 17:16:59,913 - INFO - IA: Raquette droite déplacée de 61 à 54
2025-05-03 17:16:59,929 - INFO - IA: Raquette droite déplacée de 54 à 47
2025-05-03 17:16:59,947 - INFO - IA: Raquette droite déplacée de 47 à 54
2025-05-03 17:16:59,964 - INFO - IA: Raquette droite déplacée de 54 à 47
2025-05-03 17:16:59,982 - INFO - IA: Raquette droite déplacée de 47 à 40
2025-05-03 17:17:00,000 - INFO - IA: Raquette droite déplacée de 40 à 33
2025-05-03 17:17:00,017 - INFO - IA: Raquette droite déplacée de 33 à 26
2025-05-03 17:17:00,034 - INFO - IA: Raquette droite déplacée de 26 à 33
2025-05-03 17:17:00,052 - INFO - IA: Raquette droite déplacée de 33 à 26
2025-05-03 17:17:00,069 - INFO - IA: Raquette droite déplacée de 26 à 19
2025-05-03 17:17:00,087 - INFO - IA: Raquette droite déplacée de 19 à 12
2025-05-03 17:17:00,104 - INFO - IA: Raquette droite déplacée de 12 à 5
2025-05-03 17:17:00,122 - INFO - IA: Raquette droite déplacée de 5 à 0
2025-05-03 17:17:00,174 - INFO - COLLISION: Balle a rebondi sur un mur à la position (507, -2)
2025-05-03 17:17:00,293 - INFO - IA: Raquette droite déplacée de 0 à 7
2025-05-03 17:17:00,310 - INFO - IA: Raquette droite déplacée de 7 à 0
2025-05-03 17:17:00,311 - INFO - COLLISION: Balle a rebondi sur une raquette à la position (555, 38)
2025-05-03 17:17:00,380 - INFO - IA: Raquette droite déplacée de 0 à 7
2025-05-03 17:17:00,397 - INFO - IA: Raquette droite déplacée de 7 à 0
2025-05-03 17:17:00,415 - INFO - IA: Raquette droite déplacée de 0 à 7
2025-05-03 17:17:00,433 - INFO - IA: Raquette droite déplacée de 7 à 14
2025-05-03 17:17:00,450 - INFO - IA: Raquette droite déplacée de 14 à 21
2025-05-03 17:17:00,467 - INFO - IA: Raquette droite déplacée de 21 à 28
2025-05-03 17:17:00,484 - INFO - IA: Raquette droite déplacée de 28 à 35
2025-05-03 17:17:00,502 - INFO - IA: Raquette droite déplacée de 35 à 28
2025-05-03 17:17:00,519 - INFO - IA: Raquette droite déplacée de 28 à 35
2025-05-03 17:17:00,537 - INFO - IA: Raquette droite déplacée de 35 à 42
2025-05-03 17:17:00,554 - INFO - IA: Raquette droite déplacée de 42 à 49
2025-05-03 17:17:00,571 - INFO - IA: Raquette droite déplacée de 49 à 56
2025-05-03 17:17:00,589 - INFO - IA: Raquette droite déplacée de 56 à 63
2025-05-03 17:17:00,607 - INFO - IA: Raquette droite déplacée de 63 à 56
2025-05-03 17:17:00,625 - INFO - IA: Raquette droite déplacée de 56 à 63
2025-05-03 17:17:00,643 - INFO - IA: Raquette droite déplacée de 63 à 70
2025-05-03 17:17:00,661 - INFO - IA: Raquette droite déplacée de 70 à 77
2025-05-03 17:17:00,679 - INFO - IA: Raquette droite déplacée de 77 à 84
2025-05-03 17:17:00,697 - INFO - IA: Raquette droite déplacée de 84 à 91
2025-05-03 17:17:00,715 - INFO - IA: Raquette droite déplacée de 91 à 98
2025-05-03 17:17:00,733 - INFO - IA: Raquette droite déplacée de 98 à 105
2025-05-03 17:17:00,750 - INFO - IA: Raquette droite déplacée de 105 à 98
2025-05-03 17:17:00,767 - INFO - IA: Raquette droite déplacée de 98 à 105
2025-05-03 17:17:00,784 - INFO - IA: Raquette droite déplacée de 105 à 112
2025-05-03 17:17:00,802 - INFO - IA: Raquette droite déplacée de 112 à 119
2025-05-03 17:17:00,819 - INFO - IA: Raquette droite déplacée de 119 à 126
2025-05-03 17:17:00,837 - INFO - IA: Raquette droite déplacée de 126 à 133
2025-05-03 17:17:00,853 - INFO - IA: Raquette droite déplacée de 133 à 140
2025-05-03 17:17:00,871 - INFO - IA: Raquette droite déplacée de 140 à 147
2025-05-03 17:17:00,888 - INFO - IA: Raquette droite déplacée de 147 à 154
2025-05-03 17:17:00,905 - INFO - IA: Raquette droite déplacée de 154 à 147
2025-05-03 17:17:00,923 - INFO - IA: Raquette droite déplacée de 147 à 154
2025-05-03 17:17:00,940 - INFO - IA: Raquette droite déplacée de 154 à 161
2025-05-03 17:17:00,957 - INFO - IA: Raquette droite déplacée de 161 à 154
2025-05-03 17:17:00,975 - INFO - IA: Raquette droite déplacée de 154 à 161
2025-05-03 17:17:00,992 - INFO - IA: Raquette droite déplacée de 161 à 168
2025-05-03 17:17:01,009 - INFO - IA: Raquette droite déplacée de 168 à 175
2025-05-03 17:17:01,026 - INFO - IA: Raquette droite déplacée de 175 à 182
2025-05-03 17:17:01,043 - INFO - IA: Raquette droite déplacée de 182 à 189
2025-05-03 17:17:01,060 - INFO - IA: Raquette droite déplacée de 189 à 196
2025-05-03 17:17:01,077 - INFO - IA: Raquette droite déplacée de 196 à 189
2025-05-03 17:17:01,094 - INFO - IA: Raquette droite déplacée de 189 à 196
2025-05-03 17:17:01,112 - INFO - IA: Raquette droite déplacée de 196 à 203
2025-05-03 17:17:01,129 - INFO - IA: Raquette droite déplacée de 203 à 210
2025-05-03 17:17:01,146 - INFO - IA: Raquette droite déplacée de 210 à 217
2025-05-03 17:17:01,163 - INFO - IA: Raquette droite déplacée de 217 à 224
2025-05-03 17:17:01,180 - INFO - IA: Raquette droite déplacée de 224 à 231
2025-05-03 17:17:01,196 - INFO - IA: Raquette droite déplacée de 231 à 238
2025-05-03 17:17:01,214 - INFO - IA: Raquette droite déplacée de 238 à 245
2025-05-03 17:17:01,231 - INFO - IA: Raquette droite déplacée de 245 à 252
2025-05-03 17:17:01,250 - INFO - IA: Raquette droite déplacée de 252 à 259
2025-05-03 17:17:01,267 - INFO - IA: Raquette droite déplacée de 259 à 252
2025-05-03 17:17:01,284 - INFO - IA: Raquette droite déplacée de 252 à 259
2025-05-03 17:17:01,301 - INFO - IA: Raquette droite déplacée de 259 à 266
2025-05-03 17:17:01,320 - INFO - IA: Raquette droite déplacée de 266 à 273
2025-05-03 17:17:01,337 - INFO - IA: Raquette droite déplacée de 273 à 280
2025-05-03 17:17:01,355 - INFO - IA: Raquette droite déplacée de 280 à 287
2025-05-03 17:17:01,373 - INFO - IA: Raquette droite déplacée de 287 à 280
2025-05-03 17:17:01,390 - INFO - IA: Raquette droite déplacée de 280 à 287
2025-05-03 17:17:01,407 - INFO - IA: Raquette droite déplacée de 287 à 280
2025-05-03 17:17:01,423 - INFO - IA: Raquette droite déplacée de 280 à 287
2025-05-03 17:17:01,441 - INFO - IA: Raquette droite déplacée de 287 à 294
2025-05-03 17:17:01,459 - INFO - IA: Raquette droite déplacée de 294 à 301
2025-05-03 17:17:01,477 - INFO - IA: Raquette droite déplacée de 301 à 308
2025-05-03 17:17:01,494 - INFO - IA: Raquette droite déplacée de 308 à 315
2025-05-03 17:17:01,512 - INFO - IA: Raquette droite déplacée de 315 à 322
2025-05-03 17:17:01,529 - INFO - IA: Raquette droite déplacée de 322 à 329
2025-05-03 17:17:01,546 - INFO - IA: Raquette droite déplacée de 329 à 336
2025-05-03 17:17:01,564 - INFO - IA: Raquette droite déplacée de 336 à 343
2025-05-03 17:17:01,581 - INFO - IA: Raquette droite déplacée de 343 à 336
2025-05-03 17:17:01,598 - INFO - IA: Raquette droite déplacée de 336 à 343
2025-05-03 17:17:01,616 - INFO - COLLISION: Balle a rebondi sur une raquette à la position (30, 413)
2025-05-03 17:17:01,633 - INFO - IA: Raquette droite déplacée de 343 à 350
2025-05-03 17:17:01,652 - INFO - IA: Raquette droite déplacée de 350 à 357
2025-05-03 17:17:01,669 - INFO - IA: Raquette droite déplacée de 357 à 364
2025-05-03 17:17:01,687 - INFO - IA: Raquette droite déplacée de 364 à 371
2025-05-03 17:17:01,706 - INFO - IA: Raquette droite déplacée de 371 à 378
2025-05-03 17:17:01,723 - INFO - IA: Raquette droite déplacée de 378 à 385
2025-05-03 17:17:01,740 - INFO - IA: Raquette droite déplacée de 385 à 390
2025-05-03 17:17:01,809 - INFO - COLLISION: Balle a rebondi sur un mur à la position (107, 468)
2025-05-03 17:17:01,927 - INFO - IA: Raquette droite déplacée de 390 à 383
2025-05-03 17:17:01,944 - INFO - IA: Raquette droite déplacée de 383 à 376
2025-05-03 17:17:01,962 - INFO - IA: Raquette droite déplacée de 376 à 383
2025-05-03 17:17:01,980 - INFO - IA: Raquette droite déplacée de 383 à 390
2025-05-03 17:17:02,014 - INFO - IA: Raquette droite déplacée de 390 à 383
2025-05-03 17:17:02,032 - INFO - IA: Raquette droite déplacée de 383 à 376
2025-05-03 17:17:02,049 - INFO - IA: Raquette droite déplacée de 376 à 369
2025-05-03 17:17:02,066 - INFO - IA: Raquette droite déplacée de 369 à 362
2025-05-03 17:17:02,083 - INFO - IA: Raquette droite déplacée de 362 à 369
2025-05-03 17:17:02,100 - INFO - IA: Raquette droite déplacée de 369 à 376
2025-05-03 17:17:02,117 - INFO - IA: Raquette droite déplacée de 376 à 369
2025-05-03 17:17:02,134 - INFO - IA: Raquette droite déplacée de 369 à 376
2025-05-03 17:17:02,152 - INFO - IA: Raquette droite déplacée de 376 à 369
2025-05-03 17:17:02,169 - INFO - IA: Raquette droite déplacée de 369 à 362
2025-05-03 17:17:02,186 - INFO - IA: Raquette droite déplacée de 362 à 355
2025-05-03 17:17:02,203 - INFO - IA: Raquette droite déplacée de 355 à 348
2025-05-03 17:17:02,221 - INFO - IA: Raquette droite déplacée de 348 à 341
2025-05-03 17:17:02,238 - INFO - IA: Raquette droite déplacée de 341 à 334
2025-05-03 17:17:02,255 - INFO - IA: Raquette droite déplacée de 334 à 327
2025-05-03 17:17:02,272 - INFO - IA: Raquette droite déplacée de 327 à 320
2025-05-03 17:17:02,290 - INFO - IA: Raquette droite déplacée de 320 à 313
2025-05-03 17:17:02,307 - INFO - IA: Raquette droite déplacée de 313 à 306
2025-05-03 17:17:02,323 - INFO - IA: Raquette droite déplacée de 306 à 299
2025-05-03 17:17:02,340 - INFO - IA: Raquette droite déplacée de 299 à 292
2025-05-03 17:17:02,375 - INFO - IA: Raquette droite déplacée de 292 à 285
2025-05-03 17:17:02,392 - INFO - IA: Raquette droite déplacée de 285 à 278
2025-05-03 17:17:02,409 - INFO - IA: Raquette droite déplacée de 278 à 271
2025-05-03 17:17:02,426 - INFO - IA: Raquette droite déplacée de 271 à 264
2025-05-03 17:17:02,443 - INFO - IA: Raquette droite déplacée de 264 à 257
2025-05-03 17:17:02,460 - INFO - IA: Raquette droite déplacée de 257 à 264
2025-05-03 17:17:02,477 - INFO - IA: Raquette droite déplacée de 264 à 257
2025-05-03 17:17:02,495 - INFO - IA: Raquette droite déplacée de 257 à 250
2025-05-03 17:17:02,512 - INFO - IA: Raquette droite déplacée de 250 à 257
2025-05-03 17:17:02,530 - INFO - IA: Raquette droite déplacée de 257 à 250
2025-05-03 17:17:02,548 - INFO - IA: Raquette droite déplacée de 250 à 243
2025-05-03 17:17:02,566 - INFO - IA: Raquette droite déplacée de 243 à 250
2025-05-03 17:17:02,584 - INFO - IA: Raquette droite déplacée de 250 à 243
2025-05-03 17:17:02,602 - INFO - IA: Raquette droite déplacée de 243 à 236
2025-05-03 17:17:02,620 - INFO - IA: Raquette droite déplacée de 236 à 229
2025-05-03 17:17:02,637 - INFO - IA: Raquette droite déplacée de 229 à 222
2025-05-03 17:17:02,654 - INFO - IA: Raquette droite déplacée de 222 à 215
2025-05-03 17:17:02,671 - INFO - IA: Raquette droite déplacée de 215 à 208
2025-05-03 17:17:02,689 - INFO - IA: Raquette droite déplacée de 208 à 201
2025-05-03 17:17:02,707 - INFO - IA: Raquette droite déplacée de 201 à 194
2025-05-03 17:17:02,724 - INFO - IA: Raquette droite déplacée de 194 à 187
2025-05-03 17:17:02,742 - INFO - IA: Raquette droite déplacée de 187 à 180
2025-05-03 17:17:02,760 - INFO - IA: Raquette droite déplacée de 180 à 173
2025-05-03 17:17:02,778 - INFO - IA: Raquette droite déplacée de 173 à 166
2025-05-03 17:17:02,796 - INFO - IA: Raquette droite déplacée de 166 à 159
2025-05-03 17:17:02,814 - INFO - IA: Raquette droite déplacée de 159 à 152
2025-05-03 17:17:02,831 - INFO - IA: Raquette droite déplacée de 152 à 145
2025-05-03 17:17:02,848 - INFO - IA: Raquette droite déplacée de 145 à 152
2025-05-03 17:17:02,866 - INFO - IA: Raquette droite déplacée de 152 à 145
2025-05-03 17:17:02,883 - INFO - IA: Raquette droite déplacée de 145 à 152
2025-05-03 17:17:02,901 - INFO - IA: Raquette droite déplacée de 152 à 145
2025-05-03 17:17:02,918 - INFO - IA: Raquette droite déplacée de 145 à 138
2025-05-03 17:17:02,918 - INFO - COLLISION: Balle a rebondi sur une raquette à la position (555, 148)
2025-05-03 17:17:02,935 - INFO - IA: Raquette droite déplacée de 138 à 131
2025-05-03 17:17:02,952 - INFO - IA: Raquette droite déplacée de 131 à 124
2025-05-03 17:17:02,970 - INFO - IA: Raquette droite déplacée de 124 à 117
2025-05-03 17:17:02,987 - INFO - IA: Raquette droite déplacée de 117 à 110
2025-05-03 17:17:03,004 - INFO - IA: Raquette droite déplacée de 110 à 103
2025-05-03 17:17:03,022 - INFO - IA: Raquette droite déplacée de 103 à 110
2025-05-03 17:17:03,039 - INFO - IA: Raquette droite déplacée de 110 à 103
2025-05-03 17:17:03,057 - INFO - IA: Raquette droite déplacée de 103 à 96
2025-05-03 17:17:03,074 - INFO - IA: Raquette droite déplacée de 96 à 89
2025-05-03 17:17:03,091 - INFO - IA: Raquette droite déplacée de 89 à 82
2025-05-03 17:17:03,108 - INFO - IA: Raquette droite déplacée de 82 à 75
2025-05-03 17:17:03,125 - INFO - IA: Raquette droite déplacée de 75 à 68
2025-05-03 17:17:03,142 - INFO - IA: Raquette droite déplacée de 68 à 61
2025-05-03 17:17:03,160 - INFO - IA: Raquette droite déplacée de 61 à 54
2025-05-03 17:17:03,177 - INFO - IA: Raquette droite déplacée de 54 à 47
2025-05-03 17:17:03,194 - INFO - IA: Raquette droite déplacée de 47 à 54
2025-05-03 17:17:03,211 - INFO - IA: Raquette droite déplacée de 54 à 47
2025-05-03 17:17:03,228 - INFO - IA: Raquette droite déplacée de 47 à 40
2025-05-03 17:17:03,245 - INFO - IA: Raquette droite déplacée de 40 à 33
2025-05-03 17:17:03,263 - INFO - IA: Raquette droite déplacée de 33 à 26
2025-05-03 17:17:03,280 - INFO - IA: Raquette droite déplacée de 26 à 19
2025-05-03 17:17:03,298 - INFO - IA: Raquette droite déplacée de 19 à 12
2025-05-03 17:17:03,316 - INFO - IA: Raquette droite déplacée de 12 à 19
2025-05-03 17:17:03,333 - INFO - IA: Raquette droite déplacée de 19 à 12
2025-05-03 17:17:03,350 - INFO - IA: Raquette droite déplacée de 12 à 5
2025-05-03 17:17:03,368 - INFO - IA: Raquette droite déplacée de 5 à 0
2025-05-03 17:17:03,437 - INFO - COLLISION: Balle a rebondi sur un mur à la position (315, -2)
2025-05-03 17:17:03,504 - INFO - IA: Raquette droite déplacée de 0 à 7
2025-05-03 17:17:03,522 - INFO - IA: Raquette droite déplacée de 7 à 0
2025-05-03 17:17:03,611 - INFO - IA: Raquette droite déplacée de 0 à 7
2025-05-03 17:17:03,628 - INFO - IA: Raquette droite déplacée de 7 à 14
2025-05-03 17:17:03,646 - INFO - IA: Raquette droite déplacée de 14 à 7
2025-05-03 17:17:03,663 - INFO - IA: Raquette droite déplacée de 7 à 14
2025-05-03 17:17:03,680 - INFO - IA: Raquette droite déplacée de 14 à 21
2025-05-03 17:17:03,697 - INFO - IA: Raquette droite déplacée de 21 à 28
2025-05-03 17:17:03,714 - INFO - IA: Raquette droite déplacée de 28 à 21
2025-05-03 17:17:03,731 - INFO - IA: Raquette droite déplacée de 21 à 28
2025-05-03 17:17:03,748 - INFO - IA: Raquette droite déplacée de 28 à 35
2025-05-03 17:17:03,766 - INFO - IA: Raquette droite déplacée de 35 à 42
2025-05-03 17:17:03,784 - INFO - IA: Raquette droite déplacée de 42 à 49
2025-05-03 17:17:03,804 - INFO - IA: Raquette droite déplacée de 49 à 56
2025-05-03 17:17:03,822 - INFO - IA: Raquette droite déplacée de 56 à 63
2025-05-03 17:17:03,840 - INFO - IA: Raquette droite déplacée de 63 à 70
2025-05-03 17:17:03,856 - INFO - IA: Raquette droite déplacée de 70 à 77
2025-05-03 17:17:03,873 - INFO - IA: Raquette droite déplacée de 77 à 70
2025-05-03 17:17:03,891 - INFO - IA: Raquette droite déplacée de 70 à 63
2025-05-03 17:17:03,909 - INFO - IA: Raquette droite déplacée de 63 à 70
2025-05-03 17:17:03,926 - INFO - IA: Raquette droite déplacée de 70 à 77
2025-05-03 17:17:03,944 - INFO - IA: Raquette droite déplacée de 77 à 84
2025-05-03 17:17:03,961 - INFO - IA: Raquette droite déplacée de 84 à 91
2025-05-03 17:17:03,979 - INFO - IA: Raquette droite déplacée de 91 à 84
2025-05-03 17:17:03,996 - INFO - IA: Raquette droite déplacée de 84 à 91
2025-05-03 17:17:04,013 - INFO - IA: Raquette droite déplacée de 91 à 98
2025-05-03 17:17:04,031 - INFO - IA: Raquette droite déplacée de 98 à 105
2025-05-03 17:17:04,049 - INFO - IA: Raquette droite déplacée de 105 à 112
2025-05-03 17:17:04,067 - INFO - IA: Raquette droite déplacée de 112 à 119
2025-05-03 17:17:04,084 - INFO - IA: Raquette droite déplacée de 119 à 126
2025-05-03 17:17:04,102 - INFO - IA: Raquette droite déplacée de 126 à 133
2025-05-03 17:17:04,119 - INFO - IA: Raquette droite déplacée de 133 à 140
2025-05-03 17:17:04,136 - INFO - IA: Raquette droite déplacée de 140 à 147
2025-05-03 17:17:04,136 - INFO - POINT: Joueur droite (IA) marque un point! Score: 0-26
2025-05-03 17:17:04,154 - INFO - IA: Raquette droite déplacée de 147 à 154
2025-05-03 17:17:04,172 - INFO - IA: Raquette droite déplacée de 154 à 161
2025-05-03 17:17:04,189 - INFO - IA: Raquette droite déplacée de 161 à 154
2025-05-03 17:17:04,206 - INFO - IA: Raquette droite déplacée de 154 à 161
2025-05-03 17:17:04,224 - INFO - IA: Raquette droite déplacée de 161 à 154
2025-05-03 17:17:04,258 - INFO - IA: Raquette droite déplacée de 154 à 161
2025-05-03 17:17:04,275 - INFO - IA: Raquette droite déplacée de 161 à 168
2025-05-03 17:17:04,292 - INFO - IA: Raquette droite déplacée de 168 à 175
2025-05-03 17:17:04,309 - INFO - IA: Raquette droite déplacée de 175 à 182
2025-05-03 17:17:04,326 - INFO - IA: Raquette droite déplacée de 182 à 175
2025-05-03 17:17:04,344 - INFO - IA: Raquette droite déplacée de 175 à 168
2025-05-03 17:17:04,361 - INFO - IA: Raquette droite déplacée de 168 à 161
2025-05-03 17:17:04,379 - INFO - IA: Raquette droite déplacée de 161 à 154
2025-05-03 17:17:04,396 - INFO - IA: Raquette droite déplacée de 154 à 147
2025-05-03 17:17:04,413 - INFO - IA: Raquette droite déplacée de 147 à 140
2025-05-03 17:17:04,430 - INFO - IA: Raquette droite déplacée de 140 à 133
2025-05-03 17:17:04,447 - INFO - IA: Raquette droite déplacée de 133 à 126
2025-05-03 17:17:04,465 - INFO - IA: Raquette droite déplacée de 126 à 119
2025-05-03 17:17:04,482 - INFO - IA: Raquette droite déplacée de 119 à 112
2025-05-03 17:17:04,500 - INFO - IA: Raquette droite déplacée de 112 à 105
2025-05-03 17:17:04,518 - INFO - IA: Raquette droite déplacée de 105 à 98
2025-05-03 17:17:04,535 - INFO - IA: Raquette droite déplacée de 98 à 91
2025-05-03 17:17:04,553 - INFO - IA: Raquette droite déplacée de 91 à 84
2025-05-03 17:17:04,571 - INFO - IA: Raquette droite déplacée de 84 à 77
2025-05-03 17:17:04,589 - INFO - IA: Raquette droite déplacée de 77 à 84
2025-05-03 17:17:04,606 - INFO - IA: Raquette droite déplacée de 84 à 77
2025-05-03 17:17:04,624 - INFO - IA: Raquette droite déplacée de 77 à 84
2025-05-03 17:17:04,641 - INFO - IA: Raquette droite déplacée de 84 à 77
2025-05-03 17:17:04,660 - INFO - IA: Raquette droite déplacée de 77 à 70
2025-05-03 17:17:04,677 - INFO - IA: Raquette droite déplacée de 70 à 63
2025-05-03 17:17:04,694 - INFO - IA: Raquette droite déplacée de 63 à 56
2025-05-03 17:17:04,711 - INFO - IA: Raquette droite déplacée de 56 à 63
2025-05-03 17:17:04,729 - INFO - IA: Raquette droite déplacée de 63 à 56
2025-05-03 17:17:04,746 - INFO - IA: Raquette droite déplacée de 56 à 49
2025-05-03 17:17:04,763 - INFO - IA: Raquette droite déplacée de 49 à 42
2025-05-03 17:17:04,781 - INFO - IA: Raquette droite déplacée de 42 à 35
2025-05-03 17:17:04,798 - INFO - IA: Raquette droite déplacée de 35 à 28
2025-05-03 17:17:04,815 - INFO - IA: Raquette droite déplacée de 28 à 21
2025-05-03 17:17:04,834 - INFO - IA: Raquette droite déplacée de 21 à 14
2025-05-03 17:17:04,852 - INFO - IA: Raquette droite déplacée de 14 à 21
2025-05-03 17:17:04,870 - INFO - IA: Raquette droite déplacée de 21 à 14
2025-05-03 17:17:04,888 - INFO - IA: Raquette droite déplacée de 14 à 7
2025-05-03 17:17:04,905 - INFO - IA: Raquette droite déplacée de 7 à 0
2025-05-03 17:17:04,956 - INFO - COLLISION: Balle a rebondi sur un mur à la position (528, -2)
2025-05-03 17:17:05,042 - INFO - IA: Raquette droite déplacée de 0 à 7
2025-05-03 17:17:05,042 - INFO - COLLISION: Balle a rebondi sur une raquette à la position (553, 23)
2025-05-03 17:17:05,059 - INFO - IA: Raquette droite déplacée de 7 à 0
2025-05-03 17:17:05,128 - INFO - IA: Raquette droite déplacée de 0 à 7
2025-05-03 17:17:05,146 - INFO - IA: Raquette droite déplacée de 7 à 0
2025-05-03 17:17:05,196 - INFO - IA: Raquette droite déplacée de 0 à 7
2025-05-03 17:17:05,214 - INFO - IA: Raquette droite déplacée de 7 à 14
2025-05-03 17:17:05,231 - INFO - IA: Raquette droite déplacée de 14 à 21
2025-05-03 17:17:05,248 - INFO - IA: Raquette droite déplacée de 21 à 28
2025-05-03 17:17:05,265 - INFO - IA: Raquette droite déplacée de 28 à 35
2025-05-03 17:17:05,283 - INFO - IA: Raquette droite déplacée de 35 à 42
2025-05-03 17:17:05,300 - INFO - IA: Raquette droite déplacée de 42 à 35
2025-05-03 17:17:05,317 - INFO - IA: Raquette droite déplacée de 35 à 42
2025-05-03 17:17:05,335 - INFO - IA: Raquette droite déplacée de 42 à 49
2025-05-03 17:17:05,352 - INFO - IA: Raquette droite déplacée de 49 à 42
2025-05-03 17:17:05,370 - INFO - IA: Raquette droite déplacée de 42 à 49
2025-05-03 17:17:05,388 - INFO - IA: Raquette droite déplacée de 49 à 56
2025-05-03 17:17:05,405 - INFO - IA: Raquette droite déplacée de 56 à 63
2025-05-03 17:17:05,440 - INFO - IA: Raquette droite déplacée de 63 à 70
2025-05-03 17:17:05,457 - INFO - IA: Raquette droite déplacée de 70 à 77
2025-05-03 17:17:05,475 - INFO - IA: Raquette droite déplacée de 77 à 84
2025-05-03 17:17:05,492 - INFO - IA: Raquette droite déplacée de 84 à 91
2025-05-03 17:17:05,509 - INFO - IA: Raquette droite déplacée de 91 à 98
2025-05-03 17:17:05,525 - INFO - IA: Raquette droite déplacée de 98 à 91
2025-05-03 17:17:05,543 - INFO - IA: Raquette droite déplacée de 91 à 98
2025-05-03 17:17:05,560 - INFO - IA: Raquette droite déplacée de 98 à 105
2025-05-03 17:17:05,578 - INFO - IA: Raquette droite déplacée de 105 à 112
2025-05-03 17:17:05,595 - INFO - IA: Raquette droite déplacée de 112 à 119
2025-05-03 17:17:05,612 - INFO - IA: Raquette droite déplacée de 119 à 126
2025-05-03 17:17:05,630 - INFO - IA: Raquette droite déplacée de 126 à 133
2025-05-03 17:17:05,648 - INFO - IA: Raquette droite déplacée de 133 à 140
2025-05-03 17:17:05,666 - INFO - IA: Raquette droite déplacée de 140 à 147
2025-05-03 17:17:05,683 - INFO - IA: Raquette droite déplacée de 147 à 140
2025-05-03 17:17:05,701 - INFO - IA: Raquette droite déplacée de 140 à 147
2025-05-03 17:17:05,719 - INFO - IA: Raquette droite déplacée de 147 à 154
2025-05-03 17:17:05,736 - INFO - IA: Raquette droite déplacée de 154 à 161
2025-05-03 17:17:05,754 - INFO - IA: Raquette droite déplacée de 161 à 168
2025-05-03 17:17:05,771 - INFO - IA: Raquette droite déplacée de 168 à 175
2025-05-03 17:17:05,790 - INFO - IA: Raquette droite déplacée de 175 à 182
2025-05-03 17:17:05,807 - INFO - IA: Raquette droite déplacée de 182 à 175
2025-05-03 17:17:05,824 - INFO - IA: Raquette droite déplacée de 175 à 182
2025-05-03 17:17:05,842 - INFO - IA: Raquette droite déplacée de 182 à 189
2025-05-03 17:17:05,859 - INFO - IA: Raquette droite déplacée de 189 à 196
2025-05-03 17:17:05,876 - INFO - IA: Raquette droite déplacée de 196 à 203
2025-05-03 17:17:05,894 - INFO - IA: Raquette droite déplacée de 203 à 210
2025-05-03 17:17:05,911 - INFO - IA: Raquette droite déplacée de 210 à 217
2025-05-03 17:17:05,929 - INFO - IA: Raquette droite déplacée de 217 à 224
2025-05-03 17:17:05,946 - INFO - IA: Raquette droite déplacée de 224 à 231
2025-05-03 17:17:05,963 - INFO - IA: Raquette droite déplacée de 231 à 224
2025-05-03 17:17:05,980 - INFO - IA: Raquette droite déplacée de 224 à 231
2025-05-03 17:17:05,997 - INFO - IA: Raquette droite déplacée de 231 à 238
2025-05-03 17:17:06,014 - INFO - IA: Raquette droite déplacée de 238 à 245
2025-05-03 17:17:06,032 - INFO - IA: Raquette droite déplacée de 245 à 252
2025-05-03 17:17:06,049 - INFO - IA: Raquette droite déplacée de 252 à 259
2025-05-03 17:17:06,066 - INFO - IA: Raquette droite déplacée de 259 à 266
2025-05-03 17:17:06,083 - INFO - IA: Raquette droite déplacée de 266 à 273
2025-05-03 17:17:06,100 - INFO - IA: Raquette droite déplacée de 273 à 280
2025-05-03 17:17:06,117 - INFO - IA: Raquette droite déplacée de 280 à 287
2025-05-03 17:17:06,134 - INFO - IA: Raquette droite déplacée de 287 à 294
2025-05-03 17:17:06,152 - INFO - IA: Raquette droite déplacée de 294 à 287
2025-05-03 17:17:06,170 - INFO - IA: Raquette droite déplacée de 287 à 280
2025-05-03 17:17:06,187 - INFO - IA: Raquette droite déplacée de 280 à 287
2025-05-03 17:17:06,204 - INFO - IA: Raquette droite déplacée de 287 à 294
2025-05-03 17:17:06,221 - INFO - IA: Raquette droite déplacée de 294 à 301
2025-05-03 17:17:06,238 - INFO - IA: Raquette droite déplacée de 301 à 308
2025-05-03 17:17:06,255 - INFO - IA: Raquette droite déplacée de 308 à 315
2025-05-03 17:17:06,272 - INFO - IA: Raquette droite déplacée de 315 à 322
2025-05-03 17:17:06,289 - INFO - IA: Raquette droite déplacée de 322 à 329
2025-05-03 17:17:06,306 - INFO - IA: Raquette droite déplacée de 329 à 336
2025-05-03 17:17:06,324 - INFO - IA: Raquette droite déplacée de 336 à 343
2025-05-03 17:17:06,340 - INFO - IA: Raquette droite déplacée de 343 à 336
2025-05-03 17:17:06,358 - INFO - IA: Raquette droite déplacée de 336 à 329
2025-05-03 17:17:06,375 - INFO - IA: Raquette droite déplacée de 329 à 336
2025-05-03 17:17:06,392 - INFO - IA: Raquette droite déplacée de 336 à 343
2025-05-03 17:17:06,409 - INFO - IA: Raquette droite déplacée de 343 à 350
2025-05-03 17:17:06,428 - INFO - IA: Raquette droite déplacée de 350 à 357
2025-05-03 17:17:06,445 - INFO - IA: Raquette droite déplacée de 357 à 364
2025-05-03 17:17:06,462 - INFO - IA: Raquette droite déplacée de 364 à 371
2025-05-03 17:17:06,480 - INFO - IA: Raquette droite déplacée de 371 à 378
2025-05-03 17:17:06,496 - INFO - IA: Raquette droite déplacée de 378 à 385
2025-05-03 17:17:06,515 - INFO - IA: Raquette droite déplacée de 385 à 390
2025-05-03 17:17:06,585 - INFO - COLLISION: Balle a rebondi sur un mur à la position (108, 468)
2025-05-03 17:17:06,707 - INFO - IA: Raquette droite déplacée de 390 à 383
2025-05-03 17:17:06,725 - INFO - IA: Raquette droite déplacée de 383 à 390
2025-05-03 17:17:06,743 - INFO - IA: Raquette droite déplacée de 390 à 383
2025-05-03 17:17:06,760 - INFO - IA: Raquette droite déplacée de 383 à 376
2025-05-03 17:17:06,778 - INFO - IA: Raquette droite déplacée de 376 à 369
2025-05-03 17:17:06,795 - INFO - IA: Raquette droite déplacée de 369 à 362
2025-05-03 17:17:06,812 - INFO - IA: Raquette droite déplacée de 362 à 369
2025-05-03 17:17:06,828 - INFO - IA: Raquette droite déplacée de 369 à 362
2025-05-03 17:17:06,846 - INFO - IA: Raquette droite déplacée de 362 à 369
2025-05-03 17:17:06,846 - INFO - COLLISION: Balle a rebondi sur une raquette à la position (33, 393)
2025-05-03 17:17:06,865 - INFO - IA: Raquette droite déplacée de 369 à 362
2025-05-03 17:17:06,882 - INFO - IA: Raquette droite déplacée de 362 à 355
2025-05-03 17:17:06,899 - INFO - IA: Raquette droite déplacée de 355 à 362
2025-05-03 17:17:06,917 - INFO - IA: Raquette droite déplacée de 362 à 355
2025-05-03 17:17:06,934 - INFO - IA: Raquette droite déplacée de 355 à 362
2025-05-03 17:17:06,951 - INFO - IA: Raquette droite déplacée de 362 à 355
2025-05-03 17:17:06,969 - INFO - IA: Raquette droite déplacée de 355 à 348
2025-05-03 17:17:06,987 - INFO - IA: Raquette droite déplacée de 348 à 341
2025-05-03 17:17:07,021 - INFO - IA: Raquette droite déplacée de 341 à 334
2025-05-03 17:17:07,039 - INFO - IA: Raquette droite déplacée de 334 à 327
2025-05-03 17:17:07,055 - INFO - IA: Raquette droite déplacée de 327 à 320
2025-05-03 17:17:07,072 - INFO - IA: Raquette droite déplacée de 320 à 313
2025-05-03 17:17:07,090 - INFO - IA: Raquette droite déplacée de 313 à 306
2025-05-03 17:17:07,106 - INFO - IA: Raquette droite déplacée de 306 à 299
2025-05-03 17:17:07,124 - INFO - IA: Raquette droite déplacée de 299 à 292
2025-05-03 17:17:07,141 - INFO - IA: Raquette droite déplacée de 292 à 285
2025-05-03 17:17:07,159 - INFO - IA: Raquette droite déplacée de 285 à 278
2025-05-03 17:17:07,176 - INFO - IA: Raquette droite déplacée de 278 à 271
2025-05-03 17:17:07,193 - INFO - IA: Raquette droite déplacée de 271 à 264
2025-05-03 17:17:07,210 - INFO - IA: Raquette droite déplacée de 264 à 257
2025-05-03 17:17:07,227 - INFO - IA: Raquette droite déplacée de 257 à 250
2025-05-03 17:17:07,245 - INFO - IA: Raquette droite déplacée de 250 à 257
2025-05-03 17:17:07,262 - INFO - IA: Raquette droite déplacée de 257 à 250
2025-05-03 17:17:07,279 - INFO - IA: Raquette droite déplacée de 250 à 243
2025-05-03 17:17:07,296 - INFO - IA: Raquette droite déplacée de 243 à 236
2025-05-03 17:17:07,313 - INFO - IA: Raquette droite déplacée de 236 à 243
2025-05-03 17:17:07,330 - INFO - IA: Raquette droite déplacée de 243 à 236
2025-05-03 17:17:07,348 - INFO - IA: Raquette droite déplacée de 236 à 229
2025-05-03 17:17:07,365 - INFO - IA: Raquette droite déplacée de 229 à 236
2025-05-03 17:17:07,383 - INFO - IA: Raquette droite déplacée de 236 à 229
2025-05-03 17:17:07,400 - INFO - IA: Raquette droite déplacée de 229 à 222
2025-05-03 17:17:07,417 - INFO - IA: Raquette droite déplacée de 222 à 215
2025-05-03 17:17:07,435 - INFO - IA: Raquette droite déplacée de 215 à 208
2025-05-03 17:17:07,453 - INFO - IA: Raquette droite déplacée de 208 à 201
2025-05-03 17:17:07,470 - INFO - IA: Raquette droite déplacée de 201 à 194
2025-05-03 17:17:07,488 - INFO - IA: Raquette droite déplacée de 194 à 201
2025-05-03 17:17:07,506 - INFO - IA: Raquette droite déplacée de 201 à 194
2025-05-03 17:17:07,524 - INFO - IA: Raquette droite déplacée de 194 à 187
2025-05-03 17:17:07,541 - INFO - IA: Raquette droite déplacée de 187 à 180
2025-05-03 17:17:07,558 - INFO - IA: Raquette droite déplacée de 180 à 173
2025-05-03 17:17:07,576 - INFO - IA: Raquette droite déplacée de 173 à 180
2025-05-03 17:17:07,593 - INFO - IA: Raquette droite déplacée de 180 à 173
2025-05-03 17:17:07,610 - INFO - IA: Raquette droite déplacée de 173 à 166
2025-05-03 17:17:07,628 - INFO - IA: Raquette droite déplacée de 166 à 159
2025-05-03 17:17:07,646 - INFO - IA: Raquette droite déplacée de 159 à 152
2025-05-03 17:17:07,663 - INFO - IA: Raquette droite déplacée de 152 à 145
2025-05-03 17:17:07,681 - INFO - IA: Raquette droite déplacée de 145 à 138
2025-05-03 17:17:07,700 - INFO - IA: Raquette droite déplacée de 138 à 131
2025-05-03 17:17:07,717 - INFO - IA: Raquette droite déplacée de 131 à 124
2025-05-03 17:17:07,735 - INFO - IA: Raquette droite déplacée de 124 à 131
2025-05-03 17:17:07,753 - INFO - IA: Raquette droite déplacée de 131 à 124
2025-05-03 17:17:07,771 - INFO - IA: Raquette droite déplacée de 124 à 117
2025-05-03 17:17:07,789 - INFO - IA: Raquette droite déplacée de 117 à 110
2025-05-03 17:17:07,807 - INFO - IA: Raquette droite déplacée de 110 à 103
2025-05-03 17:17:07,825 - INFO - IA: Raquette droite déplacée de 103 à 96
2025-05-03 17:17:07,842 - INFO - IA: Raquette droite déplacée de 96 à 89
2025-05-03 17:17:07,860 - INFO - IA: Raquette droite déplacée de 89 à 82
2025-05-03 17:17:07,877 - INFO - IA: Raquette droite déplacée de 82 à 75
2025-05-03 17:17:07,894 - INFO - IA: Raquette droite déplacée de 75 à 68
2025-05-03 17:17:07,912 - INFO - IA: Raquette droite déplacée de 68 à 75
2025-05-03 17:17:07,931 - INFO - IA: Raquette droite déplacée de 75 à 82
2025-05-03 17:17:07,949 - INFO - IA: Raquette droite déplacée de 82 à 75
2025-05-03 17:17:07,966 - INFO - IA: Raquette droite déplacée de 75 à 68
2025-05-03 17:17:07,984 - INFO - IA: Raquette droite déplacée de 68 à 61
2025-05-03 17:17:08,001 - INFO - IA: Raquette droite déplacée de 61 à 54
2025-05-03 17:17:08,019 - INFO - IA: Raquette droite déplacée de 54 à 47
2025-05-03 17:17:08,036 - INFO - IA: Raquette droite déplacée de 47 à 40
2025-05-03 17:17:08,055 - INFO - IA: Raquette droite déplacée de 40 à 33
2025-05-03 17:17:08,071 - INFO - IA: Raquette droite déplacée de 33 à 26
2025-05-03 17:17:08,088 - INFO - IA: Raquette droite déplacée de 26 à 19
2025-05-03 17:17:08,105 - INFO - IA: Raquette droite déplacée de 19 à 12
2025-05-03 17:17:08,122 - INFO - IA: Raquette droite déplacée de 12 à 19
2025-05-03 17:17:08,139 - INFO - IA: Raquette droite déplacée de 19 à 12
2025-05-03 17:17:08,156 - INFO - IA: Raquette droite déplacée de 12 à 5
2025-05-03 17:17:08,173 - INFO - IA: Raquette droite déplacée de 5 à 0
2025-05-03 17:17:08,225 - INFO - COLLISION: Balle a rebondi sur un mur à la position (507, -2)
2025-05-03 17:17:08,361 - INFO - IA: Raquette droite déplacée de 0 à 7
2025-05-03 17:17:08,361 - INFO - COLLISION: Balle a rebondi sur une raquette à la position (555, 38)
2025-05-03 17:17:08,378 - INFO - IA: Raquette droite déplacée de 7 à 0
2025-05-03 17:17:08,396 - INFO - IA: Raquette droite déplacée de 0 à 7
2025-05-03 17:17:08,413 - INFO - IA: Raquette droite déplacée de 7 à 0
2025-05-03 17:17:08,448 - INFO - IA: Raquette droite déplacée de 0 à 7
2025-05-03 17:17:08,466 - INFO - IA: Raquette droite déplacée de 7 à 14
2025-05-03 17:17:08,483 - INFO - IA: Raquette droite déplacée de 14 à 21
2025-05-03 17:17:08,500 - INFO - IA: Raquette droite déplacée de 21 à 28
2025-05-03 17:17:08,517 - INFO - IA: Raquette droite déplacée de 28 à 35
2025-05-03 17:17:08,534 - INFO - IA: Raquette droite déplacée de 35 à 42
2025-05-03 17:17:08,551 - INFO - IA: Raquette droite déplacée de 42 à 49
2025-05-03 17:17:08,569 - INFO - IA: Raquette droite déplacée de 49 à 56
2025-05-03 17:17:08,587 - INFO - IA: Raquette droite déplacée de 56 à 49
2025-05-03 17:17:08,604 - INFO - IA: Raquette droite déplacée de 49 à 56
2025-05-03 17:17:08,621 - INFO - IA: Raquette droite déplacée de 56 à 63
2025-05-03 17:17:08,639 - INFO - IA: Raquette droite déplacée de 63 à 70
2025-05-03 17:17:08,656 - INFO - IA: Raquette droite déplacée de 70 à 77
2025-05-03 17:17:08,674 - INFO - IA: Raquette droite déplacée de 77 à 84
2025-05-03 17:17:08,691 - INFO - IA: Raquette droite déplacée de 84 à 91
2025-05-03 17:17:08,708 - INFO - IA: Raquette droite déplacée de 91 à 98
2025-05-03 17:17:08,725 - INFO - IA: Raquette droite déplacée de 98 à 91
2025-05-03 17:17:08,743 - INFO - IA: Raquette droite déplacée de 91 à 84
2025-05-03 17:17:08,761 - INFO - IA: Raquette droite déplacée de 84 à 77
2025-05-03 17:17:08,780 - INFO - IA: Raquette droite déplacée de 77 à 84
2025-05-03 17:17:08,798 - INFO - IA: Raquette droite déplacée de 84 à 91
2025-05-03 17:17:08,816 - INFO - IA: Raquette droite déplacée de 91 à 98
2025-05-03 17:17:08,833 - INFO - IA: Raquette droite déplacée de 98 à 105
2025-05-03 17:17:08,850 - INFO - IA: Raquette droite déplacée de 105 à 112
2025-05-03 17:17:08,867 - INFO - IA: Raquette droite déplacée de 112 à 119
2025-05-03 17:17:08,889 - INFO - IA: Raquette droite déplacée de 119 à 126
2025-05-03 17:17:08,907 - INFO - IA: Raquette droite déplacée de 126 à 133
2025-05-03 17:17:08,926 - INFO - IA: Raquette droite déplacée de 133 à 140
2025-05-03 17:17:08,944 - INFO - IA: Raquette droite déplacée de 140 à 147
2025-05-03 17:17:08,962 - INFO - IA: Raquette droite déplacée de 147 à 154
2025-05-03 17:17:08,981 - INFO - IA: Raquette droite déplacée de 154 à 147
2025-05-03 17:17:08,999 - INFO - IA: Raquette droite déplacée de 147 à 154
2025-05-03 17:17:09,017 - INFO - IA: Raquette droite déplacée de 154 à 161
2025-05-03 17:17:09,034 - INFO - IA: Raquette droite déplacée de 161 à 154
2025-05-03 17:17:09,052 - INFO - IA: Raquette droite déplacée de 154 à 161
2025-05-03 17:17:09,070 - INFO - IA: Raquette droite déplacée de 161 à 168
2025-05-03 17:17:09,087 - INFO - IA: Raquette droite déplacée de 168 à 175
2025-05-03 17:17:09,104 - INFO - IA: Raquette droite déplacée de 175 à 182
2025-05-03 17:17:09,121 - INFO - IA: Raquette droite déplacée de 182 à 189
2025-05-03 17:17:09,137 - INFO - IA: Raquette droite déplacée de 189 à 196
2025-05-03 17:17:09,154 - INFO - IA: Raquette droite déplacée de 196 à 203
2025-05-03 17:17:09,176 - INFO - IA: Raquette droite déplacée de 203 à 210
2025-05-03 17:17:09,193 - INFO - IA: Raquette droite déplacée de 210 à 203
2025-05-03 17:17:09,210 - INFO - IA: Raquette droite déplacée de 203 à 210
2025-05-03 17:17:09,228 - INFO - IA: Raquette droite déplacée de 210 à 217
2025-05-03 17:17:09,246 - INFO - IA: Raquette droite déplacée de 217 à 224
2025-05-03 17:17:09,264 - INFO - IA: Raquette droite déplacée de 224 à 231
2025-05-03 17:17:09,282 - INFO - IA: Raquette droite déplacée de 231 à 238
2025-05-03 17:17:09,300 - INFO - IA: Raquette droite déplacée de 238 à 245
2025-05-03 17:17:09,318 - INFO - IA: Raquette droite déplacée de 245 à 252
2025-05-03 17:17:09,336 - INFO - IA: Raquette droite déplacée de 252 à 259
2025-05-03 17:17:09,354 - INFO - IA: Raquette droite déplacée de 259 à 266
2025-05-03 17:17:09,373 - INFO - IA: Raquette droite déplacée de 266 à 273
2025-05-03 17:17:09,391 - INFO - IA: Raquette droite déplacée de 273 à 266
2025-05-03 17:17:09,408 - INFO - IA: Raquette droite déplacée de 266 à 273
2025-05-03 17:17:09,426 - INFO - IA: Raquette droite déplacée de 273 à 280
2025-05-03 17:17:09,443 - INFO - IA: Raquette droite déplacée de 280 à 287
2025-05-03 17:17:09,460 - INFO - IA: Raquette droite déplacée de 287 à 280
2025-05-03 17:17:09,477 - INFO - IA: Raquette droite déplacée de 280 à 287
2025-05-03 17:17:09,494 - INFO - IA: Raquette droite déplacée de 287 à 294
2025-05-03 17:17:09,512 - INFO - IA: Raquette droite déplacée de 294 à 301
2025-05-03 17:17:09,530 - INFO - IA: Raquette droite déplacée de 301 à 308
2025-05-03 17:17:09,547 - INFO - IA: Raquette droite déplacée de 308 à 315
2025-05-03 17:17:09,564 - INFO - IA: Raquette droite déplacée de 315 à 322
2025-05-03 17:17:09,581 - INFO - IA: Raquette droite déplacée de 322 à 329
2025-05-03 17:17:09,600 - INFO - IA: Raquette droite déplacée de 329 à 322
2025-05-03 17:17:09,618 - INFO - IA: Raquette droite déplacée de 322 à 329
2025-05-03 17:17:09,636 - INFO - IA: Raquette droite déplacée de 329 à 336
2025-05-03 17:17:09,653 - INFO - IA: Raquette droite déplacée de 336 à 343
2025-05-03 17:17:09,671 - INFO - IA: Raquette droite déplacée de 343 à 350
2025-05-03 17:17:09,689 - INFO - IA: Raquette droite déplacée de 350 à 357
2025-05-03 17:17:09,689 - INFO - COLLISION: Balle a rebondi sur une raquette à la position (30, 413)
2025-05-03 17:17:09,707 - INFO - IA: Raquette droite déplacée de 357 à 364
2025-05-03 17:17:09,724 - INFO - IA: Raquette droite déplacée de 364 à 371
2025-05-03 17:17:09,741 - INFO - IA: Raquette droite déplacée de 371 à 378
2025-05-03 17:17:09,758 - INFO - IA: Raquette droite déplacée de 378 à 371
2025-05-03 17:17:09,776 - INFO - IA: Raquette droite déplacée de 371 à 378
2025-05-03 17:17:09,794 - INFO - IA: Raquette droite déplacée de 378 à 385
2025-05-03 17:17:09,813 - INFO - IA: Raquette droite déplacée de 385 à 390
2025-05-03 17:17:09,884 - INFO - COLLISION: Balle a rebondi sur un mur à la position (107, 468)
2025-05-03 17:17:10,006 - INFO - IA: Raquette droite déplacée de 390 à 383
2025-05-03 17:17:10,024 - INFO - IA: Raquette droite déplacée de 383 à 390
2025-05-03 17:17:10,059 - INFO - IA: Raquette droite déplacée de 390 à 383
2025-05-03 17:17:10,077 - INFO - IA: Raquette droite déplacée de 383 à 376
2025-05-03 17:17:10,095 - INFO - IA: Raquette droite déplacée de 376 à 383
2025-05-03 17:17:10,113 - INFO - IA: Raquette droite déplacée de 383 à 376
2025-05-03 17:17:10,131 - INFO - IA: Raquette droite déplacée de 376 à 369
2025-05-03 17:17:10,150 - INFO - IA: Raquette droite déplacée de 369 à 376
2025-05-03 17:17:10,167 - INFO - IA: Raquette droite déplacée de 376 à 369
2025-05-03 17:17:10,185 - INFO - IA: Raquette droite déplacée de 369 à 362
2025-05-03 17:17:10,202 - INFO - IA: Raquette droite déplacée de 362 à 355
2025-05-03 17:17:10,219 - INFO - IA: Raquette droite déplacée de 355 à 348
2025-05-03 17:17:10,236 - INFO - IA: Raquette droite déplacée de 348 à 355
2025-05-03 17:17:10,253 - INFO - IA: Raquette droite déplacée de 355 à 348
2025-05-03 17:17:10,269 - INFO - IA: Raquette droite déplacée de 348 à 341
2025-05-03 17:17:10,294 - INFO - IA: Raquette droite déplacée de 341 à 334
2025-05-03 17:17:10,312 - INFO - IA: Raquette droite déplacée de 334 à 327
2025-05-03 17:17:10,330 - INFO - IA: Raquette droite déplacée de 327 à 320
2025-05-03 17:17:10,349 - INFO - IA: Raquette droite déplacée de 320 à 327
2025-05-03 17:17:10,366 - INFO - IA: Raquette droite déplacée de 327 à 320
2025-05-03 17:17:10,384 - INFO - IA: Raquette droite déplacée de 320 à 313
2025-05-03 17:17:10,401 - INFO - IA: Raquette droite déplacée de 313 à 320
2025-05-03 17:17:10,419 - INFO - IA: Raquette droite déplacée de 320 à 313
2025-05-03 17:17:10,436 - INFO - IA: Raquette droite déplacée de 313 à 306
2025-05-03 17:17:10,453 - INFO - IA: Raquette droite déplacée de 306 à 299
2025-05-03 17:17:10,471 - INFO - IA: Raquette droite déplacée de 299 à 292
2025-05-03 17:17:10,488 - INFO - IA: Raquette droite déplacée de 292 à 285
2025-05-03 17:17:10,505 - INFO - IA: Raquette droite déplacée de 285 à 278
2025-05-03 17:17:10,522 - INFO - IA: Raquette droite déplacée de 278 à 271
2025-05-03 17:17:10,540 - INFO - IA: Raquette droite déplacée de 271 à 264
2025-05-03 17:17:10,557 - INFO - IA: Raquette droite déplacée de 264 à 257
2025-05-03 17:17:10,574 - INFO - IA: Raquette droite déplacée de 257 à 264
2025-05-03 17:17:10,591 - INFO - IA: Raquette droite déplacée de 264 à 257
2025-05-03 17:17:10,609 - INFO - IA: Raquette droite déplacée de 257 à 250
2025-05-03 17:17:10,627 - INFO - IA: Raquette droite déplacée de 250 à 243
2025-05-03 17:17:10,644 - INFO - IA: Raquette droite déplacée de 243 à 236
2025-05-03 17:17:10,661 - INFO - IA: Raquette droite déplacée de 236 à 243
2025-05-03 17:17:10,679 - INFO - IA: Raquette droite déplacée de 243 à 236
2025-05-03 17:17:10,697 - INFO - IA: Raquette droite déplacée de 236 à 229
2025-05-03 17:17:10,715 - INFO - IA: Raquette droite déplacée de 229 à 222
2025-05-03 17:17:10,733 - INFO - IA: Raquette droite déplacée de 222 à 215
2025-05-03 17:17:10,751 - INFO - IA: Raquette droite déplacée de 215 à 208
2025-05-03 17:17:10,770 - INFO - IA: Raquette droite déplacée de 208 à 201
2025-05-03 17:17:10,788 - INFO - IA: Raquette droite déplacée de 201 à 194
2025-05-03 17:17:10,806 - INFO - IA: Raquette droite déplacée de 194 à 187
2025-05-03 17:17:10,824 - INFO - IA: Raquette droite déplacée de 187 à 180
2025-05-03 17:17:10,841 - INFO - IA: Raquette droite déplacée de 180 à 173
2025-05-03 17:17:10,859 - INFO - IA: Raquette droite déplacée de 173 à 166
2025-05-03 17:17:10,876 - INFO - IA: Raquette droite déplacée de 166 à 159
2025-05-03 17:17:10,894 - INFO - IA: Raquette droite déplacée de 159 à 152
2025-05-03 17:17:10,912 - INFO - IA: Raquette droite déplacée de 152 à 145
2025-05-03 17:17:10,930 - INFO - IA: Raquette droite déplacée de 145 à 138
2025-05-03 17:17:10,947 - INFO - IA: Raquette droite déplacée de 138 à 131
2025-05-03 17:17:10,964 - INFO - IA: Raquette droite déplacée de 131 à 124
2025-05-03 17:17:10,983 - INFO - IA: Raquette droite déplacée de 124 à 117
2025-05-03 17:17:11,001 - INFO - IA: Raquette droite déplacée de 117 à 124
2025-05-03 17:17:11,020 - INFO - IA: Raquette droite déplacée de 124 à 131
2025-05-03 17:17:11,020 - INFO - COLLISION: Balle a rebondi sur une raquette à la position (555, 148)
2025-05-03 17:17:11,038 - INFO - IA: Raquette droite déplacée de 131 à 124
2025-05-03 17:17:11,056 - INFO - IA: Raquette droite déplacée de 124 à 117
2025-05-03 17:17:11,074 - INFO - IA: Raquette droite déplacée de 117 à 110
2025-05-03 17:17:11,094 - INFO - IA: Raquette droite déplacée de 110 à 103
2025-05-03 17:17:11,112 - INFO - IA: Raquette droite déplacée de 103 à 110
2025-05-03 17:17:11,132 - INFO - IA: Raquette droite déplacée de 110 à 103
2025-05-03 17:17:11,149 - INFO - IA: Raquette droite déplacée de 103 à 96
2025-05-03 17:17:11,166 - INFO - IA: Raquette droite déplacée de 96 à 89
2025-05-03 17:17:11,273 - INFO - IA: Raquette droite déplacée de 89 à 82
