2025-05-03 16:21:31,684 - INFO - IA: Raquette IA initialisée à la position (565, 195)
2025-05-03 16:21:31,685 - INFO - Jeu initialisé avec succès
2025-05-03 16:21:31,685 - INFO - Taille de l'écran: 600x480
2025-05-03 16:21:31,686 - INFO - Position initiale raquette gauche: <rect(20, 195, 15, 90)>
2025-05-03 16:21:31,686 - INFO - Position initiale raquette droite: <rect(565, 195, 15, 90)>
2025-05-03 16:21:31,686 - INFO - Position initiale balle: <rect(293, 233, 15, 15)>
2025-05-03 16:21:31,686 - INFO - IA: Raquette droite déplacée de 195 à 188
2025-05-03 16:21:31,705 - INFO - IA: Raquette droite déplacée de 188 à 181
2025-05-03 16:21:31,724 - INFO - IA: Raquette droite déplacée de 181 à 188
2025-05-03 16:21:31,742 - INFO - IA: Raquette droite déplacée de 188 à 195
2025-05-03 16:21:31,759 - INFO - IA: Raquette droite déplacée de 195 à 202
2025-05-03 16:21:31,777 - INFO - IA: Raquette droite déplacée de 202 à 209
2025-05-03 16:21:31,796 - INFO - IA: Raquette droite déplacée de 209 à 216
2025-05-03 16:21:31,814 - INFO - IA: Raquette droite déplacée de 216 à 223
2025-05-03 16:21:31,832 - INFO - IA: Raquette droite déplacée de 223 à 230
2025-05-03 16:21:31,849 - INFO - IA: Raquette droite déplacée de 230 à 223
2025-05-03 16:21:31,868 - INFO - IA: Raquette droite déplacée de 223 à 230
2025-05-03 16:21:31,886 - INFO - IA: Raquette droite déplacée de 230 à 223
2025-05-03 16:21:31,903 - INFO - IA: Raquette droite déplacée de 223 à 230
2025-05-03 16:21:31,921 - INFO - IA: Raquette droite déplacée de 230 à 237
2025-05-03 16:21:31,939 - INFO - IA: Raquette droite déplacée de 237 à 244
2025-05-03 16:21:31,956 - INFO - IA: Raquette droite déplacée de 244 à 251
2025-05-03 16:21:31,974 - INFO - IA: Raquette droite déplacée de 251 à 258
2025-05-03 16:21:31,992 - INFO - IA: Raquette droite déplacée de 258 à 265
2025-05-03 16:21:32,010 - INFO - IA: Raquette droite déplacée de 265 à 272
2025-05-03 16:21:32,027 - INFO - IA: Raquette droite déplacée de 272 à 279
2025-05-03 16:21:32,043 - INFO - IA: Raquette droite déplacée de 279 à 272
2025-05-03 16:21:32,061 - INFO - IA: Raquette droite déplacée de 272 à 279
2025-05-03 16:21:32,079 - INFO - IA: Raquette droite déplacée de 279 à 286
2025-05-03 16:21:32,096 - INFO - IA: Raquette droite déplacée de 286 à 293
2025-05-03 16:21:32,113 - INFO - IA: Raquette droite déplacée de 293 à 300
2025-05-03 16:21:32,131 - INFO - IA: Raquette droite déplacée de 300 à 307
2025-05-03 16:21:32,149 - INFO - IA: Raquette droite déplacée de 307 à 314
2025-05-03 16:21:32,166 - INFO - IA: Raquette droite déplacée de 314 à 321
2025-05-03 16:21:32,184 - INFO - IA: Raquette droite déplacée de 321 à 328
2025-05-03 16:21:32,201 - INFO - IA: Raquette droite déplacée de 328 à 321
2025-05-03 16:21:32,219 - INFO - IA: Raquette droite déplacée de 321 à 328
2025-05-03 16:21:32,237 - INFO - IA: Raquette droite déplacée de 328 à 335
2025-05-03 16:21:32,254 - INFO - IA: Raquette droite déplacée de 335 à 342
2025-05-03 16:21:32,272 - INFO - IA: Raquette droite déplacée de 342 à 349
2025-05-03 16:21:32,290 - INFO - IA: Raquette droite déplacée de 349 à 342
2025-05-03 16:21:32,308 - INFO - IA: Raquette droite déplacée de 342 à 349
2025-05-03 16:21:32,325 - INFO - IA: Raquette droite déplacée de 349 à 356
2025-05-03 16:21:32,342 - INFO - IA: Raquette droite déplacée de 356 à 363
2025-05-03 16:21:32,359 - INFO - IA: Raquette droite déplacée de 363 à 370
2025-05-03 16:21:32,377 - INFO - IA: Raquette droite déplacée de 370 à 377
2025-05-03 16:21:32,393 - INFO - IA: Raquette droite déplacée de 377 à 384
2025-05-03 16:21:32,411 - INFO - IA: Raquette droite déplacée de 384 à 377
2025-05-03 16:21:32,428 - INFO - IA: Raquette droite déplacée de 377 à 384
2025-05-03 16:21:32,445 - INFO - IA: Raquette droite déplacée de 384 à 390
2025-05-03 16:21:32,497 - INFO - COLLISION: Balle a rebondi sur un mur à la position (528, 468)
2025-05-03 16:21:32,584 - INFO - COLLISION: Balle a rebondi sur une raquette à la position (553, 443)
2025-05-03 16:21:32,619 - INFO - IA: Raquette droite déplacée de 390 à 383
2025-05-03 16:21:32,635 - INFO - IA: Raquette droite déplacée de 383 à 390
2025-05-03 16:21:32,671 - INFO - IA: Raquette droite déplacée de 390 à 383
2025-05-03 16:21:32,688 - INFO - IA: Raquette droite déplacée de 383 à 390
2025-05-03 16:21:32,705 - INFO - IA: Raquette droite déplacée de 390 à 383
2025-05-03 16:21:32,724 - INFO - IA: Raquette droite déplacée de 383 à 376
2025-05-03 16:21:32,741 - INFO - IA: Raquette droite déplacée de 376 à 383
2025-05-03 16:21:32,758 - INFO - IA: Raquette droite déplacée de 383 à 376
2025-05-03 16:21:32,776 - INFO - IA: Raquette droite déplacée de 376 à 369
2025-05-03 16:21:32,793 - INFO - IA: Raquette droite déplacée de 369 à 362
2025-05-03 16:21:32,811 - INFO - IA: Raquette droite déplacée de 362 à 355
2025-05-03 16:21:32,829 - INFO - IA: Raquette droite déplacée de 355 à 348
2025-05-03 16:21:32,847 - INFO - IA: Raquette droite déplacée de 348 à 355
2025-05-03 16:21:32,863 - INFO - IA: Raquette droite déplacée de 355 à 348
2025-05-03 16:21:32,881 - INFO - IA: Raquette droite déplacée de 348 à 341
2025-05-03 16:21:32,899 - INFO - IA: Raquette droite déplacée de 341 à 348
2025-05-03 16:21:32,916 - INFO - IA: Raquette droite déplacée de 348 à 341
2025-05-03 16:21:32,934 - INFO - IA: Raquette droite déplacée de 341 à 334
2025-05-03 16:21:32,951 - INFO - IA: Raquette droite déplacée de 334 à 327
2025-05-03 16:21:32,967 - INFO - IA: Raquette droite déplacée de 327 à 320
2025-05-03 16:21:32,985 - INFO - IA: Raquette droite déplacée de 320 à 313
2025-05-03 16:21:33,002 - INFO - IA: Raquette droite déplacée de 313 à 306
2025-05-03 16:21:33,020 - INFO - IA: Raquette droite déplacée de 306 à 299
2025-05-03 16:21:33,039 - INFO - IA: Raquette droite déplacée de 299 à 292
2025-05-03 16:21:33,057 - INFO - IA: Raquette droite déplacée de 292 à 285
2025-05-03 16:21:33,075 - INFO - IA: Raquette droite déplacée de 285 à 292
2025-05-03 16:21:33,092 - INFO - IA: Raquette droite déplacée de 292 à 285
2025-05-03 16:21:33,109 - INFO - IA: Raquette droite déplacée de 285 à 278
2025-05-03 16:21:33,126 - INFO - IA: Raquette droite déplacée de 278 à 271
2025-05-03 16:21:33,143 - INFO - IA: Raquette droite déplacée de 271 à 278
2025-05-03 16:21:33,160 - INFO - IA: Raquette droite déplacée de 278 à 271
2025-05-03 16:21:33,177 - INFO - IA: Raquette droite déplacée de 271 à 264
2025-05-03 16:21:33,194 - INFO - IA: Raquette droite déplacée de 264 à 257
2025-05-03 16:21:33,212 - INFO - IA: Raquette droite déplacée de 257 à 250
2025-05-03 16:21:33,229 - INFO - IA: Raquette droite déplacée de 250 à 243
2025-05-03 16:21:33,247 - INFO - IA: Raquette droite déplacée de 243 à 236
2025-05-03 16:21:33,264 - INFO - IA: Raquette droite déplacée de 236 à 229
2025-05-03 16:21:33,281 - INFO - IA: Raquette droite déplacée de 229 à 236
2025-05-03 16:21:33,298 - INFO - IA: Raquette droite déplacée de 236 à 229
2025-05-03 16:21:33,317 - INFO - IA: Raquette droite déplacée de 229 à 222
2025-05-03 16:21:33,335 - INFO - IA: Raquette droite déplacée de 222 à 215
2025-05-03 16:21:33,352 - INFO - IA: Raquette droite déplacée de 215 à 208
2025-05-03 16:21:33,369 - INFO - IA: Raquette droite déplacée de 208 à 201
2025-05-03 16:21:33,386 - INFO - IA: Raquette droite déplacée de 201 à 194
2025-05-03 16:21:33,404 - INFO - IA: Raquette droite déplacée de 194 à 187
2025-05-03 16:21:33,421 - INFO - IA: Raquette droite déplacée de 187 à 194
2025-05-03 16:21:33,439 - INFO - IA: Raquette droite déplacée de 194 à 187
2025-05-03 16:21:33,457 - INFO - IA: Raquette droite déplacée de 187 à 180
2025-05-03 16:21:33,474 - INFO - IA: Raquette droite déplacée de 180 à 173
2025-05-03 16:21:33,491 - INFO - IA: Raquette droite déplacée de 173 à 166
2025-05-03 16:21:33,508 - INFO - IA: Raquette droite déplacée de 166 à 159
2025-05-03 16:21:33,525 - INFO - IA: Raquette droite déplacée de 159 à 152
2025-05-03 16:21:33,543 - INFO - IA: Raquette droite déplacée de 152 à 145
2025-05-03 16:21:33,561 - INFO - IA: Raquette droite déplacée de 145 à 138
2025-05-03 16:21:33,578 - INFO - IA: Raquette droite déplacée de 138 à 145
2025-05-03 16:21:33,596 - INFO - IA: Raquette droite déplacée de 145 à 138
2025-05-03 16:21:33,613 - INFO - IA: Raquette droite déplacée de 138 à 131
2025-05-03 16:21:33,631 - INFO - IA: Raquette droite déplacée de 131 à 124
2025-05-03 16:21:33,649 - INFO - IA: Raquette droite déplacée de 124 à 117
2025-05-03 16:21:33,667 - INFO - IA: Raquette droite déplacée de 117 à 110
2025-05-03 16:21:33,683 - INFO - IA: Raquette droite déplacée de 110 à 103
2025-05-03 16:21:33,701 - INFO - IA: Raquette droite déplacée de 103 à 110
2025-05-03 16:21:33,719 - INFO - IA: Raquette droite déplacée de 110 à 103
2025-05-03 16:21:33,737 - INFO - IA: Raquette droite déplacée de 103 à 96
2025-05-03 16:21:33,757 - INFO - IA: Raquette droite déplacée de 96 à 89
2025-05-03 16:21:33,774 - INFO - IA: Raquette droite déplacée de 89 à 82
2025-05-03 16:21:33,791 - INFO - IA: Raquette droite déplacée de 82 à 75
2025-05-03 16:21:33,809 - INFO - IA: Raquette droite déplacée de 75 à 68
2025-05-03 16:21:33,826 - INFO - IA: Raquette droite déplacée de 68 à 61
2025-05-03 16:21:33,844 - INFO - IA: Raquette droite déplacée de 61 à 54
2025-05-03 16:21:33,861 - INFO - IA: Raquette droite déplacée de 54 à 61
2025-05-03 16:21:33,879 - INFO - IA: Raquette droite déplacée de 61 à 54
2025-05-03 16:21:33,897 - INFO - IA: Raquette droite déplacée de 54 à 47
2025-05-03 16:21:33,914 - INFO - IA: Raquette droite déplacée de 47 à 54
2025-05-03 16:21:33,931 - INFO - IA: Raquette droite déplacée de 54 à 47
2025-05-03 16:21:33,948 - INFO - IA: Raquette droite déplacée de 47 à 40
2025-05-03 16:21:33,965 - INFO - IA: Raquette droite déplacée de 40 à 33
2025-05-03 16:21:33,982 - INFO - IA: Raquette droite déplacée de 33 à 40
2025-05-03 16:21:33,998 - INFO - IA: Raquette droite déplacée de 40 à 33
2025-05-03 16:21:34,015 - INFO - IA: Raquette droite déplacée de 33 à 26
2025-05-03 16:21:34,033 - INFO - IA: Raquette droite déplacée de 26 à 19
2025-05-03 16:21:34,050 - INFO - IA: Raquette droite déplacée de 19 à 12
2025-05-03 16:21:34,067 - INFO - IA: Raquette droite déplacée de 12 à 5
2025-05-03 16:21:34,084 - INFO - IA: Raquette droite déplacée de 5 à 0
2025-05-03 16:21:34,102 - INFO - IA: Raquette droite déplacée de 0 à 7
2025-05-03 16:21:34,119 - INFO - IA: Raquette droite déplacée de 7 à 0
2025-05-03 16:21:34,136 - INFO - COLLISION: Balle a rebondi sur un mur à la position (108, -2)
2025-05-03 16:21:34,310 - INFO - IA: Raquette droite déplacée de 0 à 7
2025-05-03 16:21:34,327 - INFO - IA: Raquette droite déplacée de 7 à 0
2025-05-03 16:21:34,344 - INFO - IA: Raquette droite déplacée de 0 à 7
2025-05-03 16:21:34,362 - INFO - IA: Raquette droite déplacée de 7 à 0
2025-05-03 16:21:34,381 - INFO - IA: Raquette droite déplacée de 0 à 7
2025-05-03 16:21:34,399 - INFO - IA: Raquette droite déplacée de 7 à 0
2025-05-03 16:21:34,418 - INFO - IA: Raquette droite déplacée de 0 à 7
2025-05-03 16:21:34,436 - INFO - IA: Raquette droite déplacée de 7 à 14
2025-05-03 16:21:34,454 - INFO - IA: Raquette droite déplacée de 14 à 21
2025-05-03 16:21:34,471 - INFO - IA: Raquette droite déplacée de 21 à 28
2025-05-03 16:21:34,489 - INFO - IA: Raquette droite déplacée de 28 à 35
2025-05-03 16:21:34,506 - INFO - IA: Raquette droite déplacée de 35 à 42
2025-05-03 16:21:34,523 - INFO - IA: Raquette droite déplacée de 42 à 35
2025-05-03 16:21:34,524 - INFO - POINT: Joueur droite (IA) marque un point! Score: 0-1
2025-05-03 16:21:34,541 - INFO - IA: Raquette droite déplacée de 35 à 42
2025-05-03 16:21:34,559 - INFO - IA: Raquette droite déplacée de 42 à 49
2025-05-03 16:21:34,576 - INFO - IA: Raquette droite déplacée de 49 à 56
2025-05-03 16:21:34,593 - INFO - IA: Raquette droite déplacée de 56 à 63
2025-05-03 16:21:34,610 - INFO - IA: Raquette droite déplacée de 63 à 70
2025-05-03 16:21:34,627 - INFO - IA: Raquette droite déplacée de 70 à 77
2025-05-03 16:21:34,645 - INFO - IA: Raquette droite déplacée de 77 à 84
2025-05-03 16:21:34,661 - INFO - IA: Raquette droite déplacée de 84 à 91
2025-05-03 16:21:34,678 - INFO - IA: Raquette droite déplacée de 91 à 98
2025-05-03 16:21:34,696 - INFO - IA: Raquette droite déplacée de 98 à 105
2025-05-03 16:21:34,713 - INFO - IA: Raquette droite déplacée de 105 à 112
2025-05-03 16:21:34,730 - INFO - IA: Raquette droite déplacée de 112 à 119
2025-05-03 16:21:34,748 - INFO - IA: Raquette droite déplacée de 119 à 126
2025-05-03 16:21:34,765 - INFO - IA: Raquette droite déplacée de 126 à 133
2025-05-03 16:21:34,782 - INFO - IA: Raquette droite déplacée de 133 à 126
2025-05-03 16:21:34,800 - INFO - IA: Raquette droite déplacée de 126 à 119
2025-05-03 16:21:34,818 - INFO - IA: Raquette droite déplacée de 119 à 112
2025-05-03 16:21:34,836 - INFO - IA: Raquette droite déplacée de 112 à 119
2025-05-03 16:21:34,853 - INFO - IA: Raquette droite déplacée de 119 à 112
2025-05-03 16:21:34,870 - INFO - IA: Raquette droite déplacée de 112 à 105
2025-05-03 16:21:34,890 - INFO - IA: Raquette droite déplacée de 105 à 98
2025-05-03 16:21:34,909 - INFO - IA: Raquette droite déplacée de 98 à 91
2025-05-03 16:21:34,927 - INFO - IA: Raquette droite déplacée de 91 à 98
2025-05-03 16:21:34,944 - INFO - IA: Raquette droite déplacée de 98 à 91
2025-05-03 16:21:34,962 - INFO - IA: Raquette droite déplacée de 91 à 84
2025-05-03 16:21:34,979 - INFO - IA: Raquette droite déplacée de 84 à 77
2025-05-03 16:21:34,997 - INFO - IA: Raquette droite déplacée de 77 à 70
2025-05-03 16:21:35,030 - INFO - IA: Raquette droite déplacée de 70 à 63
2025-05-03 16:21:35,047 - INFO - IA: Raquette droite déplacée de 63 à 56
2025-05-03 16:21:35,065 - INFO - IA: Raquette droite déplacée de 56 à 49
2025-05-03 16:21:35,083 - INFO - IA: Raquette droite déplacée de 49 à 42
2025-05-03 16:21:35,110 - INFO - IA: Raquette droite déplacée de 42 à 49
2025-05-03 16:21:35,130 - INFO - IA: Raquette droite déplacée de 49 à 42
2025-05-03 16:21:35,148 - INFO - IA: Raquette droite déplacée de 42 à 35
2025-05-03 16:21:35,166 - INFO - IA: Raquette droite déplacée de 35 à 28
2025-05-03 16:21:35,185 - INFO - IA: Raquette droite déplacée de 28 à 21
2025-05-03 16:21:35,203 - INFO - IA: Raquette droite déplacée de 21 à 28
2025-05-03 16:21:35,221 - INFO - IA: Raquette droite déplacée de 28 à 21
2025-05-03 16:21:35,238 - INFO - IA: Raquette droite déplacée de 21 à 14
2025-05-03 16:21:35,255 - INFO - IA: Raquette droite déplacée de 14 à 7
2025-05-03 16:21:35,273 - INFO - IA: Raquette droite déplacée de 7 à 0
2025-05-03 16:21:35,358 - INFO - COLLISION: Balle a rebondi sur un mur à la position (528, -2)
2025-05-03 16:21:35,444 - INFO - COLLISION: Balle a rebondi sur une raquette à la position (553, 23)
2025-05-03 16:21:35,480 - INFO - IA: Raquette droite déplacée de 0 à 7
2025-05-03 16:21:35,498 - INFO - IA: Raquette droite déplacée de 7 à 14
2025-05-03 16:21:35,514 - INFO - IA: Raquette droite déplacée de 14 à 7
2025-05-03 16:21:35,531 - INFO - IA: Raquette droite déplacée de 7 à 14
2025-05-03 16:21:35,548 - INFO - IA: Raquette droite déplacée de 14 à 7
2025-05-03 16:21:35,566 - INFO - IA: Raquette droite déplacée de 7 à 14
2025-05-03 16:21:35,584 - INFO - IA: Raquette droite déplacée de 14 à 21
2025-05-03 16:21:35,600 - INFO - IA: Raquette droite déplacée de 21 à 28
2025-05-03 16:21:35,617 - INFO - IA: Raquette droite déplacée de 28 à 21
2025-05-03 16:21:35,635 - INFO - IA: Raquette droite déplacée de 21 à 28
2025-05-03 16:21:35,652 - INFO - IA: Raquette droite déplacée de 28 à 35
2025-05-03 16:21:35,670 - INFO - IA: Raquette droite déplacée de 35 à 42
2025-05-03 16:21:35,688 - INFO - IA: Raquette droite déplacée de 42 à 35
2025-05-03 16:21:35,706 - INFO - IA: Raquette droite déplacée de 35 à 42
2025-05-03 16:21:35,724 - INFO - IA: Raquette droite déplacée de 42 à 49
2025-05-03 16:21:35,741 - INFO - IA: Raquette droite déplacée de 49 à 56
2025-05-03 16:21:35,758 - INFO - IA: Raquette droite déplacée de 56 à 63
2025-05-03 16:21:35,775 - INFO - IA: Raquette droite déplacée de 63 à 56
2025-05-03 16:21:35,792 - INFO - IA: Raquette droite déplacée de 56 à 63
2025-05-03 16:21:35,809 - INFO - IA: Raquette droite déplacée de 63 à 70
2025-05-03 16:21:35,827 - INFO - IA: Raquette droite déplacée de 70 à 77
2025-05-03 16:21:35,844 - INFO - IA: Raquette droite déplacée de 77 à 84
2025-05-03 16:21:35,862 - INFO - IA: Raquette droite déplacée de 84 à 91
2025-05-03 16:21:35,879 - INFO - IA: Raquette droite déplacée de 91 à 84
2025-05-03 16:21:35,897 - INFO - IA: Raquette droite déplacée de 84 à 91
2025-05-03 16:21:35,913 - INFO - IA: Raquette droite déplacée de 91 à 98
2025-05-03 16:21:35,931 - INFO - IA: Raquette droite déplacée de 98 à 105
2025-05-03 16:21:35,949 - INFO - IA: Raquette droite déplacée de 105 à 112
2025-05-03 16:21:35,967 - INFO - IA: Raquette droite déplacée de 112 à 119
2025-05-03 16:21:35,985 - INFO - IA: Raquette droite déplacée de 119 à 126
2025-05-03 16:21:36,002 - INFO - IA: Raquette droite déplacée de 126 à 119
2025-05-03 16:21:36,020 - INFO - IA: Raquette droite déplacée de 119 à 126
2025-05-03 16:21:36,038 - INFO - IA: Raquette droite déplacée de 126 à 133
2025-05-03 16:21:36,055 - INFO - IA: Raquette droite déplacée de 133 à 126
2025-05-03 16:21:36,072 - INFO - IA: Raquette droite déplacée de 126 à 133
2025-05-03 16:21:36,089 - INFO - IA: Raquette droite déplacée de 133 à 140
2025-05-03 16:21:36,106 - INFO - IA: Raquette droite déplacée de 140 à 147
2025-05-03 16:21:36,123 - INFO - IA: Raquette droite déplacée de 147 à 154
2025-05-03 16:21:36,141 - INFO - IA: Raquette droite déplacée de 154 à 161
2025-05-03 16:21:36,159 - INFO - IA: Raquette droite déplacée de 161 à 168
2025-05-03 16:21:36,176 - INFO - IA: Raquette droite déplacée de 168 à 175
2025-05-03 16:21:36,195 - INFO - IA: Raquette droite déplacée de 175 à 182
2025-05-03 16:21:36,213 - INFO - IA: Raquette droite déplacée de 182 à 175
2025-05-03 16:21:36,230 - INFO - IA: Raquette droite déplacée de 175 à 182
2025-05-03 16:21:36,248 - INFO - IA: Raquette droite déplacée de 182 à 189
2025-05-03 16:21:36,266 - INFO - IA: Raquette droite déplacée de 189 à 196
2025-05-03 16:21:36,283 - INFO - IA: Raquette droite déplacée de 196 à 203
2025-05-03 16:21:36,301 - INFO - IA: Raquette droite déplacée de 203 à 196
2025-05-03 16:21:36,318 - INFO - IA: Raquette droite déplacée de 196 à 203
2025-05-03 16:21:36,335 - INFO - IA: Raquette droite déplacée de 203 à 210
2025-05-03 16:21:36,352 - INFO - IA: Raquette droite déplacée de 210 à 217
2025-05-03 16:21:36,368 - INFO - IA: Raquette droite déplacée de 217 à 224
2025-05-03 16:21:36,385 - INFO - IA: Raquette droite déplacée de 224 à 231
2025-05-03 16:21:36,403 - INFO - IA: Raquette droite déplacée de 231 à 238
2025-05-03 16:21:36,421 - INFO - IA: Raquette droite déplacée de 238 à 245
2025-05-03 16:21:36,438 - INFO - IA: Raquette droite déplacée de 245 à 252
2025-05-03 16:21:36,456 - INFO - IA: Raquette droite déplacée de 252 à 245
2025-05-03 16:21:36,475 - INFO - IA: Raquette droite déplacée de 245 à 252
2025-05-03 16:21:36,493 - INFO - IA: Raquette droite déplacée de 252 à 245
2025-05-03 16:21:36,509 - INFO - IA: Raquette droite déplacée de 245 à 252
2025-05-03 16:21:36,526 - INFO - IA: Raquette droite déplacée de 252 à 259
2025-05-03 16:21:36,543 - INFO - IA: Raquette droite déplacée de 259 à 266
2025-05-03 16:21:36,561 - INFO - IA: Raquette droite déplacée de 266 à 273
2025-05-03 16:21:36,579 - INFO - IA: Raquette droite déplacée de 273 à 280
2025-05-03 16:21:36,596 - INFO - IA: Raquette droite déplacée de 280 à 287
2025-05-03 16:21:36,614 - INFO - IA: Raquette droite déplacée de 287 à 294
2025-05-03 16:21:36,632 - INFO - IA: Raquette droite déplacée de 294 à 301
2025-05-03 16:21:36,649 - INFO - IA: Raquette droite déplacée de 301 à 308
2025-05-03 16:21:36,666 - INFO - IA: Raquette droite déplacée de 308 à 315
2025-05-03 16:21:36,684 - INFO - IA: Raquette droite déplacée de 315 à 322
2025-05-03 16:21:36,703 - INFO - IA: Raquette droite déplacée de 322 à 329
2025-05-03 16:21:36,721 - INFO - IA: Raquette droite déplacée de 329 à 322
2025-05-03 16:21:36,739 - INFO - IA: Raquette droite déplacée de 322 à 329
2025-05-03 16:21:36,757 - INFO - IA: Raquette droite déplacée de 329 à 336
2025-05-03 16:21:36,776 - INFO - IA: Raquette droite déplacée de 336 à 343
2025-05-03 16:21:36,795 - INFO - IA: Raquette droite déplacée de 343 à 350
2025-05-03 16:21:36,813 - INFO - IA: Raquette droite déplacée de 350 à 357
2025-05-03 16:21:36,831 - INFO - IA: Raquette droite déplacée de 357 à 364
2025-05-03 16:21:36,849 - INFO - IA: Raquette droite déplacée de 364 à 357
2025-05-03 16:21:36,867 - INFO - IA: Raquette droite déplacée de 357 à 364
2025-05-03 16:21:36,884 - INFO - IA: Raquette droite déplacée de 364 à 357
2025-05-03 16:21:36,900 - INFO - IA: Raquette droite déplacée de 357 à 364
2025-05-03 16:21:36,917 - INFO - IA: Raquette droite déplacée de 364 à 371
2025-05-03 16:21:36,934 - INFO - IA: Raquette droite déplacée de 371 à 378
2025-05-03 16:21:36,952 - INFO - IA: Raquette droite déplacée de 378 à 385
2025-05-03 16:21:36,970 - INFO - IA: Raquette droite déplacée de 385 à 390
2025-05-03 16:21:37,005 - INFO - COLLISION: Balle a rebondi sur un mur à la position (108, 468)
2025-05-03 16:21:37,111 - INFO - IA: Raquette droite déplacée de 390 à 383
2025-05-03 16:21:37,129 - INFO - IA: Raquette droite déplacée de 383 à 390
2025-05-03 16:21:37,146 - INFO - IA: Raquette droite déplacée de 390 à 383
2025-05-03 16:21:37,163 - INFO - IA: Raquette droite déplacée de 383 à 376
2025-05-03 16:21:37,181 - INFO - IA: Raquette droite déplacée de 376 à 383
2025-05-03 16:21:37,198 - INFO - IA: Raquette droite déplacée de 383 à 376
2025-05-03 16:21:37,224 - INFO - IA: Raquette droite déplacée de 376 à 369
2025-05-03 16:21:37,243 - INFO - IA: Raquette droite déplacée de 369 à 362
2025-05-03 16:21:37,260 - INFO - IA: Raquette droite déplacée de 362 à 355
2025-05-03 16:21:37,278 - INFO - IA: Raquette droite déplacée de 355 à 348
2025-05-03 16:21:37,296 - INFO - IA: Raquette droite déplacée de 348 à 341
2025-05-03 16:21:37,314 - INFO - IA: Raquette droite déplacée de 341 à 348
2025-05-03 16:21:37,330 - INFO - IA: Raquette droite déplacée de 348 à 355
2025-05-03 16:21:37,347 - INFO - IA: Raquette droite déplacée de 355 à 348
2025-05-03 16:21:37,365 - INFO - IA: Raquette droite déplacée de 348 à 341
2025-05-03 16:21:37,382 - INFO - IA: Raquette droite déplacée de 341 à 334
2025-05-03 16:21:37,399 - INFO - IA: Raquette droite déplacée de 334 à 341
2025-05-03 16:21:37,399 - INFO - POINT: Joueur droite (IA) marque un point! Score: 0-2
2025-05-03 16:21:37,417 - INFO - IA: Raquette droite déplacée de 341 à 334
2025-05-03 16:21:37,434 - INFO - IA: Raquette droite déplacée de 334 à 327
2025-05-03 16:21:37,451 - INFO - IA: Raquette droite déplacée de 327 à 320
2025-05-03 16:21:37,469 - INFO - IA: Raquette droite déplacée de 320 à 313
2025-05-03 16:21:37,486 - INFO - IA: Raquette droite déplacée de 313 à 306
2025-05-03 16:21:37,503 - INFO - IA: Raquette droite déplacée de 306 à 299
2025-05-03 16:21:37,522 - INFO - IA: Raquette droite déplacée de 299 à 292
2025-05-03 16:21:37,539 - INFO - IA: Raquette droite déplacée de 292 à 285
2025-05-03 16:21:37,556 - INFO - IA: Raquette droite déplacée de 285 à 278
2025-05-03 16:21:37,573 - INFO - IA: Raquette droite déplacée de 278 à 271
2025-05-03 16:21:37,591 - INFO - IA: Raquette droite déplacée de 271 à 264
2025-05-03 16:21:37,608 - INFO - IA: Raquette droite déplacée de 264 à 257
2025-05-03 16:21:37,625 - INFO - IA: Raquette droite déplacée de 257 à 250
2025-05-03 16:21:37,642 - INFO - IA: Raquette droite déplacée de 250 à 243
2025-05-03 16:21:37,659 - INFO - IA: Raquette droite déplacée de 243 à 236
2025-05-03 16:21:37,676 - INFO - IA: Raquette droite déplacée de 236 à 229
2025-05-03 16:21:37,694 - INFO - IA: Raquette droite déplacée de 229 à 222
2025-05-03 16:21:37,711 - INFO - IA: Raquette droite déplacée de 222 à 215
2025-05-03 16:21:37,728 - INFO - IA: Raquette droite déplacée de 215 à 208
2025-05-03 16:21:37,745 - INFO - IA: Raquette droite déplacée de 208 à 201
2025-05-03 16:21:37,763 - INFO - IA: Raquette droite déplacée de 201 à 194
2025-05-03 16:21:37,781 - INFO - IA: Raquette droite déplacée de 194 à 187
2025-05-03 16:21:37,800 - INFO - IA: Raquette droite déplacée de 187 à 180
2025-05-03 16:21:37,819 - INFO - IA: Raquette droite déplacée de 180 à 173
2025-05-03 16:21:37,838 - INFO - IA: Raquette droite déplacée de 173 à 166
2025-05-03 16:21:37,856 - INFO - IA: Raquette droite déplacée de 166 à 159
2025-05-03 16:21:37,873 - INFO - IA: Raquette droite déplacée de 159 à 152
2025-05-03 16:21:37,891 - INFO - IA: Raquette droite déplacée de 152 à 145
2025-05-03 16:21:37,909 - INFO - IA: Raquette droite déplacée de 145 à 138
2025-05-03 16:21:37,927 - INFO - IA: Raquette droite déplacée de 138 à 131
2025-05-03 16:21:37,944 - INFO - IA: Raquette droite déplacée de 131 à 124
2025-05-03 16:21:37,961 - INFO - IA: Raquette droite déplacée de 124 à 117
2025-05-03 16:21:37,979 - INFO - IA: Raquette droite déplacée de 117 à 110
2025-05-03 16:21:37,997 - INFO - IA: Raquette droite déplacée de 110 à 103
2025-05-03 16:21:38,014 - INFO - IA: Raquette droite déplacée de 103 à 96
2025-05-03 16:21:38,033 - INFO - IA: Raquette droite déplacée de 96 à 89
2025-05-03 16:21:38,050 - INFO - IA: Raquette droite déplacée de 89 à 82
2025-05-03 16:21:38,069 - INFO - IA: Raquette droite déplacée de 82 à 75
2025-05-03 16:21:38,087 - INFO - IA: Raquette droite déplacée de 75 à 68
2025-05-03 16:21:38,105 - INFO - IA: Raquette droite déplacée de 68 à 61
2025-05-03 16:21:38,123 - INFO - IA: Raquette droite déplacée de 61 à 54
2025-05-03 16:21:38,141 - INFO - IA: Raquette droite déplacée de 54 à 47
2025-05-03 16:21:38,158 - INFO - IA: Raquette droite déplacée de 47 à 40
2025-05-03 16:21:38,175 - INFO - IA: Raquette droite déplacée de 40 à 33
2025-05-03 16:21:38,192 - INFO - IA: Raquette droite déplacée de 33 à 26
2025-05-03 16:21:38,209 - INFO - IA: Raquette droite déplacée de 26 à 19
2025-05-03 16:21:38,226 - INFO - IA: Raquette droite déplacée de 19 à 12
2025-05-03 16:21:38,226 - INFO - COLLISION: Balle a rebondi sur un mur à la position (528, -2)
2025-05-03 16:21:38,243 - INFO - IA: Raquette droite déplacée de 12 à 5
2025-05-03 16:21:38,260 - INFO - IA: Raquette droite déplacée de 5 à 0
2025-05-03 16:21:38,294 - INFO - IA: Raquette droite déplacée de 0 à 7
2025-05-03 16:21:38,311 - INFO - IA: Raquette droite déplacée de 7 à 0
2025-05-03 16:21:38,312 - INFO - COLLISION: Balle a rebondi sur une raquette à la position (553, 23)
2025-05-03 16:21:38,346 - INFO - IA: Raquette droite déplacée de 0 à 7
2025-05-03 16:21:38,363 - INFO - IA: Raquette droite déplacée de 7 à 0
2025-05-03 16:21:38,381 - INFO - IA: Raquette droite déplacée de 0 à 7
2025-05-03 16:21:38,398 - INFO - IA: Raquette droite déplacée de 7 à 0
2025-05-03 16:21:38,416 - INFO - IA: Raquette droite déplacée de 0 à 7
2025-05-03 16:21:38,433 - INFO - IA: Raquette droite déplacée de 7 à 0
2025-05-03 16:21:38,451 - INFO - IA: Raquette droite déplacée de 0 à 7
2025-05-03 16:21:38,469 - INFO - IA: Raquette droite déplacée de 7 à 14
2025-05-03 16:21:38,486 - INFO - IA: Raquette droite déplacée de 14 à 7
2025-05-03 16:21:38,505 - INFO - IA: Raquette droite déplacée de 7 à 14
2025-05-03 16:21:38,522 - INFO - IA: Raquette droite déplacée de 14 à 21
2025-05-03 16:21:38,541 - INFO - IA: Raquette droite déplacée de 21 à 28
2025-05-03 16:21:38,559 - INFO - IA: Raquette droite déplacée de 28 à 35
2025-05-03 16:21:38,576 - INFO - IA: Raquette droite déplacée de 35 à 42
2025-05-03 16:21:38,595 - INFO - IA: Raquette droite déplacée de 42 à 49
2025-05-03 16:21:38,615 - INFO - IA: Raquette droite déplacée de 49 à 56
2025-05-03 16:21:38,634 - INFO - IA: Raquette droite déplacée de 56 à 49
2025-05-03 16:21:38,652 - INFO - IA: Raquette droite déplacée de 49 à 56
2025-05-03 16:21:38,670 - INFO - IA: Raquette droite déplacée de 56 à 63
2025-05-03 16:21:38,688 - INFO - IA: Raquette droite déplacée de 63 à 70
2025-05-03 16:21:38,706 - INFO - IA: Raquette droite déplacée de 70 à 77
2025-05-03 16:21:38,723 - INFO - IA: Raquette droite déplacée de 77 à 84
2025-05-03 16:21:38,741 - INFO - IA: Raquette droite déplacée de 84 à 91
2025-05-03 16:21:38,759 - INFO - IA: Raquette droite déplacée de 91 à 98
2025-05-03 16:21:38,778 - INFO - IA: Raquette droite déplacée de 98 à 105
2025-05-03 16:21:38,796 - INFO - IA: Raquette droite déplacée de 105 à 112
2025-05-03 16:21:38,814 - INFO - IA: Raquette droite déplacée de 112 à 105
2025-05-03 16:21:38,832 - INFO - IA: Raquette droite déplacée de 105 à 112
2025-05-03 16:21:38,849 - INFO - IA: Raquette droite déplacée de 112 à 119
2025-05-03 16:21:38,868 - INFO - IA: Raquette droite déplacée de 119 à 126
2025-05-03 16:21:38,889 - INFO - IA: Raquette droite déplacée de 126 à 133
2025-05-03 16:21:38,907 - INFO - IA: Raquette droite déplacée de 133 à 140
2025-05-03 16:21:38,925 - INFO - IA: Raquette droite déplacée de 140 à 147
2025-05-03 16:21:38,943 - INFO - IA: Raquette droite déplacée de 147 à 154
2025-05-03 16:21:38,960 - INFO - IA: Raquette droite déplacée de 154 à 161
2025-05-03 16:21:38,977 - INFO - IA: Raquette droite déplacée de 161 à 154
2025-05-03 16:21:38,995 - INFO - IA: Raquette droite déplacée de 154 à 161
2025-05-03 16:21:39,013 - INFO - IA: Raquette droite déplacée de 161 à 154
2025-05-03 16:21:39,030 - INFO - IA: Raquette droite déplacée de 154 à 161
2025-05-03 16:21:39,065 - INFO - IA: Raquette droite déplacée de 161 à 168
2025-05-03 16:21:39,082 - INFO - IA: Raquette droite déplacée de 168 à 175
2025-05-03 16:21:39,099 - INFO - IA: Raquette droite déplacée de 175 à 182
2025-05-03 16:21:39,117 - INFO - IA: Raquette droite déplacée de 182 à 189
2025-05-03 16:21:39,135 - INFO - IA: Raquette droite déplacée de 189 à 196
2025-05-03 16:21:39,154 - INFO - IA: Raquette droite déplacée de 196 à 189
2025-05-03 16:21:39,575 - INFO - IA: Raquette droite déplacée de 189 à 196
2025-05-03 16:21:39,594 - INFO - IA: Raquette droite déplacée de 196 à 203
2025-05-03 16:21:39,611 - INFO - IA: Raquette droite déplacée de 203 à 210
2025-05-03 16:21:39,628 - INFO - IA: Raquette droite déplacée de 210 à 217
2025-05-03 16:21:39,645 - INFO - IA: Raquette droite déplacée de 217 à 224
2025-05-03 16:21:39,662 - INFO - IA: Raquette droite déplacée de 224 à 231
2025-05-03 16:21:39,679 - INFO - IA: Raquette droite déplacée de 231 à 238
2025-05-03 16:21:39,697 - INFO - IA: Raquette droite déplacée de 238 à 245
2025-05-03 16:21:39,715 - INFO - IA: Raquette droite déplacée de 245 à 252
2025-05-03 16:21:39,733 - INFO - IA: Raquette droite déplacée de 252 à 259
2025-05-03 16:21:39,752 - INFO - IA: Raquette droite déplacée de 259 à 266
2025-05-03 16:21:39,771 - INFO - IA: Raquette droite déplacée de 266 à 259
2025-05-03 16:21:39,789 - INFO - IA: Raquette droite déplacée de 259 à 252
2025-05-03 16:21:39,807 - INFO - IA: Raquette droite déplacée de 252 à 259
2025-05-03 16:21:39,824 - INFO - IA: Raquette droite déplacée de 259 à 266
2025-05-03 16:21:39,842 - INFO - IA: Raquette droite déplacée de 266 à 273
2025-05-03 16:21:39,860 - INFO - IA: Raquette droite déplacée de 273 à 280
2025-05-03 16:21:39,880 - INFO - IA: Raquette droite déplacée de 280 à 287
2025-05-03 16:21:39,898 - INFO - IA: Raquette droite déplacée de 287 à 294
2025-05-03 16:21:39,916 - INFO - IA: Raquette droite déplacée de 294 à 301
2025-05-03 16:21:39,933 - INFO - IA: Raquette droite déplacée de 301 à 308
2025-05-03 16:21:39,954 - INFO - IA: Raquette droite déplacée de 308 à 315
2025-05-03 16:21:39,973 - INFO - IA: Raquette droite déplacée de 315 à 322
2025-05-03 16:21:39,991 - INFO - IA: Raquette droite déplacée de 322 à 315
2025-05-03 16:21:40,008 - INFO - IA: Raquette droite déplacée de 315 à 322
2025-05-03 16:21:40,026 - INFO - IA: Raquette droite déplacée de 322 à 329
2025-05-03 16:21:40,043 - INFO - IA: Raquette droite déplacée de 329 à 322
2025-05-03 16:21:40,060 - INFO - IA: Raquette droite déplacée de 322 à 329
2025-05-03 16:21:40,077 - INFO - IA: Raquette droite déplacée de 329 à 336
2025-05-03 16:21:40,094 - INFO - IA: Raquette droite déplacée de 336 à 343
2025-05-03 16:21:40,111 - INFO - IA: Raquette droite déplacée de 343 à 350
2025-05-03 16:21:40,128 - INFO - IA: Raquette droite déplacée de 350 à 357
2025-05-03 16:21:40,146 - INFO - IA: Raquette droite déplacée de 357 à 364
2025-05-03 16:21:40,164 - INFO - IA: Raquette droite déplacée de 364 à 371
2025-05-03 16:21:40,180 - INFO - IA: Raquette droite déplacée de 371 à 378
2025-05-03 16:21:40,198 - INFO - IA: Raquette droite déplacée de 378 à 385
2025-05-03 16:21:40,215 - INFO - IA: Raquette droite déplacée de 385 à 390
2025-05-03 16:21:40,304 - INFO - COLLISION: Balle a rebondi sur un mur à la position (108, 468)
2025-05-03 16:21:40,456 - INFO - IA: Raquette droite déplacée de 390 à 383
2025-05-03 16:21:40,473 - INFO - IA: Raquette droite déplacée de 383 à 390
2025-05-03 16:21:40,526 - INFO - IA: Raquette droite déplacée de 390 à 383
2025-05-03 16:21:40,543 - INFO - IA: Raquette droite déplacée de 383 à 390
2025-05-03 16:21:40,560 - INFO - IA: Raquette droite déplacée de 390 à 383
2025-05-03 16:21:40,578 - INFO - IA: Raquette droite déplacée de 383 à 376
2025-05-03 16:21:40,596 - INFO - IA: Raquette droite déplacée de 376 à 369
2025-05-03 16:21:40,612 - INFO - IA: Raquette droite déplacée de 369 à 362
2025-05-03 16:21:40,629 - INFO - IA: Raquette droite déplacée de 362 à 355
2025-05-03 16:21:40,646 - INFO - IA: Raquette droite déplacée de 355 à 348
2025-05-03 16:21:40,663 - INFO - IA: Raquette droite déplacée de 348 à 341
2025-05-03 16:21:40,680 - INFO - IA: Raquette droite déplacée de 341 à 334
2025-05-03 16:21:40,680 - INFO - POINT: Joueur droite (IA) marque un point! Score: 0-3
2025-05-03 16:21:40,698 - INFO - IA: Raquette droite déplacée de 334 à 327
2025-05-03 16:21:40,715 - INFO - IA: Raquette droite déplacée de 327 à 320
2025-05-03 16:21:40,733 - INFO - IA: Raquette droite déplacée de 320 à 313
2025-05-03 16:21:40,754 - INFO - INPUT: Joueur appuie sur la touche BAS
2025-05-03 16:21:40,754 - INFO - JOUEUR: Raquette gauche déplacée de 195 à 202
2025-05-03 16:21:40,754 - INFO - IA: Raquette droite déplacée de 313 à 306
2025-05-03 16:21:40,772 - INFO - JOUEUR: Raquette gauche déplacée de 202 à 209
2025-05-03 16:21:40,773 - INFO - IA: Raquette droite déplacée de 306 à 299
2025-05-03 16:21:40,790 - INFO - JOUEUR: Raquette gauche déplacée de 209 à 216
2025-05-03 16:21:40,790 - INFO - IA: Raquette droite déplacée de 299 à 292
2025-05-03 16:21:40,808 - INFO - JOUEUR: Raquette gauche déplacée de 216 à 223
2025-05-03 16:21:40,808 - INFO - IA: Raquette droite déplacée de 292 à 285
2025-05-03 16:21:40,826 - INFO - JOUEUR: Raquette gauche déplacée de 223 à 230
2025-05-03 16:21:40,826 - INFO - IA: Raquette droite déplacée de 285 à 278
2025-05-03 16:21:40,843 - INFO - JOUEUR: Raquette gauche déplacée de 230 à 237
2025-05-03 16:21:40,844 - INFO - IA: Raquette droite déplacée de 278 à 271
2025-05-03 16:21:40,861 - INFO - JOUEUR: Raquette gauche déplacée de 237 à 244
2025-05-03 16:21:40,861 - INFO - IA: Raquette droite déplacée de 271 à 264
2025-05-03 16:21:40,878 - INFO - JOUEUR: Raquette gauche déplacée de 244 à 251
2025-05-03 16:21:40,878 - INFO - IA: Raquette droite déplacée de 264 à 257
2025-05-03 16:21:40,896 - INFO - JOUEUR: Raquette gauche déplacée de 251 à 258
2025-05-03 16:21:40,896 - INFO - IA: Raquette droite déplacée de 257 à 250
2025-05-03 16:21:40,913 - INFO - INPUT: Joueur relâche les touches directionnelles
2025-05-03 16:21:40,913 - INFO - IA: Raquette droite déplacée de 250 à 243
2025-05-03 16:21:40,930 - INFO - IA: Raquette droite déplacée de 243 à 236
2025-05-03 16:21:40,948 - INFO - IA: Raquette droite déplacée de 236 à 229
2025-05-03 16:21:40,965 - INFO - IA: Raquette droite déplacée de 229 à 222
2025-05-03 16:21:40,982 - INFO - IA: Raquette droite déplacée de 222 à 215
2025-05-03 16:21:41,000 - INFO - IA: Raquette droite déplacée de 215 à 208
2025-05-03 16:21:41,018 - INFO - IA: Raquette droite déplacée de 208 à 201
2025-05-03 16:21:41,037 - INFO - IA: Raquette droite déplacée de 201 à 194
2025-05-03 16:21:41,054 - INFO - IA: Raquette droite déplacée de 194 à 187
2025-05-03 16:21:41,071 - INFO - IA: Raquette droite déplacée de 187 à 180
2025-05-03 16:21:41,089 - INFO - IA: Raquette droite déplacée de 180 à 173
2025-05-03 16:21:41,105 - INFO - IA: Raquette droite déplacée de 173 à 166
2025-05-03 16:21:41,123 - INFO - IA: Raquette droite déplacée de 166 à 159
2025-05-03 16:21:41,140 - INFO - IA: Raquette droite déplacée de 159 à 152
2025-05-03 16:21:41,157 - INFO - IA: Raquette droite déplacée de 152 à 145
2025-05-03 16:21:41,174 - INFO - IA: Raquette droite déplacée de 145 à 138
2025-05-03 16:21:41,191 - INFO - IA: Raquette droite déplacée de 138 à 131
2025-05-03 16:21:41,209 - INFO - IA: Raquette droite déplacée de 131 à 124
2025-05-03 16:21:41,226 - INFO - IA: Raquette droite déplacée de 124 à 117
2025-05-03 16:21:41,244 - INFO - IA: Raquette droite déplacée de 117 à 110
2025-05-03 16:21:41,262 - INFO - IA: Raquette droite déplacée de 110 à 103
2025-05-03 16:21:41,280 - INFO - IA: Raquette droite déplacée de 103 à 96
2025-05-03 16:21:41,297 - INFO - INPUT: Joueur appuie sur la touche HAUT
2025-05-03 16:21:41,297 - INFO - JOUEUR: Raquette gauche déplacée de 258 à 251
2025-05-03 16:21:41,298 - INFO - IA: Raquette droite déplacée de 96 à 89
2025-05-03 16:21:41,315 - INFO - JOUEUR: Raquette gauche déplacée de 251 à 244
2025-05-03 16:21:41,315 - INFO - IA: Raquette droite déplacée de 89 à 82
2025-05-03 16:21:41,333 - INFO - JOUEUR: Raquette gauche déplacée de 244 à 237
2025-05-03 16:21:41,334 - INFO - IA: Raquette droite déplacée de 82 à 75
2025-05-03 16:21:41,352 - INFO - JOUEUR: Raquette gauche déplacée de 237 à 230
2025-05-03 16:21:41,352 - INFO - IA: Raquette droite déplacée de 75 à 68
2025-05-03 16:21:41,369 - INFO - JOUEUR: Raquette gauche déplacée de 230 à 223
2025-05-03 16:21:41,369 - INFO - IA: Raquette droite déplacée de 68 à 61
2025-05-03 16:21:41,387 - INFO - JOUEUR: Raquette gauche déplacée de 223 à 216
2025-05-03 16:21:41,387 - INFO - IA: Raquette droite déplacée de 61 à 54
2025-05-03 16:21:41,403 - INFO - JOUEUR: Raquette gauche déplacée de 216 à 209
2025-05-03 16:21:41,403 - INFO - IA: Raquette droite déplacée de 54 à 47
2025-05-03 16:21:41,420 - INFO - JOUEUR: Raquette gauche déplacée de 209 à 202
2025-05-03 16:21:41,421 - INFO - IA: Raquette droite déplacée de 47 à 40
2025-05-03 16:21:41,437 - INFO - JOUEUR: Raquette gauche déplacée de 202 à 195
2025-05-03 16:21:41,438 - INFO - IA: Raquette droite déplacée de 40 à 33
2025-05-03 16:21:41,454 - INFO - JOUEUR: Raquette gauche déplacée de 195 à 188
2025-05-03 16:21:41,455 - INFO - IA: Raquette droite déplacée de 33 à 26
2025-05-03 16:21:41,471 - INFO - JOUEUR: Raquette gauche déplacée de 188 à 181
2025-05-03 16:21:41,471 - INFO - IA: Raquette droite déplacée de 26 à 19
2025-05-03 16:21:41,489 - INFO - JOUEUR: Raquette gauche déplacée de 181 à 174
2025-05-03 16:21:41,490 - INFO - IA: Raquette droite déplacée de 19 à 12
2025-05-03 16:21:41,506 - INFO - JOUEUR: Raquette gauche déplacée de 174 à 167
2025-05-03 16:21:41,507 - INFO - IA: Raquette droite déplacée de 12 à 5
2025-05-03 16:21:41,507 - INFO - COLLISION: Balle a rebondi sur un mur à la position (58, -2)
2025-05-03 16:21:41,525 - INFO - JOUEUR: Raquette gauche déplacée de 167 à 160
2025-05-03 16:21:41,525 - INFO - IA: Raquette droite déplacée de 5 à 0
2025-05-03 16:21:41,543 - INFO - JOUEUR: Raquette gauche déplacée de 160 à 153
2025-05-03 16:21:41,560 - INFO - JOUEUR: Raquette gauche déplacée de 153 à 146
2025-05-03 16:21:41,578 - INFO - JOUEUR: Raquette gauche déplacée de 146 à 139
2025-05-03 16:21:41,595 - INFO - JOUEUR: Raquette gauche déplacée de 139 à 132
2025-05-03 16:21:41,612 - INFO - JOUEUR: Raquette gauche déplacée de 132 à 125
2025-05-03 16:21:41,630 - INFO - JOUEUR: Raquette gauche déplacée de 125 à 118
2025-05-03 16:21:41,647 - INFO - JOUEUR: Raquette gauche déplacée de 118 à 111
2025-05-03 16:21:41,647 - INFO - IA: Raquette droite déplacée de 0 à 7
2025-05-03 16:21:41,664 - INFO - JOUEUR: Raquette gauche déplacée de 111 à 104
2025-05-03 16:21:41,664 - INFO - IA: Raquette droite déplacée de 7 à 14
2025-05-03 16:21:41,682 - INFO - JOUEUR: Raquette gauche déplacée de 104 à 97
2025-05-03 16:21:41,682 - INFO - IA: Raquette droite déplacée de 14 à 7
2025-05-03 16:21:41,699 - INFO - JOUEUR: Raquette gauche déplacée de 97 à 90
2025-05-03 16:21:41,699 - INFO - IA: Raquette droite déplacée de 7 à 0
2025-05-03 16:21:41,717 - INFO - JOUEUR: Raquette gauche déplacée de 90 à 83
2025-05-03 16:21:41,717 - INFO - IA: Raquette droite déplacée de 0 à 7
2025-05-03 16:21:41,717 - INFO - POINT: Joueur droite (IA) marque un point! Score: 0-4
2025-05-03 16:21:41,735 - INFO - JOUEUR: Raquette gauche déplacée de 83 à 76
2025-05-03 16:21:41,735 - INFO - IA: Raquette droite déplacée de 7 à 14
2025-05-03 16:21:41,752 - INFO - JOUEUR: Raquette gauche déplacée de 76 à 69
2025-05-03 16:21:41,752 - INFO - IA: Raquette droite déplacée de 14 à 21
2025-05-03 16:21:41,769 - INFO - JOUEUR: Raquette gauche déplacée de 69 à 62
2025-05-03 16:21:41,769 - INFO - IA: Raquette droite déplacée de 21 à 28
2025-05-03 16:21:41,786 - INFO - JOUEUR: Raquette gauche déplacée de 62 à 55
2025-05-03 16:21:41,787 - INFO - IA: Raquette droite déplacée de 28 à 35
2025-05-03 16:21:41,805 - INFO - JOUEUR: Raquette gauche déplacée de 55 à 48
2025-05-03 16:21:41,805 - INFO - IA: Raquette droite déplacée de 35 à 42
2025-05-03 16:21:41,824 - INFO - JOUEUR: Raquette gauche déplacée de 48 à 41
2025-05-03 16:21:41,824 - INFO - IA: Raquette droite déplacée de 42 à 49
2025-05-03 16:21:41,842 - INFO - INPUT: Joueur relâche les touches directionnelles
2025-05-03 16:21:41,843 - INFO - IA: Raquette droite déplacée de 49 à 56
2025-05-03 16:21:41,860 - INFO - IA: Raquette droite déplacée de 56 à 63
2025-05-03 16:21:41,878 - INFO - IA: Raquette droite déplacée de 63 à 70
2025-05-03 16:21:41,895 - INFO - IA: Raquette droite déplacée de 70 à 77
2025-05-03 16:21:41,913 - INFO - IA: Raquette droite déplacée de 77 à 84
2025-05-03 16:21:41,930 - INFO - IA: Raquette droite déplacée de 84 à 91
2025-05-03 16:21:41,947 - INFO - IA: Raquette droite déplacée de 91 à 98
2025-05-03 16:21:41,964 - INFO - IA: Raquette droite déplacée de 98 à 105
2025-05-03 16:21:41,981 - INFO - IA: Raquette droite déplacée de 105 à 112
2025-05-03 16:21:41,998 - INFO - IA: Raquette droite déplacée de 112 à 105
2025-05-03 16:21:42,016 - INFO - IA: Raquette droite déplacée de 105 à 98
2025-05-03 16:21:42,034 - INFO - IA: Raquette droite déplacée de 98 à 105
2025-05-03 16:21:42,052 - INFO - IA: Raquette droite déplacée de 105 à 112
2025-05-03 16:21:42,070 - INFO - IA: Raquette droite déplacée de 112 à 105
2025-05-03 16:21:42,088 - INFO - INPUT: Joueur appuie sur la touche BAS
2025-05-03 16:21:42,088 - INFO - JOUEUR: Raquette gauche déplacée de 41 à 48
2025-05-03 16:21:42,088 - INFO - IA: Raquette droite déplacée de 105 à 98
2025-05-03 16:21:42,105 - INFO - JOUEUR: Raquette gauche déplacée de 48 à 55
2025-05-03 16:21:42,105 - INFO - IA: Raquette droite déplacée de 98 à 105
2025-05-03 16:21:42,122 - INFO - JOUEUR: Raquette gauche déplacée de 55 à 62
2025-05-03 16:21:42,122 - INFO - IA: Raquette droite déplacée de 105 à 98
2025-05-03 16:21:42,140 - INFO - JOUEUR: Raquette gauche déplacée de 62 à 69
2025-05-03 16:21:42,140 - INFO - IA: Raquette droite déplacée de 98 à 91
2025-05-03 16:21:42,157 - INFO - JOUEUR: Raquette gauche déplacée de 69 à 76
2025-05-03 16:21:42,157 - INFO - IA: Raquette droite déplacée de 91 à 84
2025-05-03 16:21:42,174 - INFO - JOUEUR: Raquette gauche déplacée de 76 à 83
2025-05-03 16:21:42,174 - INFO - IA: Raquette droite déplacée de 84 à 77
2025-05-03 16:21:42,192 - INFO - JOUEUR: Raquette gauche déplacée de 83 à 90
2025-05-03 16:21:42,192 - INFO - IA: Raquette droite déplacée de 77 à 70
2025-05-03 16:21:42,210 - INFO - INPUT: Joueur relâche les touches directionnelles
2025-05-03 16:21:42,210 - INFO - IA: Raquette droite déplacée de 70 à 63
2025-05-03 16:21:42,227 - INFO - IA: Raquette droite déplacée de 63 à 56
2025-05-03 16:21:42,244 - INFO - IA: Raquette droite déplacée de 56 à 63
2025-05-03 16:21:42,261 - INFO - IA: Raquette droite déplacée de 63 à 70
2025-05-03 16:21:42,278 - INFO - IA: Raquette droite déplacée de 70 à 63
2025-05-03 16:21:42,294 - INFO - IA: Raquette droite déplacée de 63 à 56
2025-05-03 16:21:42,330 - INFO - IA: Raquette droite déplacée de 56 à 49
2025-05-03 16:21:42,347 - INFO - IA: Raquette droite déplacée de 49 à 42
2025-05-03 16:21:42,364 - INFO - IA: Raquette droite déplacée de 42 à 35
2025-05-03 16:21:42,382 - INFO - IA: Raquette droite déplacée de 35 à 28
2025-05-03 16:21:42,400 - INFO - INPUT: Joueur appuie sur la touche HAUT
2025-05-03 16:21:42,400 - INFO - JOUEUR: Raquette gauche déplacée de 90 à 83
2025-05-03 16:21:42,400 - INFO - IA: Raquette droite déplacée de 28 à 21
2025-05-03 16:21:42,417 - INFO - JOUEUR: Raquette gauche déplacée de 83 à 76
2025-05-03 16:21:42,418 - INFO - IA: Raquette droite déplacée de 21 à 14
2025-05-03 16:21:42,435 - INFO - JOUEUR: Raquette gauche déplacée de 76 à 69
2025-05-03 16:21:42,435 - INFO - IA: Raquette droite déplacée de 14 à 7
2025-05-03 16:21:42,452 - INFO - JOUEUR: Raquette gauche déplacée de 69 à 62
2025-05-03 16:21:42,453 - INFO - IA: Raquette droite déplacée de 7 à 0
2025-05-03 16:21:42,469 - INFO - JOUEUR: Raquette gauche déplacée de 62 à 55
2025-05-03 16:21:42,470 - INFO - IA: Raquette droite déplacée de 0 à 7
2025-05-03 16:21:42,486 - INFO - JOUEUR: Raquette gauche déplacée de 55 à 48
2025-05-03 16:21:42,487 - INFO - IA: Raquette droite déplacée de 7 à 0
2025-05-03 16:21:42,504 - INFO - JOUEUR: Raquette gauche déplacée de 48 à 41
2025-05-03 16:21:42,521 - INFO - JOUEUR: Raquette gauche déplacée de 41 à 34
2025-05-03 16:21:42,538 - INFO - JOUEUR: Raquette gauche déplacée de 34 à 27
2025-05-03 16:21:42,538 - INFO - COLLISION: Balle a rebondi sur un mur à la position (58, -2)
2025-05-03 16:21:42,555 - INFO - JOUEUR: Raquette gauche déplacée de 27 à 20
2025-05-03 16:21:42,572 - INFO - JOUEUR: Raquette gauche déplacée de 20 à 13
2025-05-03 16:21:42,591 - INFO - JOUEUR: Raquette gauche déplacée de 13 à 6
2025-05-03 16:21:42,608 - INFO - JOUEUR: Raquette gauche déplacée de 6 à 0
2025-05-03 16:21:42,625 - INFO - COLLISION: Balle a rebondi sur une raquette à la position (33, 23)
2025-05-03 16:21:42,728 - INFO - IA: Raquette droite déplacée de 0 à 7
2025-05-03 16:21:42,744 - INFO - IA: Raquette droite déplacée de 7 à 14
2025-05-03 16:21:42,762 - INFO - IA: Raquette droite déplacée de 14 à 21
2025-05-03 16:21:42,780 - INFO - INPUT: Joueur relâche les touches directionnelles
2025-05-03 16:21:42,780 - INFO - IA: Raquette droite déplacée de 21 à 28
2025-05-03 16:21:42,798 - INFO - IA: Raquette droite déplacée de 28 à 21
2025-05-03 16:21:42,816 - INFO - IA: Raquette droite déplacée de 21 à 28
2025-05-03 16:21:42,834 - INFO - IA: Raquette droite déplacée de 28 à 35
2025-05-03 16:21:42,853 - INFO - IA: Raquette droite déplacée de 35 à 42
2025-05-03 16:21:42,872 - INFO - IA: Raquette droite déplacée de 42 à 35
2025-05-03 16:21:42,890 - INFO - IA: Raquette droite déplacée de 35 à 42
2025-05-03 16:21:42,907 - INFO - IA: Raquette droite déplacée de 42 à 49
2025-05-03 16:21:42,925 - INFO - IA: Raquette droite déplacée de 49 à 42
2025-05-03 16:21:42,942 - INFO - IA: Raquette droite déplacée de 42 à 49
2025-05-03 16:21:42,959 - INFO - IA: Raquette droite déplacée de 49 à 56
2025-05-03 16:21:42,976 - INFO - IA: Raquette droite déplacée de 56 à 63
2025-05-03 16:21:42,993 - INFO - IA: Raquette droite déplacée de 63 à 70
2025-05-03 16:21:43,011 - INFO - IA: Raquette droite déplacée de 70 à 77
2025-05-03 16:21:43,028 - INFO - IA: Raquette droite déplacée de 77 à 84
2025-05-03 16:21:43,045 - INFO - IA: Raquette droite déplacée de 84 à 91
2025-05-03 16:21:43,062 - INFO - IA: Raquette droite déplacée de 91 à 98
2025-05-03 16:21:43,080 - INFO - INPUT: Joueur appuie sur la touche BAS
2025-05-03 16:21:43,081 - INFO - JOUEUR: Raquette gauche déplacée de 0 à 7
2025-05-03 16:21:43,081 - INFO - IA: Raquette droite déplacée de 98 à 105
2025-05-03 16:21:43,099 - INFO - JOUEUR: Raquette gauche déplacée de 7 à 14
2025-05-03 16:21:43,099 - INFO - IA: Raquette droite déplacée de 105 à 98
2025-05-03 16:21:43,116 - INFO - JOUEUR: Raquette gauche déplacée de 14 à 21
2025-05-03 16:21:43,116 - INFO - IA: Raquette droite déplacée de 98 à 105
2025-05-03 16:21:43,133 - INFO - JOUEUR: Raquette gauche déplacée de 21 à 28
2025-05-03 16:21:43,133 - INFO - IA: Raquette droite déplacée de 105 à 112
2025-05-03 16:21:43,151 - INFO - JOUEUR: Raquette gauche déplacée de 28 à 35
2025-05-03 16:21:43,151 - INFO - IA: Raquette droite déplacée de 112 à 119
2025-05-03 16:21:43,169 - INFO - JOUEUR: Raquette gauche déplacée de 35 à 42
2025-05-03 16:21:43,169 - INFO - IA: Raquette droite déplacée de 119 à 112
2025-05-03 16:21:43,186 - INFO - JOUEUR: Raquette gauche déplacée de 42 à 49
2025-05-03 16:21:43,186 - INFO - IA: Raquette droite déplacée de 112 à 119
2025-05-03 16:21:43,203 - INFO - JOUEUR: Raquette gauche déplacée de 49 à 56
2025-05-03 16:21:43,203 - INFO - IA: Raquette droite déplacée de 119 à 126
2025-05-03 16:21:43,220 - INFO - JOUEUR: Raquette gauche déplacée de 56 à 63
2025-05-03 16:21:43,220 - INFO - IA: Raquette droite déplacée de 126 à 133
2025-05-03 16:21:43,238 - INFO - JOUEUR: Raquette gauche déplacée de 63 à 70
2025-05-03 16:21:43,238 - INFO - IA: Raquette droite déplacée de 133 à 140
2025-05-03 16:21:43,255 - INFO - JOUEUR: Raquette gauche déplacée de 70 à 77
2025-05-03 16:21:43,255 - INFO - IA: Raquette droite déplacée de 140 à 147
2025-05-03 16:21:43,271 - INFO - JOUEUR: Raquette gauche déplacée de 77 à 84
2025-05-03 16:21:43,272 - INFO - IA: Raquette droite déplacée de 147 à 140
2025-05-03 16:21:43,289 - INFO - JOUEUR: Raquette gauche déplacée de 84 à 91
2025-05-03 16:21:43,289 - INFO - IA: Raquette droite déplacée de 140 à 147
2025-05-03 16:21:43,306 - INFO - JOUEUR: Raquette gauche déplacée de 91 à 98
2025-05-03 16:21:43,307 - INFO - IA: Raquette droite déplacée de 147 à 154
2025-05-03 16:21:43,324 - INFO - JOUEUR: Raquette gauche déplacée de 98 à 105
2025-05-03 16:21:43,325 - INFO - IA: Raquette droite déplacée de 154 à 161
2025-05-03 16:21:43,341 - INFO - JOUEUR: Raquette gauche déplacée de 105 à 112
2025-05-03 16:21:43,342 - INFO - IA: Raquette droite déplacée de 161 à 168
2025-05-03 16:21:43,359 - INFO - JOUEUR: Raquette gauche déplacée de 112 à 119
2025-05-03 16:21:43,359 - INFO - IA: Raquette droite déplacée de 168 à 175
2025-05-03 16:21:43,376 - INFO - JOUEUR: Raquette gauche déplacée de 119 à 126
2025-05-03 16:21:43,376 - INFO - IA: Raquette droite déplacée de 175 à 182
2025-05-03 16:21:43,393 - INFO - JOUEUR: Raquette gauche déplacée de 126 à 133
2025-05-03 16:21:43,393 - INFO - IA: Raquette droite déplacée de 182 à 189
2025-05-03 16:21:43,411 - INFO - JOUEUR: Raquette gauche déplacée de 133 à 140
2025-05-03 16:21:43,411 - INFO - IA: Raquette droite déplacée de 189 à 196
2025-05-03 16:21:43,428 - INFO - JOUEUR: Raquette gauche déplacée de 140 à 147
2025-05-03 16:21:43,428 - INFO - IA: Raquette droite déplacée de 196 à 203
2025-05-03 16:21:43,446 - INFO - INPUT: Joueur relâche les touches directionnelles
2025-05-03 16:21:43,447 - INFO - IA: Raquette droite déplacée de 203 à 210
2025-05-03 16:21:43,464 - INFO - IA: Raquette droite déplacée de 210 à 203
2025-05-03 16:21:43,481 - INFO - IA: Raquette droite déplacée de 203 à 210
2025-05-03 16:21:43,499 - INFO - IA: Raquette droite déplacée de 210 à 217
2025-05-03 16:21:43,516 - INFO - IA: Raquette droite déplacée de 217 à 224
2025-05-03 16:21:43,533 - INFO - IA: Raquette droite déplacée de 224 à 217
2025-05-03 16:21:43,551 - INFO - IA: Raquette droite déplacée de 217 à 224
2025-05-03 16:21:43,568 - INFO - IA: Raquette droite déplacée de 224 à 231
2025-05-03 16:21:43,585 - INFO - IA: Raquette droite déplacée de 231 à 238
2025-05-03 16:21:43,602 - INFO - IA: Raquette droite déplacée de 238 à 245
2025-05-03 16:21:43,620 - INFO - IA: Raquette droite déplacée de 245 à 252
2025-05-03 16:21:43,638 - INFO - IA: Raquette droite déplacée de 252 à 245
2025-05-03 16:21:43,656 - INFO - IA: Raquette droite déplacée de 245 à 252
2025-05-03 16:21:43,673 - INFO - IA: Raquette droite déplacée de 252 à 259
2025-05-03 16:21:43,690 - INFO - IA: Raquette droite déplacée de 259 à 266
2025-05-03 16:21:43,707 - INFO - IA: Raquette droite déplacée de 266 à 273
2025-05-03 16:21:43,724 - INFO - IA: Raquette droite déplacée de 273 à 280
2025-05-03 16:21:43,742 - INFO - IA: Raquette droite déplacée de 280 à 287
2025-05-03 16:21:43,760 - INFO - IA: Raquette droite déplacée de 287 à 294
2025-05-03 16:21:43,778 - INFO - IA: Raquette droite déplacée de 294 à 301
2025-05-03 16:21:43,795 - INFO - INPUT: Joueur appuie sur la touche HAUT
2025-05-03 16:21:43,795 - INFO - JOUEUR: Raquette gauche déplacée de 147 à 140
2025-05-03 16:21:43,795 - INFO - IA: Raquette droite déplacée de 301 à 308
2025-05-03 16:21:43,813 - INFO - JOUEUR: Raquette gauche déplacée de 140 à 133
2025-05-03 16:21:43,813 - INFO - IA: Raquette droite déplacée de 308 à 301
2025-05-03 16:21:43,830 - INFO - JOUEUR: Raquette gauche déplacée de 133 à 126
2025-05-03 16:21:43,831 - INFO - IA: Raquette droite déplacée de 301 à 308
2025-05-03 16:21:43,849 - INFO - JOUEUR: Raquette gauche déplacée de 126 à 119
2025-05-03 16:21:43,849 - INFO - IA: Raquette droite déplacée de 308 à 301
2025-05-03 16:21:43,867 - INFO - JOUEUR: Raquette gauche déplacée de 119 à 112
2025-05-03 16:21:43,867 - INFO - IA: Raquette droite déplacée de 301 à 308
2025-05-03 16:21:43,885 - INFO - JOUEUR: Raquette gauche déplacée de 112 à 105
2025-05-03 16:21:43,885 - INFO - IA: Raquette droite déplacée de 308 à 315
2025-05-03 16:21:43,904 - INFO - JOUEUR: Raquette gauche déplacée de 105 à 98
2025-05-03 16:21:43,904 - INFO - IA: Raquette droite déplacée de 315 à 322
2025-05-03 16:21:43,921 - INFO - JOUEUR: Raquette gauche déplacée de 98 à 91
2025-05-03 16:21:43,921 - INFO - IA: Raquette droite déplacée de 322 à 329
2025-05-03 16:21:43,939 - INFO - JOUEUR: Raquette gauche déplacée de 91 à 84
2025-05-03 16:21:43,939 - INFO - IA: Raquette droite déplacée de 329 à 336
2025-05-03 16:21:43,956 - INFO - JOUEUR: Raquette gauche déplacée de 84 à 77
2025-05-03 16:21:43,956 - INFO - IA: Raquette droite déplacée de 336 à 343
2025-05-03 16:21:43,973 - INFO - JOUEUR: Raquette gauche déplacée de 77 à 70
2025-05-03 16:21:43,973 - INFO - IA: Raquette droite déplacée de 343 à 350
2025-05-03 16:21:43,991 - INFO - INPUT: Joueur relâche les touches directionnelles
2025-05-03 16:21:43,991 - INFO - IA: Raquette droite déplacée de 350 à 357
2025-05-03 16:21:44,008 - INFO - IA: Raquette droite déplacée de 357 à 364
2025-05-03 16:21:44,026 - INFO - IA: Raquette droite déplacée de 364 à 357
2025-05-03 16:21:44,043 - INFO - IA: Raquette droite déplacée de 357 à 350
2025-05-03 16:21:44,060 - INFO - IA: Raquette droite déplacée de 350 à 357
2025-05-03 16:21:44,077 - INFO - IA: Raquette droite déplacée de 357 à 364
2025-05-03 16:21:44,094 - INFO - IA: Raquette droite déplacée de 364 à 371
2025-05-03 16:21:44,111 - INFO - IA: Raquette droite déplacée de 371 à 378
2025-05-03 16:21:44,128 - INFO - IA: Raquette droite déplacée de 378 à 385
2025-05-03 16:21:44,146 - INFO - IA: Raquette droite déplacée de 385 à 390
2025-05-03 16:21:44,146 - INFO - COLLISION: Balle a rebondi sur une raquette à la position (555, 458)
2025-05-03 16:21:44,184 - INFO - COLLISION: Balle a rebondi sur un mur à la position (543, 468)
2025-05-03 16:21:44,235 - INFO - INPUT: Joueur appuie sur la touche BAS
2025-05-03 16:21:44,235 - INFO - JOUEUR: Raquette gauche déplacée de 70 à 77
2025-05-03 16:21:44,254 - INFO - JOUEUR: Raquette gauche déplacée de 77 à 84
2025-05-03 16:21:44,271 - INFO - JOUEUR: Raquette gauche déplacée de 84 à 91
2025-05-03 16:21:44,289 - INFO - JOUEUR: Raquette gauche déplacée de 91 à 98
2025-05-03 16:21:44,306 - INFO - JOUEUR: Raquette gauche déplacée de 98 à 105
2025-05-03 16:21:44,324 - INFO - JOUEUR: Raquette gauche déplacée de 105 à 112
2025-05-03 16:21:44,341 - INFO - JOUEUR: Raquette gauche déplacée de 112 à 119
2025-05-03 16:21:44,358 - INFO - JOUEUR: Raquette gauche déplacée de 119 à 126
2025-05-03 16:21:44,376 - INFO - JOUEUR: Raquette gauche déplacée de 126 à 133
2025-05-03 16:21:44,376 - INFO - IA: Raquette droite déplacée de 390 à 383
2025-05-03 16:21:44,393 - INFO - JOUEUR: Raquette gauche déplacée de 133 à 140
2025-05-03 16:21:44,393 - INFO - IA: Raquette droite déplacée de 383 à 376
2025-05-03 16:21:44,410 - INFO - JOUEUR: Raquette gauche déplacée de 140 à 147
2025-05-03 16:21:44,410 - INFO - IA: Raquette droite déplacée de 376 à 369
2025-05-03 16:21:44,427 - INFO - JOUEUR: Raquette gauche déplacée de 147 à 154
2025-05-03 16:21:44,427 - INFO - IA: Raquette droite déplacée de 369 à 362
2025-05-03 16:21:44,445 - INFO - JOUEUR: Raquette gauche déplacée de 154 à 161
2025-05-03 16:21:44,445 - INFO - IA: Raquette droite déplacée de 362 à 369
2025-05-03 16:21:44,462 - INFO - JOUEUR: Raquette gauche déplacée de 161 à 168
2025-05-03 16:21:44,462 - INFO - IA: Raquette droite déplacée de 369 à 362
2025-05-03 16:21:44,480 - INFO - JOUEUR: Raquette gauche déplacée de 168 à 175
2025-05-03 16:21:44,480 - INFO - IA: Raquette droite déplacée de 362 à 355
2025-05-03 16:21:44,497 - INFO - JOUEUR: Raquette gauche déplacée de 175 à 182
2025-05-03 16:21:44,497 - INFO - IA: Raquette droite déplacée de 355 à 362
2025-05-03 16:21:44,515 - INFO - JOUEUR: Raquette gauche déplacée de 182 à 189
2025-05-03 16:21:44,515 - INFO - IA: Raquette droite déplacée de 362 à 355
2025-05-03 16:21:44,532 - INFO - JOUEUR: Raquette gauche déplacée de 189 à 196
2025-05-03 16:21:44,532 - INFO - IA: Raquette droite déplacée de 355 à 348
2025-05-03 16:21:44,549 - INFO - JOUEUR: Raquette gauche déplacée de 196 à 203
2025-05-03 16:21:44,550 - INFO - IA: Raquette droite déplacée de 348 à 341
2025-05-03 16:21:44,567 - INFO - JOUEUR: Raquette gauche déplacée de 203 à 210
2025-05-03 16:21:44,567 - INFO - IA: Raquette droite déplacée de 341 à 334
2025-05-03 16:21:44,585 - INFO - JOUEUR: Raquette gauche déplacée de 210 à 217
2025-05-03 16:21:44,585 - INFO - IA: Raquette droite déplacée de 334 à 341
2025-05-03 16:21:44,602 - INFO - JOUEUR: Raquette gauche déplacée de 217 à 224
2025-05-03 16:21:44,602 - INFO - IA: Raquette droite déplacée de 341 à 334
2025-05-03 16:21:44,619 - INFO - JOUEUR: Raquette gauche déplacée de 224 à 231
2025-05-03 16:21:44,619 - INFO - IA: Raquette droite déplacée de 334 à 327
2025-05-03 16:21:44,637 - INFO - JOUEUR: Raquette gauche déplacée de 231 à 238
2025-05-03 16:21:44,637 - INFO - IA: Raquette droite déplacée de 327 à 320
2025-05-03 16:21:44,654 - INFO - INPUT: Joueur relâche les touches directionnelles
2025-05-03 16:21:44,654 - INFO - IA: Raquette droite déplacée de 320 à 327
2025-05-03 16:21:44,672 - INFO - IA: Raquette droite déplacée de 327 à 320
2025-05-03 16:21:44,690 - INFO - IA: Raquette droite déplacée de 320 à 313
2025-05-03 16:21:44,707 - INFO - IA: Raquette droite déplacée de 313 à 306
2025-05-03 16:21:44,724 - INFO - IA: Raquette droite déplacée de 306 à 299
2025-05-03 16:21:44,742 - INFO - IA: Raquette droite déplacée de 299 à 292
2025-05-03 16:21:44,759 - INFO - IA: Raquette droite déplacée de 292 à 285
2025-05-03 16:21:44,776 - INFO - IA: Raquette droite déplacée de 285 à 278
2025-05-03 16:21:44,793 - INFO - IA: Raquette droite déplacée de 278 à 271
2025-05-03 16:21:44,811 - INFO - IA: Raquette droite déplacée de 271 à 264
2025-05-03 16:21:44,828 - INFO - IA: Raquette droite déplacée de 264 à 257
2025-05-03 16:21:44,845 - INFO - IA: Raquette droite déplacée de 257 à 250
2025-05-03 16:21:44,862 - INFO - IA: Raquette droite déplacée de 250 à 243
2025-05-03 16:21:44,880 - INFO - IA: Raquette droite déplacée de 243 à 250
2025-05-03 16:21:44,898 - INFO - IA: Raquette droite déplacée de 250 à 243
2025-05-03 16:21:44,916 - INFO - IA: Raquette droite déplacée de 243 à 236
2025-05-03 16:21:44,933 - INFO - IA: Raquette droite déplacée de 236 à 229
2025-05-03 16:21:44,950 - INFO - IA: Raquette droite déplacée de 229 à 236
2025-05-03 16:21:44,969 - INFO - INPUT: Joueur appuie sur la touche HAUT
2025-05-03 16:21:44,969 - INFO - JOUEUR: Raquette gauche déplacée de 238 à 231
2025-05-03 16:21:44,969 - INFO - IA: Raquette droite déplacée de 236 à 229
2025-05-03 16:21:44,987 - INFO - JOUEUR: Raquette gauche déplacée de 231 à 224
2025-05-03 16:21:44,987 - INFO - IA: Raquette droite déplacée de 229 à 222
2025-05-03 16:21:45,004 - INFO - JOUEUR: Raquette gauche déplacée de 224 à 217
2025-05-03 16:21:45,005 - INFO - IA: Raquette droite déplacée de 222 à 215
2025-05-03 16:21:45,021 - INFO - JOUEUR: Raquette gauche déplacée de 217 à 210
2025-05-03 16:21:45,021 - INFO - IA: Raquette droite déplacée de 215 à 222
2025-05-03 16:21:45,039 - INFO - JOUEUR: Raquette gauche déplacée de 210 à 203
2025-05-03 16:21:45,039 - INFO - IA: Raquette droite déplacée de 222 à 215
2025-05-03 16:21:45,056 - INFO - JOUEUR: Raquette gauche déplacée de 203 à 196
2025-05-03 16:21:45,056 - INFO - IA: Raquette droite déplacée de 215 à 208
2025-05-03 16:21:45,073 - INFO - JOUEUR: Raquette gauche déplacée de 196 à 189
2025-05-03 16:21:45,073 - INFO - IA: Raquette droite déplacée de 208 à 201
2025-05-03 16:21:45,090 - INFO - JOUEUR: Raquette gauche déplacée de 189 à 182
2025-05-03 16:21:45,090 - INFO - IA: Raquette droite déplacée de 201 à 208
2025-05-03 16:21:45,107 - INFO - JOUEUR: Raquette gauche déplacée de 182 à 175
2025-05-03 16:21:45,107 - INFO - IA: Raquette droite déplacée de 208 à 201
2025-05-03 16:21:45,124 - INFO - JOUEUR: Raquette gauche déplacée de 175 à 168
2025-05-03 16:21:45,124 - INFO - IA: Raquette droite déplacée de 201 à 194
2025-05-03 16:21:45,141 - INFO - JOUEUR: Raquette gauche déplacée de 168 à 161
2025-05-03 16:21:45,141 - INFO - IA: Raquette droite déplacée de 194 à 187
2025-05-03 16:21:45,159 - INFO - JOUEUR: Raquette gauche déplacée de 161 à 154
2025-05-03 16:21:45,159 - INFO - IA: Raquette droite déplacée de 187 à 180
2025-05-03 16:21:45,175 - INFO - JOUEUR: Raquette gauche déplacée de 154 à 147
2025-05-03 16:21:45,176 - INFO - IA: Raquette droite déplacée de 180 à 173
2025-05-03 16:21:45,193 - INFO - JOUEUR: Raquette gauche déplacée de 147 à 140
2025-05-03 16:21:45,193 - INFO - IA: Raquette droite déplacée de 173 à 166
2025-05-03 16:21:45,212 - INFO - JOUEUR: Raquette gauche déplacée de 140 à 133
2025-05-03 16:21:45,212 - INFO - IA: Raquette droite déplacée de 166 à 159
2025-05-03 16:21:45,230 - INFO - JOUEUR: Raquette gauche déplacée de 133 à 126
2025-05-03 16:21:45,247 - INFO - JOUEUR: Raquette gauche déplacée de 126 à 119
2025-05-03 16:21:45,248 - INFO - IA: Raquette droite déplacée de 159 à 152
2025-05-03 16:21:45,266 - INFO - JOUEUR: Raquette gauche déplacée de 119 à 112
2025-05-03 16:21:45,266 - INFO - IA: Raquette droite déplacée de 152 à 145
2025-05-03 16:21:45,283 - INFO - JOUEUR: Raquette gauche déplacée de 112 à 105
2025-05-03 16:21:45,284 - INFO - IA: Raquette droite déplacée de 145 à 138
2025-05-03 16:21:45,300 - INFO - JOUEUR: Raquette gauche déplacée de 105 à 98
2025-05-03 16:21:45,301 - INFO - IA: Raquette droite déplacée de 138 à 131
2025-05-03 16:21:45,318 - INFO - JOUEUR: Raquette gauche déplacée de 98 à 91
2025-05-03 16:21:45,318 - INFO - IA: Raquette droite déplacée de 131 à 124
2025-05-03 16:21:45,336 - INFO - JOUEUR: Raquette gauche déplacée de 91 à 84
2025-05-03 16:21:45,336 - INFO - IA: Raquette droite déplacée de 124 à 117
2025-05-03 16:21:45,353 - INFO - JOUEUR: Raquette gauche déplacée de 84 à 77
2025-05-03 16:21:45,353 - INFO - IA: Raquette droite déplacée de 117 à 110
2025-05-03 16:21:45,371 - INFO - JOUEUR: Raquette gauche déplacée de 77 à 70
2025-05-03 16:21:45,371 - INFO - IA: Raquette droite déplacée de 110 à 117
2025-05-03 16:21:45,389 - INFO - JOUEUR: Raquette gauche déplacée de 70 à 63
2025-05-03 16:21:45,389 - INFO - IA: Raquette droite déplacée de 117 à 110
2025-05-03 16:21:45,406 - INFO - JOUEUR: Raquette gauche déplacée de 63 à 56
2025-05-03 16:21:45,406 - INFO - IA: Raquette droite déplacée de 110 à 103
2025-05-03 16:21:45,423 - INFO - JOUEUR: Raquette gauche déplacée de 56 à 49
2025-05-03 16:21:45,441 - INFO - JOUEUR: Raquette gauche déplacée de 49 à 42
2025-05-03 16:21:45,441 - INFO - IA: Raquette droite déplacée de 103 à 96
2025-05-03 16:21:45,459 - INFO - JOUEUR: Raquette gauche déplacée de 42 à 35
2025-05-03 16:21:45,459 - INFO - IA: Raquette droite déplacée de 96 à 89
2025-05-03 16:21:45,477 - INFO - INPUT: Joueur relâche les touches directionnelles
2025-05-03 16:21:45,477 - INFO - IA: Raquette droite déplacée de 89 à 82
2025-05-03 16:21:45,494 - INFO - IA: Raquette droite déplacée de 82 à 75
2025-05-03 16:21:45,512 - INFO - IA: Raquette droite déplacée de 75 à 82
2025-05-03 16:21:45,530 - INFO - IA: Raquette droite déplacée de 82 à 75
2025-05-03 16:21:45,548 - INFO - IA: Raquette droite déplacée de 75 à 68
2025-05-03 16:21:45,565 - INFO - IA: Raquette droite déplacée de 68 à 75
2025-05-03 16:21:45,583 - INFO - IA: Raquette droite déplacée de 75 à 68
2025-05-03 16:21:45,601 - INFO - IA: Raquette droite déplacée de 68 à 61
2025-05-03 16:21:45,618 - INFO - IA: Raquette droite déplacée de 61 à 54
2025-05-03 16:21:45,636 - INFO - IA: Raquette droite déplacée de 54 à 47
2025-05-03 16:21:45,654 - INFO - IA: Raquette droite déplacée de 47 à 40
2025-05-03 16:21:45,670 - INFO - IA: Raquette droite déplacée de 40 à 33
2025-05-03 16:21:45,671 - INFO - COLLISION: Balle a rebondi sur une raquette à la position (33, 43)
2025-05-03 16:21:45,688 - INFO - IA: Raquette droite déplacée de 33 à 26
2025-05-03 16:21:45,705 - INFO - IA: Raquette droite déplacée de 26 à 19
2025-05-03 16:21:45,723 - INFO - IA: Raquette droite déplacée de 19 à 12
2025-05-03 16:21:45,741 - INFO - IA: Raquette droite déplacée de 12 à 5
2025-05-03 16:21:45,758 - INFO - IA: Raquette droite déplacée de 5 à 0
2025-05-03 16:21:45,828 - INFO - COLLISION: Balle a rebondi sur un mur à la position (96, -2)
2025-05-03 16:21:45,948 - INFO - IA: Raquette droite déplacée de 0 à 7
2025-05-03 16:21:45,965 - INFO - IA: Raquette droite déplacée de 7 à 0
2025-05-03 16:21:45,983 - INFO - IA: Raquette droite déplacée de 0 à 7
2025-05-03 16:21:46,001 - INFO - IA: Raquette droite déplacée de 7 à 14
2025-05-03 16:21:46,019 - INFO - IA: Raquette droite déplacée de 14 à 7
2025-05-03 16:21:46,037 - INFO - IA: Raquette droite déplacée de 7 à 14
2025-05-03 16:21:46,055 - INFO - IA: Raquette droite déplacée de 14 à 7
2025-05-03 16:21:46,072 - INFO - IA: Raquette droite déplacée de 7 à 14
2025-05-03 16:21:46,089 - INFO - IA: Raquette droite déplacée de 14 à 21
2025-05-03 16:21:46,106 - INFO - IA: Raquette droite déplacée de 21 à 14
2025-05-03 16:21:46,123 - INFO - IA: Raquette droite déplacée de 14 à 21
2025-05-03 16:21:46,141 - INFO - IA: Raquette droite déplacée de 21 à 28
2025-05-03 16:21:46,158 - INFO - IA: Raquette droite déplacée de 28 à 35
2025-05-03 16:21:46,176 - INFO - IA: Raquette droite déplacée de 35 à 42
2025-05-03 16:21:46,193 - INFO - IA: Raquette droite déplacée de 42 à 35
2025-05-03 16:21:46,210 - INFO - IA: Raquette droite déplacée de 35 à 42
2025-05-03 16:21:46,228 - INFO - INPUT: Joueur appuie sur la touche BAS
2025-05-03 16:21:46,228 - INFO - JOUEUR: Raquette gauche déplacée de 35 à 42
2025-05-03 16:21:46,228 - INFO - IA: Raquette droite déplacée de 42 à 49
2025-05-03 16:21:46,246 - INFO - JOUEUR: Raquette gauche déplacée de 42 à 49
2025-05-03 16:21:46,247 - INFO - IA: Raquette droite déplacée de 49 à 56
2025-05-03 16:21:46,265 - INFO - JOUEUR: Raquette gauche déplacée de 49 à 56
2025-05-03 16:21:46,265 - INFO - IA: Raquette droite déplacée de 56 à 63
2025-05-03 16:21:46,282 - INFO - JOUEUR: Raquette gauche déplacée de 56 à 63
2025-05-03 16:21:46,282 - INFO - IA: Raquette droite déplacée de 63 à 56
2025-05-03 16:21:46,299 - INFO - JOUEUR: Raquette gauche déplacée de 63 à 70
2025-05-03 16:21:46,299 - INFO - IA: Raquette droite déplacée de 56 à 63
2025-05-03 16:21:46,316 - INFO - JOUEUR: Raquette gauche déplacée de 70 à 77
2025-05-03 16:21:46,316 - INFO - IA: Raquette droite déplacée de 63 à 70
2025-05-03 16:21:46,333 - INFO - JOUEUR: Raquette gauche déplacée de 77 à 84
2025-05-03 16:21:46,333 - INFO - IA: Raquette droite déplacée de 70 à 77
2025-05-03 16:21:46,351 - INFO - JOUEUR: Raquette gauche déplacée de 84 à 91
2025-05-03 16:21:46,351 - INFO - IA: Raquette droite déplacée de 77 à 84
2025-05-03 16:21:46,367 - INFO - JOUEUR: Raquette gauche déplacée de 91 à 98
2025-05-03 16:21:46,368 - INFO - IA: Raquette droite déplacée de 84 à 91
2025-05-03 16:21:46,385 - INFO - JOUEUR: Raquette gauche déplacée de 98 à 105
2025-05-03 16:21:46,385 - INFO - IA: Raquette droite déplacée de 91 à 98
2025-05-03 16:21:46,402 - INFO - JOUEUR: Raquette gauche déplacée de 105 à 112
2025-05-03 16:21:46,402 - INFO - IA: Raquette droite déplacée de 98 à 91
2025-05-03 16:21:46,420 - INFO - JOUEUR: Raquette gauche déplacée de 112 à 119
2025-05-03 16:21:46,420 - INFO - IA: Raquette droite déplacée de 91 à 98
2025-05-03 16:21:46,437 - INFO - JOUEUR: Raquette gauche déplacée de 119 à 126
2025-05-03 16:21:46,437 - INFO - IA: Raquette droite déplacée de 98 à 105
2025-05-03 16:21:46,454 - INFO - JOUEUR: Raquette gauche déplacée de 126 à 133
2025-05-03 16:21:46,454 - INFO - IA: Raquette droite déplacée de 105 à 112
2025-05-03 16:21:46,472 - INFO - JOUEUR: Raquette gauche déplacée de 133 à 140
2025-05-03 16:21:46,472 - INFO - IA: Raquette droite déplacée de 112 à 119
2025-05-03 16:21:46,489 - INFO - JOUEUR: Raquette gauche déplacée de 140 à 147
2025-05-03 16:21:46,489 - INFO - IA: Raquette droite déplacée de 119 à 126
2025-05-03 16:21:46,506 - INFO - JOUEUR: Raquette gauche déplacée de 147 à 154
2025-05-03 16:21:46,506 - INFO - IA: Raquette droite déplacée de 126 à 133
2025-05-03 16:21:46,524 - INFO - JOUEUR: Raquette gauche déplacée de 154 à 161
2025-05-03 16:21:46,524 - INFO - IA: Raquette droite déplacée de 133 à 140
2025-05-03 16:21:46,541 - INFO - JOUEUR: Raquette gauche déplacée de 161 à 168
2025-05-03 16:21:46,542 - INFO - IA: Raquette droite déplacée de 140 à 147
2025-05-03 16:21:46,559 - INFO - JOUEUR: Raquette gauche déplacée de 168 à 175
2025-05-03 16:21:46,559 - INFO - IA: Raquette droite déplacée de 147 à 154
2025-05-03 16:21:46,576 - INFO - JOUEUR: Raquette gauche déplacée de 175 à 182
2025-05-03 16:21:46,576 - INFO - IA: Raquette droite déplacée de 154 à 161
2025-05-03 16:21:46,593 - INFO - JOUEUR: Raquette gauche déplacée de 182 à 189
2025-05-03 16:21:46,594 - INFO - IA: Raquette droite déplacée de 161 à 168
2025-05-03 16:21:46,610 - INFO - JOUEUR: Raquette gauche déplacée de 189 à 196
2025-05-03 16:21:46,611 - INFO - IA: Raquette droite déplacée de 168 à 175
2025-05-03 16:21:46,627 - INFO - JOUEUR: Raquette gauche déplacée de 196 à 203
2025-05-03 16:21:46,628 - INFO - IA: Raquette droite déplacée de 175 à 182
2025-05-03 16:21:46,646 - INFO - JOUEUR: Raquette gauche déplacée de 203 à 210
2025-05-03 16:21:46,646 - INFO - IA: Raquette droite déplacée de 182 à 175
2025-05-03 16:21:46,664 - INFO - JOUEUR: Raquette gauche déplacée de 210 à 217
2025-05-03 16:21:46,664 - INFO - IA: Raquette droite déplacée de 175 à 182
2025-05-03 16:21:46,681 - INFO - JOUEUR: Raquette gauche déplacée de 217 à 224
2025-05-03 16:21:46,681 - INFO - IA: Raquette droite déplacée de 182 à 189
2025-05-03 16:21:46,698 - INFO - JOUEUR: Raquette gauche déplacée de 224 à 231
2025-05-03 16:21:46,698 - INFO - IA: Raquette droite déplacée de 189 à 196
2025-05-03 16:21:46,716 - INFO - JOUEUR: Raquette gauche déplacée de 231 à 238
2025-05-03 16:21:46,716 - INFO - IA: Raquette droite déplacée de 196 à 203
2025-05-03 16:21:46,733 - INFO - JOUEUR: Raquette gauche déplacée de 238 à 245
2025-05-03 16:21:46,733 - INFO - IA: Raquette droite déplacée de 203 à 196
2025-05-03 16:21:46,751 - INFO - JOUEUR: Raquette gauche déplacée de 245 à 252
2025-05-03 16:21:46,751 - INFO - IA: Raquette droite déplacée de 196 à 203
2025-05-03 16:21:46,769 - INFO - INPUT: Joueur relâche les touches directionnelles
2025-05-03 16:21:46,770 - INFO - IA: Raquette droite déplacée de 203 à 210
2025-05-03 16:21:46,787 - INFO - IA: Raquette droite déplacée de 210 à 203
2025-05-03 16:21:46,806 - INFO - IA: Raquette droite déplacée de 203 à 210
2025-05-03 16:21:46,823 - INFO - IA: Raquette droite déplacée de 210 à 217
2025-05-03 16:21:46,841 - INFO - IA: Raquette droite déplacée de 217 à 224
2025-05-03 16:21:46,875 - INFO - IA: Raquette droite déplacée de 224 à 231
2025-05-03 16:21:46,892 - INFO - IA: Raquette droite déplacée de 231 à 238
2025-05-03 16:21:46,909 - INFO - IA: Raquette droite déplacée de 238 à 245
2025-05-03 16:21:46,926 - INFO - IA: Raquette droite déplacée de 245 à 238
2025-05-03 16:21:46,943 - INFO - IA: Raquette droite déplacée de 238 à 245
2025-05-03 16:21:46,961 - INFO - IA: Raquette droite déplacée de 245 à 252
2025-05-03 16:21:46,961 - INFO - COLLISION: Balle a rebondi sur une raquette à la position (551, 323)
2025-05-03 16:21:46,979 - INFO - IA: Raquette droite déplacée de 252 à 259
2025-05-03 16:21:46,996 - INFO - IA: Raquette droite déplacée de 259 à 266
2025-05-03 16:21:47,013 - INFO - IA: Raquette droite déplacée de 266 à 273
2025-05-03 16:21:47,030 - INFO - IA: Raquette droite déplacée de 273 à 280
2025-05-03 16:21:47,048 - INFO - IA: Raquette droite déplacée de 280 à 287
2025-05-03 16:21:47,066 - INFO - IA: Raquette droite déplacée de 287 à 294
2025-05-03 16:21:47,083 - INFO - IA: Raquette droite déplacée de 294 à 301
2025-05-03 16:21:47,100 - INFO - IA: Raquette droite déplacée de 301 à 308
2025-05-03 16:21:47,117 - INFO - IA: Raquette droite déplacée de 308 à 315
2025-05-03 16:21:47,134 - INFO - IA: Raquette droite déplacée de 315 à 322
2025-05-03 16:21:47,151 - INFO - IA: Raquette droite déplacée de 322 à 329
2025-05-03 16:21:47,168 - INFO - IA: Raquette droite déplacée de 329 à 336
2025-05-03 16:21:47,185 - INFO - IA: Raquette droite déplacée de 336 à 329
2025-05-03 16:21:47,203 - INFO - IA: Raquette droite déplacée de 329 à 336
2025-05-03 16:21:47,221 - INFO - IA: Raquette droite déplacée de 336 à 343
2025-05-03 16:21:47,238 - INFO - IA: Raquette droite déplacée de 343 à 350
2025-05-03 16:21:47,255 - INFO - IA: Raquette droite déplacée de 350 à 343
2025-05-03 16:21:47,272 - INFO - IA: Raquette droite déplacée de 343 à 350
2025-05-03 16:21:47,289 - INFO - IA: Raquette droite déplacée de 350 à 343
2025-05-03 16:21:47,306 - INFO - IA: Raquette droite déplacée de 343 à 350
2025-05-03 16:21:47,323 - INFO - IA: Raquette droite déplacée de 350 à 357
2025-05-03 16:21:47,340 - INFO - INPUT: Joueur appuie sur la touche BAS
2025-05-03 16:21:47,341 - INFO - JOUEUR: Raquette gauche déplacée de 252 à 259
2025-05-03 16:21:47,341 - INFO - IA: Raquette droite déplacée de 357 à 364
2025-05-03 16:21:47,359 - INFO - JOUEUR: Raquette gauche déplacée de 259 à 266
2025-05-03 16:21:47,359 - INFO - IA: Raquette droite déplacée de 364 à 371
2025-05-03 16:21:47,378 - INFO - JOUEUR: Raquette gauche déplacée de 266 à 273
2025-05-03 16:21:47,378 - INFO - IA: Raquette droite déplacée de 371 à 378
2025-05-03 16:21:47,395 - INFO - JOUEUR: Raquette gauche déplacée de 273 à 280
2025-05-03 16:21:47,395 - INFO - IA: Raquette droite déplacée de 378 à 385
2025-05-03 16:21:47,412 - INFO - JOUEUR: Raquette gauche déplacée de 280 à 287
2025-05-03 16:21:47,412 - INFO - IA: Raquette droite déplacée de 385 à 390
2025-05-03 16:21:47,429 - INFO - JOUEUR: Raquette gauche déplacée de 287 à 294
2025-05-03 16:21:47,446 - INFO - JOUEUR: Raquette gauche déplacée de 294 à 301
2025-05-03 16:21:47,463 - INFO - JOUEUR: Raquette gauche déplacée de 301 à 308
2025-05-03 16:21:47,463 - INFO - COLLISION: Balle a rebondi sur un mur à la position (348, 468)
2025-05-03 16:21:47,480 - INFO - JOUEUR: Raquette gauche déplacée de 308 à 315
2025-05-03 16:21:47,497 - INFO - JOUEUR: Raquette gauche déplacée de 315 à 322
2025-05-03 16:21:47,514 - INFO - JOUEUR: Raquette gauche déplacée de 322 à 329
2025-05-03 16:21:47,532 - INFO - JOUEUR: Raquette gauche déplacée de 329 à 336
2025-05-03 16:21:47,549 - INFO - JOUEUR: Raquette gauche déplacée de 336 à 343
2025-05-03 16:21:47,567 - INFO - JOUEUR: Raquette gauche déplacée de 343 à 350
2025-05-03 16:21:47,585 - INFO - JOUEUR: Raquette gauche déplacée de 350 à 357
2025-05-03 16:21:47,603 - INFO - JOUEUR: Raquette gauche déplacée de 357 à 364
2025-05-03 16:21:47,603 - INFO - IA: Raquette droite déplacée de 390 à 383
2025-05-03 16:21:47,620 - INFO - JOUEUR: Raquette gauche déplacée de 364 à 371
2025-05-03 16:21:47,621 - INFO - IA: Raquette droite déplacée de 383 à 376
2025-05-03 16:21:47,638 - INFO - INPUT: Joueur relâche les touches directionnelles
2025-05-03 16:21:47,639 - INFO - IA: Raquette droite déplacée de 376 à 383
2025-05-03 16:21:47,656 - INFO - IA: Raquette droite déplacée de 383 à 390
2025-05-03 16:21:47,689 - INFO - IA: Raquette droite déplacée de 390 à 383
2025-05-03 16:21:47,706 - INFO - IA: Raquette droite déplacée de 383 à 376
2025-05-03 16:21:47,723 - INFO - IA: Raquette droite déplacée de 376 à 369
2025-05-03 16:21:47,740 - INFO - IA: Raquette droite déplacée de 369 à 362
2025-05-03 16:21:47,757 - INFO - IA: Raquette droite déplacée de 362 à 369
2025-05-03 16:21:47,774 - INFO - IA: Raquette droite déplacée de 369 à 362
2025-05-03 16:21:47,791 - INFO - IA: Raquette droite déplacée de 362 à 355
2025-05-03 16:21:47,808 - INFO - IA: Raquette droite déplacée de 355 à 348
2025-05-03 16:21:47,825 - INFO - IA: Raquette droite déplacée de 348 à 341
2025-05-03 16:21:47,843 - INFO - IA: Raquette droite déplacée de 341 à 334
2025-05-03 16:21:47,862 - INFO - IA: Raquette droite déplacée de 334 à 327
2025-05-03 16:21:47,880 - INFO - IA: Raquette droite déplacée de 327 à 320
2025-05-03 16:21:47,898 - INFO - IA: Raquette droite déplacée de 320 à 327
2025-05-03 16:21:47,915 - INFO - INPUT: Joueur appuie sur la touche HAUT
2025-05-03 16:21:47,915 - INFO - JOUEUR: Raquette gauche déplacée de 371 à 364
2025-05-03 16:21:47,915 - INFO - IA: Raquette droite déplacée de 327 à 320
2025-05-03 16:21:47,933 - INFO - JOUEUR: Raquette gauche déplacée de 364 à 357
2025-05-03 16:21:47,933 - INFO - IA: Raquette droite déplacée de 320 à 313
2025-05-03 16:21:47,950 - INFO - JOUEUR: Raquette gauche déplacée de 357 à 350
2025-05-03 16:21:47,951 - INFO - IA: Raquette droite déplacée de 313 à 306
2025-05-03 16:21:47,968 - INFO - JOUEUR: Raquette gauche déplacée de 350 à 343
2025-05-03 16:21:47,968 - INFO - IA: Raquette droite déplacée de 306 à 299
2025-05-03 16:21:47,985 - INFO - JOUEUR: Raquette gauche déplacée de 343 à 336
2025-05-03 16:21:47,985 - INFO - IA: Raquette droite déplacée de 299 à 292
2025-05-03 16:21:48,001 - INFO - JOUEUR: Raquette gauche déplacée de 336 à 329
2025-05-03 16:21:48,001 - INFO - IA: Raquette droite déplacée de 292 à 285
2025-05-03 16:21:48,019 - INFO - JOUEUR: Raquette gauche déplacée de 329 à 322
2025-05-03 16:21:48,019 - INFO - IA: Raquette droite déplacée de 285 à 278
2025-05-03 16:21:48,036 - INFO - JOUEUR: Raquette gauche déplacée de 322 à 315
2025-05-03 16:21:48,036 - INFO - IA: Raquette droite déplacée de 278 à 271
2025-05-03 16:21:48,053 - INFO - JOUEUR: Raquette gauche déplacée de 315 à 308
2025-05-03 16:21:48,054 - INFO - IA: Raquette droite déplacée de 271 à 264
2025-05-03 16:21:48,071 - INFO - JOUEUR: Raquette gauche déplacée de 308 à 301
2025-05-03 16:21:48,072 - INFO - IA: Raquette droite déplacée de 264 à 271
2025-05-03 16:21:48,089 - INFO - JOUEUR: Raquette gauche déplacée de 301 à 294
2025-05-03 16:21:48,089 - INFO - IA: Raquette droite déplacée de 271 à 264
2025-05-03 16:21:48,107 - INFO - JOUEUR: Raquette gauche déplacée de 294 à 287
2025-05-03 16:21:48,107 - INFO - IA: Raquette droite déplacée de 264 à 257
2025-05-03 16:21:48,124 - INFO - JOUEUR: Raquette gauche déplacée de 287 à 280
2025-05-03 16:21:48,124 - INFO - IA: Raquette droite déplacée de 257 à 250
2025-05-03 16:21:48,141 - INFO - JOUEUR: Raquette gauche déplacée de 280 à 273
2025-05-03 16:21:48,141 - INFO - IA: Raquette droite déplacée de 250 à 243
2025-05-03 16:21:48,158 - INFO - JOUEUR: Raquette gauche déplacée de 273 à 266
2025-05-03 16:21:48,158 - INFO - IA: Raquette droite déplacée de 243 à 250
2025-05-03 16:21:48,175 - INFO - JOUEUR: Raquette gauche déplacée de 266 à 259
2025-05-03 16:21:48,175 - INFO - IA: Raquette droite déplacée de 250 à 243
2025-05-03 16:21:48,192 - INFO - JOUEUR: Raquette gauche déplacée de 259 à 252
2025-05-03 16:21:48,192 - INFO - IA: Raquette droite déplacée de 243 à 236
2025-05-03 16:21:48,209 - INFO - JOUEUR: Raquette gauche déplacée de 252 à 245
2025-05-03 16:21:48,209 - INFO - IA: Raquette droite déplacée de 236 à 229
2025-05-03 16:21:48,226 - INFO - JOUEUR: Raquette gauche déplacée de 245 à 238
2025-05-03 16:21:48,227 - INFO - IA: Raquette droite déplacée de 229 à 222
2025-05-03 16:21:48,244 - INFO - JOUEUR: Raquette gauche déplacée de 238 à 231
2025-05-03 16:21:48,245 - INFO - IA: Raquette droite déplacée de 222 à 215
2025-05-03 16:21:48,245 - INFO - COLLISION: Balle a rebondi sur une raquette à la position (33, 243)
2025-05-03 16:21:48,262 - INFO - JOUEUR: Raquette gauche déplacée de 231 à 224
2025-05-03 16:21:48,262 - INFO - IA: Raquette droite déplacée de 215 à 208
2025-05-03 16:21:48,280 - INFO - JOUEUR: Raquette gauche déplacée de 224 à 217
2025-05-03 16:21:48,280 - INFO - IA: Raquette droite déplacée de 208 à 201
2025-05-03 16:21:48,298 - INFO - JOUEUR: Raquette gauche déplacée de 217 à 210
2025-05-03 16:21:48,298 - INFO - IA: Raquette droite déplacée de 201 à 208
2025-05-03 16:21:48,315 - INFO - JOUEUR: Raquette gauche déplacée de 210 à 203
2025-05-03 16:21:48,315 - INFO - IA: Raquette droite déplacée de 208 à 201
2025-05-03 16:21:48,333 - INFO - JOUEUR: Raquette gauche déplacée de 203 à 196
2025-05-03 16:21:48,333 - INFO - IA: Raquette droite déplacée de 201 à 194
2025-05-03 16:21:48,350 - INFO - JOUEUR: Raquette gauche déplacée de 196 à 189
2025-05-03 16:21:48,350 - INFO - IA: Raquette droite déplacée de 194 à 187
2025-05-03 16:21:48,369 - INFO - JOUEUR: Raquette gauche déplacée de 189 à 182
2025-05-03 16:21:48,369 - INFO - IA: Raquette droite déplacée de 187 à 180
2025-05-03 16:21:48,387 - INFO - JOUEUR: Raquette gauche déplacée de 182 à 175
2025-05-03 16:21:48,388 - INFO - IA: Raquette droite déplacée de 180 à 173
2025-05-03 16:21:48,405 - INFO - JOUEUR: Raquette gauche déplacée de 175 à 168
2025-05-03 16:21:48,405 - INFO - IA: Raquette droite déplacée de 173 à 166
2025-05-03 16:21:48,422 - INFO - JOUEUR: Raquette gauche déplacée de 168 à 161
2025-05-03 16:21:48,422 - INFO - IA: Raquette droite déplacée de 166 à 159
2025-05-03 16:21:48,439 - INFO - JOUEUR: Raquette gauche déplacée de 161 à 154
2025-05-03 16:21:48,439 - INFO - IA: Raquette droite déplacée de 159 à 152
2025-05-03 16:21:48,457 - INFO - JOUEUR: Raquette gauche déplacée de 154 à 147
2025-05-03 16:21:48,457 - INFO - IA: Raquette droite déplacée de 152 à 145
2025-05-03 16:21:48,473 - INFO - JOUEUR: Raquette gauche déplacée de 147 à 140
2025-05-03 16:21:48,474 - INFO - IA: Raquette droite déplacée de 145 à 152
2025-05-03 16:21:48,491 - INFO - JOUEUR: Raquette gauche déplacée de 140 à 133
2025-05-03 16:21:48,491 - INFO - IA: Raquette droite déplacée de 152 à 145
2025-05-03 16:21:48,509 - INFO - JOUEUR: Raquette gauche déplacée de 133 à 126
2025-05-03 16:21:48,509 - INFO - IA: Raquette droite déplacée de 145 à 152
2025-05-03 16:21:48,528 - INFO - JOUEUR: Raquette gauche déplacée de 126 à 119
2025-05-03 16:21:48,528 - INFO - IA: Raquette droite déplacée de 152 à 145
2025-05-03 16:21:48,546 - INFO - JOUEUR: Raquette gauche déplacée de 119 à 112
2025-05-03 16:21:48,546 - INFO - IA: Raquette droite déplacée de 145 à 138
2025-05-03 16:21:48,564 - INFO - INPUT: Joueur relâche les touches directionnelles
2025-05-03 16:21:48,564 - INFO - IA: Raquette droite déplacée de 138 à 145
2025-05-03 16:21:48,581 - INFO - IA: Raquette droite déplacée de 145 à 138
2025-05-03 16:21:48,598 - INFO - IA: Raquette droite déplacée de 138 à 131
2025-05-03 16:21:48,615 - INFO - IA: Raquette droite déplacée de 131 à 138
2025-05-03 16:21:48,632 - INFO - IA: Raquette droite déplacée de 138 à 131
2025-05-03 16:21:48,650 - INFO - IA: Raquette droite déplacée de 131 à 124
2025-05-03 16:21:48,668 - INFO - IA: Raquette droite déplacée de 124 à 117
2025-05-03 16:21:48,686 - INFO - IA: Raquette droite déplacée de 117 à 110
2025-05-03 16:21:48,703 - INFO - IA: Raquette droite déplacée de 110 à 103
2025-05-03 16:21:48,720 - INFO - IA: Raquette droite déplacée de 103 à 96
2025-05-03 16:21:48,737 - INFO - IA: Raquette droite déplacée de 96 à 89
2025-05-03 16:21:48,754 - INFO - IA: Raquette droite déplacée de 89 à 82
2025-05-03 16:21:48,771 - INFO - IA: Raquette droite déplacée de 82 à 75
2025-05-03 16:21:48,788 - INFO - IA: Raquette droite déplacée de 75 à 68
2025-05-03 16:21:48,806 - INFO - IA: Raquette droite déplacée de 68 à 75
2025-05-03 16:21:48,823 - INFO - IA: Raquette droite déplacée de 75 à 68
2025-05-03 16:21:48,839 - INFO - IA: Raquette droite déplacée de 68 à 61
2025-05-03 16:21:48,857 - INFO - IA: Raquette droite déplacée de 61 à 54
2025-05-03 16:21:48,875 - INFO - IA: Raquette droite déplacée de 54 à 47
2025-05-03 16:21:48,894 - INFO - IA: Raquette droite déplacée de 47 à 40
2025-05-03 16:21:48,912 - INFO - IA: Raquette droite déplacée de 40 à 33
2025-05-03 16:21:48,929 - INFO - IA: Raquette droite déplacée de 33 à 26
2025-05-03 16:21:48,946 - INFO - IA: Raquette droite déplacée de 26 à 33
2025-05-03 16:21:48,964 - INFO - IA: Raquette droite déplacée de 33 à 26
2025-05-03 16:21:48,981 - INFO - IA: Raquette droite déplacée de 26 à 19
2025-05-03 16:21:48,998 - INFO - IA: Raquette droite déplacée de 19 à 12
2025-05-03 16:21:49,031 - INFO - IA: Raquette droite déplacée de 12 à 5
2025-05-03 16:21:49,048 - INFO - IA: Raquette droite déplacée de 5 à 0
2025-05-03 16:21:49,100 - INFO - COLLISION: Balle a rebondi sur un mur à la position (425, -2)
2025-05-03 16:21:49,254 - INFO - IA: Raquette droite déplacée de 0 à 7
2025-05-03 16:21:49,271 - INFO - IA: Raquette droite déplacée de 7 à 0
2025-05-03 16:21:49,322 - INFO - IA: Raquette droite déplacée de 0 à 7
2025-05-03 16:21:49,339 - INFO - IA: Raquette droite déplacée de 7 à 0
2025-05-03 16:21:49,356 - INFO - IA: Raquette droite déplacée de 0 à 7
2025-05-03 16:21:49,373 - INFO - IA: Raquette droite déplacée de 7 à 14
2025-05-03 16:21:49,373 - INFO - COLLISION: Balle a rebondi sur une raquette à la position (553, 78)
2025-05-03 16:21:49,390 - INFO - IA: Raquette droite déplacée de 14 à 21
2025-05-03 16:21:49,408 - INFO - IA: Raquette droite déplacée de 21 à 28
2025-05-03 16:21:49,426 - INFO - IA: Raquette droite déplacée de 28 à 35
2025-05-03 16:21:49,444 - INFO - IA: Raquette droite déplacée de 35 à 42
2025-05-03 16:21:49,462 - INFO - IA: Raquette droite déplacée de 42 à 49
2025-05-03 16:21:49,479 - INFO - IA: Raquette droite déplacée de 49 à 56
2025-05-03 16:21:49,496 - INFO - IA: Raquette droite déplacée de 56 à 63
2025-05-03 16:21:49,514 - INFO - IA: Raquette droite déplacée de 63 à 70
2025-05-03 16:21:49,531 - INFO - INPUT: Joueur appuie sur la touche BAS
2025-05-03 16:21:49,531 - INFO - JOUEUR: Raquette gauche déplacée de 112 à 119
2025-05-03 16:21:49,532 - INFO - IA: Raquette droite déplacée de 70 à 77
2025-05-03 16:21:49,549 - INFO - JOUEUR: Raquette gauche déplacée de 119 à 126
2025-05-03 16:21:49,549 - INFO - IA: Raquette droite déplacée de 77 à 70
2025-05-03 16:21:49,567 - INFO - JOUEUR: Raquette gauche déplacée de 126 à 133
2025-05-03 16:21:49,567 - INFO - IA: Raquette droite déplacée de 70 à 77
2025-05-03 16:21:49,584 - INFO - JOUEUR: Raquette gauche déplacée de 133 à 140
2025-05-03 16:21:49,584 - INFO - IA: Raquette droite déplacée de 77 à 84
2025-05-03 16:21:49,601 - INFO - JOUEUR: Raquette gauche déplacée de 140 à 147
2025-05-03 16:21:49,601 - INFO - IA: Raquette droite déplacée de 84 à 91
2025-05-03 16:21:49,618 - INFO - JOUEUR: Raquette gauche déplacée de 147 à 154
2025-05-03 16:21:49,619 - INFO - IA: Raquette droite déplacée de 91 à 98
2025-05-03 16:21:49,636 - INFO - JOUEUR: Raquette gauche déplacée de 154 à 161
2025-05-03 16:21:49,636 - INFO - IA: Raquette droite déplacée de 98 à 91
2025-05-03 16:21:49,654 - INFO - JOUEUR: Raquette gauche déplacée de 161 à 168
2025-05-03 16:21:49,654 - INFO - IA: Raquette droite déplacée de 91 à 98
2025-05-03 16:21:49,671 - INFO - JOUEUR: Raquette gauche déplacée de 168 à 175
2025-05-03 16:21:49,671 - INFO - IA: Raquette droite déplacée de 98 à 105
2025-05-03 16:21:49,688 - INFO - JOUEUR: Raquette gauche déplacée de 175 à 182
2025-05-03 16:21:49,688 - INFO - IA: Raquette droite déplacée de 105 à 112
2025-05-03 16:21:49,706 - INFO - JOUEUR: Raquette gauche déplacée de 182 à 189
2025-05-03 16:21:49,706 - INFO - IA: Raquette droite déplacée de 112 à 119
2025-05-03 16:21:49,723 - INFO - JOUEUR: Raquette gauche déplacée de 189 à 196
2025-05-03 16:21:49,724 - INFO - IA: Raquette droite déplacée de 119 à 126
2025-05-03 16:21:49,741 - INFO - JOUEUR: Raquette gauche déplacée de 196 à 203
2025-05-03 16:21:49,741 - INFO - IA: Raquette droite déplacée de 126 à 133
2025-05-03 16:21:49,759 - INFO - JOUEUR: Raquette gauche déplacée de 203 à 210
2025-05-03 16:21:49,759 - INFO - IA: Raquette droite déplacée de 133 à 140
2025-05-03 16:21:49,776 - INFO - JOUEUR: Raquette gauche déplacée de 210 à 217
2025-05-03 16:21:49,776 - INFO - IA: Raquette droite déplacée de 140 à 147
2025-05-03 16:21:49,794 - INFO - INPUT: Joueur relâche les touches directionnelles
2025-05-03 16:21:49,794 - INFO - IA: Raquette droite déplacée de 147 à 140
2025-05-03 16:21:49,811 - INFO - IA: Raquette droite déplacée de 140 à 147
2025-05-03 16:21:49,828 - INFO - IA: Raquette droite déplacée de 147 à 154
2025-05-03 16:21:49,845 - INFO - IA: Raquette droite déplacée de 154 à 161
2025-05-03 16:21:49,863 - INFO - IA: Raquette droite déplacée de 161 à 168
2025-05-03 16:21:49,881 - INFO - IA: Raquette droite déplacée de 168 à 175
2025-05-03 16:21:49,899 - INFO - IA: Raquette droite déplacée de 175 à 182
2025-05-03 16:21:49,917 - INFO - IA: Raquette droite déplacée de 182 à 189
2025-05-03 16:21:49,935 - INFO - IA: Raquette droite déplacée de 189 à 196
2025-05-03 16:21:49,971 - INFO - IA: Raquette droite déplacée de 196 à 189
2025-05-03 16:21:49,989 - INFO - IA: Raquette droite déplacée de 189 à 182
2025-05-03 16:21:50,007 - INFO - IA: Raquette droite déplacée de 182 à 189
2025-05-03 16:21:50,025 - INFO - IA: Raquette droite déplacée de 189 à 196
2025-05-03 16:21:50,042 - INFO - IA: Raquette droite déplacée de 196 à 203
2025-05-03 16:21:50,060 - INFO - INPUT: Joueur appuie sur la touche HAUT
2025-05-03 16:21:50,060 - INFO - JOUEUR: Raquette gauche déplacée de 217 à 210
2025-05-03 16:21:50,060 - INFO - IA: Raquette droite déplacée de 203 à 210
2025-05-03 16:21:50,078 - INFO - JOUEUR: Raquette gauche déplacée de 210 à 203
2025-05-03 16:21:50,079 - INFO - IA: Raquette droite déplacée de 210 à 203
2025-05-03 16:21:50,096 - INFO - JOUEUR: Raquette gauche déplacée de 203 à 196
2025-05-03 16:21:50,100 - INFO - IA: Raquette droite déplacée de 203 à 210
2025-05-03 16:21:50,118 - INFO - JOUEUR: Raquette gauche déplacée de 196 à 189
2025-05-03 16:21:50,118 - INFO - IA: Raquette droite déplacée de 210 à 217
2025-05-03 16:21:50,135 - INFO - JOUEUR: Raquette gauche déplacée de 189 à 182
2025-05-03 16:21:50,135 - INFO - IA: Raquette droite déplacée de 217 à 224
2025-05-03 16:21:50,152 - INFO - JOUEUR: Raquette gauche déplacée de 182 à 175
2025-05-03 16:21:50,152 - INFO - IA: Raquette droite déplacée de 224 à 231
2025-05-03 16:21:50,170 - INFO - JOUEUR: Raquette gauche déplacée de 175 à 168
2025-05-03 16:21:50,170 - INFO - IA: Raquette droite déplacée de 231 à 238
2025-05-03 16:21:50,187 - INFO - INPUT: Joueur relâche les touches directionnelles
2025-05-03 16:21:50,188 - INFO - IA: Raquette droite déplacée de 238 à 245
2025-05-03 16:21:50,205 - INFO - IA: Raquette droite déplacée de 245 à 252
2025-05-03 16:21:50,223 - INFO - IA: Raquette droite déplacée de 252 à 259
2025-05-03 16:21:50,241 - INFO - IA: Raquette droite déplacée de 259 à 266
2025-05-03 16:21:50,258 - INFO - IA: Raquette droite déplacée de 266 à 273
2025-05-03 16:21:50,275 - INFO - IA: Raquette droite déplacée de 273 à 280
2025-05-03 16:21:50,292 - INFO - IA: Raquette droite déplacée de 280 à 287
2025-05-03 16:21:50,309 - INFO - IA: Raquette droite déplacée de 287 à 280
2025-05-03 16:21:50,326 - INFO - IA: Raquette droite déplacée de 280 à 287
2025-05-03 16:21:50,344 - INFO - IA: Raquette droite déplacée de 287 à 294
2025-05-03 16:21:50,362 - INFO - IA: Raquette droite déplacée de 294 à 301
2025-05-03 16:21:50,379 - INFO - IA: Raquette droite déplacée de 301 à 308
2025-05-03 16:21:50,397 - INFO - INPUT: Joueur appuie sur la touche BAS
2025-05-03 16:21:50,397 - INFO - JOUEUR: Raquette gauche déplacée de 168 à 175
2025-05-03 16:21:50,397 - INFO - IA: Raquette droite déplacée de 308 à 315
2025-05-03 16:21:50,416 - INFO - JOUEUR: Raquette gauche déplacée de 175 à 182
2025-05-03 16:21:50,417 - INFO - IA: Raquette droite déplacée de 315 à 308
2025-05-03 16:21:50,435 - INFO - JOUEUR: Raquette gauche déplacée de 182 à 189
2025-05-03 16:21:50,435 - INFO - IA: Raquette droite déplacée de 308 à 315
2025-05-03 16:21:50,453 - INFO - JOUEUR: Raquette gauche déplacée de 189 à 196
2025-05-03 16:21:50,454 - INFO - IA: Raquette droite déplacée de 315 à 322
2025-05-03 16:21:50,471 - INFO - JOUEUR: Raquette gauche déplacée de 196 à 203
2025-05-03 16:21:50,471 - INFO - IA: Raquette droite déplacée de 322 à 329
2025-05-03 16:21:50,471 - INFO - POINT: Joueur droite (IA) marque un point! Score: 0-5
2025-05-03 16:21:50,488 - INFO - JOUEUR: Raquette gauche déplacée de 203 à 210
2025-05-03 16:21:50,488 - INFO - IA: Raquette droite déplacée de 329 à 322
2025-05-03 16:21:50,506 - INFO - JOUEUR: Raquette gauche déplacée de 210 à 217
2025-05-03 16:21:50,506 - INFO - IA: Raquette droite déplacée de 322 à 315
2025-05-03 16:21:50,523 - INFO - JOUEUR: Raquette gauche déplacée de 217 à 224
2025-05-03 16:21:50,523 - INFO - IA: Raquette droite déplacée de 315 à 308
2025-05-03 16:21:50,540 - INFO - JOUEUR: Raquette gauche déplacée de 224 à 231
2025-05-03 16:21:50,540 - INFO - IA: Raquette droite déplacée de 308 à 301
2025-05-03 16:21:50,558 - INFO - JOUEUR: Raquette gauche déplacée de 231 à 238
2025-05-03 16:21:50,558 - INFO - IA: Raquette droite déplacée de 301 à 294
2025-05-03 16:21:50,576 - INFO - JOUEUR: Raquette gauche déplacée de 238 à 245
2025-05-03 16:21:50,577 - INFO - IA: Raquette droite déplacée de 294 à 287
2025-05-03 16:21:50,594 - INFO - JOUEUR: Raquette gauche déplacée de 245 à 252
2025-05-03 16:21:50,594 - INFO - IA: Raquette droite déplacée de 287 à 280
2025-05-03 16:21:50,611 - INFO - JOUEUR: Raquette gauche déplacée de 252 à 259
2025-05-03 16:21:50,611 - INFO - IA: Raquette droite déplacée de 280 à 273
2025-05-03 16:21:50,630 - INFO - INPUT: Joueur relâche les touches directionnelles
2025-05-03 16:21:50,630 - INFO - IA: Raquette droite déplacée de 273 à 266
2025-05-03 16:21:50,646 - INFO - IA: Raquette droite déplacée de 266 à 259
2025-05-03 16:21:50,663 - INFO - IA: Raquette droite déplacée de 259 à 252
2025-05-03 16:21:50,680 - INFO - IA: Raquette droite déplacée de 252 à 245
2025-05-03 16:21:50,698 - INFO - IA: Raquette droite déplacée de 245 à 238
2025-05-03 16:21:50,715 - INFO - IA: Raquette droite déplacée de 238 à 231
2025-05-03 16:21:50,732 - INFO - IA: Raquette droite déplacée de 231 à 224
2025-05-03 16:21:50,749 - INFO - IA: Raquette droite déplacée de 224 à 217
2025-05-03 16:21:50,767 - INFO - IA: Raquette droite déplacée de 217 à 210
2025-05-03 16:21:50,784 - INFO - IA: Raquette droite déplacée de 210 à 203
2025-05-03 16:21:50,800 - INFO - IA: Raquette droite déplacée de 203 à 196
2025-05-03 16:21:50,817 - INFO - IA: Raquette droite déplacée de 196 à 189
2025-05-03 16:21:50,835 - INFO - IA: Raquette droite déplacée de 189 à 182
2025-05-03 16:21:50,853 - INFO - IA: Raquette droite déplacée de 182 à 175
2025-05-03 16:21:50,870 - INFO - IA: Raquette droite déplacée de 175 à 168
2025-05-03 16:21:50,887 - INFO - IA: Raquette droite déplacée de 168 à 161
2025-05-03 16:21:50,905 - INFO - IA: Raquette droite déplacée de 161 à 154
2025-05-03 16:21:50,922 - INFO - IA: Raquette droite déplacée de 154 à 147
2025-05-03 16:21:50,940 - INFO - INPUT: Joueur appuie sur la touche HAUT
2025-05-03 16:21:50,941 - INFO - JOUEUR: Raquette gauche déplacée de 259 à 252
2025-05-03 16:21:50,941 - INFO - IA: Raquette droite déplacée de 147 à 140
2025-05-03 16:21:50,958 - INFO - JOUEUR: Raquette gauche déplacée de 252 à 245
2025-05-03 16:21:50,959 - INFO - IA: Raquette droite déplacée de 140 à 133
2025-05-03 16:21:50,976 - INFO - JOUEUR: Raquette gauche déplacée de 245 à 238
2025-05-03 16:21:50,977 - INFO - IA: Raquette droite déplacée de 133 à 126
2025-05-03 16:21:50,993 - INFO - JOUEUR: Raquette gauche déplacée de 238 à 231
2025-05-03 16:21:50,993 - INFO - IA: Raquette droite déplacée de 126 à 119
2025-05-03 16:21:51,010 - INFO - JOUEUR: Raquette gauche déplacée de 231 à 224
2025-05-03 16:21:51,011 - INFO - IA: Raquette droite déplacée de 119 à 112
2025-05-03 16:21:51,029 - INFO - JOUEUR: Raquette gauche déplacée de 224 à 217
2025-05-03 16:21:51,029 - INFO - IA: Raquette droite déplacée de 112 à 105
2025-05-03 16:21:51,047 - INFO - JOUEUR: Raquette gauche déplacée de 217 à 210
2025-05-03 16:21:51,047 - INFO - IA: Raquette droite déplacée de 105 à 98
2025-05-03 16:21:51,063 - INFO - JOUEUR: Raquette gauche déplacée de 210 à 203
2025-05-03 16:21:51,063 - INFO - IA: Raquette droite déplacée de 98 à 91
2025-05-03 16:21:51,081 - INFO - JOUEUR: Raquette gauche déplacée de 203 à 196
2025-05-03 16:21:51,081 - INFO - IA: Raquette droite déplacée de 91 à 84
2025-05-03 16:21:51,098 - INFO - JOUEUR: Raquette gauche déplacée de 196 à 189
2025-05-03 16:21:51,098 - INFO - IA: Raquette droite déplacée de 84 à 77
2025-05-03 16:21:51,116 - INFO - JOUEUR: Raquette gauche déplacée de 189 à 182
2025-05-03 16:21:51,116 - INFO - IA: Raquette droite déplacée de 77 à 70
2025-05-03 16:21:51,133 - INFO - JOUEUR: Raquette gauche déplacée de 182 à 175
2025-05-03 16:21:51,133 - INFO - IA: Raquette droite déplacée de 70 à 63
2025-05-03 16:21:51,149 - INFO - JOUEUR: Raquette gauche déplacée de 175 à 168
2025-05-03 16:21:51,150 - INFO - IA: Raquette droite déplacée de 63 à 56
2025-05-03 16:21:51,166 - INFO - JOUEUR: Raquette gauche déplacée de 168 à 161
2025-05-03 16:21:51,167 - INFO - IA: Raquette droite déplacée de 56 à 49
2025-05-03 16:21:51,184 - INFO - JOUEUR: Raquette gauche déplacée de 161 à 154
2025-05-03 16:21:51,184 - INFO - IA: Raquette droite déplacée de 49 à 42
2025-05-03 16:21:51,201 - INFO - JOUEUR: Raquette gauche déplacée de 154 à 147
2025-05-03 16:21:51,201 - INFO - IA: Raquette droite déplacée de 42 à 35
2025-05-03 16:21:51,218 - INFO - JOUEUR: Raquette gauche déplacée de 147 à 140
2025-05-03 16:21:51,218 - INFO - IA: Raquette droite déplacée de 35 à 28
2025-05-03 16:21:51,235 - INFO - JOUEUR: Raquette gauche déplacée de 140 à 133
2025-05-03 16:21:51,235 - INFO - IA: Raquette droite déplacée de 28 à 21
2025-05-03 16:21:51,252 - INFO - JOUEUR: Raquette gauche déplacée de 133 à 126
2025-05-03 16:21:51,252 - INFO - IA: Raquette droite déplacée de 21 à 14
2025-05-03 16:21:51,269 - INFO - JOUEUR: Raquette gauche déplacée de 126 à 119
2025-05-03 16:21:51,269 - INFO - IA: Raquette droite déplacée de 14 à 7
2025-05-03 16:21:51,287 - INFO - JOUEUR: Raquette gauche déplacée de 119 à 112
2025-05-03 16:21:51,287 - INFO - IA: Raquette droite déplacée de 7 à 0
2025-05-03 16:21:51,287 - INFO - COLLISION: Balle a rebondi sur un mur à la position (58, -2)
2025-05-03 16:21:51,304 - INFO - JOUEUR: Raquette gauche déplacée de 112 à 105
2025-05-03 16:21:51,322 - INFO - JOUEUR: Raquette gauche déplacée de 105 à 98
2025-05-03 16:21:51,339 - INFO - JOUEUR: Raquette gauche déplacée de 98 à 91
2025-05-03 16:21:51,356 - INFO - JOUEUR: Raquette gauche déplacée de 91 à 84
2025-05-03 16:21:51,373 - INFO - JOUEUR: Raquette gauche déplacée de 84 à 77
2025-05-03 16:21:51,374 - INFO - IA: Raquette droite déplacée de 0 à 7
2025-05-03 16:21:51,391 - INFO - JOUEUR: Raquette gauche déplacée de 77 à 70
2025-05-03 16:21:51,391 - INFO - IA: Raquette droite déplacée de 7 à 0
2025-05-03 16:21:51,407 - INFO - JOUEUR: Raquette gauche déplacée de 70 à 63
2025-05-03 16:21:51,424 - INFO - JOUEUR: Raquette gauche déplacée de 63 à 56
2025-05-03 16:21:51,425 - INFO - IA: Raquette droite déplacée de 0 à 7
2025-05-03 16:21:51,442 - INFO - JOUEUR: Raquette gauche déplacée de 56 à 49
2025-05-03 16:21:51,442 - INFO - IA: Raquette droite déplacée de 7 à 0
2025-05-03 16:21:51,442 - INFO - COLLISION: Balle a rebondi sur une raquette à la position (13, 43)
2025-05-03 16:21:51,459 - INFO - JOUEUR: Raquette gauche déplacée de 49 à 42
2025-05-03 16:21:51,459 - INFO - IA: Raquette droite déplacée de 0 à 7
2025-05-03 16:21:51,459 - INFO - COLLISION: Balle a rebondi sur une raquette à la position (19, 48)
2025-05-03 16:21:51,477 - INFO - JOUEUR: Raquette gauche déplacée de 42 à 35
2025-05-03 16:21:51,477 - INFO - IA: Raquette droite déplacée de 7 à 14
2025-05-03 16:21:51,477 - INFO - COLLISION: Balle a rebondi sur une raquette à la position (13, 53)
2025-05-03 16:21:51,494 - INFO - JOUEUR: Raquette gauche déplacée de 35 à 28
2025-05-03 16:21:51,495 - INFO - IA: Raquette droite déplacée de 14 à 21
2025-05-03 16:21:51,495 - INFO - COLLISION: Balle a rebondi sur une raquette à la position (20, 58)
2025-05-03 16:21:51,511 - INFO - JOUEUR: Raquette gauche déplacée de 28 à 21
2025-05-03 16:21:51,512 - INFO - IA: Raquette droite déplacée de 21 à 14
2025-05-03 16:21:51,512 - INFO - COLLISION: Balle a rebondi sur une raquette à la position (13, 63)
2025-05-03 16:21:51,529 - INFO - JOUEUR: Raquette gauche déplacée de 21 à 14
2025-05-03 16:21:51,529 - INFO - IA: Raquette droite déplacée de 14 à 21
2025-05-03 16:21:51,529 - INFO - COLLISION: Balle a rebondi sur une raquette à la position (21, 68)
2025-05-03 16:21:51,547 - INFO - JOUEUR: Raquette gauche déplacée de 14 à 7
2025-05-03 16:21:51,547 - INFO - IA: Raquette droite déplacée de 21 à 28
2025-05-03 16:21:51,547 - INFO - COLLISION: Balle a rebondi sur une raquette à la position (12, 73)
2025-05-03 16:21:51,564 - INFO - JOUEUR: Raquette gauche déplacée de 7 à 0
2025-05-03 16:21:51,564 - INFO - IA: Raquette droite déplacée de 28 à 35
2025-05-03 16:21:51,565 - INFO - COLLISION: Balle a rebondi sur une raquette à la position (22, 78)
2025-05-03 16:21:51,583 - INFO - IA: Raquette droite déplacée de 35 à 28
2025-05-03 16:21:51,583 - INFO - COLLISION: Balle a rebondi sur une raquette à la position (11, 83)
2025-05-03 16:21:51,600 - INFO - IA: Raquette droite déplacée de 28 à 35
2025-05-03 16:21:51,601 - INFO - COLLISION: Balle a rebondi sur une raquette à la position (23, 88)
2025-05-03 16:21:51,617 - INFO - IA: Raquette droite déplacée de 35 à 28
2025-05-03 16:21:51,635 - INFO - IA: Raquette droite déplacée de 28 à 35
2025-05-03 16:21:51,635 - INFO - POINT: Joueur droite (IA) marque un point! Score: 0-6
2025-05-03 16:21:51,654 - INFO - IA: Raquette droite déplacée de 35 à 42
2025-05-03 16:21:51,671 - INFO - IA: Raquette droite déplacée de 42 à 49
2025-05-03 16:21:51,689 - INFO - INPUT: Joueur relâche les touches directionnelles
2025-05-03 16:21:51,689 - INFO - IA: Raquette droite déplacée de 49 à 56
2025-05-03 16:21:51,706 - INFO - IA: Raquette droite déplacée de 56 à 63
2025-05-03 16:21:51,723 - INFO - IA: Raquette droite déplacée de 63 à 70
2025-05-03 16:21:51,740 - INFO - IA: Raquette droite déplacée de 70 à 77
2025-05-03 16:21:51,758 - INFO - IA: Raquette droite déplacée de 77 à 84
2025-05-03 16:21:51,775 - INFO - IA: Raquette droite déplacée de 84 à 91
2025-05-03 16:21:51,792 - INFO - IA: Raquette droite déplacée de 91 à 98
2025-05-03 16:21:51,809 - INFO - IA: Raquette droite déplacée de 98 à 105
2025-05-03 16:21:51,826 - INFO - IA: Raquette droite déplacée de 105 à 112
2025-05-03 16:21:51,844 - INFO - IA: Raquette droite déplacée de 112 à 119
2025-05-03 16:21:51,863 - INFO - IA: Raquette droite déplacée de 119 à 126
2025-05-03 16:21:51,881 - INFO - IA: Raquette droite déplacée de 126 à 133
2025-05-03 16:21:51,898 - INFO - IA: Raquette droite déplacée de 133 à 140
2025-05-03 16:21:51,915 - INFO - IA: Raquette droite déplacée de 140 à 133
2025-05-03 16:21:51,933 - INFO - IA: Raquette droite déplacée de 133 à 140
2025-05-03 16:21:51,950 - INFO - IA: Raquette droite déplacée de 140 à 133
2025-05-03 16:21:51,967 - INFO - IA: Raquette droite déplacée de 133 à 126
2025-05-03 16:21:52,001 - INFO - IA: Raquette droite déplacée de 126 à 119
2025-05-03 16:21:52,018 - INFO - IA: Raquette droite déplacée de 119 à 112
2025-05-03 16:21:52,036 - INFO - IA: Raquette droite déplacée de 112 à 105
2025-05-03 16:21:52,054 - INFO - IA: Raquette droite déplacée de 105 à 98
2025-05-03 16:21:52,071 - INFO - IA: Raquette droite déplacée de 98 à 91
2025-05-03 16:21:52,088 - INFO - IA: Raquette droite déplacée de 91 à 84
2025-05-03 16:21:52,106 - INFO - INPUT: Joueur appuie sur la touche BAS
2025-05-03 16:21:52,106 - INFO - JOUEUR: Raquette gauche déplacée de 0 à 7
2025-05-03 16:21:52,106 - INFO - IA: Raquette droite déplacée de 84 à 91
2025-05-03 16:21:52,124 - INFO - JOUEUR: Raquette gauche déplacée de 7 à 14
2025-05-03 16:21:52,124 - INFO - IA: Raquette droite déplacée de 91 à 84
2025-05-03 16:21:52,141 - INFO - JOUEUR: Raquette gauche déplacée de 14 à 21
2025-05-03 16:21:52,142 - INFO - IA: Raquette droite déplacée de 84 à 77
2025-05-03 16:21:52,160 - INFO - JOUEUR: Raquette gauche déplacée de 21 à 28
2025-05-03 16:21:52,160 - INFO - IA: Raquette droite déplacée de 77 à 70
2025-05-03 16:21:52,177 - INFO - JOUEUR: Raquette gauche déplacée de 28 à 35
2025-05-03 16:21:52,177 - INFO - IA: Raquette droite déplacée de 70 à 63
2025-05-03 16:21:52,193 - INFO - JOUEUR: Raquette gauche déplacée de 35 à 42
2025-05-03 16:21:52,194 - INFO - IA: Raquette droite déplacée de 63 à 70
2025-05-03 16:21:52,210 - INFO - JOUEUR: Raquette gauche déplacée de 42 à 49
2025-05-03 16:21:52,210 - INFO - IA: Raquette droite déplacée de 70 à 63
2025-05-03 16:21:52,228 - INFO - JOUEUR: Raquette gauche déplacée de 49 à 56
2025-05-03 16:21:52,228 - INFO - IA: Raquette droite déplacée de 63 à 56
2025-05-03 16:21:52,245 - INFO - JOUEUR: Raquette gauche déplacée de 56 à 63
2025-05-03 16:21:52,245 - INFO - IA: Raquette droite déplacée de 56 à 49
2025-05-03 16:21:52,262 - INFO - JOUEUR: Raquette gauche déplacée de 63 à 70
2025-05-03 16:21:52,262 - INFO - IA: Raquette droite déplacée de 49 à 42
2025-05-03 16:21:52,279 - INFO - JOUEUR: Raquette gauche déplacée de 70 à 77
2025-05-03 16:21:52,279 - INFO - IA: Raquette droite déplacée de 42 à 35
2025-05-03 16:21:52,296 - INFO - JOUEUR: Raquette gauche déplacée de 77 à 84
2025-05-03 16:21:52,296 - INFO - IA: Raquette droite déplacée de 35 à 28
2025-05-03 16:21:52,314 - INFO - JOUEUR: Raquette gauche déplacée de 84 à 91
2025-05-03 16:21:52,314 - INFO - IA: Raquette droite déplacée de 28 à 21
2025-05-03 16:21:52,332 - INFO - JOUEUR: Raquette gauche déplacée de 91 à 98
2025-05-03 16:21:52,332 - INFO - IA: Raquette droite déplacée de 21 à 14
2025-05-03 16:21:52,348 - INFO - JOUEUR: Raquette gauche déplacée de 98 à 105
2025-05-03 16:21:52,349 - INFO - IA: Raquette droite déplacée de 14 à 7
2025-05-03 16:21:52,366 - INFO - JOUEUR: Raquette gauche déplacée de 105 à 112
2025-05-03 16:21:52,366 - INFO - IA: Raquette droite déplacée de 7 à 0
2025-05-03 16:21:52,384 - INFO - JOUEUR: Raquette gauche déplacée de 112 à 119
2025-05-03 16:21:52,385 - INFO - IA: Raquette droite déplacée de 0 à 7
2025-05-03 16:21:52,403 - INFO - JOUEUR: Raquette gauche déplacée de 119 à 126
2025-05-03 16:21:52,403 - INFO - IA: Raquette droite déplacée de 7 à 0
2025-05-03 16:21:52,421 - INFO - JOUEUR: Raquette gauche déplacée de 126 à 133
2025-05-03 16:21:52,439 - INFO - INPUT: Joueur relâche les touches directionnelles
2025-05-03 16:21:52,457 - INFO - COLLISION: Balle a rebondi sur un mur à la position (528, -2)
2025-05-03 16:21:52,526 - INFO - IA: Raquette droite déplacée de 0 à 7
2025-05-03 16:21:52,544 - INFO - IA: Raquette droite déplacée de 7 à 0
2025-05-03 16:21:52,544 - INFO - COLLISION: Balle a rebondi sur une raquette à la position (553, 23)
2025-05-03 16:21:52,594 - INFO - IA: Raquette droite déplacée de 0 à 7
2025-05-03 16:21:52,611 - INFO - IA: Raquette droite déplacée de 7 à 14
2025-05-03 16:21:52,629 - INFO - IA: Raquette droite déplacée de 14 à 7
2025-05-03 16:21:52,647 - INFO - IA: Raquette droite déplacée de 7 à 0
2025-05-03 16:21:52,682 - INFO - IA: Raquette droite déplacée de 0 à 7
2025-05-03 16:21:52,699 - INFO - IA: Raquette droite déplacée de 7 à 14
2025-05-03 16:21:52,716 - INFO - IA: Raquette droite déplacée de 14 à 21
2025-05-03 16:21:52,734 - INFO - IA: Raquette droite déplacée de 21 à 28
2025-05-03 16:21:52,751 - INFO - IA: Raquette droite déplacée de 28 à 35
2025-05-03 16:21:52,768 - INFO - IA: Raquette droite déplacée de 35 à 42
2025-05-03 16:21:52,786 - INFO - IA: Raquette droite déplacée de 42 à 49
2025-05-03 16:21:52,803 - INFO - IA: Raquette droite déplacée de 49 à 56
2025-05-03 16:21:52,821 - INFO - IA: Raquette droite déplacée de 56 à 49
2025-05-03 16:21:52,838 - INFO - IA: Raquette droite déplacée de 49 à 56
2025-05-03 16:21:52,855 - INFO - IA: Raquette droite déplacée de 56 à 63
2025-05-03 16:21:52,872 - INFO - IA: Raquette droite déplacée de 63 à 56
2025-05-03 16:21:52,891 - INFO - IA: Raquette droite déplacée de 56 à 63
2025-05-03 16:21:52,909 - INFO - IA: Raquette droite déplacée de 63 à 70
2025-05-03 16:21:52,928 - INFO - IA: Raquette droite déplacée de 70 à 77
2025-05-03 16:21:52,946 - INFO - IA: Raquette droite déplacée de 77 à 84
2025-05-03 16:21:52,963 - INFO - IA: Raquette droite déplacée de 84 à 91
2025-05-03 16:21:52,981 - INFO - IA: Raquette droite déplacée de 91 à 98
2025-05-03 16:21:52,998 - INFO - IA: Raquette droite déplacée de 98 à 105
2025-05-03 16:21:53,015 - INFO - IA: Raquette droite déplacée de 105 à 112
2025-05-03 16:21:53,033 - INFO - IA: Raquette droite déplacée de 112 à 105
2025-05-03 16:21:53,050 - INFO - IA: Raquette droite déplacée de 105 à 112
2025-05-03 16:21:53,067 - INFO - IA: Raquette droite déplacée de 112 à 119
2025-05-03 16:21:53,085 - INFO - IA: Raquette droite déplacée de 119 à 112
2025-05-03 16:21:53,101 - INFO - IA: Raquette droite déplacée de 112 à 119
2025-05-03 16:21:53,119 - INFO - IA: Raquette droite déplacée de 119 à 126
2025-05-03 16:21:53,135 - INFO - IA: Raquette droite déplacée de 126 à 133
2025-05-03 16:21:53,152 - INFO - IA: Raquette droite déplacée de 133 à 140
2025-05-03 16:21:53,171 - INFO - INPUT: Joueur appuie sur la touche BAS
2025-05-03 16:21:53,171 - INFO - JOUEUR: Raquette gauche déplacée de 133 à 140
2025-05-03 16:21:53,171 - INFO - IA: Raquette droite déplacée de 140 à 147
2025-05-03 16:21:53,189 - INFO - JOUEUR: Raquette gauche déplacée de 140 à 147
2025-05-03 16:21:53,189 - INFO - IA: Raquette droite déplacée de 147 à 154
2025-05-03 16:21:53,207 - INFO - JOUEUR: Raquette gauche déplacée de 147 à 154
2025-05-03 16:21:53,207 - INFO - IA: Raquette droite déplacée de 154 à 147
2025-05-03 16:21:53,225 - INFO - JOUEUR: Raquette gauche déplacée de 154 à 161
2025-05-03 16:21:53,225 - INFO - IA: Raquette droite déplacée de 147 à 154
2025-05-03 16:21:53,242 - INFO - JOUEUR: Raquette gauche déplacée de 161 à 168
2025-05-03 16:21:53,242 - INFO - IA: Raquette droite déplacée de 154 à 161
2025-05-03 16:21:53,260 - INFO - JOUEUR: Raquette gauche déplacée de 168 à 175
2025-05-03 16:21:53,260 - INFO - IA: Raquette droite déplacée de 161 à 168
2025-05-03 16:21:53,277 - INFO - JOUEUR: Raquette gauche déplacée de 175 à 182
2025-05-03 16:21:53,277 - INFO - IA: Raquette droite déplacée de 168 à 175
2025-05-03 16:21:53,295 - INFO - JOUEUR: Raquette gauche déplacée de 182 à 189
2025-05-03 16:21:53,295 - INFO - IA: Raquette droite déplacée de 175 à 182
2025-05-03 16:21:53,312 - INFO - JOUEUR: Raquette gauche déplacée de 189 à 196
2025-05-03 16:21:53,312 - INFO - IA: Raquette droite déplacée de 182 à 189
2025-05-03 16:21:53,329 - INFO - JOUEUR: Raquette gauche déplacée de 196 à 203
2025-05-03 16:21:53,329 - INFO - IA: Raquette droite déplacée de 189 à 196
2025-05-03 16:21:53,346 - INFO - JOUEUR: Raquette gauche déplacée de 203 à 210
2025-05-03 16:21:53,346 - INFO - IA: Raquette droite déplacée de 196 à 203
2025-05-03 16:21:53,363 - INFO - JOUEUR: Raquette gauche déplacée de 210 à 217
2025-05-03 16:21:53,364 - INFO - IA: Raquette droite déplacée de 203 à 210
2025-05-03 16:21:53,380 - INFO - JOUEUR: Raquette gauche déplacée de 217 à 224
2025-05-03 16:21:53,381 - INFO - IA: Raquette droite déplacée de 210 à 217
2025-05-03 16:21:53,398 - INFO - JOUEUR: Raquette gauche déplacée de 224 à 231
2025-05-03 16:21:53,398 - INFO - IA: Raquette droite déplacée de 217 à 224
2025-05-03 16:21:53,416 - INFO - JOUEUR: Raquette gauche déplacée de 231 à 238
2025-05-03 16:21:53,416 - INFO - IA: Raquette droite déplacée de 224 à 231
2025-05-03 16:21:53,434 - INFO - JOUEUR: Raquette gauche déplacée de 238 à 245
2025-05-03 16:21:53,434 - INFO - IA: Raquette droite déplacée de 231 à 224
2025-05-03 16:21:53,451 - INFO - JOUEUR: Raquette gauche déplacée de 245 à 252
2025-05-03 16:21:53,451 - INFO - IA: Raquette droite déplacée de 224 à 231
2025-05-03 16:21:53,468 - INFO - JOUEUR: Raquette gauche déplacée de 252 à 259
2025-05-03 16:21:53,468 - INFO - IA: Raquette droite déplacée de 231 à 224
2025-05-03 16:21:53,486 - INFO - JOUEUR: Raquette gauche déplacée de 259 à 266
2025-05-03 16:21:53,504 - INFO - JOUEUR: Raquette gauche déplacée de 266 à 273
2025-05-03 16:21:53,504 - INFO - IA: Raquette droite déplacée de 224 à 231
2025-05-03 16:21:53,521 - INFO - JOUEUR: Raquette gauche déplacée de 273 à 280
2025-05-03 16:21:53,521 - INFO - IA: Raquette droite déplacée de 231 à 238
2025-05-03 16:21:53,538 - INFO - JOUEUR: Raquette gauche déplacée de 280 à 287
2025-05-03 16:21:53,538 - INFO - IA: Raquette droite déplacée de 238 à 245
2025-05-03 16:21:53,555 - INFO - JOUEUR: Raquette gauche déplacée de 287 à 294
2025-05-03 16:21:53,555 - INFO - IA: Raquette droite déplacée de 245 à 252
2025-05-03 16:21:53,572 - INFO - JOUEUR: Raquette gauche déplacée de 294 à 301
2025-05-03 16:21:53,572 - INFO - IA: Raquette droite déplacée de 252 à 259
2025-05-03 16:21:53,589 - INFO - JOUEUR: Raquette gauche déplacée de 301 à 308
2025-05-03 16:21:53,590 - INFO - IA: Raquette droite déplacée de 259 à 266
2025-05-03 16:21:53,606 - INFO - JOUEUR: Raquette gauche déplacée de 308 à 315
2025-05-03 16:21:53,607 - INFO - IA: Raquette droite déplacée de 266 à 273
2025-05-03 16:21:53,625 - INFO - JOUEUR: Raquette gauche déplacée de 315 à 322
2025-05-03 16:21:53,625 - INFO - IA: Raquette droite déplacée de 273 à 280
2025-05-03 16:21:53,642 - INFO - INPUT: Joueur relâche les touches directionnelles
2025-05-03 16:21:53,643 - INFO - IA: Raquette droite déplacée de 280 à 287
2025-05-03 16:21:53,661 - INFO - IA: Raquette droite déplacée de 287 à 294
2025-05-03 16:21:53,679 - INFO - IA: Raquette droite déplacée de 294 à 301
2025-05-03 16:21:53,697 - INFO - IA: Raquette droite déplacée de 301 à 294
2025-05-03 16:21:53,714 - INFO - IA: Raquette droite déplacée de 294 à 287
2025-05-03 16:21:53,731 - INFO - IA: Raquette droite déplacée de 287 à 294
2025-05-03 16:21:53,749 - INFO - IA: Raquette droite déplacée de 294 à 301
2025-05-03 16:21:53,766 - INFO - IA: Raquette droite déplacée de 301 à 308
2025-05-03 16:21:53,783 - INFO - IA: Raquette droite déplacée de 308 à 315
2025-05-03 16:21:53,800 - INFO - IA: Raquette droite déplacée de 315 à 322
2025-05-03 16:21:53,817 - INFO - IA: Raquette droite déplacée de 322 à 329
2025-05-03 16:21:53,834 - INFO - IA: Raquette droite déplacée de 329 à 322
2025-05-03 16:21:53,851 - INFO - IA: Raquette droite déplacée de 322 à 329
2025-05-03 16:21:53,868 - INFO - IA: Raquette droite déplacée de 329 à 336
2025-05-03 16:21:53,886 - INFO - IA: Raquette droite déplacée de 336 à 329
2025-05-03 16:21:53,904 - INFO - IA: Raquette droite déplacée de 329 à 336
2025-05-03 16:21:53,922 - INFO - IA: Raquette droite déplacée de 336 à 343
2025-05-03 16:21:53,940 - INFO - IA: Raquette droite déplacée de 343 à 350
2025-05-03 16:21:53,957 - INFO - IA: Raquette droite déplacée de 350 à 357
2025-05-03 16:21:53,975 - INFO - IA: Raquette droite déplacée de 357 à 364
2025-05-03 16:21:53,994 - INFO - IA: Raquette droite déplacée de 364 à 371
2025-05-03 16:21:54,011 - INFO - IA: Raquette droite déplacée de 371 à 378
2025-05-03 16:21:54,029 - INFO - IA: Raquette droite déplacée de 378 à 385
2025-05-03 16:21:54,047 - INFO - IA: Raquette droite déplacée de 385 à 390
2025-05-03 16:21:54,098 - INFO - COLLISION: Balle a rebondi sur un mur à la position (108, 468)
2025-05-03 16:21:54,204 - INFO - IA: Raquette droite déplacée de 390 à 383
2025-05-03 16:21:54,220 - INFO - IA: Raquette droite déplacée de 383 à 390
2025-05-03 16:21:54,272 - INFO - IA: Raquette droite déplacée de 390 à 383
2025-05-03 16:21:54,289 - INFO - IA: Raquette droite déplacée de 383 à 376
2025-05-03 16:21:54,307 - INFO - IA: Raquette droite déplacée de 376 à 369
2025-05-03 16:21:54,325 - INFO - IA: Raquette droite déplacée de 369 à 376
2025-05-03 16:21:54,343 - INFO - IA: Raquette droite déplacée de 376 à 369
2025-05-03 16:21:54,360 - INFO - IA: Raquette droite déplacée de 369 à 362
2025-05-03 16:21:54,360 - INFO - COLLISION: Balle a rebondi sur une raquette à la position (33, 393)
2025-05-03 16:21:54,377 - INFO - IA: Raquette droite déplacée de 362 à 355
2025-05-03 16:21:54,394 - INFO - IA: Raquette droite déplacée de 355 à 348
2025-05-03 16:21:54,412 - INFO - IA: Raquette droite déplacée de 348 à 341
2025-05-03 16:21:54,429 - INFO - IA: Raquette droite déplacée de 341 à 334
2025-05-03 16:21:54,446 - INFO - IA: Raquette droite déplacée de 334 à 327
2025-05-03 16:21:54,465 - INFO - IA: Raquette droite déplacée de 327 à 320
2025-05-03 16:21:54,483 - INFO - IA: Raquette droite déplacée de 320 à 327
2025-05-03 16:21:54,500 - INFO - IA: Raquette droite déplacée de 327 à 320
2025-05-03 16:21:54,517 - INFO - IA: Raquette droite déplacée de 320 à 313
2025-05-03 16:21:54,534 - INFO - IA: Raquette droite déplacée de 313 à 320
2025-05-03 16:21:54,550 - INFO - IA: Raquette droite déplacée de 320 à 313
2025-05-03 16:21:54,567 - INFO - IA: Raquette droite déplacée de 313 à 306
2025-05-03 16:21:54,584 - INFO - IA: Raquette droite déplacée de 306 à 299
2025-05-03 16:21:54,601 - INFO - IA: Raquette droite déplacée de 299 à 292
2025-05-03 16:21:54,618 - INFO - IA: Raquette droite déplacée de 292 à 285
2025-05-03 16:21:54,635 - INFO - IA: Raquette droite déplacée de 285 à 278
2025-05-03 16:21:54,654 - INFO - IA: Raquette droite déplacée de 278 à 285
2025-05-03 16:21:54,672 - INFO - IA: Raquette droite déplacée de 285 à 292
2025-05-03 16:21:54,692 - INFO - IA: Raquette droite déplacée de 292 à 285
2025-05-03 16:21:54,710 - INFO - IA: Raquette droite déplacée de 285 à 278
2025-05-03 16:21:54,728 - INFO - IA: Raquette droite déplacée de 278 à 271
2025-05-03 16:21:54,744 - INFO - IA: Raquette droite déplacée de 271 à 264
2025-05-03 16:21:54,761 - INFO - IA: Raquette droite déplacée de 264 à 257
2025-05-03 16:21:54,778 - INFO - IA: Raquette droite déplacée de 257 à 250
2025-05-03 16:21:54,796 - INFO - IA: Raquette droite déplacée de 250 à 243
2025-05-03 16:21:54,813 - INFO - IA: Raquette droite déplacée de 243 à 236
2025-05-03 16:21:54,831 - INFO - IA: Raquette droite déplacée de 236 à 243
2025-05-03 16:21:54,848 - INFO - IA: Raquette droite déplacée de 243 à 236
2025-05-03 16:21:54,865 - INFO - IA: Raquette droite déplacée de 236 à 243
2025-05-03 16:21:54,883 - INFO - IA: Raquette droite déplacée de 243 à 236
2025-05-03 16:21:54,900 - INFO - IA: Raquette droite déplacée de 236 à 229
2025-05-03 16:21:54,918 - INFO - IA: Raquette droite déplacée de 229 à 222
2025-05-03 16:21:54,935 - INFO - IA: Raquette droite déplacée de 222 à 215
2025-05-03 16:21:54,952 - INFO - IA: Raquette droite déplacée de 215 à 208
2025-05-03 16:21:54,971 - INFO - INPUT: Joueur appuie sur la touche HAUT
2025-05-03 16:21:54,971 - INFO - JOUEUR: Raquette gauche déplacée de 322 à 315
2025-05-03 16:21:54,971 - INFO - IA: Raquette droite déplacée de 208 à 215
2025-05-03 16:21:54,989 - INFO - JOUEUR: Raquette gauche déplacée de 315 à 308
2025-05-03 16:21:54,990 - INFO - IA: Raquette droite déplacée de 215 à 208
2025-05-03 16:21:55,008 - INFO - JOUEUR: Raquette gauche déplacée de 308 à 301
2025-05-03 16:21:55,008 - INFO - IA: Raquette droite déplacée de 208 à 201
2025-05-03 16:21:55,025 - INFO - JOUEUR: Raquette gauche déplacée de 301 à 294
2025-05-03 16:21:55,025 - INFO - IA: Raquette droite déplacée de 201 à 194
2025-05-03 16:21:55,043 - INFO - JOUEUR: Raquette gauche déplacée de 294 à 287
2025-05-03 16:21:55,043 - INFO - IA: Raquette droite déplacée de 194 à 187
2025-05-03 16:21:55,060 - INFO - JOUEUR: Raquette gauche déplacée de 287 à 280
2025-05-03 16:21:55,060 - INFO - IA: Raquette droite déplacée de 187 à 180
2025-05-03 16:21:55,078 - INFO - JOUEUR: Raquette gauche déplacée de 280 à 273
2025-05-03 16:21:55,078 - INFO - IA: Raquette droite déplacée de 180 à 173
2025-05-03 16:21:55,096 - INFO - JOUEUR: Raquette gauche déplacée de 273 à 266
2025-05-03 16:21:55,096 - INFO - IA: Raquette droite déplacée de 173 à 166
2025-05-03 16:21:55,113 - INFO - JOUEUR: Raquette gauche déplacée de 266 à 259
2025-05-03 16:21:55,113 - INFO - IA: Raquette droite déplacée de 166 à 159
2025-05-03 16:21:55,130 - INFO - JOUEUR: Raquette gauche déplacée de 259 à 252
2025-05-03 16:21:55,130 - INFO - IA: Raquette droite déplacée de 159 à 166
2025-05-03 16:21:55,148 - INFO - JOUEUR: Raquette gauche déplacée de 252 à 245
2025-05-03 16:21:55,148 - INFO - IA: Raquette droite déplacée de 166 à 159
2025-05-03 16:21:55,165 - INFO - JOUEUR: Raquette gauche déplacée de 245 à 238
2025-05-03 16:21:55,166 - INFO - IA: Raquette droite déplacée de 159 à 166
2025-05-03 16:21:55,184 - INFO - JOUEUR: Raquette gauche déplacée de 238 à 231
2025-05-03 16:21:55,184 - INFO - IA: Raquette droite déplacée de 166 à 159
2025-05-03 16:21:55,201 - INFO - JOUEUR: Raquette gauche déplacée de 231 à 224
2025-05-03 16:21:55,201 - INFO - IA: Raquette droite déplacée de 159 à 152
2025-05-03 16:21:55,219 - INFO - JOUEUR: Raquette gauche déplacée de 224 à 217
2025-05-03 16:21:55,220 - INFO - IA: Raquette droite déplacée de 152 à 145
2025-05-03 16:21:55,237 - INFO - JOUEUR: Raquette gauche déplacée de 217 à 210
2025-05-03 16:21:55,238 - INFO - IA: Raquette droite déplacée de 145 à 138
2025-05-03 16:21:55,255 - INFO - JOUEUR: Raquette gauche déplacée de 210 à 203
2025-05-03 16:21:55,255 - INFO - IA: Raquette droite déplacée de 138 à 131
2025-05-03 16:21:55,272 - INFO - JOUEUR: Raquette gauche déplacée de 203 à 196
2025-05-03 16:21:55,273 - INFO - IA: Raquette droite déplacée de 131 à 124
2025-05-03 16:21:55,290 - INFO - JOUEUR: Raquette gauche déplacée de 196 à 189
2025-05-03 16:21:55,290 - INFO - IA: Raquette droite déplacée de 124 à 117
2025-05-03 16:21:55,307 - INFO - JOUEUR: Raquette gauche déplacée de 189 à 182
2025-05-03 16:21:55,307 - INFO - IA: Raquette droite déplacée de 117 à 110
2025-05-03 16:21:55,325 - INFO - JOUEUR: Raquette gauche déplacée de 182 à 175
2025-05-03 16:21:55,325 - INFO - IA: Raquette droite déplacée de 110 à 103
2025-05-03 16:21:55,342 - INFO - JOUEUR: Raquette gauche déplacée de 175 à 168
2025-05-03 16:21:55,342 - INFO - IA: Raquette droite déplacée de 103 à 96
2025-05-03 16:21:55,359 - INFO - JOUEUR: Raquette gauche déplacée de 168 à 161
2025-05-03 16:21:55,359 - INFO - IA: Raquette droite déplacée de 96 à 89
2025-05-03 16:21:55,376 - INFO - JOUEUR: Raquette gauche déplacée de 161 à 154
2025-05-03 16:21:55,376 - INFO - IA: Raquette droite déplacée de 89 à 82
2025-05-03 16:21:55,394 - INFO - JOUEUR: Raquette gauche déplacée de 154 à 147
2025-05-03 16:21:55,394 - INFO - IA: Raquette droite déplacée de 82 à 75
2025-05-03 16:21:55,411 - INFO - JOUEUR: Raquette gauche déplacée de 147 à 140
2025-05-03 16:21:55,411 - INFO - IA: Raquette droite déplacée de 75 à 68
2025-05-03 16:21:55,428 - INFO - JOUEUR: Raquette gauche déplacée de 140 à 133
2025-05-03 16:21:55,428 - INFO - IA: Raquette droite déplacée de 68 à 61
2025-05-03 16:21:55,446 - INFO - JOUEUR: Raquette gauche déplacée de 133 à 126
2025-05-03 16:21:55,446 - INFO - IA: Raquette droite déplacée de 61 à 54
2025-05-03 16:21:55,462 - INFO - JOUEUR: Raquette gauche déplacée de 126 à 119
2025-05-03 16:21:55,463 - INFO - IA: Raquette droite déplacée de 54 à 47
2025-05-03 16:21:55,480 - INFO - JOUEUR: Raquette gauche déplacée de 119 à 112
2025-05-03 16:21:55,480 - INFO - IA: Raquette droite déplacée de 47 à 40
2025-05-03 16:21:55,497 - INFO - JOUEUR: Raquette gauche déplacée de 112 à 105
2025-05-03 16:21:55,498 - INFO - IA: Raquette droite déplacée de 40 à 47
2025-05-03 16:21:55,515 - INFO - JOUEUR: Raquette gauche déplacée de 105 à 98
2025-05-03 16:21:55,515 - INFO - IA: Raquette droite déplacée de 47 à 40
2025-05-03 16:21:55,532 - INFO - JOUEUR: Raquette gauche déplacée de 98 à 91
2025-05-03 16:21:55,532 - INFO - IA: Raquette droite déplacée de 40 à 33
2025-05-03 16:21:55,549 - INFO - JOUEUR: Raquette gauche déplacée de 91 à 84
2025-05-03 16:21:55,549 - INFO - IA: Raquette droite déplacée de 33 à 40
2025-05-03 16:21:55,567 - INFO - JOUEUR: Raquette gauche déplacée de 84 à 77
2025-05-03 16:21:55,567 - INFO - IA: Raquette droite déplacée de 40 à 33
2025-05-03 16:21:55,584 - INFO - JOUEUR: Raquette gauche déplacée de 77 à 70
2025-05-03 16:21:55,584 - INFO - IA: Raquette droite déplacée de 33 à 26
2025-05-03 16:21:55,602 - INFO - JOUEUR: Raquette gauche déplacée de 70 à 63
2025-05-03 16:21:55,602 - INFO - IA: Raquette droite déplacée de 26 à 33
2025-05-03 16:21:55,619 - INFO - JOUEUR: Raquette gauche déplacée de 63 à 56
2025-05-03 16:21:55,619 - INFO - IA: Raquette droite déplacée de 33 à 26
2025-05-03 16:21:55,637 - INFO - JOUEUR: Raquette gauche déplacée de 56 à 49
2025-05-03 16:21:55,638 - INFO - IA: Raquette droite déplacée de 26 à 19
2025-05-03 16:21:55,656 - INFO - INPUT: Joueur relâche les touches directionnelles
2025-05-03 16:21:55,656 - INFO - IA: Raquette droite déplacée de 19 à 12
2025-05-03 16:21:55,674 - INFO - IA: Raquette droite déplacée de 12 à 5
2025-05-03 16:21:55,691 - INFO - IA: Raquette droite déplacée de 5 à 0
2025-05-03 16:21:55,742 - INFO - COLLISION: Balle a rebondi sur un mur à la position (507, -2)
2025-05-03 16:21:55,863 - INFO - IA: Raquette droite déplacée de 0 à 7
2025-05-03 16:21:55,881 - INFO - IA: Raquette droite déplacée de 7 à 0
2025-05-03 16:21:55,881 - INFO - COLLISION: Balle a rebondi sur une raquette à la position (555, 38)
2025-05-03 16:21:55,916 - INFO - IA: Raquette droite déplacée de 0 à 7
2025-05-03 16:21:55,933 - INFO - IA: Raquette droite déplacée de 7 à 0
2025-05-03 16:21:55,951 - INFO - IA: Raquette droite déplacée de 0 à 7
2025-05-03 16:21:55,968 - INFO - IA: Raquette droite déplacée de 7 à 0
2025-05-03 16:21:55,985 - INFO - IA: Raquette droite déplacée de 0 à 7
2025-05-03 16:21:56,003 - INFO - IA: Raquette droite déplacée de 7 à 14
2025-05-03 16:21:56,021 - INFO - IA: Raquette droite déplacée de 14 à 21
2025-05-03 16:21:56,040 - INFO - IA: Raquette droite déplacée de 21 à 28
2025-05-03 16:21:56,057 - INFO - IA: Raquette droite déplacée de 28 à 21
2025-05-03 16:21:56,074 - INFO - IA: Raquette droite déplacée de 21 à 28
2025-05-03 16:21:56,091 - INFO - IA: Raquette droite déplacée de 28 à 35
2025-05-03 16:21:56,108 - INFO - IA: Raquette droite déplacée de 35 à 42
2025-05-03 16:21:56,125 - INFO - IA: Raquette droite déplacée de 42 à 49
2025-05-03 16:21:56,141 - INFO - IA: Raquette droite déplacée de 49 à 56
2025-05-03 16:21:56,159 - INFO - IA: Raquette droite déplacée de 56 à 63
2025-05-03 16:21:56,176 - INFO - IA: Raquette droite déplacée de 63 à 70
2025-05-03 16:21:56,193 - INFO - IA: Raquette droite déplacée de 70 à 77
2025-05-03 16:21:56,210 - INFO - INPUT: Joueur appuie sur la touche BAS
2025-05-03 16:21:56,211 - INFO - JOUEUR: Raquette gauche déplacée de 49 à 56
2025-05-03 16:21:56,211 - INFO - IA: Raquette droite déplacée de 77 à 84
2025-05-03 16:21:56,228 - INFO - JOUEUR: Raquette gauche déplacée de 56 à 63
2025-05-03 16:21:56,228 - INFO - IA: Raquette droite déplacée de 84 à 91
2025-05-03 16:21:56,245 - INFO - JOUEUR: Raquette gauche déplacée de 63 à 70
2025-05-03 16:21:56,245 - INFO - IA: Raquette droite déplacée de 91 à 84
2025-05-03 16:21:56,263 - INFO - JOUEUR: Raquette gauche déplacée de 70 à 77
2025-05-03 16:21:56,264 - INFO - IA: Raquette droite déplacée de 84 à 91
2025-05-03 16:21:56,281 - INFO - JOUEUR: Raquette gauche déplacée de 77 à 84
2025-05-03 16:21:56,281 - INFO - IA: Raquette droite déplacée de 91 à 98
2025-05-03 16:21:56,299 - INFO - JOUEUR: Raquette gauche déplacée de 84 à 91
2025-05-03 16:21:56,299 - INFO - IA: Raquette droite déplacée de 98 à 91
2025-05-03 16:21:56,317 - INFO - JOUEUR: Raquette gauche déplacée de 91 à 98
2025-05-03 16:21:56,317 - INFO - IA: Raquette droite déplacée de 91 à 98
2025-05-03 16:21:56,334 - INFO - JOUEUR: Raquette gauche déplacée de 98 à 105
2025-05-03 16:21:56,335 - INFO - IA: Raquette droite déplacée de 98 à 105
2025-05-03 16:21:56,352 - INFO - JOUEUR: Raquette gauche déplacée de 105 à 112
2025-05-03 16:21:56,369 - INFO - JOUEUR: Raquette gauche déplacée de 112 à 119
2025-05-03 16:21:56,369 - INFO - IA: Raquette droite déplacée de 105 à 112
2025-05-03 16:21:56,387 - INFO - JOUEUR: Raquette gauche déplacée de 119 à 126
2025-05-03 16:21:56,387 - INFO - IA: Raquette droite déplacée de 112 à 119
2025-05-03 16:21:56,404 - INFO - JOUEUR: Raquette gauche déplacée de 126 à 133
2025-05-03 16:21:56,405 - INFO - IA: Raquette droite déplacée de 119 à 126
2025-05-03 16:21:56,422 - INFO - JOUEUR: Raquette gauche déplacée de 133 à 140
2025-05-03 16:21:56,422 - INFO - IA: Raquette droite déplacée de 126 à 133
2025-05-03 16:21:56,439 - INFO - JOUEUR: Raquette gauche déplacée de 140 à 147
2025-05-03 16:21:56,439 - INFO - IA: Raquette droite déplacée de 133 à 126
2025-05-03 16:21:56,457 - INFO - JOUEUR: Raquette gauche déplacée de 147 à 154
2025-05-03 16:21:56,457 - INFO - IA: Raquette droite déplacée de 126 à 133
2025-05-03 16:21:56,474 - INFO - JOUEUR: Raquette gauche déplacée de 154 à 161
2025-05-03 16:21:56,474 - INFO - IA: Raquette droite déplacée de 133 à 140
2025-05-03 16:21:56,490 - INFO - JOUEUR: Raquette gauche déplacée de 161 à 168
2025-05-03 16:21:56,491 - INFO - IA: Raquette droite déplacée de 140 à 147
2025-05-03 16:21:56,508 - INFO - JOUEUR: Raquette gauche déplacée de 168 à 175
2025-05-03 16:21:56,508 - INFO - IA: Raquette droite déplacée de 147 à 154
2025-05-03 16:21:56,525 - INFO - JOUEUR: Raquette gauche déplacée de 175 à 182
2025-05-03 16:21:56,526 - INFO - IA: Raquette droite déplacée de 154 à 161
2025-05-03 16:21:56,543 - INFO - JOUEUR: Raquette gauche déplacée de 182 à 189
2025-05-03 16:21:56,544 - INFO - IA: Raquette droite déplacée de 161 à 154
2025-05-03 16:21:56,561 - INFO - JOUEUR: Raquette gauche déplacée de 189 à 196
2025-05-03 16:21:56,561 - INFO - IA: Raquette droite déplacée de 154 à 161
2025-05-03 16:21:56,578 - INFO - JOUEUR: Raquette gauche déplacée de 196 à 203
2025-05-03 16:21:56,578 - INFO - IA: Raquette droite déplacée de 161 à 168
2025-05-03 16:21:56,595 - INFO - JOUEUR: Raquette gauche déplacée de 203 à 210
2025-05-03 16:21:56,595 - INFO - IA: Raquette droite déplacée de 168 à 175
2025-05-03 16:21:56,612 - INFO - JOUEUR: Raquette gauche déplacée de 210 à 217
2025-05-03 16:21:56,612 - INFO - IA: Raquette droite déplacée de 175 à 182
2025-05-03 16:21:56,629 - INFO - JOUEUR: Raquette gauche déplacée de 217 à 224
2025-05-03 16:21:56,629 - INFO - IA: Raquette droite déplacée de 182 à 189
2025-05-03 16:21:56,646 - INFO - JOUEUR: Raquette gauche déplacée de 224 à 231
2025-05-03 16:21:56,646 - INFO - IA: Raquette droite déplacée de 189 à 196
2025-05-03 16:21:56,664 - INFO - JOUEUR: Raquette gauche déplacée de 231 à 238
2025-05-03 16:21:56,664 - INFO - IA: Raquette droite déplacée de 196 à 203
2025-05-03 16:21:56,681 - INFO - JOUEUR: Raquette gauche déplacée de 238 à 245
2025-05-03 16:21:56,681 - INFO - IA: Raquette droite déplacée de 203 à 196
2025-05-03 16:21:56,698 - INFO - INPUT: Joueur relâche les touches directionnelles
2025-05-03 16:21:56,699 - INFO - IA: Raquette droite déplacée de 196 à 203
2025-05-03 16:21:56,717 - INFO - IA: Raquette droite déplacée de 203 à 210
2025-05-03 16:21:56,734 - INFO - IA: Raquette droite déplacée de 210 à 217
2025-05-03 16:21:56,750 - INFO - IA: Raquette droite déplacée de 217 à 210
2025-05-03 16:21:56,767 - INFO - IA: Raquette droite déplacée de 210 à 217
2025-05-03 16:21:56,785 - INFO - IA: Raquette droite déplacée de 217 à 224
2025-05-03 16:21:56,803 - INFO - IA: Raquette droite déplacée de 224 à 231
2025-05-03 16:21:56,822 - INFO - IA: Raquette droite déplacée de 231 à 238
2025-05-03 16:21:56,839 - INFO - IA: Raquette droite déplacée de 238 à 245
2025-05-03 16:21:56,857 - INFO - IA: Raquette droite déplacée de 245 à 252
2025-05-03 16:21:56,873 - INFO - IA: Raquette droite déplacée de 252 à 259
2025-05-03 16:21:56,891 - INFO - IA: Raquette droite déplacée de 259 à 266
2025-05-03 16:21:56,909 - INFO - INPUT: Joueur appuie sur la touche BAS
2025-05-03 16:21:56,909 - INFO - JOUEUR: Raquette gauche déplacée de 245 à 252
2025-05-03 16:21:56,909 - INFO - IA: Raquette droite déplacée de 266 à 273
2025-05-03 16:21:56,927 - INFO - JOUEUR: Raquette gauche déplacée de 252 à 259
2025-05-03 16:21:56,927 - INFO - IA: Raquette droite déplacée de 273 à 280
2025-05-03 16:21:56,944 - INFO - JOUEUR: Raquette gauche déplacée de 259 à 266
2025-05-03 16:21:56,945 - INFO - IA: Raquette droite déplacée de 280 à 287
2025-05-03 16:21:56,962 - INFO - JOUEUR: Raquette gauche déplacée de 266 à 273
2025-05-03 16:21:56,962 - INFO - IA: Raquette droite déplacée de 287 à 294
2025-05-03 16:21:56,980 - INFO - JOUEUR: Raquette gauche déplacée de 273 à 280
2025-05-03 16:21:56,981 - INFO - IA: Raquette droite déplacée de 294 à 301
2025-05-03 16:21:56,998 - INFO - JOUEUR: Raquette gauche déplacée de 280 à 287
2025-05-03 16:21:56,998 - INFO - IA: Raquette droite déplacée de 301 à 294
2025-05-03 16:21:57,015 - INFO - JOUEUR: Raquette gauche déplacée de 287 à 294
2025-05-03 16:21:57,015 - INFO - IA: Raquette droite déplacée de 294 à 301
2025-05-03 16:21:57,033 - INFO - JOUEUR: Raquette gauche déplacée de 294 à 301
2025-05-03 16:21:57,033 - INFO - IA: Raquette droite déplacée de 301 à 308
2025-05-03 16:21:57,050 - INFO - JOUEUR: Raquette gauche déplacée de 301 à 308
2025-05-03 16:21:57,050 - INFO - IA: Raquette droite déplacée de 308 à 315
2025-05-03 16:21:57,068 - INFO - JOUEUR: Raquette gauche déplacée de 308 à 315
2025-05-03 16:21:57,068 - INFO - IA: Raquette droite déplacée de 315 à 322
2025-05-03 16:21:57,085 - INFO - JOUEUR: Raquette gauche déplacée de 315 à 322
2025-05-03 16:21:57,085 - INFO - IA: Raquette droite déplacée de 322 à 315
2025-05-03 16:21:57,102 - INFO - JOUEUR: Raquette gauche déplacée de 322 à 329
2025-05-03 16:21:57,102 - INFO - IA: Raquette droite déplacée de 315 à 322
2025-05-03 16:21:57,119 - INFO - JOUEUR: Raquette gauche déplacée de 329 à 336
2025-05-03 16:21:57,119 - INFO - IA: Raquette droite déplacée de 322 à 329
2025-05-03 16:21:57,137 - INFO - JOUEUR: Raquette gauche déplacée de 336 à 343
2025-05-03 16:21:57,137 - INFO - IA: Raquette droite déplacée de 329 à 336
2025-05-03 16:21:57,155 - INFO - JOUEUR: Raquette gauche déplacée de 343 à 350
2025-05-03 16:21:57,155 - INFO - IA: Raquette droite déplacée de 336 à 343
2025-05-03 16:21:57,172 - INFO - JOUEUR: Raquette gauche déplacée de 350 à 357
2025-05-03 16:21:57,173 - INFO - IA: Raquette droite déplacée de 343 à 350
2025-05-03 16:21:57,190 - INFO - JOUEUR: Raquette gauche déplacée de 357 à 364
2025-05-03 16:21:57,190 - INFO - IA: Raquette droite déplacée de 350 à 357
2025-05-03 16:21:57,190 - INFO - COLLISION: Balle a rebondi sur une raquette à la position (30, 413)
2025-05-03 16:21:57,207 - INFO - JOUEUR: Raquette gauche déplacée de 364 à 371
2025-05-03 16:21:57,207 - INFO - IA: Raquette droite déplacée de 357 à 364
2025-05-03 16:21:57,224 - INFO - JOUEUR: Raquette gauche déplacée de 371 à 378
2025-05-03 16:21:57,224 - INFO - IA: Raquette droite déplacée de 364 à 371
2025-05-03 16:21:57,242 - INFO - INPUT: Joueur relâche les touches directionnelles
2025-05-03 16:21:57,242 - INFO - IA: Raquette droite déplacée de 371 à 378
2025-05-03 16:21:57,259 - INFO - IA: Raquette droite déplacée de 378 à 385
2025-05-03 16:21:57,277 - INFO - IA: Raquette droite déplacée de 385 à 390
2025-05-03 16:21:57,329 - INFO - IA: Raquette droite déplacée de 390 à 383
2025-05-03 16:21:57,347 - INFO - IA: Raquette droite déplacée de 383 à 390
2025-05-03 16:21:57,382 - INFO - COLLISION: Balle a rebondi sur un mur à la position (107, 468)
2025-05-03 16:21:57,553 - INFO - IA: Raquette droite déplacée de 390 à 383
2025-05-03 16:21:57,572 - INFO - IA: Raquette droite déplacée de 383 à 390
2025-05-03 16:21:57,589 - INFO - IA: Raquette droite déplacée de 390 à 383
2025-05-03 16:21:57,606 - INFO - IA: Raquette droite déplacée de 383 à 390
2025-05-03 16:21:57,623 - INFO - IA: Raquette droite déplacée de 390 à 383
2025-05-03 16:21:57,640 - INFO - IA: Raquette droite déplacée de 383 à 376
2025-05-03 16:21:57,657 - INFO - IA: Raquette droite déplacée de 376 à 369
2025-05-03 16:21:57,674 - INFO - IA: Raquette droite déplacée de 369 à 362
2025-05-03 16:21:57,692 - INFO - IA: Raquette droite déplacée de 362 à 355
2025-05-03 16:21:57,709 - INFO - IA: Raquette droite déplacée de 355 à 362
2025-05-03 16:21:57,726 - INFO - IA: Raquette droite déplacée de 362 à 355
2025-05-03 16:21:57,743 - INFO - IA: Raquette droite déplacée de 355 à 348
2025-05-03 16:21:57,759 - INFO - IA: Raquette droite déplacée de 348 à 355
2025-05-03 16:21:57,777 - INFO - IA: Raquette droite déplacée de 355 à 348
2025-05-03 16:21:57,794 - INFO - IA: Raquette droite déplacée de 348 à 341
2025-05-03 16:21:57,811 - INFO - IA: Raquette droite déplacée de 341 à 334
2025-05-03 16:21:57,829 - INFO - IA: Raquette droite déplacée de 334 à 327
2025-05-03 16:21:57,847 - INFO - IA: Raquette droite déplacée de 327 à 320
2025-05-03 16:21:57,865 - INFO - IA: Raquette droite déplacée de 320 à 313
2025-05-03 16:21:57,883 - INFO - IA: Raquette droite déplacée de 313 à 306
2025-05-03 16:21:57,901 - INFO - IA: Raquette droite déplacée de 306 à 313
2025-05-03 16:21:57,919 - INFO - IA: Raquette droite déplacée de 313 à 306
2025-05-03 16:21:57,937 - INFO - INPUT: Joueur appuie sur la touche HAUT
2025-05-03 16:21:57,937 - INFO - JOUEUR: Raquette gauche déplacée de 378 à 371
2025-05-03 16:21:57,938 - INFO - IA: Raquette droite déplacée de 306 à 299
2025-05-03 16:21:57,955 - INFO - JOUEUR: Raquette gauche déplacée de 371 à 364
2025-05-03 16:21:57,955 - INFO - IA: Raquette droite déplacée de 299 à 292
2025-05-03 16:21:57,972 - INFO - JOUEUR: Raquette gauche déplacée de 364 à 357
2025-05-03 16:21:57,972 - INFO - IA: Raquette droite déplacée de 292 à 285
2025-05-03 16:21:57,989 - INFO - JOUEUR: Raquette gauche déplacée de 357 à 350
2025-05-03 16:21:57,989 - INFO - IA: Raquette droite déplacée de 285 à 278
2025-05-03 16:21:58,007 - INFO - JOUEUR: Raquette gauche déplacée de 350 à 343
2025-05-03 16:21:58,007 - INFO - IA: Raquette droite déplacée de 278 à 285
2025-05-03 16:21:58,024 - INFO - JOUEUR: Raquette gauche déplacée de 343 à 336
2025-05-03 16:21:58,024 - INFO - IA: Raquette droite déplacée de 285 à 278
2025-05-03 16:21:58,041 - INFO - JOUEUR: Raquette gauche déplacée de 336 à 329
2025-05-03 16:21:58,041 - INFO - IA: Raquette droite déplacée de 278 à 271
2025-05-03 16:21:58,058 - INFO - JOUEUR: Raquette gauche déplacée de 329 à 322
2025-05-03 16:21:58,058 - INFO - IA: Raquette droite déplacée de 271 à 264
2025-05-03 16:21:58,076 - INFO - JOUEUR: Raquette gauche déplacée de 322 à 315
2025-05-03 16:21:58,076 - INFO - IA: Raquette droite déplacée de 264 à 257
2025-05-03 16:21:58,093 - INFO - JOUEUR: Raquette gauche déplacée de 315 à 308
2025-05-03 16:21:58,094 - INFO - IA: Raquette droite déplacée de 257 à 250
2025-05-03 16:21:58,111 - INFO - JOUEUR: Raquette gauche déplacée de 308 à 301
2025-05-03 16:21:58,111 - INFO - IA: Raquette droite déplacée de 250 à 243
2025-05-03 16:21:58,129 - INFO - JOUEUR: Raquette gauche déplacée de 301 à 294
2025-05-03 16:21:58,129 - INFO - IA: Raquette droite déplacée de 243 à 236
2025-05-03 16:21:58,147 - INFO - JOUEUR: Raquette gauche déplacée de 294 à 287
2025-05-03 16:21:58,147 - INFO - IA: Raquette droite déplacée de 236 à 229
2025-05-03 16:21:58,164 - INFO - JOUEUR: Raquette gauche déplacée de 287 à 280
2025-05-03 16:21:58,164 - INFO - IA: Raquette droite déplacée de 229 à 222
2025-05-03 16:21:58,182 - INFO - JOUEUR: Raquette gauche déplacée de 280 à 273
2025-05-03 16:21:58,182 - INFO - IA: Raquette droite déplacée de 222 à 215
2025-05-03 16:21:58,199 - INFO - JOUEUR: Raquette gauche déplacée de 273 à 266
2025-05-03 16:21:58,199 - INFO - IA: Raquette droite déplacée de 215 à 208
2025-05-03 16:21:58,216 - INFO - JOUEUR: Raquette gauche déplacée de 266 à 259
2025-05-03 16:21:58,217 - INFO - IA: Raquette droite déplacée de 208 à 201
2025-05-03 16:21:58,234 - INFO - JOUEUR: Raquette gauche déplacée de 259 à 252
2025-05-03 16:21:58,234 - INFO - IA: Raquette droite déplacée de 201 à 208
2025-05-03 16:21:58,250 - INFO - JOUEUR: Raquette gauche déplacée de 252 à 245
2025-05-03 16:21:58,251 - INFO - IA: Raquette droite déplacée de 208 à 201
2025-05-03 16:21:58,268 - INFO - JOUEUR: Raquette gauche déplacée de 245 à 238
2025-05-03 16:21:58,285 - INFO - JOUEUR: Raquette gauche déplacée de 238 à 231
2025-05-03 16:21:58,285 - INFO - IA: Raquette droite déplacée de 201 à 194
2025-05-03 16:21:58,303 - INFO - JOUEUR: Raquette gauche déplacée de 231 à 224
2025-05-03 16:21:58,303 - INFO - IA: Raquette droite déplacée de 194 à 187
2025-05-03 16:21:58,320 - INFO - JOUEUR: Raquette gauche déplacée de 224 à 217
2025-05-03 16:21:58,320 - INFO - IA: Raquette droite déplacée de 187 à 180
2025-05-03 16:21:58,338 - INFO - JOUEUR: Raquette gauche déplacée de 217 à 210
2025-05-03 16:21:58,338 - INFO - IA: Raquette droite déplacée de 180 à 173
2025-05-03 16:21:58,354 - INFO - JOUEUR: Raquette gauche déplacée de 210 à 203
2025-05-03 16:21:58,355 - INFO - IA: Raquette droite déplacée de 173 à 166
2025-05-03 16:21:58,372 - INFO - JOUEUR: Raquette gauche déplacée de 203 à 196
2025-05-03 16:21:58,372 - INFO - IA: Raquette droite déplacée de 166 à 159
2025-05-03 16:21:58,390 - INFO - JOUEUR: Raquette gauche déplacée de 196 à 189
2025-05-03 16:21:58,390 - INFO - IA: Raquette droite déplacée de 159 à 152
2025-05-03 16:21:58,407 - INFO - JOUEUR: Raquette gauche déplacée de 189 à 182
2025-05-03 16:21:58,407 - INFO - IA: Raquette droite déplacée de 152 à 145
2025-05-03 16:21:58,424 - INFO - JOUEUR: Raquette gauche déplacée de 182 à 175
2025-05-03 16:21:58,424 - INFO - IA: Raquette droite déplacée de 145 à 152
2025-05-03 16:21:58,442 - INFO - JOUEUR: Raquette gauche déplacée de 175 à 168
2025-05-03 16:21:58,442 - INFO - IA: Raquette droite déplacée de 152 à 145
2025-05-03 16:21:58,459 - INFO - JOUEUR: Raquette gauche déplacée de 168 à 161
2025-05-03 16:21:58,459 - INFO - IA: Raquette droite déplacée de 145 à 138
2025-05-03 16:21:58,476 - INFO - JOUEUR: Raquette gauche déplacée de 161 à 154
2025-05-03 16:21:58,476 - INFO - IA: Raquette droite déplacée de 138 à 131
2025-05-03 16:21:58,493 - INFO - JOUEUR: Raquette gauche déplacée de 154 à 147
2025-05-03 16:21:58,494 - INFO - IA: Raquette droite déplacée de 131 à 124
2025-05-03 16:21:58,494 - INFO - COLLISION: Balle a rebondi sur une raquette à la position (555, 148)
2025-05-03 16:21:58,511 - INFO - JOUEUR: Raquette gauche déplacée de 147 à 140
2025-05-03 16:21:58,511 - INFO - IA: Raquette droite déplacée de 124 à 131
2025-05-03 16:21:58,527 - INFO - JOUEUR: Raquette gauche déplacée de 140 à 133
2025-05-03 16:21:58,528 - INFO - IA: Raquette droite déplacée de 131 à 124
2025-05-03 16:21:58,545 - INFO - JOUEUR: Raquette gauche déplacée de 133 à 126
2025-05-03 16:21:58,546 - INFO - IA: Raquette droite déplacée de 124 à 117
2025-05-03 16:21:58,564 - INFO - JOUEUR: Raquette gauche déplacée de 126 à 119
2025-05-03 16:21:58,564 - INFO - IA: Raquette droite déplacée de 117 à 110
2025-05-03 16:21:58,581 - INFO - JOUEUR: Raquette gauche déplacée de 119 à 112
2025-05-03 16:21:58,581 - INFO - IA: Raquette droite déplacée de 110 à 103
2025-05-03 16:21:58,598 - INFO - JOUEUR: Raquette gauche déplacée de 112 à 105
2025-05-03 16:21:58,598 - INFO - IA: Raquette droite déplacée de 103 à 96
2025-05-03 16:21:58,615 - INFO - JOUEUR: Raquette gauche déplacée de 105 à 98
2025-05-03 16:21:58,615 - INFO - IA: Raquette droite déplacée de 96 à 89
2025-05-03 16:21:58,633 - INFO - JOUEUR: Raquette gauche déplacée de 98 à 91
2025-05-03 16:21:58,633 - INFO - IA: Raquette droite déplacée de 89 à 96
2025-05-03 16:21:58,652 - INFO - INPUT: Joueur relâche les touches directionnelles
2025-05-03 16:21:58,652 - INFO - IA: Raquette droite déplacée de 96 à 89
2025-05-03 16:21:58,670 - INFO - IA: Raquette droite déplacée de 89 à 82
2025-05-03 16:21:58,687 - INFO - IA: Raquette droite déplacée de 82 à 75
2025-05-03 16:21:58,704 - INFO - IA: Raquette droite déplacée de 75 à 68
2025-05-03 16:21:58,723 - INFO - INPUT: Joueur appuie sur la touche HAUT
2025-05-03 16:21:58,723 - INFO - JOUEUR: Raquette gauche déplacée de 91 à 84
2025-05-03 16:21:58,723 - INFO - IA: Raquette droite déplacée de 68 à 61
2025-05-03 16:21:58,740 - INFO - JOUEUR: Raquette gauche déplacée de 84 à 77
2025-05-03 16:21:58,740 - INFO - IA: Raquette droite déplacée de 61 à 54
2025-05-03 16:21:58,757 - INFO - JOUEUR: Raquette gauche déplacée de 77 à 70
2025-05-03 16:21:58,757 - INFO - IA: Raquette droite déplacée de 54 à 61
2025-05-03 16:21:58,774 - INFO - JOUEUR: Raquette gauche déplacée de 70 à 63
2025-05-03 16:21:58,774 - INFO - IA: Raquette droite déplacée de 61 à 54
2025-05-03 16:21:58,792 - INFO - INPUT: Joueur relâche les touches directionnelles
2025-05-03 16:21:58,792 - INFO - IA: Raquette droite déplacée de 54 à 47
2025-05-03 16:21:58,810 - INFO - IA: Raquette droite déplacée de 47 à 40
2025-05-03 16:21:58,827 - INFO - IA: Raquette droite déplacée de 40 à 33
2025-05-03 16:21:58,844 - INFO - IA: Raquette droite déplacée de 33 à 26
2025-05-03 16:21:58,861 - INFO - IA: Raquette droite déplacée de 26 à 33
2025-05-03 16:21:58,879 - INFO - IA: Raquette droite déplacée de 33 à 26
2025-05-03 16:21:58,898 - INFO - IA: Raquette droite déplacée de 26 à 19
2025-05-03 16:21:58,915 - INFO - IA: Raquette droite déplacée de 19 à 12
2025-05-03 16:21:58,933 - INFO - IA: Raquette droite déplacée de 12 à 19
2025-05-03 16:21:58,951 - INFO - IA: Raquette droite déplacée de 19 à 12
2025-05-03 16:21:58,968 - INFO - IA: Raquette droite déplacée de 12 à 5
2025-05-03 16:21:58,986 - INFO - IA: Raquette droite déplacée de 5 à 0
2025-05-03 16:21:59,021 - INFO - COLLISION: Balle a rebondi sur un mur à la position (315, -2)
2025-05-03 16:21:59,160 - INFO - IA: Raquette droite déplacée de 0 à 7
2025-05-03 16:21:59,176 - INFO - IA: Raquette droite déplacée de 7 à 14
2025-05-03 16:21:59,193 - INFO - IA: Raquette droite déplacée de 14 à 21
2025-05-03 16:21:59,211 - INFO - IA: Raquette droite déplacée de 21 à 14
2025-05-03 16:21:59,228 - INFO - IA: Raquette droite déplacée de 14 à 7
2025-05-03 16:21:59,246 - INFO - IA: Raquette droite déplacée de 7 à 14
2025-05-03 16:21:59,263 - INFO - IA: Raquette droite déplacée de 14 à 21
2025-05-03 16:21:59,280 - INFO - IA: Raquette droite déplacée de 21 à 28
2025-05-03 16:21:59,298 - INFO - IA: Raquette droite déplacée de 28 à 21
2025-05-03 16:21:59,315 - INFO - IA: Raquette droite déplacée de 21 à 28
2025-05-03 16:21:59,349 - INFO - INPUT: Joueur appuie sur la touche BAS
2025-05-03 16:21:59,350 - INFO - JOUEUR: Raquette gauche déplacée de 63 à 70
2025-05-03 16:21:59,350 - INFO - IA: Raquette droite déplacée de 28 à 35
2025-05-03 16:21:59,367 - INFO - JOUEUR: Raquette gauche déplacée de 70 à 77
2025-05-03 16:21:59,367 - INFO - IA: Raquette droite déplacée de 35 à 42
2025-05-03 16:21:59,384 - INFO - JOUEUR: Raquette gauche déplacée de 77 à 84
2025-05-03 16:21:59,384 - INFO - IA: Raquette droite déplacée de 42 à 49
2025-05-03 16:21:59,401 - INFO - JOUEUR: Raquette gauche déplacée de 84 à 91
2025-05-03 16:21:59,401 - INFO - IA: Raquette droite déplacée de 49 à 56
2025-05-03 16:21:59,420 - INFO - JOUEUR: Raquette gauche déplacée de 91 à 98
2025-05-03 16:21:59,420 - INFO - IA: Raquette droite déplacée de 56 à 63
2025-05-03 16:21:59,438 - INFO - JOUEUR: Raquette gauche déplacée de 98 à 105
2025-05-03 16:21:59,438 - INFO - IA: Raquette droite déplacée de 63 à 70
2025-05-03 16:21:59,455 - INFO - JOUEUR: Raquette gauche déplacée de 105 à 112
2025-05-03 16:21:59,455 - INFO - IA: Raquette droite déplacée de 70 à 77
2025-05-03 16:21:59,472 - INFO - JOUEUR: Raquette gauche déplacée de 112 à 119
2025-05-03 16:21:59,472 - INFO - IA: Raquette droite déplacée de 77 à 84
2025-05-03 16:21:59,489 - INFO - JOUEUR: Raquette gauche déplacée de 119 à 126
2025-05-03 16:21:59,489 - INFO - IA: Raquette droite déplacée de 84 à 77
2025-05-03 16:21:59,506 - INFO - JOUEUR: Raquette gauche déplacée de 126 à 133
2025-05-03 16:21:59,506 - INFO - IA: Raquette droite déplacée de 77 à 84
2025-05-03 16:21:59,523 - INFO - JOUEUR: Raquette gauche déplacée de 133 à 140
2025-05-03 16:21:59,523 - INFO - IA: Raquette droite déplacée de 84 à 91
2025-05-03 16:21:59,540 - INFO - JOUEUR: Raquette gauche déplacée de 140 à 147
2025-05-03 16:21:59,540 - INFO - IA: Raquette droite déplacée de 91 à 98
2025-05-03 16:21:59,557 - INFO - JOUEUR: Raquette gauche déplacée de 147 à 154
2025-05-03 16:21:59,557 - INFO - IA: Raquette droite déplacée de 98 à 105
2025-05-03 16:21:59,575 - INFO - JOUEUR: Raquette gauche déplacée de 154 à 161
2025-05-03 16:21:59,575 - INFO - IA: Raquette droite déplacée de 105 à 98
2025-05-03 16:21:59,592 - INFO - JOUEUR: Raquette gauche déplacée de 161 à 168
2025-05-03 16:21:59,593 - INFO - IA: Raquette droite déplacée de 98 à 105
2025-05-03 16:21:59,610 - INFO - JOUEUR: Raquette gauche déplacée de 168 à 175
2025-05-03 16:21:59,611 - INFO - IA: Raquette droite déplacée de 105 à 112
2025-05-03 16:21:59,628 - INFO - JOUEUR: Raquette gauche déplacée de 175 à 182
2025-05-03 16:21:59,628 - INFO - IA: Raquette droite déplacée de 112 à 105
2025-05-03 16:21:59,645 - INFO - JOUEUR: Raquette gauche déplacée de 182 à 189
2025-05-03 16:21:59,645 - INFO - IA: Raquette droite déplacée de 105 à 112
2025-05-03 16:21:59,645 - INFO - COLLISION: Balle a rebondi sur une raquette à la position (27, 178)
2025-05-03 16:21:59,661 - INFO - JOUEUR: Raquette gauche déplacée de 189 à 196
2025-05-03 16:21:59,662 - INFO - IA: Raquette droite déplacée de 112 à 119
2025-05-03 16:21:59,679 - INFO - JOUEUR: Raquette gauche déplacée de 196 à 203
2025-05-03 16:21:59,679 - INFO - IA: Raquette droite déplacée de 119 à 126
2025-05-03 16:21:59,696 - INFO - JOUEUR: Raquette gauche déplacée de 203 à 210
2025-05-03 16:21:59,696 - INFO - IA: Raquette droite déplacée de 126 à 133
2025-05-03 16:21:59,713 - INFO - JOUEUR: Raquette gauche déplacée de 210 à 217
2025-05-03 16:21:59,713 - INFO - IA: Raquette droite déplacée de 133 à 140
2025-05-03 16:21:59,730 - INFO - JOUEUR: Raquette gauche déplacée de 217 à 224
2025-05-03 16:21:59,731 - INFO - IA: Raquette droite déplacée de 140 à 147
2025-05-03 16:21:59,748 - INFO - JOUEUR: Raquette gauche déplacée de 224 à 231
2025-05-03 16:21:59,748 - INFO - IA: Raquette droite déplacée de 147 à 154
2025-05-03 16:21:59,764 - INFO - JOUEUR: Raquette gauche déplacée de 231 à 238
2025-05-03 16:21:59,765 - INFO - IA: Raquette droite déplacée de 154 à 161
2025-05-03 16:21:59,782 - INFO - JOUEUR: Raquette gauche déplacée de 238 à 245
2025-05-03 16:21:59,782 - INFO - IA: Raquette droite déplacée de 161 à 168
2025-05-03 16:21:59,799 - INFO - JOUEUR: Raquette gauche déplacée de 245 à 252
2025-05-03 16:21:59,799 - INFO - IA: Raquette droite déplacée de 168 à 175
2025-05-03 16:21:59,816 - INFO - JOUEUR: Raquette gauche déplacée de 252 à 259
2025-05-03 16:21:59,816 - INFO - IA: Raquette droite déplacée de 175 à 182
2025-05-03 16:21:59,833 - INFO - INPUT: Joueur relâche les touches directionnelles
2025-05-03 16:21:59,834 - INFO - IA: Raquette droite déplacée de 182 à 189
2025-05-03 16:21:59,851 - INFO - IA: Raquette droite déplacée de 189 à 182
2025-05-03 16:21:59,869 - INFO - IA: Raquette droite déplacée de 182 à 189
2025-05-03 16:21:59,887 - INFO - IA: Raquette droite déplacée de 189 à 196
2025-05-03 16:21:59,904 - INFO - IA: Raquette droite déplacée de 196 à 203
2025-05-03 16:21:59,921 - INFO - IA: Raquette droite déplacée de 203 à 196
2025-05-03 16:21:59,939 - INFO - IA: Raquette droite déplacée de 196 à 203
2025-05-03 16:21:59,956 - INFO - IA: Raquette droite déplacée de 203 à 210
2025-05-03 16:21:59,975 - INFO - IA: Raquette droite déplacée de 210 à 217
2025-05-03 16:21:59,992 - INFO - IA: Raquette droite déplacée de 217 à 210
2025-05-03 16:22:00,009 - INFO - IA: Raquette droite déplacée de 210 à 217
2025-05-03 16:22:00,026 - INFO - IA: Raquette droite déplacée de 217 à 224
2025-05-03 16:22:00,043 - INFO - IA: Raquette droite déplacée de 224 à 231
2025-05-03 16:22:00,060 - INFO - IA: Raquette droite déplacée de 231 à 238
2025-05-03 16:22:00,078 - INFO - IA: Raquette droite déplacée de 238 à 245
2025-05-03 16:22:00,095 - INFO - IA: Raquette droite déplacée de 245 à 252
2025-05-03 16:22:00,112 - INFO - IA: Raquette droite déplacée de 252 à 259
2025-05-03 16:22:00,130 - INFO - IA: Raquette droite déplacée de 259 à 266
2025-05-03 16:22:00,148 - INFO - IA: Raquette droite déplacée de 266 à 273
2025-05-03 16:22:00,166 - INFO - IA: Raquette droite déplacée de 273 à 266
2025-05-03 16:22:00,184 - INFO - IA: Raquette droite déplacée de 266 à 273
2025-05-03 16:22:00,202 - INFO - IA: Raquette droite déplacée de 273 à 280
2025-05-03 16:22:00,219 - INFO - IA: Raquette droite déplacée de 280 à 273
2025-05-03 16:22:00,236 - INFO - IA: Raquette droite déplacée de 273 à 280
2025-05-03 16:22:00,253 - INFO - IA: Raquette droite déplacée de 280 à 287
2025-05-03 16:22:00,270 - INFO - IA: Raquette droite déplacée de 287 à 294
2025-05-03 16:22:00,287 - INFO - IA: Raquette droite déplacée de 294 à 301
2025-05-03 16:22:00,304 - INFO - IA: Raquette droite déplacée de 301 à 294
2025-05-03 16:22:00,321 - INFO - IA: Raquette droite déplacée de 294 à 301
2025-05-03 16:22:00,338 - INFO - IA: Raquette droite déplacée de 301 à 308
2025-05-03 16:22:00,356 - INFO - IA: Raquette droite déplacée de 308 à 315
2025-05-03 16:22:00,373 - INFO - IA: Raquette droite déplacée de 315 à 322
2025-05-03 16:22:00,390 - INFO - IA: Raquette droite déplacée de 322 à 329
2025-05-03 16:22:00,408 - INFO - IA: Raquette droite déplacée de 329 à 336
2025-05-03 16:22:00,425 - INFO - IA: Raquette droite déplacée de 336 à 343
2025-05-03 16:22:00,442 - INFO - IA: Raquette droite déplacée de 343 à 350
2025-05-03 16:22:00,460 - INFO - IA: Raquette droite déplacée de 350 à 357
2025-05-03 16:22:00,478 - INFO - IA: Raquette droite déplacée de 357 à 350
2025-05-03 16:22:00,496 - INFO - IA: Raquette droite déplacée de 350 à 357
2025-05-03 16:22:00,513 - INFO - IA: Raquette droite déplacée de 357 à 364
2025-05-03 16:22:00,531 - INFO - IA: Raquette droite déplacée de 364 à 371
2025-05-03 16:22:00,548 - INFO - IA: Raquette droite déplacée de 371 à 378
2025-05-03 16:22:00,565 - INFO - IA: Raquette droite déplacée de 378 à 385
2025-05-03 16:22:00,581 - INFO - IA: Raquette droite déplacée de 385 à 390
2025-05-03 16:22:00,651 - INFO - COLLISION: Balle a rebondi sur un mur à la position (549, 468)
2025-05-03 16:22:00,668 - INFO - COLLISION: Balle a rebondi sur une raquette à la position (558, 463)
2025-05-03 16:22:00,808 - INFO - INPUT: Joueur appuie sur la touche HAUT
2025-05-03 16:22:00,808 - INFO - JOUEUR: Raquette gauche déplacée de 259 à 252
2025-05-03 16:22:00,808 - INFO - IA: Raquette droite déplacée de 390 à 383
2025-05-03 16:22:00,825 - INFO - JOUEUR: Raquette gauche déplacée de 252 à 245
2025-05-03 16:22:00,825 - INFO - IA: Raquette droite déplacée de 383 à 376
2025-05-03 16:22:00,843 - INFO - JOUEUR: Raquette gauche déplacée de 245 à 238
2025-05-03 16:22:00,843 - INFO - IA: Raquette droite déplacée de 376 à 383
2025-05-03 16:22:00,860 - INFO - JOUEUR: Raquette gauche déplacée de 238 à 231
2025-05-03 16:22:00,860 - INFO - IA: Raquette droite déplacée de 383 à 376
2025-05-03 16:22:00,878 - INFO - JOUEUR: Raquette gauche déplacée de 231 à 224
2025-05-03 16:22:00,878 - INFO - IA: Raquette droite déplacée de 376 à 383
2025-05-03 16:22:00,895 - INFO - JOUEUR: Raquette gauche déplacée de 224 à 217
2025-05-03 16:22:00,895 - INFO - IA: Raquette droite déplacée de 383 à 376
2025-05-03 16:22:00,913 - INFO - JOUEUR: Raquette gauche déplacée de 217 à 210
2025-05-03 16:22:00,913 - INFO - IA: Raquette droite déplacée de 376 à 369
2025-05-03 16:22:00,931 - INFO - JOUEUR: Raquette gauche déplacée de 210 à 203
2025-05-03 16:22:00,931 - INFO - IA: Raquette droite déplacée de 369 à 376
2025-05-03 16:22:00,947 - INFO - JOUEUR: Raquette gauche déplacée de 203 à 196
2025-05-03 16:22:00,948 - INFO - IA: Raquette droite déplacée de 376 à 369
2025-05-03 16:22:00,965 - INFO - JOUEUR: Raquette gauche déplacée de 196 à 189
2025-05-03 16:22:00,965 - INFO - IA: Raquette droite déplacée de 369 à 362
2025-05-03 16:22:00,982 - INFO - JOUEUR: Raquette gauche déplacée de 189 à 182
2025-05-03 16:22:00,983 - INFO - IA: Raquette droite déplacée de 362 à 355
2025-05-03 16:22:01,001 - INFO - JOUEUR: Raquette gauche déplacée de 182 à 175
2025-05-03 16:22:01,001 - INFO - IA: Raquette droite déplacée de 355 à 348
2025-05-03 16:22:01,019 - INFO - JOUEUR: Raquette gauche déplacée de 175 à 168
2025-05-03 16:22:01,020 - INFO - IA: Raquette droite déplacée de 348 à 341
2025-05-03 16:22:01,037 - INFO - JOUEUR: Raquette gauche déplacée de 168 à 161
2025-05-03 16:22:01,037 - INFO - IA: Raquette droite déplacée de 341 à 334
2025-05-03 16:22:01,055 - INFO - JOUEUR: Raquette gauche déplacée de 161 à 154
2025-05-03 16:22:01,055 - INFO - IA: Raquette droite déplacée de 334 à 327
2025-05-03 16:22:01,072 - INFO - JOUEUR: Raquette gauche déplacée de 154 à 147
2025-05-03 16:22:01,090 - INFO - INPUT: Joueur relâche les touches directionnelles
2025-05-03 16:22:01,090 - INFO - IA: Raquette droite déplacée de 327 à 320
2025-05-03 16:22:01,108 - INFO - IA: Raquette droite déplacée de 320 à 313
2025-05-03 16:22:01,126 - INFO - IA: Raquette droite déplacée de 313 à 320
2025-05-03 16:22:01,144 - INFO - IA: Raquette droite déplacée de 320 à 313
2025-05-03 16:22:01,161 - INFO - IA: Raquette droite déplacée de 313 à 320
2025-05-03 16:22:01,179 - INFO - IA: Raquette droite déplacée de 320 à 313
2025-05-03 16:22:01,197 - INFO - IA: Raquette droite déplacée de 313 à 306
2025-05-03 16:22:01,214 - INFO - IA: Raquette droite déplacée de 306 à 299
2025-05-03 16:22:01,232 - INFO - IA: Raquette droite déplacée de 299 à 292
2025-05-03 16:22:01,249 - INFO - IA: Raquette droite déplacée de 292 à 285
2025-05-03 16:22:01,266 - INFO - IA: Raquette droite déplacée de 285 à 278
2025-05-03 16:22:01,284 - INFO - IA: Raquette droite déplacée de 278 à 271
2025-05-03 16:22:01,302 - INFO - IA: Raquette droite déplacée de 271 à 264
2025-05-03 16:22:01,320 - INFO - IA: Raquette droite déplacée de 264 à 257
2025-05-03 16:22:01,337 - INFO - IA: Raquette droite déplacée de 257 à 250
2025-05-03 16:22:01,354 - INFO - IA: Raquette droite déplacée de 250 à 243
2025-05-03 16:22:01,371 - INFO - IA: Raquette droite déplacée de 243 à 250
2025-05-03 16:22:01,389 - INFO - INPUT: Joueur appuie sur la touche BAS
2025-05-03 16:22:01,389 - INFO - JOUEUR: Raquette gauche déplacée de 147 à 154
2025-05-03 16:22:01,389 - INFO - IA: Raquette droite déplacée de 250 à 243
2025-05-03 16:22:01,406 - INFO - JOUEUR: Raquette gauche déplacée de 154 à 161
2025-05-03 16:22:01,406 - INFO - IA: Raquette droite déplacée de 243 à 236
2025-05-03 16:22:01,424 - INFO - JOUEUR: Raquette gauche déplacée de 161 à 168
2025-05-03 16:22:01,424 - INFO - IA: Raquette droite déplacée de 236 à 229
2025-05-03 16:22:01,441 - INFO - JOUEUR: Raquette gauche déplacée de 168 à 175
2025-05-03 16:22:01,441 - INFO - IA: Raquette droite déplacée de 229 à 222
2025-05-03 16:22:01,458 - INFO - JOUEUR: Raquette gauche déplacée de 175 à 182
2025-05-03 16:22:01,458 - INFO - IA: Raquette droite déplacée de 222 à 215
2025-05-03 16:22:01,475 - INFO - JOUEUR: Raquette gauche déplacée de 182 à 189
2025-05-03 16:22:01,475 - INFO - IA: Raquette droite déplacée de 215 à 222
2025-05-03 16:22:01,492 - INFO - JOUEUR: Raquette gauche déplacée de 189 à 196
2025-05-03 16:22:01,492 - INFO - IA: Raquette droite déplacée de 222 à 215
2025-05-03 16:22:01,509 - INFO - JOUEUR: Raquette gauche déplacée de 196 à 203
2025-05-03 16:22:01,509 - INFO - IA: Raquette droite déplacée de 215 à 208
2025-05-03 16:22:01,527 - INFO - JOUEUR: Raquette gauche déplacée de 203 à 210
2025-05-03 16:22:01,527 - INFO - IA: Raquette droite déplacée de 208 à 201
2025-05-03 16:22:01,545 - INFO - INPUT: Joueur relâche les touches directionnelles
2025-05-03 16:22:01,545 - INFO - IA: Raquette droite déplacée de 201 à 194
2025-05-03 16:22:01,563 - INFO - IA: Raquette droite déplacée de 194 à 201
2025-05-03 16:22:01,580 - INFO - IA: Raquette droite déplacée de 201 à 194
2025-05-03 16:22:01,597 - INFO - IA: Raquette droite déplacée de 194 à 187
2025-05-03 16:22:01,597 - INFO - COLLISION: Balle a rebondi sur une raquette à la position (28, 198)
2025-05-03 16:22:01,614 - INFO - IA: Raquette droite déplacée de 187 à 180
2025-05-03 16:22:01,632 - INFO - IA: Raquette droite déplacée de 180 à 173
2025-05-03 16:22:01,650 - INFO - IA: Raquette droite déplacée de 173 à 166
2025-05-03 16:22:01,667 - INFO - IA: Raquette droite déplacée de 166 à 159
2025-05-03 16:22:01,684 - INFO - IA: Raquette droite déplacée de 159 à 166
2025-05-03 16:22:01,701 - INFO - IA: Raquette droite déplacée de 166 à 159
2025-05-03 16:22:01,718 - INFO - IA: Raquette droite déplacée de 159 à 152
2025-05-03 16:22:01,735 - INFO - IA: Raquette droite déplacée de 152 à 145
2025-05-03 16:22:01,752 - INFO - IA: Raquette droite déplacée de 145 à 138
2025-05-03 16:22:01,769 - INFO - IA: Raquette droite déplacée de 138 à 131
2025-05-03 16:22:01,787 - INFO - IA: Raquette droite déplacée de 131 à 138
2025-05-03 16:22:01,805 - INFO - IA: Raquette droite déplacée de 138 à 131
2025-05-03 16:22:01,822 - INFO - IA: Raquette droite déplacée de 131 à 124
2025-05-03 16:22:01,839 - INFO - IA: Raquette droite déplacée de 124 à 117
2025-05-03 16:22:01,856 - INFO - IA: Raquette droite déplacée de 117 à 110
2025-05-03 16:22:01,874 - INFO - IA: Raquette droite déplacée de 110 à 103
2025-05-03 16:22:01,891 - INFO - IA: Raquette droite déplacée de 103 à 96
2025-05-03 16:22:01,908 - INFO - IA: Raquette droite déplacée de 96 à 89
2025-05-03 16:22:01,926 - INFO - IA: Raquette droite déplacée de 89 à 82
2025-05-03 16:22:01,943 - INFO - IA: Raquette droite déplacée de 82 à 75
2025-05-03 16:22:01,960 - INFO - IA: Raquette droite déplacée de 75 à 68
2025-05-03 16:22:01,977 - INFO - IA: Raquette droite déplacée de 68 à 61
2025-05-03 16:22:01,995 - INFO - IA: Raquette droite déplacée de 61 à 54
2025-05-03 16:22:02,012 - INFO - IA: Raquette droite déplacée de 54 à 61
2025-05-03 16:22:02,031 - INFO - IA: Raquette droite déplacée de 61 à 68
2025-05-03 16:22:02,048 - INFO - IA: Raquette droite déplacée de 68 à 61
2025-05-03 16:22:02,066 - INFO - IA: Raquette droite déplacée de 61 à 54
2025-05-03 16:22:02,085 - INFO - IA: Raquette droite déplacée de 54 à 47
2025-05-03 16:22:02,104 - INFO - IA: Raquette droite déplacée de 47 à 40
2025-05-03 16:22:02,121 - INFO - IA: Raquette droite déplacée de 40 à 33
2025-05-03 16:22:02,139 - INFO - IA: Raquette droite déplacée de 33 à 26
2025-05-03 16:22:02,157 - INFO - IA: Raquette droite déplacée de 26 à 19
2025-05-03 16:22:02,175 - INFO - IA: Raquette droite déplacée de 19 à 26
2025-05-03 16:22:02,191 - INFO - IA: Raquette droite déplacée de 26 à 19
2025-05-03 16:22:02,208 - INFO - IA: Raquette droite déplacée de 19 à 12
2025-05-03 16:22:02,226 - INFO - IA: Raquette droite déplacée de 12 à 5
2025-05-03 16:22:02,243 - INFO - IA: Raquette droite déplacée de 5 à 0
2025-05-03 16:22:02,295 - INFO - COLLISION: Balle a rebondi sur un mur à la position (468, -2)
2025-05-03 16:22:02,432 - INFO - COLLISION: Balle a rebondi sur une raquette à la position (556, 38)
2025-05-03 16:22:02,449 - INFO - IA: Raquette droite déplacée de 0 à 7
2025-05-03 16:22:02,467 - INFO - IA: Raquette droite déplacée de 7 à 0
2025-05-03 16:22:02,483 - INFO - IA: Raquette droite déplacée de 0 à 7
2025-05-03 16:22:02,500 - INFO - IA: Raquette droite déplacée de 7 à 14
2025-05-03 16:22:02,518 - INFO - IA: Raquette droite déplacée de 14 à 7
2025-05-03 16:22:02,535 - INFO - IA: Raquette droite déplacée de 7 à 14
2025-05-03 16:22:02,552 - INFO - IA: Raquette droite déplacée de 14 à 7
2025-05-03 16:22:02,569 - INFO - IA: Raquette droite déplacée de 7 à 14
2025-05-03 16:22:02,586 - INFO - IA: Raquette droite déplacée de 14 à 21
2025-05-03 16:22:02,604 - INFO - IA: Raquette droite déplacée de 21 à 28
2025-05-03 16:22:02,620 - INFO - IA: Raquette droite déplacée de 28 à 35
2025-05-03 16:22:02,638 - INFO - IA: Raquette droite déplacée de 35 à 42
2025-05-03 16:22:02,655 - INFO - IA: Raquette droite déplacée de 42 à 49
2025-05-03 16:22:02,672 - INFO - IA: Raquette droite déplacée de 49 à 56
2025-05-03 16:22:02,689 - INFO - IA: Raquette droite déplacée de 56 à 63
2025-05-03 16:22:02,706 - INFO - IA: Raquette droite déplacée de 63 à 70
2025-05-03 16:22:02,723 - INFO - IA: Raquette droite déplacée de 70 à 77
2025-05-03 16:22:02,739 - INFO - IA: Raquette droite déplacée de 77 à 84
2025-05-03 16:22:02,756 - INFO - IA: Raquette droite déplacée de 84 à 77
2025-05-03 16:22:02,773 - INFO - IA: Raquette droite déplacée de 77 à 84
2025-05-03 16:22:02,790 - INFO - IA: Raquette droite déplacée de 84 à 77
2025-05-03 16:22:02,808 - INFO - IA: Raquette droite déplacée de 77 à 84
2025-05-03 16:22:02,826 - INFO - INPUT: Joueur appuie sur la touche HAUT
2025-05-03 16:22:02,826 - INFO - JOUEUR: Raquette gauche déplacée de 210 à 203
2025-05-03 16:22:02,826 - INFO - IA: Raquette droite déplacée de 84 à 91
2025-05-03 16:22:02,845 - INFO - JOUEUR: Raquette gauche déplacée de 203 à 196
2025-05-03 16:22:02,845 - INFO - IA: Raquette droite déplacée de 91 à 98
2025-05-03 16:22:02,862 - INFO - JOUEUR: Raquette gauche déplacée de 196 à 189
2025-05-03 16:22:02,862 - INFO - IA: Raquette droite déplacée de 98 à 105
2025-05-03 16:22:02,879 - INFO - JOUEUR: Raquette gauche déplacée de 189 à 182
2025-05-03 16:22:02,880 - INFO - IA: Raquette droite déplacée de 105 à 112
2025-05-03 16:22:02,897 - INFO - JOUEUR: Raquette gauche déplacée de 182 à 175
2025-05-03 16:22:02,897 - INFO - IA: Raquette droite déplacée de 112 à 119
2025-05-03 16:22:02,915 - INFO - JOUEUR: Raquette gauche déplacée de 175 à 168
2025-05-03 16:22:02,915 - INFO - IA: Raquette droite déplacée de 119 à 126
2025-05-03 16:22:02,933 - INFO - JOUEUR: Raquette gauche déplacée de 168 à 161
2025-05-03 16:22:02,933 - INFO - IA: Raquette droite déplacée de 126 à 119
2025-05-03 16:22:02,952 - INFO - INPUT: Joueur relâche les touches directionnelles
2025-05-03 16:22:02,952 - INFO - IA: Raquette droite déplacée de 119 à 126
2025-05-03 16:22:02,970 - INFO - IA: Raquette droite déplacée de 126 à 119
2025-05-03 16:22:02,988 - INFO - IA: Raquette droite déplacée de 119 à 126
2025-05-03 16:22:03,006 - INFO - IA: Raquette droite déplacée de 126 à 133
2025-05-03 16:22:03,023 - INFO - IA: Raquette droite déplacée de 133 à 140
2025-05-03 16:22:03,041 - INFO - IA: Raquette droite déplacée de 140 à 147
2025-05-03 16:22:03,059 - INFO - IA: Raquette droite déplacée de 147 à 154
2025-05-03 16:22:03,076 - INFO - IA: Raquette droite déplacée de 154 à 161
2025-05-03 16:22:03,093 - INFO - IA: Raquette droite déplacée de 161 à 168
2025-05-03 16:22:03,111 - INFO - IA: Raquette droite déplacée de 168 à 175
2025-05-03 16:22:03,128 - INFO - IA: Raquette droite déplacée de 175 à 182
2025-05-03 16:22:03,145 - INFO - IA: Raquette droite déplacée de 182 à 189
2025-05-03 16:22:03,164 - INFO - IA: Raquette droite déplacée de 189 à 196
2025-05-03 16:22:03,182 - INFO - IA: Raquette droite déplacée de 196 à 203
2025-05-03 16:22:03,199 - INFO - IA: Raquette droite déplacée de 203 à 210
2025-05-03 16:22:03,216 - INFO - IA: Raquette droite déplacée de 210 à 203
2025-05-03 16:22:03,233 - INFO - IA: Raquette droite déplacée de 203 à 210
2025-05-03 16:22:03,250 - INFO - IA: Raquette droite déplacée de 210 à 217
2025-05-03 16:22:03,251 - INFO - POINT: Joueur droite (IA) marque un point! Score: 0-7
2025-05-03 16:22:03,268 - INFO - IA: Raquette droite déplacée de 217 à 210
2025-05-03 16:22:03,286 - INFO - IA: Raquette droite déplacée de 210 à 217
2025-05-03 16:22:03,303 - INFO - IA: Raquette droite déplacée de 217 à 210
2025-05-03 16:22:03,321 - INFO - IA: Raquette droite déplacée de 210 à 203
2025-05-03 16:22:03,338 - INFO - IA: Raquette droite déplacée de 203 à 210
2025-05-03 16:22:03,356 - INFO - IA: Raquette droite déplacée de 210 à 203
2025-05-03 16:22:03,372 - INFO - IA: Raquette droite déplacée de 203 à 210
2025-05-03 16:22:03,390 - INFO - IA: Raquette droite déplacée de 210 à 217
2025-05-03 16:22:03,407 - INFO - IA: Raquette droite déplacée de 217 à 224
2025-05-03 16:22:03,425 - INFO - IA: Raquette droite déplacée de 224 à 231
2025-05-03 16:22:03,442 - INFO - IA: Raquette droite déplacée de 231 à 238
2025-05-03 16:22:03,460 - INFO - IA: Raquette droite déplacée de 238 à 245
2025-05-03 16:22:03,477 - INFO - IA: Raquette droite déplacée de 245 à 252
2025-05-03 16:22:03,494 - INFO - IA: Raquette droite déplacée de 252 à 259
2025-05-03 16:22:03,511 - INFO - IA: Raquette droite déplacée de 259 à 252
2025-05-03 16:22:03,528 - INFO - IA: Raquette droite déplacée de 252 à 259
2025-05-03 16:22:03,546 - INFO - IA: Raquette droite déplacée de 259 à 266
2025-05-03 16:22:03,563 - INFO - IA: Raquette droite déplacée de 266 à 259
2025-05-03 16:22:03,580 - INFO - IA: Raquette droite déplacée de 259 à 266
2025-05-03 16:22:03,597 - INFO - IA: Raquette droite déplacée de 266 à 273
2025-05-03 16:22:03,615 - INFO - IA: Raquette droite déplacée de 273 à 280
2025-05-03 16:22:03,632 - INFO - IA: Raquette droite déplacée de 280 à 287
2025-05-03 16:22:03,649 - INFO - IA: Raquette droite déplacée de 287 à 294
2025-05-03 16:22:03,666 - INFO - IA: Raquette droite déplacée de 294 à 301
2025-05-03 16:22:03,684 - INFO - IA: Raquette droite déplacée de 301 à 294
2025-05-03 16:22:03,701 - INFO - IA: Raquette droite déplacée de 294 à 301
2025-05-03 16:22:03,719 - INFO - IA: Raquette droite déplacée de 301 à 308
2025-05-03 16:22:03,737 - INFO - IA: Raquette droite déplacée de 308 à 315
2025-05-03 16:22:03,754 - INFO - IA: Raquette droite déplacée de 315 à 322
2025-05-03 16:22:03,772 - INFO - IA: Raquette droite déplacée de 322 à 329
2025-05-03 16:22:03,790 - INFO - IA: Raquette droite déplacée de 329 à 322
2025-05-03 16:22:03,807 - INFO - IA: Raquette droite déplacée de 322 à 329
2025-05-03 16:22:03,824 - INFO - IA: Raquette droite déplacée de 329 à 336
2025-05-03 16:22:03,841 - INFO - IA: Raquette droite déplacée de 336 à 343
2025-05-03 16:22:03,858 - INFO - IA: Raquette droite déplacée de 343 à 350
2025-05-03 16:22:03,875 - INFO - IA: Raquette droite déplacée de 350 à 357
2025-05-03 16:22:03,908 - INFO - IA: Raquette droite déplacée de 357 à 364
2025-05-03 16:22:03,926 - INFO - IA: Raquette droite déplacée de 364 à 371
2025-05-03 16:22:03,943 - INFO - INPUT: Joueur appuie sur la touche BAS
2025-05-03 16:22:03,944 - INFO - JOUEUR: Raquette gauche déplacée de 161 à 168
2025-05-03 16:22:03,944 - INFO - IA: Raquette droite déplacée de 371 à 364
2025-05-03 16:22:03,961 - INFO - JOUEUR: Raquette gauche déplacée de 168 à 175
2025-05-03 16:22:03,962 - INFO - IA: Raquette droite déplacée de 364 à 371
2025-05-03 16:22:03,979 - INFO - JOUEUR: Raquette gauche déplacée de 175 à 182
2025-05-03 16:22:03,979 - INFO - IA: Raquette droite déplacée de 371 à 378
2025-05-03 16:22:03,997 - INFO - JOUEUR: Raquette gauche déplacée de 182 à 189
2025-05-03 16:22:03,998 - INFO - IA: Raquette droite déplacée de 378 à 385
2025-05-03 16:22:04,016 - INFO - JOUEUR: Raquette gauche déplacée de 189 à 196
2025-05-03 16:22:04,016 - INFO - IA: Raquette droite déplacée de 385 à 390
2025-05-03 16:22:04,034 - INFO - JOUEUR: Raquette gauche déplacée de 196 à 203
2025-05-03 16:22:04,051 - INFO - JOUEUR: Raquette gauche déplacée de 203 à 210
2025-05-03 16:22:04,068 - INFO - JOUEUR: Raquette gauche déplacée de 210 à 217
2025-05-03 16:22:04,069 - INFO - COLLISION: Balle a rebondi sur un mur à la position (528, 468)
2025-05-03 16:22:04,086 - INFO - JOUEUR: Raquette gauche déplacée de 217 à 224
2025-05-03 16:22:04,103 - INFO - JOUEUR: Raquette gauche déplacée de 224 à 231
2025-05-03 16:22:04,121 - INFO - JOUEUR: Raquette gauche déplacée de 231 à 238
2025-05-03 16:22:04,138 - INFO - JOUEUR: Raquette gauche déplacée de 238 à 245
2025-05-03 16:22:04,156 - INFO - JOUEUR: Raquette gauche déplacée de 245 à 252
2025-05-03 16:22:04,156 - INFO - COLLISION: Balle a rebondi sur une raquette à la position (553, 443)
2025-05-03 16:22:04,174 - INFO - JOUEUR: Raquette gauche déplacée de 252 à 259
2025-05-03 16:22:04,191 - INFO - JOUEUR: Raquette gauche déplacée de 259 à 266
2025-05-03 16:22:04,209 - INFO - JOUEUR: Raquette gauche déplacée de 266 à 273
2025-05-03 16:22:04,209 - INFO - IA: Raquette droite déplacée de 390 à 383
2025-05-03 16:22:04,227 - INFO - JOUEUR: Raquette gauche déplacée de 273 à 280
2025-05-03 16:22:04,227 - INFO - IA: Raquette droite déplacée de 383 à 376
2025-05-03 16:22:04,245 - INFO - JOUEUR: Raquette gauche déplacée de 280 à 287
2025-05-03 16:22:04,246 - INFO - IA: Raquette droite déplacée de 376 à 383
2025-05-03 16:22:04,264 - INFO - JOUEUR: Raquette gauche déplacée de 287 à 294
2025-05-03 16:22:04,264 - INFO - IA: Raquette droite déplacée de 383 à 376
2025-05-03 16:22:04,283 - INFO - INPUT: Joueur relâche les touches directionnelles
2025-05-03 16:22:04,283 - INFO - IA: Raquette droite déplacée de 376 à 369
2025-05-03 16:22:04,301 - INFO - IA: Raquette droite déplacée de 369 à 376
2025-05-03 16:22:04,319 - INFO - IA: Raquette droite déplacée de 376 à 383
2025-05-03 16:22:04,337 - INFO - IA: Raquette droite déplacée de 383 à 376
2025-05-03 16:22:04,355 - INFO - IA: Raquette droite déplacée de 376 à 369
2025-05-03 16:22:04,391 - INFO - IA: Raquette droite déplacée de 369 à 362
2025-05-03 16:22:04,408 - INFO - IA: Raquette droite déplacée de 362 à 355
2025-05-03 16:22:04,425 - INFO - IA: Raquette droite déplacée de 355 à 362
2025-05-03 16:22:04,443 - INFO - IA: Raquette droite déplacée de 362 à 355
2025-05-03 16:22:04,460 - INFO - IA: Raquette droite déplacée de 355 à 348
2025-05-03 16:22:04,478 - INFO - IA: Raquette droite déplacée de 348 à 341
2025-05-03 16:22:04,497 - INFO - IA: Raquette droite déplacée de 341 à 348
2025-05-03 16:22:04,514 - INFO - IA: Raquette droite déplacée de 348 à 341
2025-05-03 16:22:04,531 - INFO - IA: Raquette droite déplacée de 341 à 334
2025-05-03 16:22:04,548 - INFO - IA: Raquette droite déplacée de 334 à 327
2025-05-03 16:22:04,565 - INFO - IA: Raquette droite déplacée de 327 à 320
2025-05-03 16:22:04,582 - INFO - IA: Raquette droite déplacée de 320 à 313
2025-05-03 16:22:04,600 - INFO - IA: Raquette droite déplacée de 313 à 306
2025-05-03 16:22:04,617 - INFO - INPUT: Joueur appuie sur la touche HAUT
2025-05-03 16:22:04,617 - INFO - JOUEUR: Raquette gauche déplacée de 294 à 287
2025-05-03 16:22:04,617 - INFO - IA: Raquette droite déplacée de 306 à 299
2025-05-03 16:22:04,635 - INFO - JOUEUR: Raquette gauche déplacée de 287 à 280
2025-05-03 16:22:04,635 - INFO - IA: Raquette droite déplacée de 299 à 292
2025-05-03 16:22:04,652 - INFO - JOUEUR: Raquette gauche déplacée de 280 à 273
2025-05-03 16:22:04,652 - INFO - IA: Raquette droite déplacée de 292 à 285
2025-05-03 16:22:04,669 - INFO - JOUEUR: Raquette gauche déplacée de 273 à 266
2025-05-03 16:22:04,669 - INFO - IA: Raquette droite déplacée de 285 à 292
2025-05-03 16:22:04,685 - INFO - JOUEUR: Raquette gauche déplacée de 266 à 259
2025-05-03 16:22:04,685 - INFO - IA: Raquette droite déplacée de 292 à 285
2025-05-03 16:22:04,703 - INFO - JOUEUR: Raquette gauche déplacée de 259 à 252
2025-05-03 16:22:04,703 - INFO - IA: Raquette droite déplacée de 285 à 278
2025-05-03 16:22:04,720 - INFO - JOUEUR: Raquette gauche déplacée de 252 à 245
2025-05-03 16:22:04,720 - INFO - IA: Raquette droite déplacée de 278 à 271
2025-05-03 16:22:04,737 - INFO - JOUEUR: Raquette gauche déplacée de 245 à 238
2025-05-03 16:22:04,738 - INFO - IA: Raquette droite déplacée de 271 à 264
2025-05-03 16:22:04,755 - INFO - JOUEUR: Raquette gauche déplacée de 238 à 231
2025-05-03 16:22:04,756 - INFO - IA: Raquette droite déplacée de 264 à 257
2025-05-03 16:22:04,773 - INFO - JOUEUR: Raquette gauche déplacée de 231 à 224
2025-05-03 16:22:04,791 - INFO - JOUEUR: Raquette gauche déplacée de 224 à 217
2025-05-03 16:22:04,791 - INFO - IA: Raquette droite déplacée de 257 à 250
2025-05-03 16:22:04,808 - INFO - JOUEUR: Raquette gauche déplacée de 217 à 210
2025-05-03 16:22:04,809 - INFO - IA: Raquette droite déplacée de 250 à 243
2025-05-03 16:22:04,827 - INFO - JOUEUR: Raquette gauche déplacée de 210 à 203
2025-05-03 16:22:04,827 - INFO - IA: Raquette droite déplacée de 243 à 236
2025-05-03 16:22:04,844 - INFO - JOUEUR: Raquette gauche déplacée de 203 à 196
2025-05-03 16:22:04,844 - INFO - IA: Raquette droite déplacée de 236 à 229
2025-05-03 16:22:04,862 - INFO - JOUEUR: Raquette gauche déplacée de 196 à 189
2025-05-03 16:22:04,862 - INFO - IA: Raquette droite déplacée de 229 à 236
2025-05-03 16:22:04,880 - INFO - JOUEUR: Raquette gauche déplacée de 189 à 182
2025-05-03 16:22:04,880 - INFO - IA: Raquette droite déplacée de 236 à 229
2025-05-03 16:22:04,897 - INFO - JOUEUR: Raquette gauche déplacée de 182 à 175
2025-05-03 16:22:04,898 - INFO - IA: Raquette droite déplacée de 229 à 222
2025-05-03 16:22:04,915 - INFO - JOUEUR: Raquette gauche déplacée de 175 à 168
2025-05-03 16:22:04,915 - INFO - IA: Raquette droite déplacée de 222 à 215
2025-05-03 16:22:04,931 - INFO - JOUEUR: Raquette gauche déplacée de 168 à 161
2025-05-03 16:22:04,932 - INFO - IA: Raquette droite déplacée de 215 à 208
2025-05-03 16:22:04,948 - INFO - JOUEUR: Raquette gauche déplacée de 161 à 154
2025-05-03 16:22:04,948 - INFO - IA: Raquette droite déplacée de 208 à 201
2025-05-03 16:22:04,966 - INFO - JOUEUR: Raquette gauche déplacée de 154 à 147
2025-05-03 16:22:04,966 - INFO - IA: Raquette droite déplacée de 201 à 194
2025-05-03 16:22:04,983 - INFO - JOUEUR: Raquette gauche déplacée de 147 à 140
2025-05-03 16:22:04,984 - INFO - IA: Raquette droite déplacée de 194 à 187
2025-05-03 16:22:05,001 - INFO - JOUEUR: Raquette gauche déplacée de 140 à 133
2025-05-03 16:22:05,001 - INFO - IA: Raquette droite déplacée de 187 à 194
2025-05-03 16:22:05,019 - INFO - JOUEUR: Raquette gauche déplacée de 133 à 126
2025-05-03 16:22:05,019 - INFO - IA: Raquette droite déplacée de 194 à 187
2025-05-03 16:22:05,037 - INFO - JOUEUR: Raquette gauche déplacée de 126 à 119
2025-05-03 16:22:05,037 - INFO - IA: Raquette droite déplacée de 187 à 180
2025-05-03 16:22:05,055 - INFO - JOUEUR: Raquette gauche déplacée de 119 à 112
2025-05-03 16:22:05,055 - INFO - IA: Raquette droite déplacée de 180 à 173
2025-05-03 16:22:05,073 - INFO - JOUEUR: Raquette gauche déplacée de 112 à 105
2025-05-03 16:22:05,074 - INFO - IA: Raquette droite déplacée de 173 à 166
2025-05-03 16:22:05,091 - INFO - JOUEUR: Raquette gauche déplacée de 105 à 98
2025-05-03 16:22:05,091 - INFO - IA: Raquette droite déplacée de 166 à 159
2025-05-03 16:22:05,109 - INFO - JOUEUR: Raquette gauche déplacée de 98 à 91
2025-05-03 16:22:05,109 - INFO - IA: Raquette droite déplacée de 159 à 152
2025-05-03 16:22:05,127 - INFO - JOUEUR: Raquette gauche déplacée de 91 à 84
2025-05-03 16:22:05,127 - INFO - IA: Raquette droite déplacée de 152 à 145
2025-05-03 16:22:05,144 - INFO - JOUEUR: Raquette gauche déplacée de 84 à 77
2025-05-03 16:22:05,144 - INFO - IA: Raquette droite déplacée de 145 à 138
2025-05-03 16:22:05,162 - INFO - JOUEUR: Raquette gauche déplacée de 77 à 70
2025-05-03 16:22:05,162 - INFO - IA: Raquette droite déplacée de 138 à 145
2025-05-03 16:22:05,180 - INFO - JOUEUR: Raquette gauche déplacée de 70 à 63
2025-05-03 16:22:05,180 - INFO - IA: Raquette droite déplacée de 145 à 138
2025-05-03 16:22:05,198 - INFO - JOUEUR: Raquette gauche déplacée de 63 à 56
2025-05-03 16:22:05,198 - INFO - IA: Raquette droite déplacée de 138 à 131
2025-05-03 16:22:05,217 - INFO - JOUEUR: Raquette gauche déplacée de 56 à 49
2025-05-03 16:22:05,217 - INFO - IA: Raquette droite déplacée de 131 à 124
2025-05-03 16:22:05,234 - INFO - JOUEUR: Raquette gauche déplacée de 49 à 42
2025-05-03 16:22:05,234 - INFO - IA: Raquette droite déplacée de 124 à 117
2025-05-03 16:22:05,252 - INFO - JOUEUR: Raquette gauche déplacée de 42 à 35
2025-05-03 16:22:05,252 - INFO - IA: Raquette droite déplacée de 117 à 110
2025-05-03 16:22:05,269 - INFO - JOUEUR: Raquette gauche déplacée de 35 à 28
2025-05-03 16:22:05,270 - INFO - IA: Raquette droite déplacée de 110 à 103
2025-05-03 16:22:05,287 - INFO - JOUEUR: Raquette gauche déplacée de 28 à 21
2025-05-03 16:22:05,288 - INFO - IA: Raquette droite déplacée de 103 à 96
2025-05-03 16:22:05,306 - INFO - JOUEUR: Raquette gauche déplacée de 21 à 14
2025-05-03 16:22:05,306 - INFO - IA: Raquette droite déplacée de 96 à 89
2025-05-03 16:22:05,324 - INFO - JOUEUR: Raquette gauche déplacée de 14 à 7
2025-05-03 16:22:05,324 - INFO - IA: Raquette droite déplacée de 89 à 82
2025-05-03 16:22:05,342 - INFO - JOUEUR: Raquette gauche déplacée de 7 à 0
2025-05-03 16:22:05,342 - INFO - IA: Raquette droite déplacée de 82 à 89
2025-05-03 16:22:05,360 - INFO - INPUT: Joueur relâche les touches directionnelles
2025-05-03 16:22:05,360 - INFO - IA: Raquette droite déplacée de 89 à 82
2025-05-03 16:22:05,377 - INFO - IA: Raquette droite déplacée de 82 à 89
2025-05-03 16:22:05,395 - INFO - IA: Raquette droite déplacée de 89 à 82
2025-05-03 16:22:05,413 - INFO - IA: Raquette droite déplacée de 82 à 75
2025-05-03 16:22:05,431 - INFO - IA: Raquette droite déplacée de 75 à 68
2025-05-03 16:22:05,448 - INFO - IA: Raquette droite déplacée de 68 à 61
2025-05-03 16:22:05,465 - INFO - IA: Raquette droite déplacée de 61 à 54
2025-05-03 16:22:05,483 - INFO - IA: Raquette droite déplacée de 54 à 61
2025-05-03 16:22:05,501 - INFO - IA: Raquette droite déplacée de 61 à 54
2025-05-03 16:22:05,519 - INFO - IA: Raquette droite déplacée de 54 à 47
2025-05-03 16:22:05,537 - INFO - IA: Raquette droite déplacée de 47 à 40
2025-05-03 16:22:05,553 - INFO - IA: Raquette droite déplacée de 40 à 33
2025-05-03 16:22:05,571 - INFO - IA: Raquette droite déplacée de 33 à 26
2025-05-03 16:22:05,589 - INFO - IA: Raquette droite déplacée de 26 à 19
2025-05-03 16:22:05,606 - INFO - IA: Raquette droite déplacée de 19 à 12
2025-05-03 16:22:05,623 - INFO - IA: Raquette droite déplacée de 12 à 19
2025-05-03 16:22:05,640 - INFO - IA: Raquette droite déplacée de 19 à 12
2025-05-03 16:22:05,658 - INFO - IA: Raquette droite déplacée de 12 à 5
2025-05-03 16:22:05,675 - INFO - IA: Raquette droite déplacée de 5 à 0
2025-05-03 16:22:05,726 - INFO - COLLISION: Balle a rebondi sur un mur à la position (108, -2)
2025-05-03 16:22:05,899 - INFO - IA: Raquette droite déplacée de 0 à 7
2025-05-03 16:22:05,917 - INFO - IA: Raquette droite déplacée de 7 à 14
2025-05-03 16:22:05,934 - INFO - IA: Raquette droite déplacée de 14 à 7
2025-05-03 16:22:05,952 - INFO - IA: Raquette droite déplacée de 7 à 14
2025-05-03 16:22:05,969 - INFO - IA: Raquette droite déplacée de 14 à 7
2025-05-03 16:22:05,987 - INFO - IA: Raquette droite déplacée de 7 à 14
2025-05-03 16:22:05,987 - INFO - COLLISION: Balle a rebondi sur une raquette à la position (33, 73)
2025-05-03 16:22:06,004 - INFO - IA: Raquette droite déplacée de 14 à 21
2025-05-03 16:22:06,022 - INFO - IA: Raquette droite déplacée de 21 à 28
2025-05-03 16:22:06,041 - INFO - INPUT: Joueur appuie sur la touche BAS
2025-05-03 16:22:06,041 - INFO - JOUEUR: Raquette gauche déplacée de 0 à 7
2025-05-03 16:22:06,041 - INFO - IA: Raquette droite déplacée de 28 à 35
2025-05-03 16:22:06,059 - INFO - JOUEUR: Raquette gauche déplacée de 7 à 14
2025-05-03 16:22:06,059 - INFO - IA: Raquette droite déplacée de 35 à 42
2025-05-03 16:22:06,077 - INFO - JOUEUR: Raquette gauche déplacée de 14 à 21
2025-05-03 16:22:06,077 - INFO - IA: Raquette droite déplacée de 42 à 49
2025-05-03 16:22:06,095 - INFO - JOUEUR: Raquette gauche déplacée de 21 à 28
2025-05-03 16:22:06,096 - INFO - IA: Raquette droite déplacée de 49 à 56
2025-05-03 16:22:06,114 - INFO - JOUEUR: Raquette gauche déplacée de 28 à 35
2025-05-03 16:22:06,114 - INFO - IA: Raquette droite déplacée de 56 à 49
2025-05-03 16:22:06,131 - INFO - JOUEUR: Raquette gauche déplacée de 35 à 42
2025-05-03 16:22:06,131 - INFO - IA: Raquette droite déplacée de 49 à 56
2025-05-03 16:22:06,149 - INFO - JOUEUR: Raquette gauche déplacée de 42 à 49
2025-05-03 16:22:06,149 - INFO - IA: Raquette droite déplacée de 56 à 63
2025-05-03 16:22:06,167 - INFO - JOUEUR: Raquette gauche déplacée de 49 à 56
2025-05-03 16:22:06,167 - INFO - IA: Raquette droite déplacée de 63 à 70
2025-05-03 16:22:06,183 - INFO - JOUEUR: Raquette gauche déplacée de 56 à 63
2025-05-03 16:22:06,184 - INFO - IA: Raquette droite déplacée de 70 à 63
2025-05-03 16:22:06,201 - INFO - JOUEUR: Raquette gauche déplacée de 63 à 70
2025-05-03 16:22:06,201 - INFO - IA: Raquette droite déplacée de 63 à 70
2025-05-03 16:22:06,219 - INFO - JOUEUR: Raquette gauche déplacée de 70 à 77
2025-05-03 16:22:06,219 - INFO - IA: Raquette droite déplacée de 70 à 77
2025-05-03 16:22:06,236 - INFO - JOUEUR: Raquette gauche déplacée de 77 à 84
2025-05-03 16:22:06,236 - INFO - IA: Raquette droite déplacée de 77 à 84
2025-05-03 16:22:06,254 - INFO - JOUEUR: Raquette gauche déplacée de 84 à 91
2025-05-03 16:22:06,254 - INFO - IA: Raquette droite déplacée de 84 à 91
2025-05-03 16:22:06,271 - INFO - JOUEUR: Raquette gauche déplacée de 91 à 98
2025-05-03 16:22:06,271 - INFO - IA: Raquette droite déplacée de 91 à 98
2025-05-03 16:22:06,288 - INFO - JOUEUR: Raquette gauche déplacée de 98 à 105
2025-05-03 16:22:06,288 - INFO - IA: Raquette droite déplacée de 98 à 105
2025-05-03 16:22:06,305 - INFO - JOUEUR: Raquette gauche déplacée de 105 à 112
2025-05-03 16:22:06,305 - INFO - IA: Raquette droite déplacée de 105 à 112
2025-05-03 16:22:06,323 - INFO - JOUEUR: Raquette gauche déplacée de 112 à 119
2025-05-03 16:22:06,323 - INFO - IA: Raquette droite déplacée de 112 à 119
2025-05-03 16:22:06,341 - INFO - JOUEUR: Raquette gauche déplacée de 119 à 126
2025-05-03 16:22:06,341 - INFO - IA: Raquette droite déplacée de 119 à 126
2025-05-03 16:22:06,359 - INFO - JOUEUR: Raquette gauche déplacée de 126 à 133
2025-05-03 16:22:06,359 - INFO - IA: Raquette droite déplacée de 126 à 133
2025-05-03 16:22:06,376 - INFO - JOUEUR: Raquette gauche déplacée de 133 à 140
2025-05-03 16:22:06,376 - INFO - IA: Raquette droite déplacée de 133 à 140
2025-05-03 16:22:06,394 - INFO - JOUEUR: Raquette gauche déplacée de 140 à 147
2025-05-03 16:22:06,394 - INFO - IA: Raquette droite déplacée de 140 à 133
2025-05-03 16:22:06,410 - INFO - JOUEUR: Raquette gauche déplacée de 147 à 154
2025-05-03 16:22:06,411 - INFO - IA: Raquette droite déplacée de 133 à 140
2025-05-03 16:22:06,428 - INFO - JOUEUR: Raquette gauche déplacée de 154 à 161
2025-05-03 16:22:06,428 - INFO - IA: Raquette droite déplacée de 140 à 147
2025-05-03 16:22:06,446 - INFO - JOUEUR: Raquette gauche déplacée de 161 à 168
2025-05-03 16:22:06,446 - INFO - IA: Raquette droite déplacée de 147 à 154
2025-05-03 16:22:06,463 - INFO - JOUEUR: Raquette gauche déplacée de 168 à 175
2025-05-03 16:22:06,463 - INFO - IA: Raquette droite déplacée de 154 à 161
2025-05-03 16:22:06,481 - INFO - JOUEUR: Raquette gauche déplacée de 175 à 182
2025-05-03 16:22:06,481 - INFO - IA: Raquette droite déplacée de 161 à 168
2025-05-03 16:22:06,498 - INFO - JOUEUR: Raquette gauche déplacée de 182 à 189
2025-05-03 16:22:06,499 - INFO - IA: Raquette droite déplacée de 168 à 175
2025-05-03 16:22:06,516 - INFO - JOUEUR: Raquette gauche déplacée de 189 à 196
2025-05-03 16:22:06,516 - INFO - IA: Raquette droite déplacée de 175 à 168
2025-05-03 16:22:06,534 - INFO - JOUEUR: Raquette gauche déplacée de 196 à 203
2025-05-03 16:22:06,534 - INFO - IA: Raquette droite déplacée de 168 à 175
2025-05-03 16:22:06,551 - INFO - JOUEUR: Raquette gauche déplacée de 203 à 210
2025-05-03 16:22:06,551 - INFO - IA: Raquette droite déplacée de 175 à 182
2025-05-03 16:22:06,568 - INFO - JOUEUR: Raquette gauche déplacée de 210 à 217
2025-05-03 16:22:06,568 - INFO - IA: Raquette droite déplacée de 182 à 175
2025-05-03 16:22:06,586 - INFO - JOUEUR: Raquette gauche déplacée de 217 à 224
2025-05-03 16:22:06,586 - INFO - IA: Raquette droite déplacée de 175 à 182
2025-05-03 16:22:06,603 - INFO - JOUEUR: Raquette gauche déplacée de 224 à 231
2025-05-03 16:22:06,603 - INFO - IA: Raquette droite déplacée de 182 à 189
2025-05-03 16:22:06,621 - INFO - JOUEUR: Raquette gauche déplacée de 231 à 238
2025-05-03 16:22:06,639 - INFO - JOUEUR: Raquette gauche déplacée de 238 à 245
2025-05-03 16:22:06,639 - INFO - IA: Raquette droite déplacée de 189 à 196
2025-05-03 16:22:06,657 - INFO - JOUEUR: Raquette gauche déplacée de 245 à 252
2025-05-03 16:22:06,657 - INFO - IA: Raquette droite déplacée de 196 à 189
2025-05-03 16:22:06,675 - INFO - JOUEUR: Raquette gauche déplacée de 252 à 259
2025-05-03 16:22:06,675 - INFO - IA: Raquette droite déplacée de 189 à 196
2025-05-03 16:22:06,692 - INFO - JOUEUR: Raquette gauche déplacée de 259 à 266
2025-05-03 16:22:06,692 - INFO - IA: Raquette droite déplacée de 196 à 203
2025-05-03 16:22:06,710 - INFO - JOUEUR: Raquette gauche déplacée de 266 à 273
2025-05-03 16:22:06,710 - INFO - IA: Raquette droite déplacée de 203 à 210
2025-05-03 16:22:06,727 - INFO - JOUEUR: Raquette gauche déplacée de 273 à 280
2025-05-03 16:22:06,727 - INFO - IA: Raquette droite déplacée de 210 à 217
2025-05-03 16:22:06,746 - INFO - JOUEUR: Raquette gauche déplacée de 280 à 287
2025-05-03 16:22:06,746 - INFO - IA: Raquette droite déplacée de 217 à 224
2025-05-03 16:22:06,765 - INFO - JOUEUR: Raquette gauche déplacée de 287 à 294
2025-05-03 16:22:06,765 - INFO - IA: Raquette droite déplacée de 224 à 231
2025-05-03 16:22:06,783 - INFO - JOUEUR: Raquette gauche déplacée de 294 à 301
2025-05-03 16:22:06,783 - INFO - IA: Raquette droite déplacée de 231 à 238
2025-05-03 16:22:06,801 - INFO - JOUEUR: Raquette gauche déplacée de 301 à 308
2025-05-03 16:22:06,801 - INFO - IA: Raquette droite déplacée de 238 à 245
2025-05-03 16:22:06,818 - INFO - JOUEUR: Raquette gauche déplacée de 308 à 315
2025-05-03 16:22:06,819 - INFO - IA: Raquette droite déplacée de 245 à 252
2025-05-03 16:22:06,836 - INFO - JOUEUR: Raquette gauche déplacée de 315 à 322
2025-05-03 16:22:06,837 - INFO - IA: Raquette droite déplacée de 252 à 245
2025-05-03 16:22:06,855 - INFO - JOUEUR: Raquette gauche déplacée de 322 à 329
2025-05-03 16:22:06,855 - INFO - IA: Raquette droite déplacée de 245 à 252
2025-05-03 16:22:06,874 - INFO - JOUEUR: Raquette gauche déplacée de 329 à 336
2025-05-03 16:22:06,874 - INFO - IA: Raquette droite déplacée de 252 à 259
2025-05-03 16:22:06,892 - INFO - JOUEUR: Raquette gauche déplacée de 336 à 343
2025-05-03 16:22:06,892 - INFO - IA: Raquette droite déplacée de 259 à 266
2025-05-03 16:22:06,909 - INFO - JOUEUR: Raquette gauche déplacée de 343 à 350
2025-05-03 16:22:06,909 - INFO - IA: Raquette droite déplacée de 266 à 273
2025-05-03 16:22:06,926 - INFO - JOUEUR: Raquette gauche déplacée de 350 à 357
2025-05-03 16:22:06,926 - INFO - IA: Raquette droite déplacée de 273 à 280
2025-05-03 16:22:06,943 - INFO - JOUEUR: Raquette gauche déplacée de 357 à 364
2025-05-03 16:22:06,943 - INFO - IA: Raquette droite déplacée de 280 à 287
2025-05-03 16:22:06,961 - INFO - JOUEUR: Raquette gauche déplacée de 364 à 371
2025-05-03 16:22:06,961 - INFO - IA: Raquette droite déplacée de 287 à 294
2025-05-03 16:22:06,979 - INFO - JOUEUR: Raquette gauche déplacée de 371 à 378
2025-05-03 16:22:06,979 - INFO - IA: Raquette droite déplacée de 294 à 301
2025-05-03 16:22:06,997 - INFO - JOUEUR: Raquette gauche déplacée de 378 à 385
2025-05-03 16:22:06,997 - INFO - IA: Raquette droite déplacée de 301 à 308
2025-05-03 16:22:07,015 - INFO - INPUT: Joueur relâche les touches directionnelles
2025-05-03 16:22:07,015 - INFO - IA: Raquette droite déplacée de 308 à 315
2025-05-03 16:22:07,033 - INFO - IA: Raquette droite déplacée de 315 à 308
2025-05-03 16:22:07,050 - INFO - IA: Raquette droite déplacée de 308 à 315
2025-05-03 16:22:07,068 - INFO - IA: Raquette droite déplacée de 315 à 322
2025-05-03 16:22:07,085 - INFO - IA: Raquette droite déplacée de 322 à 329
2025-05-03 16:22:07,103 - INFO - IA: Raquette droite déplacée de 329 à 336
2025-05-03 16:22:07,122 - INFO - IA: Raquette droite déplacée de 336 à 343
2025-05-03 16:22:07,140 - INFO - IA: Raquette droite déplacée de 343 à 350
2025-05-03 16:22:07,158 - INFO - IA: Raquette droite déplacée de 350 à 343
2025-05-03 16:22:07,175 - INFO - IA: Raquette droite déplacée de 343 à 350
2025-05-03 16:22:07,192 - INFO - IA: Raquette droite déplacée de 350 à 357
2025-05-03 16:22:07,210 - INFO - IA: Raquette droite déplacée de 357 à 364
2025-05-03 16:22:07,228 - INFO - IA: Raquette droite déplacée de 364 à 371
2025-05-03 16:22:07,246 - INFO - IA: Raquette droite déplacée de 371 à 378
2025-05-03 16:22:07,264 - INFO - IA: Raquette droite déplacée de 378 à 385
2025-05-03 16:22:07,280 - INFO - IA: Raquette droite déplacée de 385 à 378
2025-05-03 16:22:07,297 - INFO - IA: Raquette droite déplacée de 378 à 385
2025-05-03 16:22:07,315 - INFO - IA: Raquette droite déplacée de 385 à 390
2025-05-03 16:22:07,383 - INFO - COLLISION: Balle a rebondi sur un mur à la position (507, 468)
2025-05-03 16:22:07,520 - INFO - INPUT: Joueur appuie sur la touche HAUT
2025-05-03 16:22:07,521 - INFO - JOUEUR: Raquette gauche déplacée de 385 à 378
2025-05-03 16:22:07,521 - INFO - COLLISION: Balle a rebondi sur une raquette à la position (555, 428)
2025-05-03 16:22:07,539 - INFO - JOUEUR: Raquette gauche déplacée de 378 à 371
2025-05-03 16:22:07,556 - INFO - JOUEUR: Raquette gauche déplacée de 371 à 364
2025-05-03 16:22:07,556 - INFO - IA: Raquette droite déplacée de 390 à 383
2025-05-03 16:22:07,574 - INFO - JOUEUR: Raquette gauche déplacée de 364 à 357
2025-05-03 16:22:07,574 - INFO - IA: Raquette droite déplacée de 383 à 390
2025-05-03 16:22:07,591 - INFO - JOUEUR: Raquette gauche déplacée de 357 à 350
2025-05-03 16:22:07,591 - INFO - IA: Raquette droite déplacée de 390 à 383
2025-05-03 16:22:07,608 - INFO - JOUEUR: Raquette gauche déplacée de 350 à 343
2025-05-03 16:22:07,609 - INFO - IA: Raquette droite déplacée de 383 à 376
2025-05-03 16:22:07,626 - INFO - JOUEUR: Raquette gauche déplacée de 343 à 336
2025-05-03 16:22:07,626 - INFO - IA: Raquette droite déplacée de 376 à 369
2025-05-03 16:22:07,643 - INFO - JOUEUR: Raquette gauche déplacée de 336 à 329
2025-05-03 16:22:07,644 - INFO - IA: Raquette droite déplacée de 369 à 362
2025-05-03 16:22:07,661 - INFO - JOUEUR: Raquette gauche déplacée de 329 à 322
2025-05-03 16:22:07,661 - INFO - IA: Raquette droite déplacée de 362 à 355
2025-05-03 16:22:07,679 - INFO - JOUEUR: Raquette gauche déplacée de 322 à 315
2025-05-03 16:22:07,679 - INFO - IA: Raquette droite déplacée de 355 à 348
2025-05-03 16:22:07,696 - INFO - JOUEUR: Raquette gauche déplacée de 315 à 308
2025-05-03 16:22:07,696 - INFO - IA: Raquette droite déplacée de 348 à 341
2025-05-03 16:22:07,714 - INFO - JOUEUR: Raquette gauche déplacée de 308 à 301
2025-05-03 16:22:07,714 - INFO - IA: Raquette droite déplacée de 341 à 334
2025-05-03 16:22:07,731 - INFO - JOUEUR: Raquette gauche déplacée de 301 à 294
2025-05-03 16:22:07,731 - INFO - IA: Raquette droite déplacée de 334 à 327
2025-05-03 16:22:07,749 - INFO - JOUEUR: Raquette gauche déplacée de 294 à 287
2025-05-03 16:22:07,749 - INFO - IA: Raquette droite déplacée de 327 à 320
2025-05-03 16:22:07,765 - INFO - JOUEUR: Raquette gauche déplacée de 287 à 280
2025-05-03 16:22:07,766 - INFO - IA: Raquette droite déplacée de 320 à 327
2025-05-03 16:22:07,783 - INFO - JOUEUR: Raquette gauche déplacée de 280 à 273
2025-05-03 16:22:07,783 - INFO - IA: Raquette droite déplacée de 327 à 334
2025-05-03 16:22:07,801 - INFO - JOUEUR: Raquette gauche déplacée de 273 à 266
2025-05-03 16:22:07,801 - INFO - IA: Raquette droite déplacée de 334 à 327
2025-05-03 16:22:07,818 - INFO - JOUEUR: Raquette gauche déplacée de 266 à 259
2025-05-03 16:22:07,818 - INFO - IA: Raquette droite déplacée de 327 à 320
2025-05-03 16:22:07,835 - INFO - JOUEUR: Raquette gauche déplacée de 259 à 252
2025-05-03 16:22:07,835 - INFO - IA: Raquette droite déplacée de 320 à 327
2025-05-03 16:22:07,852 - INFO - JOUEUR: Raquette gauche déplacée de 252 à 245
2025-05-03 16:22:07,853 - INFO - IA: Raquette droite déplacée de 327 à 320
2025-05-03 16:22:07,870 - INFO - JOUEUR: Raquette gauche déplacée de 245 à 238
2025-05-03 16:22:07,870 - INFO - IA: Raquette droite déplacée de 320 à 313
2025-05-03 16:22:07,888 - INFO - JOUEUR: Raquette gauche déplacée de 238 à 231
2025-05-03 16:22:07,888 - INFO - IA: Raquette droite déplacée de 313 à 320
2025-05-03 16:22:07,907 - INFO - JOUEUR: Raquette gauche déplacée de 231 à 224
2025-05-03 16:22:07,907 - INFO - IA: Raquette droite déplacée de 320 à 313
2025-05-03 16:22:07,924 - INFO - JOUEUR: Raquette gauche déplacée de 224 à 217
2025-05-03 16:22:07,924 - INFO - IA: Raquette droite déplacée de 313 à 306
2025-05-03 16:22:07,942 - INFO - JOUEUR: Raquette gauche déplacée de 217 à 210
2025-05-03 16:22:07,942 - INFO - IA: Raquette droite déplacée de 306 à 299
2025-05-03 16:22:07,959 - INFO - JOUEUR: Raquette gauche déplacée de 210 à 203
2025-05-03 16:22:07,959 - INFO - IA: Raquette droite déplacée de 299 à 292
2025-05-03 16:22:07,976 - INFO - JOUEUR: Raquette gauche déplacée de 203 à 196
2025-05-03 16:22:07,977 - INFO - IA: Raquette droite déplacée de 292 à 285
2025-05-03 16:22:07,994 - INFO - JOUEUR: Raquette gauche déplacée de 196 à 189
2025-05-03 16:22:07,994 - INFO - IA: Raquette droite déplacée de 285 à 278
2025-05-03 16:22:08,011 - INFO - JOUEUR: Raquette gauche déplacée de 189 à 182
2025-05-03 16:22:08,012 - INFO - IA: Raquette droite déplacée de 278 à 271
2025-05-03 16:22:08,030 - INFO - JOUEUR: Raquette gauche déplacée de 182 à 175
2025-05-03 16:22:08,030 - INFO - IA: Raquette droite déplacée de 271 à 264
2025-05-03 16:22:08,047 - INFO - JOUEUR: Raquette gauche déplacée de 175 à 168
2025-05-03 16:22:08,047 - INFO - IA: Raquette droite déplacée de 264 à 257
2025-05-03 16:22:08,064 - INFO - JOUEUR: Raquette gauche déplacée de 168 à 161
2025-05-03 16:22:08,064 - INFO - IA: Raquette droite déplacée de 257 à 250
2025-05-03 16:22:08,082 - INFO - JOUEUR: Raquette gauche déplacée de 161 à 154
2025-05-03 16:22:08,082 - INFO - IA: Raquette droite déplacée de 250 à 257
2025-05-03 16:22:08,099 - INFO - JOUEUR: Raquette gauche déplacée de 154 à 147
2025-05-03 16:22:08,099 - INFO - IA: Raquette droite déplacée de 257 à 250
2025-05-03 16:22:08,117 - INFO - JOUEUR: Raquette gauche déplacée de 147 à 140
2025-05-03 16:22:08,117 - INFO - IA: Raquette droite déplacée de 250 à 243
2025-05-03 16:22:08,135 - INFO - JOUEUR: Raquette gauche déplacée de 140 à 133
2025-05-03 16:22:08,136 - INFO - IA: Raquette droite déplacée de 243 à 236
2025-05-03 16:22:08,155 - INFO - JOUEUR: Raquette gauche déplacée de 133 à 126
2025-05-03 16:22:08,155 - INFO - IA: Raquette droite déplacée de 236 à 229
2025-05-03 16:22:08,172 - INFO - JOUEUR: Raquette gauche déplacée de 126 à 119
2025-05-03 16:22:08,191 - INFO - JOUEUR: Raquette gauche déplacée de 119 à 112
2025-05-03 16:22:08,191 - INFO - IA: Raquette droite déplacée de 229 à 222
2025-05-03 16:22:08,208 - INFO - JOUEUR: Raquette gauche déplacée de 112 à 105
2025-05-03 16:22:08,209 - INFO - IA: Raquette droite déplacée de 222 à 215
2025-05-03 16:22:08,225 - INFO - JOUEUR: Raquette gauche déplacée de 105 à 98
2025-05-03 16:22:08,226 - INFO - IA: Raquette droite déplacée de 215 à 208
2025-05-03 16:22:08,244 - INFO - JOUEUR: Raquette gauche déplacée de 98 à 91
2025-05-03 16:22:08,244 - INFO - IA: Raquette droite déplacée de 208 à 201
2025-05-03 16:22:08,262 - INFO - JOUEUR: Raquette gauche déplacée de 91 à 84
2025-05-03 16:22:08,263 - INFO - IA: Raquette droite déplacée de 201 à 194
2025-05-03 16:22:08,280 - INFO - JOUEUR: Raquette gauche déplacée de 84 à 77
2025-05-03 16:22:08,280 - INFO - IA: Raquette droite déplacée de 194 à 187
2025-05-03 16:22:08,298 - INFO - JOUEUR: Raquette gauche déplacée de 77 à 70
2025-05-03 16:22:08,298 - INFO - IA: Raquette droite déplacée de 187 à 194
2025-05-03 16:22:08,316 - INFO - INPUT: Joueur relâche les touches directionnelles
2025-05-03 16:22:08,316 - INFO - IA: Raquette droite déplacée de 194 à 187
2025-05-03 16:22:08,334 - INFO - IA: Raquette droite déplacée de 187 à 180
2025-05-03 16:22:08,352 - INFO - IA: Raquette droite déplacée de 180 à 173
2025-05-03 16:22:08,369 - INFO - IA: Raquette droite déplacée de 173 à 166
2025-05-03 16:22:08,386 - INFO - IA: Raquette droite déplacée de 166 à 159
2025-05-03 16:22:08,404 - INFO - IA: Raquette droite déplacée de 159 à 166
2025-05-03 16:22:08,421 - INFO - IA: Raquette droite déplacée de 166 à 159
2025-05-03 16:22:08,438 - INFO - IA: Raquette droite déplacée de 159 à 152
2025-05-03 16:22:08,455 - INFO - IA: Raquette droite déplacée de 152 à 145
2025-05-03 16:22:08,472 - INFO - IA: Raquette droite déplacée de 145 à 138
2025-05-03 16:22:08,489 - INFO - IA: Raquette droite déplacée de 138 à 131
2025-05-03 16:22:08,506 - INFO - IA: Raquette droite déplacée de 131 à 124
2025-05-03 16:22:08,524 - INFO - IA: Raquette droite déplacée de 124 à 117
2025-05-03 16:22:08,541 - INFO - IA: Raquette droite déplacée de 117 à 124
2025-05-03 16:22:08,559 - INFO - IA: Raquette droite déplacée de 124 à 117
2025-05-03 16:22:08,576 - INFO - IA: Raquette droite déplacée de 117 à 110
2025-05-03 16:22:08,593 - INFO - IA: Raquette droite déplacée de 110 à 103
2025-05-03 16:22:08,611 - INFO - IA: Raquette droite déplacée de 103 à 96
2025-05-03 16:22:08,628 - INFO - IA: Raquette droite déplacée de 96 à 89
2025-05-03 16:22:08,645 - INFO - IA: Raquette droite déplacée de 89 à 82
2025-05-03 16:22:08,663 - INFO - IA: Raquette droite déplacée de 82 à 75
2025-05-03 16:22:08,680 - INFO - IA: Raquette droite déplacée de 75 à 68
2025-05-03 16:22:08,697 - INFO - IA: Raquette droite déplacée de 68 à 61
2025-05-03 16:22:08,715 - INFO - IA: Raquette droite déplacée de 61 à 68
2025-05-03 16:22:08,733 - INFO - IA: Raquette droite déplacée de 68 à 61
2025-05-03 16:22:08,751 - INFO - INPUT: Joueur appuie sur la touche BAS
2025-05-03 16:22:08,751 - INFO - JOUEUR: Raquette gauche déplacée de 70 à 77
2025-05-03 16:22:08,751 - INFO - IA: Raquette droite déplacée de 61 à 68
2025-05-03 16:22:08,768 - INFO - JOUEUR: Raquette gauche déplacée de 77 à 84
2025-05-03 16:22:08,768 - INFO - IA: Raquette droite déplacée de 68 à 61
2025-05-03 16:22:08,785 - INFO - JOUEUR: Raquette gauche déplacée de 84 à 91
2025-05-03 16:22:08,786 - INFO - IA: Raquette droite déplacée de 61 à 54
2025-05-03 16:22:08,803 - INFO - JOUEUR: Raquette gauche déplacée de 91 à 98
2025-05-03 16:22:08,803 - INFO - IA: Raquette droite déplacée de 54 à 47
2025-05-03 16:22:08,820 - INFO - JOUEUR: Raquette gauche déplacée de 98 à 105
2025-05-03 16:22:08,837 - INFO - JOUEUR: Raquette gauche déplacée de 105 à 112
2025-05-03 16:22:08,837 - INFO - IA: Raquette droite déplacée de 47 à 40
2025-05-03 16:22:08,855 - INFO - JOUEUR: Raquette gauche déplacée de 112 à 119
2025-05-03 16:22:08,855 - INFO - IA: Raquette droite déplacée de 40 à 47
2025-05-03 16:22:08,871 - INFO - JOUEUR: Raquette gauche déplacée de 119 à 126
2025-05-03 16:22:08,872 - INFO - IA: Raquette droite déplacée de 47 à 40
2025-05-03 16:22:08,888 - INFO - JOUEUR: Raquette gauche déplacée de 126 à 133
2025-05-03 16:22:08,889 - INFO - IA: Raquette droite déplacée de 40 à 33
2025-05-03 16:22:08,906 - INFO - JOUEUR: Raquette gauche déplacée de 133 à 140
2025-05-03 16:22:08,906 - INFO - IA: Raquette droite déplacée de 33 à 26
2025-05-03 16:22:08,923 - INFO - JOUEUR: Raquette gauche déplacée de 140 à 147
2025-05-03 16:22:08,924 - INFO - IA: Raquette droite déplacée de 26 à 19
2025-05-03 16:22:08,924 - INFO - POINT: Joueur droite (IA) marque un point! Score: 0-8
2025-05-03 16:22:08,942 - INFO - JOUEUR: Raquette gauche déplacée de 147 à 154
2025-05-03 16:22:08,942 - INFO - IA: Raquette droite déplacée de 19 à 26
2025-05-03 16:22:08,959 - INFO - JOUEUR: Raquette gauche déplacée de 154 à 161
2025-05-03 16:22:08,960 - INFO - IA: Raquette droite déplacée de 26 à 33
2025-05-03 16:22:08,979 - INFO - INPUT: Joueur relâche les touches directionnelles
2025-05-03 16:22:08,979 - INFO - IA: Raquette droite déplacée de 33 à 40
2025-05-03 16:22:08,997 - INFO - IA: Raquette droite déplacée de 40 à 47
2025-05-03 16:22:09,014 - INFO - IA: Raquette droite déplacée de 47 à 54
2025-05-03 16:22:09,032 - INFO - IA: Raquette droite déplacée de 54 à 61
2025-05-03 16:22:09,049 - INFO - IA: Raquette droite déplacée de 61 à 68
2025-05-03 16:22:09,066 - INFO - IA: Raquette droite déplacée de 68 à 75
2025-05-03 16:22:09,083 - INFO - IA: Raquette droite déplacée de 75 à 82
2025-05-03 16:22:09,101 - INFO - IA: Raquette droite déplacée de 82 à 89
2025-05-03 16:22:09,118 - INFO - IA: Raquette droite déplacée de 89 à 96
2025-05-03 16:22:09,135 - INFO - IA: Raquette droite déplacée de 96 à 103
2025-05-03 16:22:09,153 - INFO - IA: Raquette droite déplacée de 103 à 110
2025-05-03 16:22:09,170 - INFO - IA: Raquette droite déplacée de 110 à 117
2025-05-03 16:22:09,188 - INFO - IA: Raquette droite déplacée de 117 à 124
2025-05-03 16:22:09,206 - INFO - IA: Raquette droite déplacée de 124 à 117
2025-05-03 16:22:09,224 - INFO - IA: Raquette droite déplacée de 117 à 110
2025-05-03 16:22:09,259 - INFO - IA: Raquette droite déplacée de 110 à 103
2025-05-03 16:22:09,277 - INFO - IA: Raquette droite déplacée de 103 à 96
2025-05-03 16:22:09,295 - INFO - INPUT: Joueur appuie sur la touche HAUT
2025-05-03 16:22:09,295 - INFO - JOUEUR: Raquette gauche déplacée de 161 à 154
2025-05-03 16:22:09,295 - INFO - IA: Raquette droite déplacée de 96 à 89
2025-05-03 16:22:09,312 - INFO - JOUEUR: Raquette gauche déplacée de 154 à 147
2025-05-03 16:22:09,312 - INFO - IA: Raquette droite déplacée de 89 à 96
2025-05-03 16:22:09,330 - INFO - JOUEUR: Raquette gauche déplacée de 147 à 140
2025-05-03 16:22:09,330 - INFO - IA: Raquette droite déplacée de 96 à 103
2025-05-03 16:22:09,347 - INFO - JOUEUR: Raquette gauche déplacée de 140 à 133
2025-05-03 16:22:09,347 - INFO - IA: Raquette droite déplacée de 103 à 96
2025-05-03 16:22:09,365 - INFO - JOUEUR: Raquette gauche déplacée de 133 à 126
2025-05-03 16:22:09,365 - INFO - IA: Raquette droite déplacée de 96 à 89
2025-05-03 16:22:09,382 - INFO - JOUEUR: Raquette gauche déplacée de 126 à 119
2025-05-03 16:22:09,400 - INFO - JOUEUR: Raquette gauche déplacée de 119 à 112
2025-05-03 16:22:09,400 - INFO - IA: Raquette droite déplacée de 89 à 96
2025-05-03 16:22:09,417 - INFO - JOUEUR: Raquette gauche déplacée de 112 à 105
2025-05-03 16:22:09,417 - INFO - IA: Raquette droite déplacée de 96 à 89
2025-05-03 16:22:09,435 - INFO - JOUEUR: Raquette gauche déplacée de 105 à 98
2025-05-03 16:22:09,435 - INFO - IA: Raquette droite déplacée de 89 à 82
2025-05-03 16:22:09,452 - INFO - JOUEUR: Raquette gauche déplacée de 98 à 91
2025-05-03 16:22:09,452 - INFO - IA: Raquette droite déplacée de 82 à 75
2025-05-03 16:22:09,470 - INFO - JOUEUR: Raquette gauche déplacée de 91 à 84
2025-05-03 16:22:09,470 - INFO - IA: Raquette droite déplacée de 75 à 68
2025-05-03 16:22:09,488 - INFO - JOUEUR: Raquette gauche déplacée de 84 à 77
2025-05-03 16:22:09,488 - INFO - IA: Raquette droite déplacée de 68 à 61
2025-05-03 16:22:09,506 - INFO - JOUEUR: Raquette gauche déplacée de 77 à 70
2025-05-03 16:22:09,507 - INFO - IA: Raquette droite déplacée de 61 à 54
2025-05-03 16:22:09,524 - INFO - JOUEUR: Raquette gauche déplacée de 70 à 63
2025-05-03 16:22:09,524 - INFO - IA: Raquette droite déplacée de 54 à 47
2025-05-03 16:22:09,541 - INFO - JOUEUR: Raquette gauche déplacée de 63 à 56
2025-05-03 16:22:09,541 - INFO - IA: Raquette droite déplacée de 47 à 40
2025-05-03 16:22:09,559 - INFO - JOUEUR: Raquette gauche déplacée de 56 à 49
2025-05-03 16:22:09,559 - INFO - IA: Raquette droite déplacée de 40 à 47
2025-05-03 16:22:09,576 - INFO - JOUEUR: Raquette gauche déplacée de 49 à 42
2025-05-03 16:22:09,576 - INFO - IA: Raquette droite déplacée de 47 à 40
2025-05-03 16:22:09,594 - INFO - JOUEUR: Raquette gauche déplacée de 42 à 35
2025-05-03 16:22:09,594 - INFO - IA: Raquette droite déplacée de 40 à 33
2025-05-03 16:22:09,611 - INFO - JOUEUR: Raquette gauche déplacée de 35 à 28
2025-05-03 16:22:09,611 - INFO - IA: Raquette droite déplacée de 33 à 26
2025-05-03 16:22:09,629 - INFO - JOUEUR: Raquette gauche déplacée de 28 à 21
2025-05-03 16:22:09,629 - INFO - IA: Raquette droite déplacée de 26 à 19
2025-05-03 16:22:09,646 - INFO - JOUEUR: Raquette gauche déplacée de 21 à 14
2025-05-03 16:22:09,646 - INFO - IA: Raquette droite déplacée de 19 à 12
2025-05-03 16:22:09,664 - INFO - JOUEUR: Raquette gauche déplacée de 14 à 7
2025-05-03 16:22:09,681 - INFO - JOUEUR: Raquette gauche déplacée de 7 à 0
2025-05-03 16:22:09,681 - INFO - IA: Raquette droite déplacée de 12 à 5
2025-05-03 16:22:09,698 - INFO - IA: Raquette droite déplacée de 5 à 0
2025-05-03 16:22:09,717 - INFO - INPUT: Joueur relâche les touches directionnelles
2025-05-03 16:22:09,717 - INFO - IA: Raquette droite déplacée de 0 à 7
2025-05-03 16:22:09,735 - INFO - IA: Raquette droite déplacée de 7 à 0
2025-05-03 16:22:09,753 - INFO - COLLISION: Balle a rebondi sur un mur à la position (528, -2)
2025-05-03 16:22:09,838 - INFO - COLLISION: Balle a rebondi sur une raquette à la position (553, 23)
2025-05-03 16:22:09,890 - INFO - IA: Raquette droite déplacée de 0 à 7
2025-05-03 16:22:09,907 - INFO - IA: Raquette droite déplacée de 7 à 14
2025-05-03 16:22:09,925 - INFO - IA: Raquette droite déplacée de 14 à 7
2025-05-03 16:22:09,943 - INFO - IA: Raquette droite déplacée de 7 à 14
2025-05-03 16:22:09,961 - INFO - IA: Raquette droite déplacée de 14 à 7
2025-05-03 16:22:09,978 - INFO - IA: Raquette droite déplacée de 7 à 14
2025-05-03 16:22:09,996 - INFO - IA: Raquette droite déplacée de 14 à 7
2025-05-03 16:22:10,014 - INFO - IA: Raquette droite déplacée de 7 à 14
2025-05-03 16:22:10,031 - INFO - IA: Raquette droite déplacée de 14 à 21
2025-05-03 16:22:10,048 - INFO - IA: Raquette droite déplacée de 21 à 28
2025-05-03 16:22:10,066 - INFO - IA: Raquette droite déplacée de 28 à 35
2025-05-03 16:22:10,084 - INFO - INPUT: Joueur appuie sur la touche BAS
2025-05-03 16:22:10,084 - INFO - JOUEUR: Raquette gauche déplacée de 0 à 7
2025-05-03 16:22:10,084 - INFO - IA: Raquette droite déplacée de 35 à 28
2025-05-03 16:22:10,101 - INFO - JOUEUR: Raquette gauche déplacée de 7 à 14
2025-05-03 16:22:10,101 - INFO - IA: Raquette droite déplacée de 28 à 35
2025-05-03 16:22:10,118 - INFO - JOUEUR: Raquette gauche déplacée de 14 à 21
2025-05-03 16:22:10,118 - INFO - IA: Raquette droite déplacée de 35 à 42
2025-05-03 16:22:10,136 - INFO - JOUEUR: Raquette gauche déplacée de 21 à 28
2025-05-03 16:22:10,136 - INFO - IA: Raquette droite déplacée de 42 à 49
2025-05-03 16:22:10,153 - INFO - JOUEUR: Raquette gauche déplacée de 28 à 35
2025-05-03 16:22:10,153 - INFO - IA: Raquette droite déplacée de 49 à 42
2025-05-03 16:22:10,171 - INFO - JOUEUR: Raquette gauche déplacée de 35 à 42
2025-05-03 16:22:10,171 - INFO - IA: Raquette droite déplacée de 42 à 49
2025-05-03 16:22:10,188 - INFO - JOUEUR: Raquette gauche déplacée de 42 à 49
2025-05-03 16:22:10,188 - INFO - IA: Raquette droite déplacée de 49 à 56
2025-05-03 16:22:10,206 - INFO - JOUEUR: Raquette gauche déplacée de 49 à 56
2025-05-03 16:22:10,206 - INFO - IA: Raquette droite déplacée de 56 à 63
2025-05-03 16:22:10,224 - INFO - JOUEUR: Raquette gauche déplacée de 56 à 63
2025-05-03 16:22:10,224 - INFO - IA: Raquette droite déplacée de 63 à 70
2025-05-03 16:22:10,241 - INFO - JOUEUR: Raquette gauche déplacée de 63 à 70
2025-05-03 16:22:10,242 - INFO - IA: Raquette droite déplacée de 70 à 77
2025-05-03 16:22:10,259 - INFO - JOUEUR: Raquette gauche déplacée de 70 à 77
2025-05-03 16:22:10,260 - INFO - IA: Raquette droite déplacée de 77 à 84
2025-05-03 16:22:10,278 - INFO - JOUEUR: Raquette gauche déplacée de 77 à 84
2025-05-03 16:22:10,278 - INFO - IA: Raquette droite déplacée de 84 à 91
2025-05-03 16:22:10,296 - INFO - JOUEUR: Raquette gauche déplacée de 84 à 91
2025-05-03 16:22:10,296 - INFO - IA: Raquette droite déplacée de 91 à 98
2025-05-03 16:22:10,313 - INFO - JOUEUR: Raquette gauche déplacée de 91 à 98
2025-05-03 16:22:10,314 - INFO - IA: Raquette droite déplacée de 98 à 105
2025-05-03 16:22:10,331 - INFO - JOUEUR: Raquette gauche déplacée de 98 à 105
2025-05-03 16:22:10,331 - INFO - IA: Raquette droite déplacée de 105 à 112
2025-05-03 16:22:10,348 - INFO - JOUEUR: Raquette gauche déplacée de 105 à 112
2025-05-03 16:22:10,348 - INFO - IA: Raquette droite déplacée de 112 à 119
2025-05-03 16:22:10,365 - INFO - JOUEUR: Raquette gauche déplacée de 112 à 119
2025-05-03 16:22:10,365 - INFO - IA: Raquette droite déplacée de 119 à 126
2025-05-03 16:22:10,381 - INFO - JOUEUR: Raquette gauche déplacée de 119 à 126
2025-05-03 16:22:10,382 - INFO - IA: Raquette droite déplacée de 126 à 119
2025-05-03 16:22:10,398 - INFO - JOUEUR: Raquette gauche déplacée de 126 à 133
2025-05-03 16:22:10,399 - INFO - IA: Raquette droite déplacée de 119 à 126
2025-05-03 16:22:10,416 - INFO - JOUEUR: Raquette gauche déplacée de 133 à 140
2025-05-03 16:22:10,416 - INFO - IA: Raquette droite déplacée de 126 à 133
2025-05-03 16:22:10,433 - INFO - JOUEUR: Raquette gauche déplacée de 140 à 147
2025-05-03 16:22:10,433 - INFO - IA: Raquette droite déplacée de 133 à 140
2025-05-03 16:22:10,451 - INFO - JOUEUR: Raquette gauche déplacée de 147 à 154
2025-05-03 16:22:10,451 - INFO - IA: Raquette droite déplacée de 140 à 147
2025-05-03 16:22:10,467 - INFO - JOUEUR: Raquette gauche déplacée de 154 à 161
2025-05-03 16:22:10,467 - INFO - IA: Raquette droite déplacée de 147 à 154
2025-05-03 16:22:10,485 - INFO - JOUEUR: Raquette gauche déplacée de 161 à 168
2025-05-03 16:22:10,485 - INFO - IA: Raquette droite déplacée de 154 à 161
2025-05-03 16:22:10,502 - INFO - JOUEUR: Raquette gauche déplacée de 168 à 175
2025-05-03 16:22:10,502 - INFO - IA: Raquette droite déplacée de 161 à 168
2025-05-03 16:22:10,520 - INFO - JOUEUR: Raquette gauche déplacée de 175 à 182
2025-05-03 16:22:10,520 - INFO - IA: Raquette droite déplacée de 168 à 175
2025-05-03 16:22:10,538 - INFO - JOUEUR: Raquette gauche déplacée de 182 à 189
2025-05-03 16:22:10,538 - INFO - IA: Raquette droite déplacée de 175 à 168
2025-05-03 16:22:10,555 - INFO - JOUEUR: Raquette gauche déplacée de 189 à 196
2025-05-03 16:22:10,555 - INFO - IA: Raquette droite déplacée de 168 à 175
2025-05-03 16:22:10,572 - INFO - JOUEUR: Raquette gauche déplacée de 196 à 203
2025-05-03 16:22:10,572 - INFO - IA: Raquette droite déplacée de 175 à 182
2025-05-03 16:22:10,589 - INFO - JOUEUR: Raquette gauche déplacée de 203 à 210
2025-05-03 16:22:10,589 - INFO - IA: Raquette droite déplacée de 182 à 189
2025-05-03 16:22:10,606 - INFO - JOUEUR: Raquette gauche déplacée de 210 à 217
2025-05-03 16:22:10,606 - INFO - IA: Raquette droite déplacée de 189 à 182
2025-05-03 16:22:10,623 - INFO - JOUEUR: Raquette gauche déplacée de 217 à 224
2025-05-03 16:22:10,623 - INFO - IA: Raquette droite déplacée de 182 à 189
2025-05-03 16:22:10,641 - INFO - JOUEUR: Raquette gauche déplacée de 224 à 231
2025-05-03 16:22:10,641 - INFO - IA: Raquette droite déplacée de 189 à 196
2025-05-03 16:22:10,657 - INFO - JOUEUR: Raquette gauche déplacée de 231 à 238
2025-05-03 16:22:10,658 - INFO - IA: Raquette droite déplacée de 196 à 203
2025-05-03 16:22:10,674 - INFO - JOUEUR: Raquette gauche déplacée de 238 à 245
2025-05-03 16:22:10,675 - INFO - IA: Raquette droite déplacée de 203 à 210
2025-05-03 16:22:10,692 - INFO - JOUEUR: Raquette gauche déplacée de 245 à 252
2025-05-03 16:22:10,692 - INFO - IA: Raquette droite déplacée de 210 à 217
2025-05-03 16:22:10,709 - INFO - JOUEUR: Raquette gauche déplacée de 252 à 259
2025-05-03 16:22:10,710 - INFO - IA: Raquette droite déplacée de 217 à 224
2025-05-03 16:22:10,727 - INFO - JOUEUR: Raquette gauche déplacée de 259 à 266
2025-05-03 16:22:10,727 - INFO - IA: Raquette droite déplacée de 224 à 231
2025-05-03 16:22:10,745 - INFO - JOUEUR: Raquette gauche déplacée de 266 à 273
2025-05-03 16:22:10,745 - INFO - IA: Raquette droite déplacée de 231 à 224
2025-05-03 16:22:10,763 - INFO - JOUEUR: Raquette gauche déplacée de 273 à 280
2025-05-03 16:22:10,763 - INFO - IA: Raquette droite déplacée de 224 à 231
2025-05-03 16:22:10,780 - INFO - JOUEUR: Raquette gauche déplacée de 280 à 287
2025-05-03 16:22:10,780 - INFO - IA: Raquette droite déplacée de 231 à 238
2025-05-03 16:22:10,798 - INFO - JOUEUR: Raquette gauche déplacée de 287 à 294
2025-05-03 16:22:10,816 - INFO - JOUEUR: Raquette gauche déplacée de 294 à 301
2025-05-03 16:22:10,816 - INFO - IA: Raquette droite déplacée de 238 à 245
2025-05-03 16:22:10,833 - INFO - JOUEUR: Raquette gauche déplacée de 301 à 308
2025-05-03 16:22:10,834 - INFO - IA: Raquette droite déplacée de 245 à 252
2025-05-03 16:22:10,851 - INFO - JOUEUR: Raquette gauche déplacée de 308 à 315
2025-05-03 16:22:10,851 - INFO - IA: Raquette droite déplacée de 252 à 259
2025-05-03 16:22:10,868 - INFO - JOUEUR: Raquette gauche déplacée de 315 à 322
2025-05-03 16:22:10,868 - INFO - IA: Raquette droite déplacée de 259 à 266
2025-05-03 16:22:10,886 - INFO - JOUEUR: Raquette gauche déplacée de 322 à 329
2025-05-03 16:22:10,886 - INFO - IA: Raquette droite déplacée de 266 à 259
2025-05-03 16:22:10,904 - INFO - JOUEUR: Raquette gauche déplacée de 329 à 336
2025-05-03 16:22:10,904 - INFO - IA: Raquette droite déplacée de 259 à 266
2025-05-03 16:22:10,922 - INFO - JOUEUR: Raquette gauche déplacée de 336 à 343
2025-05-03 16:22:10,922 - INFO - IA: Raquette droite déplacée de 266 à 273
2025-05-03 16:22:10,940 - INFO - JOUEUR: Raquette gauche déplacée de 343 à 350
2025-05-03 16:22:10,940 - INFO - IA: Raquette droite déplacée de 273 à 280
2025-05-03 16:22:10,958 - INFO - JOUEUR: Raquette gauche déplacée de 350 à 357
2025-05-03 16:22:10,958 - INFO - IA: Raquette droite déplacée de 280 à 287
2025-05-03 16:22:10,976 - INFO - JOUEUR: Raquette gauche déplacée de 357 à 364
2025-05-03 16:22:10,976 - INFO - IA: Raquette droite déplacée de 287 à 280
2025-05-03 16:22:10,994 - INFO - JOUEUR: Raquette gauche déplacée de 364 à 371
2025-05-03 16:22:10,994 - INFO - IA: Raquette droite déplacée de 280 à 287
2025-05-03 16:22:11,011 - INFO - JOUEUR: Raquette gauche déplacée de 371 à 378
2025-05-03 16:22:11,011 - INFO - IA: Raquette droite déplacée de 287 à 294
2025-05-03 16:22:11,029 - INFO - JOUEUR: Raquette gauche déplacée de 378 à 385
2025-05-03 16:22:11,029 - INFO - IA: Raquette droite déplacée de 294 à 301
2025-05-03 16:22:11,047 - INFO - JOUEUR: Raquette gauche déplacée de 385 à 390
2025-05-03 16:22:11,047 - INFO - IA: Raquette droite déplacée de 301 à 308
2025-05-03 16:22:11,065 - INFO - IA: Raquette droite déplacée de 308 à 315
2025-05-03 16:22:11,083 - INFO - IA: Raquette droite déplacée de 315 à 322
2025-05-03 16:22:11,101 - INFO - IA: Raquette droite déplacée de 322 à 315
2025-05-03 16:22:11,119 - INFO - IA: Raquette droite déplacée de 315 à 322
2025-05-03 16:22:11,137 - INFO - IA: Raquette droite déplacée de 322 à 329
2025-05-03 16:22:11,155 - INFO - IA: Raquette droite déplacée de 329 à 336
2025-05-03 16:22:11,174 - INFO - IA: Raquette droite déplacée de 336 à 343
2025-05-03 16:22:11,191 - INFO - IA: Raquette droite déplacée de 343 à 350
2025-05-03 16:22:11,210 - INFO - INPUT: Joueur relâche les touches directionnelles
2025-05-03 16:22:11,210 - INFO - IA: Raquette droite déplacée de 350 à 357
2025-05-03 16:22:11,228 - INFO - IA: Raquette droite déplacée de 357 à 364
2025-05-03 16:22:11,246 - INFO - IA: Raquette droite déplacée de 364 à 371
2025-05-03 16:22:11,263 - INFO - IA: Raquette droite déplacée de 371 à 378
2025-05-03 16:22:11,281 - INFO - IA: Raquette droite déplacée de 378 à 385
2025-05-03 16:22:11,299 - INFO - IA: Raquette droite déplacée de 385 à 378
2025-05-03 16:22:11,318 - INFO - IA: Raquette droite déplacée de 378 à 385
2025-05-03 16:22:11,355 - INFO - IA: Raquette droite déplacée de 385 à 390
2025-05-03 16:22:11,408 - INFO - COLLISION: Balle a rebondi sur un mur à la position (108, 468)
2025-05-03 16:22:11,493 - INFO - IA: Raquette droite déplacée de 390 à 383
2025-05-03 16:22:11,510 - INFO - IA: Raquette droite déplacée de 383 à 390
2025-05-03 16:22:11,528 - INFO - IA: Raquette droite déplacée de 390 à 383
2025-05-03 16:22:11,545 - INFO - IA: Raquette droite déplacée de 383 à 390
2025-05-03 16:22:11,580 - INFO - IA: Raquette droite déplacée de 390 à 383
2025-05-03 16:22:11,597 - INFO - IA: Raquette droite déplacée de 383 à 390
2025-05-03 16:22:11,614 - INFO - IA: Raquette droite déplacée de 390 à 383
2025-05-03 16:22:11,631 - INFO - IA: Raquette droite déplacée de 383 à 390
2025-05-03 16:22:11,648 - INFO - IA: Raquette droite déplacée de 390 à 383
2025-05-03 16:22:11,665 - INFO - IA: Raquette droite déplacée de 383 à 376
2025-05-03 16:22:11,665 - INFO - COLLISION: Balle a rebondi sur une raquette à la position (33, 393)
2025-05-03 16:22:11,682 - INFO - IA: Raquette droite déplacée de 376 à 383
2025-05-03 16:22:11,699 - INFO - IA: Raquette droite déplacée de 383 à 376
2025-05-03 16:22:11,716 - INFO - IA: Raquette droite déplacée de 376 à 369
2025-05-03 16:22:11,735 - INFO - INPUT: Joueur appuie sur la touche HAUT
2025-05-03 16:22:11,735 - INFO - JOUEUR: Raquette gauche déplacée de 390 à 383
2025-05-03 16:22:11,735 - INFO - IA: Raquette droite déplacée de 369 à 362
2025-05-03 16:22:11,753 - INFO - JOUEUR: Raquette gauche déplacée de 383 à 376
2025-05-03 16:22:11,753 - INFO - IA: Raquette droite déplacée de 362 à 355
2025-05-03 16:22:11,770 - INFO - JOUEUR: Raquette gauche déplacée de 376 à 369
2025-05-03 16:22:11,771 - INFO - IA: Raquette droite déplacée de 355 à 348
2025-05-03 16:22:11,788 - INFO - JOUEUR: Raquette gauche déplacée de 369 à 362
2025-05-03 16:22:11,788 - INFO - IA: Raquette droite déplacée de 348 à 341
2025-05-03 16:22:11,805 - INFO - JOUEUR: Raquette gauche déplacée de 362 à 355
2025-05-03 16:22:11,805 - INFO - IA: Raquette droite déplacée de 341 à 334
2025-05-03 16:22:11,822 - INFO - JOUEUR: Raquette gauche déplacée de 355 à 348
2025-05-03 16:22:11,822 - INFO - IA: Raquette droite déplacée de 334 à 327
2025-05-03 16:22:11,841 - INFO - JOUEUR: Raquette gauche déplacée de 348 à 341
2025-05-03 16:22:11,841 - INFO - IA: Raquette droite déplacée de 327 à 334
2025-05-03 16:22:11,859 - INFO - JOUEUR: Raquette gauche déplacée de 341 à 334
2025-05-03 16:22:11,859 - INFO - IA: Raquette droite déplacée de 334 à 327
2025-05-03 16:22:11,876 - INFO - JOUEUR: Raquette gauche déplacée de 334 à 327
2025-05-03 16:22:11,876 - INFO - IA: Raquette droite déplacée de 327 à 334
2025-05-03 16:22:11,893 - INFO - JOUEUR: Raquette gauche déplacée de 327 à 320
2025-05-03 16:22:11,893 - INFO - IA: Raquette droite déplacée de 334 à 327
2025-05-03 16:22:11,911 - INFO - JOUEUR: Raquette gauche déplacée de 320 à 313
2025-05-03 16:22:11,911 - INFO - IA: Raquette droite déplacée de 327 à 320
2025-05-03 16:22:11,928 - INFO - JOUEUR: Raquette gauche déplacée de 313 à 306
2025-05-03 16:22:11,928 - INFO - IA: Raquette droite déplacée de 320 à 313
2025-05-03 16:22:11,946 - INFO - JOUEUR: Raquette gauche déplacée de 306 à 299
2025-05-03 16:22:11,946 - INFO - IA: Raquette droite déplacée de 313 à 306
2025-05-03 16:22:11,963 - INFO - JOUEUR: Raquette gauche déplacée de 299 à 292
2025-05-03 16:22:11,963 - INFO - IA: Raquette droite déplacée de 306 à 299
2025-05-03 16:22:11,980 - INFO - JOUEUR: Raquette gauche déplacée de 292 à 285
2025-05-03 16:22:11,980 - INFO - IA: Raquette droite déplacée de 299 à 292
2025-05-03 16:22:11,998 - INFO - JOUEUR: Raquette gauche déplacée de 285 à 278
2025-05-03 16:22:11,998 - INFO - IA: Raquette droite déplacée de 292 à 285
2025-05-03 16:22:12,015 - INFO - JOUEUR: Raquette gauche déplacée de 278 à 271
2025-05-03 16:22:12,016 - INFO - IA: Raquette droite déplacée de 285 à 278
2025-05-03 16:22:12,034 - INFO - JOUEUR: Raquette gauche déplacée de 271 à 264
2025-05-03 16:22:12,034 - INFO - IA: Raquette droite déplacée de 278 à 271
2025-05-03 16:22:12,051 - INFO - JOUEUR: Raquette gauche déplacée de 264 à 257
2025-05-03 16:22:12,051 - INFO - IA: Raquette droite déplacée de 271 à 264
2025-05-03 16:22:12,068 - INFO - JOUEUR: Raquette gauche déplacée de 257 à 250
2025-05-03 16:22:12,069 - INFO - IA: Raquette droite déplacée de 264 à 271
2025-05-03 16:22:12,086 - INFO - JOUEUR: Raquette gauche déplacée de 250 à 243
2025-05-03 16:22:12,087 - INFO - IA: Raquette droite déplacée de 271 à 264
2025-05-03 16:22:12,104 - INFO - JOUEUR: Raquette gauche déplacée de 243 à 236
2025-05-03 16:22:12,104 - INFO - IA: Raquette droite déplacée de 264 à 257
2025-05-03 16:22:12,123 - INFO - JOUEUR: Raquette gauche déplacée de 236 à 229
2025-05-03 16:22:12,124 - INFO - IA: Raquette droite déplacée de 257 à 250
2025-05-03 16:22:12,142 - INFO - JOUEUR: Raquette gauche déplacée de 229 à 222
2025-05-03 16:22:12,142 - INFO - IA: Raquette droite déplacée de 250 à 243
2025-05-03 16:22:12,159 - INFO - JOUEUR: Raquette gauche déplacée de 222 à 215
2025-05-03 16:22:12,159 - INFO - IA: Raquette droite déplacée de 243 à 236
2025-05-03 16:22:12,177 - INFO - JOUEUR: Raquette gauche déplacée de 215 à 208
2025-05-03 16:22:12,177 - INFO - IA: Raquette droite déplacée de 236 à 229
2025-05-03 16:22:12,195 - INFO - JOUEUR: Raquette gauche déplacée de 208 à 201
2025-05-03 16:22:12,195 - INFO - IA: Raquette droite déplacée de 229 à 222
2025-05-03 16:22:12,212 - INFO - JOUEUR: Raquette gauche déplacée de 201 à 194
2025-05-03 16:22:12,213 - INFO - IA: Raquette droite déplacée de 222 à 215
2025-05-03 16:22:12,229 - INFO - JOUEUR: Raquette gauche déplacée de 194 à 187
2025-05-03 16:22:12,230 - INFO - IA: Raquette droite déplacée de 215 à 208
2025-05-03 16:22:12,247 - INFO - JOUEUR: Raquette gauche déplacée de 187 à 180
2025-05-03 16:22:12,247 - INFO - IA: Raquette droite déplacée de 208 à 201
2025-05-03 16:22:12,264 - INFO - JOUEUR: Raquette gauche déplacée de 180 à 173
2025-05-03 16:22:12,265 - INFO - IA: Raquette droite déplacée de 201 à 194
2025-05-03 16:22:12,282 - INFO - JOUEUR: Raquette gauche déplacée de 173 à 166
2025-05-03 16:22:12,282 - INFO - IA: Raquette droite déplacée de 194 à 187
2025-05-03 16:22:12,300 - INFO - JOUEUR: Raquette gauche déplacée de 166 à 159
2025-05-03 16:22:12,300 - INFO - IA: Raquette droite déplacée de 187 à 180
2025-05-03 16:22:12,318 - INFO - JOUEUR: Raquette gauche déplacée de 159 à 152
2025-05-03 16:22:12,318 - INFO - IA: Raquette droite déplacée de 180 à 173
2025-05-03 16:22:12,337 - INFO - JOUEUR: Raquette gauche déplacée de 152 à 145
2025-05-03 16:22:12,337 - INFO - IA: Raquette droite déplacée de 173 à 166
2025-05-03 16:22:12,356 - INFO - JOUEUR: Raquette gauche déplacée de 145 à 138
2025-05-03 16:22:12,356 - INFO - IA: Raquette droite déplacée de 166 à 173
2025-05-03 16:22:12,374 - INFO - JOUEUR: Raquette gauche déplacée de 138 à 131
2025-05-03 16:22:12,374 - INFO - IA: Raquette droite déplacée de 173 à 166
2025-05-03 16:22:12,392 - INFO - JOUEUR: Raquette gauche déplacée de 131 à 124
2025-05-03 16:22:12,393 - INFO - IA: Raquette droite déplacée de 166 à 159
2025-05-03 16:22:12,412 - INFO - JOUEUR: Raquette gauche déplacée de 124 à 117
2025-05-03 16:22:12,412 - INFO - IA: Raquette droite déplacée de 159 à 166
2025-05-03 16:22:12,430 - INFO - JOUEUR: Raquette gauche déplacée de 117 à 110
2025-05-03 16:22:12,430 - INFO - IA: Raquette droite déplacée de 166 à 159
2025-05-03 16:22:12,448 - INFO - JOUEUR: Raquette gauche déplacée de 110 à 103
2025-05-03 16:22:12,448 - INFO - IA: Raquette droite déplacée de 159 à 152
2025-05-03 16:22:12,466 - INFO - JOUEUR: Raquette gauche déplacée de 103 à 96
2025-05-03 16:22:12,466 - INFO - IA: Raquette droite déplacée de 152 à 145
2025-05-03 16:22:12,484 - INFO - JOUEUR: Raquette gauche déplacée de 96 à 89
2025-05-03 16:22:12,484 - INFO - IA: Raquette droite déplacée de 145 à 152
2025-05-03 16:22:12,502 - INFO - JOUEUR: Raquette gauche déplacée de 89 à 82
2025-05-03 16:22:12,502 - INFO - IA: Raquette droite déplacée de 152 à 145
2025-05-03 16:22:12,519 - INFO - JOUEUR: Raquette gauche déplacée de 82 à 75
2025-05-03 16:22:12,520 - INFO - IA: Raquette droite déplacée de 145 à 138
2025-05-03 16:22:12,538 - INFO - JOUEUR: Raquette gauche déplacée de 75 à 68
2025-05-03 16:22:12,538 - INFO - IA: Raquette droite déplacée de 138 à 145
2025-05-03 16:22:12,555 - INFO - JOUEUR: Raquette gauche déplacée de 68 à 61
2025-05-03 16:22:12,555 - INFO - IA: Raquette droite déplacée de 145 à 138
2025-05-03 16:22:12,573 - INFO - JOUEUR: Raquette gauche déplacée de 61 à 54
2025-05-03 16:22:12,573 - INFO - IA: Raquette droite déplacée de 138 à 131
2025-05-03 16:22:12,590 - INFO - INPUT: Joueur relâche les touches directionnelles
2025-05-03 16:22:12,591 - INFO - IA: Raquette droite déplacée de 131 à 124
2025-05-03 16:22:12,608 - INFO - IA: Raquette droite déplacée de 124 à 117
2025-05-03 16:22:12,626 - INFO - IA: Raquette droite déplacée de 117 à 110
2025-05-03 16:22:12,645 - INFO - IA: Raquette droite déplacée de 110 à 103
2025-05-03 16:22:12,662 - INFO - IA: Raquette droite déplacée de 103 à 96
2025-05-03 16:22:12,679 - INFO - IA: Raquette droite déplacée de 96 à 89
2025-05-03 16:22:12,696 - INFO - IA: Raquette droite déplacée de 89 à 82
2025-05-03 16:22:12,713 - INFO - IA: Raquette droite déplacée de 82 à 75
2025-05-03 16:22:12,730 - INFO - IA: Raquette droite déplacée de 75 à 82
2025-05-03 16:22:12,747 - INFO - IA: Raquette droite déplacée de 82 à 75
2025-05-03 16:22:12,764 - INFO - IA: Raquette droite déplacée de 75 à 82
2025-05-03 16:22:12,781 - INFO - IA: Raquette droite déplacée de 82 à 75
2025-05-03 16:22:12,799 - INFO - IA: Raquette droite déplacée de 75 à 68
2025-05-03 16:22:12,816 - INFO - IA: Raquette droite déplacée de 68 à 61
2025-05-03 16:22:12,834 - INFO - IA: Raquette droite déplacée de 61 à 54
2025-05-03 16:22:12,850 - INFO - IA: Raquette droite déplacée de 54 à 47
2025-05-03 16:22:12,868 - INFO - IA: Raquette droite déplacée de 47 à 40
2025-05-03 16:22:12,885 - INFO - IA: Raquette droite déplacée de 40 à 33
2025-05-03 16:22:12,903 - INFO - IA: Raquette droite déplacée de 33 à 26
2025-05-03 16:22:12,922 - INFO - IA: Raquette droite déplacée de 26 à 19
2025-05-03 16:22:12,939 - INFO - IA: Raquette droite déplacée de 19 à 12
2025-05-03 16:22:12,957 - INFO - IA: Raquette droite déplacée de 12 à 5
2025-05-03 16:22:12,974 - INFO - IA: Raquette droite déplacée de 5 à 0
2025-05-03 16:22:12,991 - INFO - IA: Raquette droite déplacée de 0 à 7
2025-05-03 16:22:13,008 - INFO - IA: Raquette droite déplacée de 7 à 0
2025-05-03 16:22:13,060 - INFO - COLLISION: Balle a rebondi sur un mur à la position (507, -2)
2025-05-03 16:22:13,185 - INFO - IA: Raquette droite déplacée de 0 à 7
2025-05-03 16:22:13,202 - INFO - IA: Raquette droite déplacée de 7 à 0
2025-05-03 16:22:13,202 - INFO - COLLISION: Balle a rebondi sur une raquette à la position (555, 38)
2025-05-03 16:22:13,220 - INFO - IA: Raquette droite déplacée de 0 à 7
2025-05-03 16:22:13,237 - INFO - IA: Raquette droite déplacée de 7 à 14
2025-05-03 16:22:13,255 - INFO - IA: Raquette droite déplacée de 14 à 7
2025-05-03 16:22:13,272 - INFO - IA: Raquette droite déplacée de 7 à 14
2025-05-03 16:22:13,290 - INFO - IA: Raquette droite déplacée de 14 à 7
2025-05-03 16:22:13,308 - INFO - IA: Raquette droite déplacée de 7 à 14
2025-05-03 16:22:13,325 - INFO - IA: Raquette droite déplacée de 14 à 21
2025-05-03 16:22:13,342 - INFO - IA: Raquette droite déplacée de 21 à 14
2025-05-03 16:22:13,359 - INFO - IA: Raquette droite déplacée de 14 à 21
2025-05-03 16:22:13,377 - INFO - INPUT: Joueur appuie sur la touche BAS
2025-05-03 16:22:13,377 - INFO - JOUEUR: Raquette gauche déplacée de 54 à 61
2025-05-03 16:22:13,378 - INFO - IA: Raquette droite déplacée de 21 à 14
2025-05-03 16:22:13,395 - INFO - JOUEUR: Raquette gauche déplacée de 61 à 68
2025-05-03 16:22:13,395 - INFO - IA: Raquette droite déplacée de 14 à 21
2025-05-03 16:22:13,413 - INFO - JOUEUR: Raquette gauche déplacée de 68 à 75
2025-05-03 16:22:13,414 - INFO - IA: Raquette droite déplacée de 21 à 28
2025-05-03 16:22:13,432 - INFO - JOUEUR: Raquette gauche déplacée de 75 à 82
2025-05-03 16:22:13,432 - INFO - IA: Raquette droite déplacée de 28 à 35
2025-05-03 16:22:13,449 - INFO - JOUEUR: Raquette gauche déplacée de 82 à 89
2025-05-03 16:22:13,449 - INFO - IA: Raquette droite déplacée de 35 à 42
2025-05-03 16:22:13,466 - INFO - JOUEUR: Raquette gauche déplacée de 89 à 96
2025-05-03 16:22:13,467 - INFO - IA: Raquette droite déplacée de 42 à 49
2025-05-03 16:22:13,484 - INFO - JOUEUR: Raquette gauche déplacée de 96 à 103
2025-05-03 16:22:13,484 - INFO - IA: Raquette droite déplacée de 49 à 56
2025-05-03 16:22:13,502 - INFO - JOUEUR: Raquette gauche déplacée de 103 à 110
2025-05-03 16:22:13,502 - INFO - IA: Raquette droite déplacée de 56 à 63
2025-05-03 16:22:13,519 - INFO - JOUEUR: Raquette gauche déplacée de 110 à 117
2025-05-03 16:22:13,519 - INFO - IA: Raquette droite déplacée de 63 à 70
2025-05-03 16:22:13,536 - INFO - JOUEUR: Raquette gauche déplacée de 117 à 124
2025-05-03 16:22:13,537 - INFO - IA: Raquette droite déplacée de 70 à 77
2025-05-03 16:22:13,553 - INFO - JOUEUR: Raquette gauche déplacée de 124 à 131
2025-05-03 16:22:13,554 - INFO - IA: Raquette droite déplacée de 77 à 70
2025-05-03 16:22:13,570 - INFO - JOUEUR: Raquette gauche déplacée de 131 à 138
2025-05-03 16:22:13,570 - INFO - IA: Raquette droite déplacée de 70 à 77
2025-05-03 16:22:13,587 - INFO - JOUEUR: Raquette gauche déplacée de 138 à 145
2025-05-03 16:22:13,588 - INFO - IA: Raquette droite déplacée de 77 à 84
2025-05-03 16:22:13,604 - INFO - JOUEUR: Raquette gauche déplacée de 145 à 152
2025-05-03 16:22:13,605 - INFO - IA: Raquette droite déplacée de 84 à 91
2025-05-03 16:22:13,621 - INFO - JOUEUR: Raquette gauche déplacée de 152 à 159
2025-05-03 16:22:13,621 - INFO - IA: Raquette droite déplacée de 91 à 84
2025-05-03 16:22:13,639 - INFO - JOUEUR: Raquette gauche déplacée de 159 à 166
2025-05-03 16:22:13,640 - INFO - IA: Raquette droite déplacée de 84 à 91
2025-05-03 16:22:13,658 - INFO - JOUEUR: Raquette gauche déplacée de 166 à 173
2025-05-03 16:22:13,658 - INFO - IA: Raquette droite déplacée de 91 à 98
2025-05-03 16:22:13,675 - INFO - JOUEUR: Raquette gauche déplacée de 173 à 180
2025-05-03 16:22:13,675 - INFO - IA: Raquette droite déplacée de 98 à 105
2025-05-03 16:22:13,693 - INFO - JOUEUR: Raquette gauche déplacée de 180 à 187
2025-05-03 16:22:13,694 - INFO - IA: Raquette droite déplacée de 105 à 112
2025-05-03 16:22:13,710 - INFO - JOUEUR: Raquette gauche déplacée de 187 à 194
2025-05-03 16:22:13,710 - INFO - IA: Raquette droite déplacée de 112 à 119
2025-05-03 16:22:13,727 - INFO - JOUEUR: Raquette gauche déplacée de 194 à 201
2025-05-03 16:22:13,728 - INFO - IA: Raquette droite déplacée de 119 à 126
2025-05-03 16:22:13,744 - INFO - JOUEUR: Raquette gauche déplacée de 201 à 208
2025-05-03 16:22:13,745 - INFO - IA: Raquette droite déplacée de 126 à 133
2025-05-03 16:22:13,761 - INFO - JOUEUR: Raquette gauche déplacée de 208 à 215
2025-05-03 16:22:13,762 - INFO - IA: Raquette droite déplacée de 133 à 126
2025-05-03 16:22:13,778 - INFO - JOUEUR: Raquette gauche déplacée de 215 à 222
2025-05-03 16:22:13,779 - INFO - IA: Raquette droite déplacée de 126 à 133
2025-05-03 16:22:13,796 - INFO - JOUEUR: Raquette gauche déplacée de 222 à 229
2025-05-03 16:22:13,796 - INFO - IA: Raquette droite déplacée de 133 à 140
2025-05-03 16:22:13,813 - INFO - JOUEUR: Raquette gauche déplacée de 229 à 236
2025-05-03 16:22:13,814 - INFO - IA: Raquette droite déplacée de 140 à 147
2025-05-03 16:22:13,831 - INFO - JOUEUR: Raquette gauche déplacée de 236 à 243
2025-05-03 16:22:13,831 - INFO - IA: Raquette droite déplacée de 147 à 154
2025-05-03 16:22:13,848 - INFO - JOUEUR: Raquette gauche déplacée de 243 à 250
2025-05-03 16:22:13,848 - INFO - IA: Raquette droite déplacée de 154 à 161
2025-05-03 16:22:13,865 - INFO - JOUEUR: Raquette gauche déplacée de 250 à 257
2025-05-03 16:22:13,865 - INFO - IA: Raquette droite déplacée de 161 à 168
2025-05-03 16:22:13,883 - INFO - JOUEUR: Raquette gauche déplacée de 257 à 264
2025-05-03 16:22:13,884 - INFO - IA: Raquette droite déplacée de 168 à 175
2025-05-03 16:22:13,901 - INFO - JOUEUR: Raquette gauche déplacée de 264 à 271
2025-05-03 16:22:13,901 - INFO - IA: Raquette droite déplacée de 175 à 182
2025-05-03 16:22:13,918 - INFO - JOUEUR: Raquette gauche déplacée de 271 à 278
2025-05-03 16:22:13,919 - INFO - IA: Raquette droite déplacée de 182 à 189
2025-05-03 16:22:13,936 - INFO - JOUEUR: Raquette gauche déplacée de 278 à 285
2025-05-03 16:22:13,937 - INFO - IA: Raquette droite déplacée de 189 à 196
2025-05-03 16:22:13,954 - INFO - JOUEUR: Raquette gauche déplacée de 285 à 292
2025-05-03 16:22:13,954 - INFO - IA: Raquette droite déplacée de 196 à 203
2025-05-03 16:22:13,971 - INFO - JOUEUR: Raquette gauche déplacée de 292 à 299
2025-05-03 16:22:13,971 - INFO - IA: Raquette droite déplacée de 203 à 210
2025-05-03 16:22:13,989 - INFO - JOUEUR: Raquette gauche déplacée de 299 à 306
2025-05-03 16:22:13,989 - INFO - IA: Raquette droite déplacée de 210 à 217
2025-05-03 16:22:14,008 - INFO - JOUEUR: Raquette gauche déplacée de 306 à 313
2025-05-03 16:22:14,008 - INFO - IA: Raquette droite déplacée de 217 à 224
2025-05-03 16:22:14,025 - INFO - JOUEUR: Raquette gauche déplacée de 313 à 320
2025-05-03 16:22:14,025 - INFO - IA: Raquette droite déplacée de 224 à 231
2025-05-03 16:22:14,042 - INFO - JOUEUR: Raquette gauche déplacée de 320 à 327
2025-05-03 16:22:14,043 - INFO - IA: Raquette droite déplacée de 231 à 238
2025-05-03 16:22:14,060 - INFO - INPUT: Joueur relâche les touches directionnelles
2025-05-03 16:22:14,060 - INFO - IA: Raquette droite déplacée de 238 à 231
2025-05-03 16:22:14,078 - INFO - IA: Raquette droite déplacée de 231 à 224
2025-05-03 16:22:14,095 - INFO - IA: Raquette droite déplacée de 224 à 217
2025-05-03 16:22:14,112 - INFO - IA: Raquette droite déplacée de 217 à 224
2025-05-03 16:22:14,129 - INFO - IA: Raquette droite déplacée de 224 à 231
2025-05-03 16:22:14,147 - INFO - IA: Raquette droite déplacée de 231 à 238
2025-05-03 16:22:14,164 - INFO - IA: Raquette droite déplacée de 238 à 245
2025-05-03 16:22:14,182 - INFO - IA: Raquette droite déplacée de 245 à 252
2025-05-03 16:22:14,218 - INFO - IA: Raquette droite déplacée de 252 à 259
2025-05-03 16:22:14,236 - INFO - IA: Raquette droite déplacée de 259 à 266
2025-05-03 16:22:14,252 - INFO - IA: Raquette droite déplacée de 266 à 273
2025-05-03 16:22:14,270 - INFO - IA: Raquette droite déplacée de 273 à 280
2025-05-03 16:22:14,288 - INFO - IA: Raquette droite déplacée de 280 à 287
2025-05-03 16:22:14,306 - INFO - INPUT: Joueur appuie sur la touche HAUT
2025-05-03 16:22:14,306 - INFO - JOUEUR: Raquette gauche déplacée de 327 à 320
2025-05-03 16:22:14,306 - INFO - IA: Raquette droite déplacée de 287 à 294
2025-05-03 16:22:14,324 - INFO - JOUEUR: Raquette gauche déplacée de 320 à 313
2025-05-03 16:22:14,324 - INFO - IA: Raquette droite déplacée de 294 à 301
2025-05-03 16:22:14,342 - INFO - JOUEUR: Raquette gauche déplacée de 313 à 306
2025-05-03 16:22:14,342 - INFO - IA: Raquette droite déplacée de 301 à 294
2025-05-03 16:22:14,359 - INFO - JOUEUR: Raquette gauche déplacée de 306 à 299
2025-05-03 16:22:14,359 - INFO - IA: Raquette droite déplacée de 294 à 301
2025-05-03 16:22:14,376 - INFO - JOUEUR: Raquette gauche déplacée de 299 à 292
2025-05-03 16:22:14,376 - INFO - IA: Raquette droite déplacée de 301 à 308
2025-05-03 16:22:14,394 - INFO - JOUEUR: Raquette gauche déplacée de 292 à 285
2025-05-03 16:22:14,410 - INFO - JOUEUR: Raquette gauche déplacée de 285 à 278
2025-05-03 16:22:14,411 - INFO - IA: Raquette droite déplacée de 308 à 315
2025-05-03 16:22:14,428 - INFO - JOUEUR: Raquette gauche déplacée de 278 à 271
2025-05-03 16:22:14,428 - INFO - IA: Raquette droite déplacée de 315 à 322
2025-05-03 16:22:14,446 - INFO - INPUT: Joueur relâche les touches directionnelles
2025-05-03 16:22:14,446 - INFO - IA: Raquette droite déplacée de 322 à 329
2025-05-03 16:22:14,464 - INFO - IA: Raquette droite déplacée de 329 à 336
2025-05-03 16:22:14,481 - INFO - IA: Raquette droite déplacée de 336 à 343
2025-05-03 16:22:14,498 - INFO - IA: Raquette droite déplacée de 343 à 350
2025-05-03 16:22:14,515 - INFO - IA: Raquette droite déplacée de 350 à 357
2025-05-03 16:22:14,532 - INFO - IA: Raquette droite déplacée de 357 à 364
2025-05-03 16:22:14,549 - INFO - IA: Raquette droite déplacée de 364 à 371
2025-05-03 16:22:14,566 - INFO - IA: Raquette droite déplacée de 371 à 378
2025-05-03 16:22:14,583 - INFO - IA: Raquette droite déplacée de 378 à 371
2025-05-03 16:22:14,601 - INFO - IA: Raquette droite déplacée de 371 à 378
2025-05-03 16:22:14,601 - INFO - POINT: Joueur droite (IA) marque un point! Score: 0-9
2025-05-03 16:22:14,618 - INFO - IA: Raquette droite déplacée de 378 à 371
2025-05-03 16:22:14,636 - INFO - IA: Raquette droite déplacée de 371 à 364
2025-05-03 16:22:14,656 - INFO - IA: Raquette droite déplacée de 364 à 357
2025-05-03 16:22:14,674 - INFO - IA: Raquette droite déplacée de 357 à 350
2025-05-03 16:22:14,691 - INFO - IA: Raquette droite déplacée de 350 à 343
2025-05-03 16:22:14,709 - INFO - IA: Raquette droite déplacée de 343 à 336
2025-05-03 16:22:14,727 - INFO - IA: Raquette droite déplacée de 336 à 329
2025-05-03 16:22:14,745 - INFO - INPUT: Joueur appuie sur la touche BAS
2025-05-03 16:22:14,745 - INFO - JOUEUR: Raquette gauche déplacée de 271 à 278
2025-05-03 16:22:14,745 - INFO - IA: Raquette droite déplacée de 329 à 322
2025-05-03 16:22:14,762 - INFO - JOUEUR: Raquette gauche déplacée de 278 à 285
2025-05-03 16:22:14,762 - INFO - IA: Raquette droite déplacée de 322 à 315
2025-05-03 16:22:14,779 - INFO - JOUEUR: Raquette gauche déplacée de 285 à 292
2025-05-03 16:22:14,779 - INFO - IA: Raquette droite déplacée de 315 à 308
2025-05-03 16:22:14,796 - INFO - JOUEUR: Raquette gauche déplacée de 292 à 299
2025-05-03 16:22:14,796 - INFO - IA: Raquette droite déplacée de 308 à 301
2025-05-03 16:22:14,813 - INFO - JOUEUR: Raquette gauche déplacée de 299 à 306
2025-05-03 16:22:14,813 - INFO - IA: Raquette droite déplacée de 301 à 294
2025-05-03 16:22:14,831 - INFO - JOUEUR: Raquette gauche déplacée de 306 à 313
2025-05-03 16:22:14,831 - INFO - IA: Raquette droite déplacée de 294 à 287
2025-05-03 16:22:14,847 - INFO - JOUEUR: Raquette gauche déplacée de 313 à 320
2025-05-03 16:22:14,848 - INFO - IA: Raquette droite déplacée de 287 à 280
2025-05-03 16:22:14,865 - INFO - JOUEUR: Raquette gauche déplacée de 320 à 327
2025-05-03 16:22:14,865 - INFO - IA: Raquette droite déplacée de 280 à 273
2025-05-03 16:22:14,882 - INFO - JOUEUR: Raquette gauche déplacée de 327 à 334
2025-05-03 16:22:14,882 - INFO - IA: Raquette droite déplacée de 273 à 266
2025-05-03 16:22:14,899 - INFO - JOUEUR: Raquette gauche déplacée de 334 à 341
2025-05-03 16:22:14,899 - INFO - IA: Raquette droite déplacée de 266 à 259
2025-05-03 16:22:14,916 - INFO - JOUEUR: Raquette gauche déplacée de 341 à 348
2025-05-03 16:22:14,916 - INFO - IA: Raquette droite déplacée de 259 à 252
2025-05-03 16:22:14,934 - INFO - INPUT: Joueur relâche les touches directionnelles
2025-05-03 16:22:14,934 - INFO - IA: Raquette droite déplacée de 252 à 245
2025-05-03 16:22:14,951 - INFO - IA: Raquette droite déplacée de 245 à 238
2025-05-03 16:22:14,968 - INFO - IA: Raquette droite déplacée de 238 à 231
2025-05-03 16:22:14,986 - INFO - IA: Raquette droite déplacée de 231 à 224
2025-05-03 16:22:15,004 - INFO - IA: Raquette droite déplacée de 224 à 217
2025-05-03 16:22:15,021 - INFO - IA: Raquette droite déplacée de 217 à 210
2025-05-03 16:22:15,038 - INFO - IA: Raquette droite déplacée de 210 à 203
2025-05-03 16:22:15,055 - INFO - IA: Raquette droite déplacée de 203 à 196
2025-05-03 16:22:15,073 - INFO - IA: Raquette droite déplacée de 196 à 189
2025-05-03 16:22:15,091 - INFO - IA: Raquette droite déplacée de 189 à 182
2025-05-03 16:22:15,108 - INFO - IA: Raquette droite déplacée de 182 à 175
2025-05-03 16:22:15,125 - INFO - IA: Raquette droite déplacée de 175 à 168
2025-05-03 16:22:15,143 - INFO - IA: Raquette droite déplacée de 168 à 161
2025-05-03 16:22:15,160 - INFO - IA: Raquette droite déplacée de 161 à 154
2025-05-03 16:22:15,177 - INFO - IA: Raquette droite déplacée de 154 à 147
2025-05-03 16:22:15,194 - INFO - IA: Raquette droite déplacée de 147 à 140
2025-05-03 16:22:15,211 - INFO - IA: Raquette droite déplacée de 140 à 133
2025-05-03 16:22:15,228 - INFO - IA: Raquette droite déplacée de 133 à 126
2025-05-03 16:22:15,246 - INFO - IA: Raquette droite déplacée de 126 à 119
2025-05-03 16:22:15,263 - INFO - IA: Raquette droite déplacée de 119 à 112
2025-05-03 16:22:15,282 - INFO - IA: Raquette droite déplacée de 112 à 105
2025-05-03 16:22:15,299 - INFO - IA: Raquette droite déplacée de 105 à 98
2025-05-03 16:22:15,317 - INFO - INPUT: Joueur appuie sur la touche HAUT
2025-05-03 16:22:15,317 - INFO - JOUEUR: Raquette gauche déplacée de 348 à 341
2025-05-03 16:22:15,317 - INFO - IA: Raquette droite déplacée de 98 à 91
2025-05-03 16:22:15,335 - INFO - JOUEUR: Raquette gauche déplacée de 341 à 334
2025-05-03 16:22:15,335 - INFO - IA: Raquette droite déplacée de 91 à 84
2025-05-03 16:22:15,352 - INFO - JOUEUR: Raquette gauche déplacée de 334 à 327
2025-05-03 16:22:15,352 - INFO - IA: Raquette droite déplacée de 84 à 77
2025-05-03 16:22:15,370 - INFO - JOUEUR: Raquette gauche déplacée de 327 à 320
2025-05-03 16:22:15,370 - INFO - IA: Raquette droite déplacée de 77 à 70
2025-05-03 16:22:15,387 - INFO - JOUEUR: Raquette gauche déplacée de 320 à 313
2025-05-03 16:22:15,387 - INFO - IA: Raquette droite déplacée de 70 à 63
2025-05-03 16:22:15,403 - INFO - JOUEUR: Raquette gauche déplacée de 313 à 306
2025-05-03 16:22:15,404 - INFO - IA: Raquette droite déplacée de 63 à 56
2025-05-03 16:22:15,422 - INFO - JOUEUR: Raquette gauche déplacée de 306 à 299
2025-05-03 16:22:15,422 - INFO - IA: Raquette droite déplacée de 56 à 49
2025-05-03 16:22:15,422 - INFO - COLLISION: Balle a rebondi sur un mur à la position (58, -2)
2025-05-03 16:22:15,440 - INFO - JOUEUR: Raquette gauche déplacée de 299 à 292
2025-05-03 16:22:15,440 - INFO - IA: Raquette droite déplacée de 49 à 42
2025-05-03 16:22:15,458 - INFO - INPUT: Joueur relâche les touches directionnelles
2025-05-03 16:22:15,458 - INFO - IA: Raquette droite déplacée de 42 à 35
2025-05-03 16:22:15,476 - INFO - IA: Raquette droite déplacée de 35 à 28
2025-05-03 16:22:15,494 - INFO - IA: Raquette droite déplacée de 28 à 21
2025-05-03 16:22:15,511 - INFO - IA: Raquette droite déplacée de 21 à 14
2025-05-03 16:22:15,528 - INFO - IA: Raquette droite déplacée de 14 à 7
2025-05-03 16:22:15,545 - INFO - IA: Raquette droite déplacée de 7 à 0
2025-05-03 16:22:15,562 - INFO - IA: Raquette droite déplacée de 0 à 7
2025-05-03 16:22:15,580 - INFO - IA: Raquette droite déplacée de 7 à 0
2025-05-03 16:22:15,614 - INFO - IA: Raquette droite déplacée de 0 à 7
2025-05-03 16:22:15,632 - INFO - INPUT: Joueur appuie sur la touche HAUT
2025-05-03 16:22:15,632 - INFO - JOUEUR: Raquette gauche déplacée de 292 à 285
2025-05-03 16:22:15,632 - INFO - IA: Raquette droite déplacée de 7 à 14
2025-05-03 16:22:15,632 - INFO - POINT: Joueur droite (IA) marque un point! Score: 0-10
2025-05-03 16:22:15,649 - INFO - INPUT: Joueur relâche les touches directionnelles
2025-05-03 16:22:15,649 - INFO - IA: Raquette droite déplacée de 14 à 21
2025-05-03 16:22:15,667 - INFO - IA: Raquette droite déplacée de 21 à 28
2025-05-03 16:22:15,684 - INFO - IA: Raquette droite déplacée de 28 à 35
2025-05-03 16:22:15,701 - INFO - IA: Raquette droite déplacée de 35 à 42
2025-05-03 16:22:15,718 - INFO - IA: Raquette droite déplacée de 42 à 49
2025-05-03 16:22:15,735 - INFO - IA: Raquette droite déplacée de 49 à 56
2025-05-03 16:22:15,753 - INFO - IA: Raquette droite déplacée de 56 à 63
2025-05-03 16:22:15,771 - INFO - IA: Raquette droite déplacée de 63 à 70
2025-05-03 16:22:15,789 - INFO - INPUT: Joueur appuie sur la touche HAUT
2025-05-03 16:22:15,790 - INFO - JOUEUR: Raquette gauche déplacée de 285 à 278
2025-05-03 16:22:15,790 - INFO - IA: Raquette droite déplacée de 70 à 77
2025-05-03 16:22:15,807 - INFO - JOUEUR: Raquette gauche déplacée de 278 à 271
2025-05-03 16:22:15,807 - INFO - IA: Raquette droite déplacée de 77 à 84
2025-05-03 16:22:15,824 - INFO - JOUEUR: Raquette gauche déplacée de 271 à 264
2025-05-03 16:22:15,825 - INFO - IA: Raquette droite déplacée de 84 à 91
2025-05-03 16:22:15,843 - INFO - INPUT: Joueur relâche les touches directionnelles
2025-05-03 16:22:15,843 - INFO - IA: Raquette droite déplacée de 91 à 98
2025-05-03 16:22:15,860 - INFO - IA: Raquette droite déplacée de 98 à 105
2025-05-03 16:22:15,877 - INFO - IA: Raquette droite déplacée de 105 à 112
2025-05-03 16:22:15,894 - INFO - IA: Raquette droite déplacée de 112 à 119
2025-05-03 16:22:15,912 - INFO - IA: Raquette droite déplacée de 119 à 126
2025-05-03 16:22:15,929 - INFO - IA: Raquette droite déplacée de 126 à 133
2025-05-03 16:22:15,946 - INFO - IA: Raquette droite déplacée de 133 à 140
2025-05-03 16:22:15,963 - INFO - IA: Raquette droite déplacée de 140 à 147
2025-05-03 16:22:15,980 - INFO - IA: Raquette droite déplacée de 147 à 154
2025-05-03 16:22:15,997 - INFO - IA: Raquette droite déplacée de 154 à 161
2025-05-03 16:22:16,015 - INFO - IA: Raquette droite déplacée de 161 à 168
2025-05-03 16:22:16,033 - INFO - IA: Raquette droite déplacée de 168 à 175
2025-05-03 16:22:16,050 - INFO - IA: Raquette droite déplacée de 175 à 182
2025-05-03 16:22:16,068 - INFO - IA: Raquette droite déplacée de 182 à 189
2025-05-03 16:22:16,085 - INFO - IA: Raquette droite déplacée de 189 à 196
2025-05-03 16:22:16,103 - INFO - IA: Raquette droite déplacée de 196 à 203
2025-05-03 16:22:16,121 - INFO - IA: Raquette droite déplacée de 203 à 210
2025-05-03 16:22:16,139 - INFO - IA: Raquette droite déplacée de 210 à 217
2025-05-03 16:22:16,157 - INFO - IA: Raquette droite déplacée de 217 à 224
2025-05-03 16:22:16,175 - INFO - IA: Raquette droite déplacée de 224 à 231
2025-05-03 16:22:16,192 - INFO - IA: Raquette droite déplacée de 231 à 238
2025-05-03 16:22:16,209 - INFO - INPUT: Joueur appuie sur la touche BAS
2025-05-03 16:22:16,209 - INFO - JOUEUR: Raquette gauche déplacée de 264 à 271
2025-05-03 16:22:16,210 - INFO - IA: Raquette droite déplacée de 238 à 245
2025-05-03 16:22:16,227 - INFO - JOUEUR: Raquette gauche déplacée de 271 à 278
2025-05-03 16:22:16,227 - INFO - IA: Raquette droite déplacée de 245 à 252
2025-05-03 16:22:16,244 - INFO - JOUEUR: Raquette gauche déplacée de 278 à 285
2025-05-03 16:22:16,244 - INFO - IA: Raquette droite déplacée de 252 à 259
2025-05-03 16:22:16,261 - INFO - JOUEUR: Raquette gauche déplacée de 285 à 292
2025-05-03 16:22:16,261 - INFO - IA: Raquette droite déplacée de 259 à 266
2025-05-03 16:22:16,279 - INFO - JOUEUR: Raquette gauche déplacée de 292 à 299
2025-05-03 16:22:16,279 - INFO - IA: Raquette droite déplacée de 266 à 273
2025-05-03 16:22:16,296 - INFO - JOUEUR: Raquette gauche déplacée de 299 à 306
2025-05-03 16:22:16,296 - INFO - IA: Raquette droite déplacée de 273 à 280
2025-05-03 16:22:16,314 - INFO - JOUEUR: Raquette gauche déplacée de 306 à 313
2025-05-03 16:22:16,314 - INFO - IA: Raquette droite déplacée de 280 à 287
2025-05-03 16:22:16,331 - INFO - JOUEUR: Raquette gauche déplacée de 313 à 320
2025-05-03 16:22:16,331 - INFO - IA: Raquette droite déplacée de 287 à 294
2025-05-03 16:22:16,350 - INFO - JOUEUR: Raquette gauche déplacée de 320 à 327
2025-05-03 16:22:16,350 - INFO - IA: Raquette droite déplacée de 294 à 301
2025-05-03 16:22:16,369 - INFO - JOUEUR: Raquette gauche déplacée de 327 à 334
2025-05-03 16:22:16,369 - INFO - IA: Raquette droite déplacée de 301 à 308
2025-05-03 16:22:16,385 - INFO - JOUEUR: Raquette gauche déplacée de 334 à 341
2025-05-03 16:22:16,385 - INFO - IA: Raquette droite déplacée de 308 à 315
2025-05-03 16:22:16,402 - INFO - JOUEUR: Raquette gauche déplacée de 341 à 348
2025-05-03 16:22:16,402 - INFO - IA: Raquette droite déplacée de 315 à 322
2025-05-03 16:22:16,420 - INFO - JOUEUR: Raquette gauche déplacée de 348 à 355
2025-05-03 16:22:16,420 - INFO - IA: Raquette droite déplacée de 322 à 329
2025-05-03 16:22:16,438 - INFO - JOUEUR: Raquette gauche déplacée de 355 à 362
2025-05-03 16:22:16,438 - INFO - IA: Raquette droite déplacée de 329 à 336
2025-05-03 16:22:16,456 - INFO - JOUEUR: Raquette gauche déplacée de 362 à 369
2025-05-03 16:22:16,456 - INFO - IA: Raquette droite déplacée de 336 à 343
2025-05-03 16:22:16,456 - INFO - COLLISION: Balle a rebondi sur un mur à la position (58, 468)
2025-05-03 16:22:16,473 - INFO - JOUEUR: Raquette gauche déplacée de 369 à 376
2025-05-03 16:22:16,473 - INFO - IA: Raquette droite déplacée de 343 à 350
2025-05-03 16:22:16,489 - INFO - JOUEUR: Raquette gauche déplacée de 376 à 383
2025-05-03 16:22:16,490 - INFO - IA: Raquette droite déplacée de 350 à 357
2025-05-03 16:22:16,507 - INFO - JOUEUR: Raquette gauche déplacée de 383 à 390
2025-05-03 16:22:16,507 - INFO - IA: Raquette droite déplacée de 357 à 364
2025-05-03 16:22:16,524 - INFO - IA: Raquette droite déplacée de 364 à 371
2025-05-03 16:22:16,541 - INFO - IA: Raquette droite déplacée de 371 à 378
2025-05-03 16:22:16,541 - INFO - COLLISION: Balle a rebondi sur une raquette à la position (33, 443)
2025-05-03 16:22:16,559 - INFO - IA: Raquette droite déplacée de 378 à 385
2025-05-03 16:22:16,577 - INFO - IA: Raquette droite déplacée de 385 à 378
2025-05-03 16:22:16,594 - INFO - IA: Raquette droite déplacée de 378 à 385
2025-05-03 16:22:16,613 - INFO - INPUT: Joueur relâche les touches directionnelles
2025-05-03 16:22:16,613 - INFO - IA: Raquette droite déplacée de 385 à 378
2025-05-03 16:22:16,631 - INFO - IA: Raquette droite déplacée de 378 à 371
2025-05-03 16:22:16,649 - INFO - IA: Raquette droite déplacée de 371 à 378
2025-05-03 16:22:16,665 - INFO - IA: Raquette droite déplacée de 378 à 371
2025-05-03 16:22:16,682 - INFO - IA: Raquette droite déplacée de 371 à 378
2025-05-03 16:22:16,700 - INFO - IA: Raquette droite déplacée de 378 à 371
2025-05-03 16:22:16,717 - INFO - IA: Raquette droite déplacée de 371 à 364
2025-05-03 16:22:16,735 - INFO - IA: Raquette droite déplacée de 364 à 357
2025-05-03 16:22:16,752 - INFO - IA: Raquette droite déplacée de 357 à 364
2025-05-03 16:22:16,771 - INFO - IA: Raquette droite déplacée de 364 à 371
2025-05-03 16:22:16,789 - INFO - IA: Raquette droite déplacée de 371 à 364
2025-05-03 16:22:16,807 - INFO - IA: Raquette droite déplacée de 364 à 357
2025-05-03 16:22:16,824 - INFO - IA: Raquette droite déplacée de 357 à 364
2025-05-03 16:22:16,841 - INFO - IA: Raquette droite déplacée de 364 à 357
2025-05-03 16:22:16,858 - INFO - IA: Raquette droite déplacée de 357 à 350
2025-05-03 16:22:16,876 - INFO - IA: Raquette droite déplacée de 350 à 343
2025-05-03 16:22:16,893 - INFO - IA: Raquette droite déplacée de 343 à 336
2025-05-03 16:22:16,910 - INFO - IA: Raquette droite déplacée de 336 à 329
2025-05-03 16:22:16,927 - INFO - IA: Raquette droite déplacée de 329 à 322
2025-05-03 16:22:16,945 - INFO - IA: Raquette droite déplacée de 322 à 315
2025-05-03 16:22:16,963 - INFO - IA: Raquette droite déplacée de 315 à 308
2025-05-03 16:22:16,980 - INFO - IA: Raquette droite déplacée de 308 à 301
2025-05-03 16:22:16,998 - INFO - INPUT: Joueur appuie sur la touche HAUT
2025-05-03 16:22:16,998 - INFO - JOUEUR: Raquette gauche déplacée de 390 à 383
2025-05-03 16:22:16,998 - INFO - IA: Raquette droite déplacée de 301 à 294
2025-05-03 16:22:17,015 - INFO - JOUEUR: Raquette gauche déplacée de 383 à 376
2025-05-03 16:22:17,015 - INFO - IA: Raquette droite déplacée de 294 à 287
2025-05-03 16:22:17,031 - INFO - JOUEUR: Raquette gauche déplacée de 376 à 369
2025-05-03 16:22:17,032 - INFO - IA: Raquette droite déplacée de 287 à 294
2025-05-03 16:22:17,049 - INFO - JOUEUR: Raquette gauche déplacée de 369 à 362
2025-05-03 16:22:17,049 - INFO - IA: Raquette droite déplacée de 294 à 287
2025-05-03 16:22:17,066 - INFO - JOUEUR: Raquette gauche déplacée de 362 à 355
2025-05-03 16:22:17,066 - INFO - IA: Raquette droite déplacée de 287 à 280
2025-05-03 16:22:17,083 - INFO - JOUEUR: Raquette gauche déplacée de 355 à 348
2025-05-03 16:22:17,083 - INFO - IA: Raquette droite déplacée de 280 à 273
2025-05-03 16:22:17,100 - INFO - JOUEUR: Raquette gauche déplacée de 348 à 341
2025-05-03 16:22:17,100 - INFO - IA: Raquette droite déplacée de 273 à 266
2025-05-03 16:22:17,118 - INFO - JOUEUR: Raquette gauche déplacée de 341 à 334
2025-05-03 16:22:17,118 - INFO - IA: Raquette droite déplacée de 266 à 259
2025-05-03 16:22:17,135 - INFO - JOUEUR: Raquette gauche déplacée de 334 à 327
2025-05-03 16:22:17,135 - INFO - IA: Raquette droite déplacée de 259 à 252
2025-05-03 16:22:17,153 - INFO - JOUEUR: Raquette gauche déplacée de 327 à 320
2025-05-03 16:22:17,154 - INFO - IA: Raquette droite déplacée de 252 à 245
2025-05-03 16:22:17,172 - INFO - JOUEUR: Raquette gauche déplacée de 320 à 313
2025-05-03 16:22:17,172 - INFO - IA: Raquette droite déplacée de 245 à 238
2025-05-03 16:22:17,190 - INFO - JOUEUR: Raquette gauche déplacée de 313 à 306
2025-05-03 16:22:17,190 - INFO - IA: Raquette droite déplacée de 238 à 231
2025-05-03 16:22:17,207 - INFO - JOUEUR: Raquette gauche déplacée de 306 à 299
2025-05-03 16:22:17,207 - INFO - IA: Raquette droite déplacée de 231 à 224
2025-05-03 16:22:17,225 - INFO - JOUEUR: Raquette gauche déplacée de 299 à 292
2025-05-03 16:22:17,225 - INFO - IA: Raquette droite déplacée de 224 à 217
2025-05-03 16:22:17,243 - INFO - JOUEUR: Raquette gauche déplacée de 292 à 285
2025-05-03 16:22:17,243 - INFO - IA: Raquette droite déplacée de 217 à 210
2025-05-03 16:22:17,260 - INFO - JOUEUR: Raquette gauche déplacée de 285 à 278
2025-05-03 16:22:17,260 - INFO - IA: Raquette droite déplacée de 210 à 203
2025-05-03 16:22:17,278 - INFO - JOUEUR: Raquette gauche déplacée de 278 à 271
2025-05-03 16:22:17,278 - INFO - IA: Raquette droite déplacée de 203 à 196
2025-05-03 16:22:17,295 - INFO - JOUEUR: Raquette gauche déplacée de 271 à 264
2025-05-03 16:22:17,295 - INFO - IA: Raquette droite déplacée de 196 à 189
2025-05-03 16:22:17,313 - INFO - JOUEUR: Raquette gauche déplacée de 264 à 257
2025-05-03 16:22:17,314 - INFO - IA: Raquette droite déplacée de 189 à 182
2025-05-03 16:22:17,331 - INFO - JOUEUR: Raquette gauche déplacée de 257 à 250
2025-05-03 16:22:17,332 - INFO - IA: Raquette droite déplacée de 182 à 175
2025-05-03 16:22:17,349 - INFO - JOUEUR: Raquette gauche déplacée de 250 à 243
2025-05-03 16:22:17,349 - INFO - IA: Raquette droite déplacée de 175 à 168
2025-05-03 16:22:17,367 - INFO - JOUEUR: Raquette gauche déplacée de 243 à 236
2025-05-03 16:22:17,367 - INFO - IA: Raquette droite déplacée de 168 à 175
2025-05-03 16:22:17,385 - INFO - JOUEUR: Raquette gauche déplacée de 236 à 229
2025-05-03 16:22:17,386 - INFO - IA: Raquette droite déplacée de 175 à 168
2025-05-03 16:22:17,405 - INFO - JOUEUR: Raquette gauche déplacée de 229 à 222
2025-05-03 16:22:17,405 - INFO - IA: Raquette droite déplacée de 168 à 161
2025-05-03 16:22:17,423 - INFO - JOUEUR: Raquette gauche déplacée de 222 à 215
2025-05-03 16:22:17,423 - INFO - IA: Raquette droite déplacée de 161 à 168
2025-05-03 16:22:17,440 - INFO - JOUEUR: Raquette gauche déplacée de 215 à 208
2025-05-03 16:22:17,440 - INFO - IA: Raquette droite déplacée de 168 à 161
2025-05-03 16:22:17,457 - INFO - JOUEUR: Raquette gauche déplacée de 208 à 201
2025-05-03 16:22:17,457 - INFO - IA: Raquette droite déplacée de 161 à 168
2025-05-03 16:22:17,474 - INFO - JOUEUR: Raquette gauche déplacée de 201 à 194
2025-05-03 16:22:17,475 - INFO - IA: Raquette droite déplacée de 168 à 175
2025-05-03 16:22:17,492 - INFO - JOUEUR: Raquette gauche déplacée de 194 à 187
2025-05-03 16:22:17,492 - INFO - IA: Raquette droite déplacée de 175 à 168
2025-05-03 16:22:17,509 - INFO - JOUEUR: Raquette gauche déplacée de 187 à 180
2025-05-03 16:22:17,509 - INFO - IA: Raquette droite déplacée de 168 à 161
2025-05-03 16:22:17,526 - INFO - JOUEUR: Raquette gauche déplacée de 180 à 173
2025-05-03 16:22:17,526 - INFO - IA: Raquette droite déplacée de 161 à 154
2025-05-03 16:22:17,543 - INFO - JOUEUR: Raquette gauche déplacée de 173 à 166
2025-05-03 16:22:17,543 - INFO - IA: Raquette droite déplacée de 154 à 147
2025-05-03 16:22:17,560 - INFO - JOUEUR: Raquette gauche déplacée de 166 à 159
2025-05-03 16:22:17,560 - INFO - IA: Raquette droite déplacée de 147 à 140
2025-05-03 16:22:17,578 - INFO - INPUT: Joueur relâche les touches directionnelles
2025-05-03 16:22:17,578 - INFO - IA: Raquette droite déplacée de 140 à 133
2025-05-03 16:22:17,595 - INFO - IA: Raquette droite déplacée de 133 à 126
2025-05-03 16:22:17,612 - INFO - IA: Raquette droite déplacée de 126 à 133
2025-05-03 16:22:17,630 - INFO - IA: Raquette droite déplacée de 133 à 126
2025-05-03 16:22:17,648 - INFO - IA: Raquette droite déplacée de 126 à 119
2025-05-03 16:22:17,666 - INFO - IA: Raquette droite déplacée de 119 à 112
2025-05-03 16:22:17,684 - INFO - IA: Raquette droite déplacée de 112 à 105
2025-05-03 16:22:17,701 - INFO - IA: Raquette droite déplacée de 105 à 98
2025-05-03 16:22:17,719 - INFO - IA: Raquette droite déplacée de 98 à 91
2025-05-03 16:22:17,736 - INFO - IA: Raquette droite déplacée de 91 à 84
2025-05-03 16:22:17,754 - INFO - IA: Raquette droite déplacée de 84 à 77
2025-05-03 16:22:17,771 - INFO - IA: Raquette droite déplacée de 77 à 70
2025-05-03 16:22:17,788 - INFO - IA: Raquette droite déplacée de 70 à 77
2025-05-03 16:22:17,806 - INFO - IA: Raquette droite déplacée de 77 à 70
2025-05-03 16:22:17,823 - INFO - IA: Raquette droite déplacée de 70 à 63
2025-05-03 16:22:17,840 - INFO - IA: Raquette droite déplacée de 63 à 56
2025-05-03 16:22:17,858 - INFO - IA: Raquette droite déplacée de 56 à 49
2025-05-03 16:22:17,876 - INFO - IA: Raquette droite déplacée de 49 à 42
2025-05-03 16:22:17,892 - INFO - IA: Raquette droite déplacée de 42 à 35
2025-05-03 16:22:17,910 - INFO - IA: Raquette droite déplacée de 35 à 28
2025-05-03 16:22:17,928 - INFO - IA: Raquette droite déplacée de 28 à 21
2025-05-03 16:22:17,946 - INFO - IA: Raquette droite déplacée de 21 à 14
2025-05-03 16:22:17,963 - INFO - IA: Raquette droite déplacée de 14 à 7
2025-05-03 16:22:17,980 - INFO - IA: Raquette droite déplacée de 7 à 14
2025-05-03 16:22:17,997 - INFO - IA: Raquette droite déplacée de 14 à 7
2025-05-03 16:22:18,014 - INFO - IA: Raquette droite déplacée de 7 à 14
2025-05-03 16:22:18,031 - INFO - IA: Raquette droite déplacée de 14 à 7
2025-05-03 16:22:18,048 - INFO - IA: Raquette droite déplacée de 7 à 0
2025-05-03 16:22:18,065 - INFO - COLLISION: Balle a rebondi sur une raquette à la position (555, 8)
2025-05-03 16:22:18,100 - INFO - COLLISION: Balle a rebondi sur un mur à la position (543, -2)
2025-05-03 16:22:18,224 - INFO - IA: Raquette droite déplacée de 0 à 7
2025-05-03 16:22:18,243 - INFO - IA: Raquette droite déplacée de 7 à 0
2025-05-03 16:22:18,259 - INFO - IA: Raquette droite déplacée de 0 à 7
2025-05-03 16:22:18,276 - INFO - IA: Raquette droite déplacée de 7 à 0
2025-05-03 16:22:18,293 - INFO - IA: Raquette droite déplacée de 0 à 7
2025-05-03 16:22:18,311 - INFO - IA: Raquette droite déplacée de 7 à 14
2025-05-03 16:22:18,328 - INFO - IA: Raquette droite déplacée de 14 à 21
2025-05-03 16:22:18,345 - INFO - IA: Raquette droite déplacée de 21 à 28
2025-05-03 16:22:18,362 - INFO - IA: Raquette droite déplacée de 28 à 21
2025-05-03 16:22:18,379 - INFO - IA: Raquette droite déplacée de 21 à 28
2025-05-03 16:22:18,396 - INFO - IA: Raquette droite déplacée de 28 à 21
2025-05-03 16:22:18,413 - INFO - IA: Raquette droite déplacée de 21 à 28
2025-05-03 16:22:18,430 - INFO - IA: Raquette droite déplacée de 28 à 35
2025-05-03 16:22:18,447 - INFO - IA: Raquette droite déplacée de 35 à 28
2025-05-03 16:22:18,465 - INFO - IA: Raquette droite déplacée de 28 à 35
2025-05-03 16:22:18,482 - INFO - IA: Raquette droite déplacée de 35 à 42
2025-05-03 16:22:18,500 - INFO - IA: Raquette droite déplacée de 42 à 49
2025-05-03 16:22:18,517 - INFO - IA: Raquette droite déplacée de 49 à 56
2025-05-03 16:22:18,534 - INFO - IA: Raquette droite déplacée de 56 à 63
2025-05-03 16:22:18,552 - INFO - IA: Raquette droite déplacée de 63 à 70
2025-05-03 16:22:18,569 - INFO - IA: Raquette droite déplacée de 70 à 77
2025-05-03 16:22:18,587 - INFO - IA: Raquette droite déplacée de 77 à 70
2025-05-03 16:22:18,605 - INFO - IA: Raquette droite déplacée de 70 à 77
2025-05-03 16:22:18,622 - INFO - IA: Raquette droite déplacée de 77 à 84
2025-05-03 16:22:18,638 - INFO - IA: Raquette droite déplacée de 84 à 91
2025-05-03 16:22:18,656 - INFO - IA: Raquette droite déplacée de 91 à 98
2025-05-03 16:22:18,674 - INFO - IA: Raquette droite déplacée de 98 à 105
2025-05-03 16:22:18,691 - INFO - IA: Raquette droite déplacée de 105 à 98
2025-05-03 16:22:18,710 - INFO - IA: Raquette droite déplacée de 98 à 105
2025-05-03 16:22:18,727 - INFO - IA: Raquette droite déplacée de 105 à 112
2025-05-03 16:22:18,746 - INFO - IA: Raquette droite déplacée de 112 à 119
2025-05-03 16:22:18,763 - INFO - IA: Raquette droite déplacée de 119 à 126
2025-05-03 16:22:18,780 - INFO - IA: Raquette droite déplacée de 126 à 133
2025-05-03 16:22:18,797 - INFO - IA: Raquette droite déplacée de 133 à 140
2025-05-03 16:22:18,815 - INFO - IA: Raquette droite déplacée de 140 à 147
2025-05-03 16:22:18,833 - INFO - IA: Raquette droite déplacée de 147 à 140
2025-05-03 16:22:18,851 - INFO - IA: Raquette droite déplacée de 140 à 147
2025-05-03 16:22:18,868 - INFO - IA: Raquette droite déplacée de 147 à 154
2025-05-03 16:22:18,886 - INFO - IA: Raquette droite déplacée de 154 à 161
2025-05-03 16:22:18,904 - INFO - IA: Raquette droite déplacée de 161 à 168
2025-05-03 16:22:18,921 - INFO - IA: Raquette droite déplacée de 168 à 161
2025-05-03 16:22:18,938 - INFO - IA: Raquette droite déplacée de 161 à 168
2025-05-03 16:22:18,955 - INFO - IA: Raquette droite déplacée de 168 à 175
2025-05-03 16:22:18,972 - INFO - IA: Raquette droite déplacée de 175 à 182
2025-05-03 16:22:18,989 - INFO - IA: Raquette droite déplacée de 182 à 189
2025-05-03 16:22:19,006 - INFO - IA: Raquette droite déplacée de 189 à 196
2025-05-03 16:22:19,024 - INFO - IA: Raquette droite déplacée de 196 à 203
2025-05-03 16:22:19,041 - INFO - IA: Raquette droite déplacée de 203 à 196
2025-05-03 16:22:19,057 - INFO - IA: Raquette droite déplacée de 196 à 203
2025-05-03 16:22:19,074 - INFO - IA: Raquette droite déplacée de 203 à 210
2025-05-03 16:22:19,092 - INFO - IA: Raquette droite déplacée de 210 à 217
2025-05-03 16:22:19,109 - INFO - IA: Raquette droite déplacée de 217 à 210
2025-05-03 16:22:19,126 - INFO - IA: Raquette droite déplacée de 210 à 217
2025-05-03 16:22:19,144 - INFO - IA: Raquette droite déplacée de 217 à 224
2025-05-03 16:22:19,161 - INFO - IA: Raquette droite déplacée de 224 à 231
2025-05-03 16:22:19,178 - INFO - IA: Raquette droite déplacée de 231 à 238
2025-05-03 16:22:19,195 - INFO - IA: Raquette droite déplacée de 238 à 245
2025-05-03 16:22:19,213 - INFO - IA: Raquette droite déplacée de 245 à 252
2025-05-03 16:22:19,231 - INFO - IA: Raquette droite déplacée de 252 à 259
2025-05-03 16:22:19,249 - INFO - IA: Raquette droite déplacée de 259 à 266
2025-05-03 16:22:19,268 - INFO - IA: Raquette droite déplacée de 266 à 259
2025-05-03 16:22:19,286 - INFO - IA: Raquette droite déplacée de 259 à 266
2025-05-03 16:22:19,303 - INFO - IA: Raquette droite déplacée de 266 à 273
2025-05-03 16:22:19,321 - INFO - INPUT: Joueur appuie sur la touche BAS
2025-05-03 16:22:19,321 - INFO - JOUEUR: Raquette gauche déplacée de 159 à 166
2025-05-03 16:22:19,321 - INFO - IA: Raquette droite déplacée de 273 à 280
2025-05-03 16:22:19,338 - INFO - JOUEUR: Raquette gauche déplacée de 166 à 173
2025-05-03 16:22:19,338 - INFO - IA: Raquette droite déplacée de 280 à 287
2025-05-03 16:22:19,356 - INFO - JOUEUR: Raquette gauche déplacée de 173 à 180
2025-05-03 16:22:19,356 - INFO - IA: Raquette droite déplacée de 287 à 294
2025-05-03 16:22:19,374 - INFO - JOUEUR: Raquette gauche déplacée de 180 à 187
2025-05-03 16:22:19,374 - INFO - IA: Raquette droite déplacée de 294 à 301
2025-05-03 16:22:19,391 - INFO - JOUEUR: Raquette gauche déplacée de 187 à 194
2025-05-03 16:22:19,391 - INFO - IA: Raquette droite déplacée de 301 à 308
2025-05-03 16:22:19,408 - INFO - JOUEUR: Raquette gauche déplacée de 194 à 201
2025-05-03 16:22:19,408 - INFO - IA: Raquette droite déplacée de 308 à 315
2025-05-03 16:22:19,425 - INFO - JOUEUR: Raquette gauche déplacée de 201 à 208
2025-05-03 16:22:19,426 - INFO - IA: Raquette droite déplacée de 315 à 322
2025-05-03 16:22:19,443 - INFO - JOUEUR: Raquette gauche déplacée de 208 à 215
2025-05-03 16:22:19,444 - INFO - IA: Raquette droite déplacée de 322 à 329
2025-05-03 16:22:19,460 - INFO - JOUEUR: Raquette gauche déplacée de 215 à 222
2025-05-03 16:22:19,460 - INFO - IA: Raquette droite déplacée de 329 à 322
2025-05-03 16:22:19,477 - INFO - JOUEUR: Raquette gauche déplacée de 222 à 229
2025-05-03 16:22:19,477 - INFO - IA: Raquette droite déplacée de 322 à 329
2025-05-03 16:22:19,495 - INFO - JOUEUR: Raquette gauche déplacée de 229 à 236
2025-05-03 16:22:19,495 - INFO - IA: Raquette droite déplacée de 329 à 336
2025-05-03 16:22:19,513 - INFO - JOUEUR: Raquette gauche déplacée de 236 à 243
2025-05-03 16:22:19,514 - INFO - IA: Raquette droite déplacée de 336 à 343
2025-05-03 16:22:19,531 - INFO - JOUEUR: Raquette gauche déplacée de 243 à 250
2025-05-03 16:22:19,531 - INFO - IA: Raquette droite déplacée de 343 à 350
2025-05-03 16:22:19,548 - INFO - JOUEUR: Raquette gauche déplacée de 250 à 257
2025-05-03 16:22:19,549 - INFO - IA: Raquette droite déplacée de 350 à 357
2025-05-03 16:22:19,567 - INFO - JOUEUR: Raquette gauche déplacée de 257 à 264
2025-05-03 16:22:19,567 - INFO - IA: Raquette droite déplacée de 357 à 364
2025-05-03 16:22:19,584 - INFO - JOUEUR: Raquette gauche déplacée de 264 à 271
2025-05-03 16:22:19,584 - INFO - IA: Raquette droite déplacée de 364 à 371
2025-05-03 16:22:19,601 - INFO - JOUEUR: Raquette gauche déplacée de 271 à 278
2025-05-03 16:22:19,601 - INFO - IA: Raquette droite déplacée de 371 à 378
2025-05-03 16:22:19,619 - INFO - JOUEUR: Raquette gauche déplacée de 278 à 285
2025-05-03 16:22:19,619 - INFO - IA: Raquette droite déplacée de 378 à 385
2025-05-03 16:22:19,636 - INFO - JOUEUR: Raquette gauche déplacée de 285 à 292
2025-05-03 16:22:19,637 - INFO - IA: Raquette droite déplacée de 385 à 390
2025-05-03 16:22:19,654 - INFO - JOUEUR: Raquette gauche déplacée de 292 à 299
2025-05-03 16:22:19,672 - INFO - JOUEUR: Raquette gauche déplacée de 299 à 306
2025-05-03 16:22:19,672 - INFO - IA: Raquette droite déplacée de 390 à 383
2025-05-03 16:22:19,689 - INFO - JOUEUR: Raquette gauche déplacée de 306 à 313
2025-05-03 16:22:19,689 - INFO - IA: Raquette droite déplacée de 383 à 390
2025-05-03 16:22:19,689 - INFO - POINT: Joueur droite (IA) marque un point! Score: 0-11
2025-05-03 16:22:19,706 - INFO - JOUEUR: Raquette gauche déplacée de 313 à 320
2025-05-03 16:22:19,706 - INFO - IA: Raquette droite déplacée de 390 à 383
2025-05-03 16:22:19,723 - INFO - JOUEUR: Raquette gauche déplacée de 320 à 327
2025-05-03 16:22:19,723 - INFO - IA: Raquette droite déplacée de 383 à 376
2025-05-03 16:22:19,741 - INFO - JOUEUR: Raquette gauche déplacée de 327 à 334
2025-05-03 16:22:19,741 - INFO - IA: Raquette droite déplacée de 376 à 369
2025-05-03 16:22:19,758 - INFO - JOUEUR: Raquette gauche déplacée de 334 à 341
2025-05-03 16:22:19,759 - INFO - IA: Raquette droite déplacée de 369 à 362
2025-05-03 16:22:19,776 - INFO - JOUEUR: Raquette gauche déplacée de 341 à 348
2025-05-03 16:22:19,776 - INFO - IA: Raquette droite déplacée de 362 à 355
2025-05-03 16:22:19,793 - INFO - JOUEUR: Raquette gauche déplacée de 348 à 355
2025-05-03 16:22:19,794 - INFO - IA: Raquette droite déplacée de 355 à 348
2025-05-03 16:22:19,811 - INFO - JOUEUR: Raquette gauche déplacée de 355 à 362
2025-05-03 16:22:19,811 - INFO - IA: Raquette droite déplacée de 348 à 341
2025-05-03 16:22:19,828 - INFO - JOUEUR: Raquette gauche déplacée de 362 à 369
2025-05-03 16:22:19,828 - INFO - IA: Raquette droite déplacée de 341 à 334
2025-05-03 16:22:19,845 - INFO - JOUEUR: Raquette gauche déplacée de 369 à 376
2025-05-03 16:22:19,845 - INFO - IA: Raquette droite déplacée de 334 à 327
2025-05-03 16:22:19,863 - INFO - JOUEUR: Raquette gauche déplacée de 376 à 383
2025-05-03 16:22:19,863 - INFO - IA: Raquette droite déplacée de 327 à 320
2025-05-03 16:22:19,880 - INFO - JOUEUR: Raquette gauche déplacée de 383 à 390
2025-05-03 16:22:19,880 - INFO - IA: Raquette droite déplacée de 320 à 313
2025-05-03 16:22:19,896 - INFO - IA: Raquette droite déplacée de 313 à 306
2025-05-03 16:22:19,913 - INFO - IA: Raquette droite déplacée de 306 à 299
2025-05-03 16:22:19,931 - INFO - IA: Raquette droite déplacée de 299 à 292
2025-05-03 16:22:19,949 - INFO - IA: Raquette droite déplacée de 292 à 285
2025-05-03 16:22:19,966 - INFO - IA: Raquette droite déplacée de 285 à 278
2025-05-03 16:22:19,984 - INFO - IA: Raquette droite déplacée de 278 à 285
2025-05-03 16:22:20,002 - INFO - IA: Raquette droite déplacée de 285 à 278
2025-05-03 16:22:20,019 - INFO - IA: Raquette droite déplacée de 278 à 271
2025-05-03 16:22:20,038 - INFO - INPUT: Joueur relâche les touches directionnelles
2025-05-03 16:22:20,039 - INFO - IA: Raquette droite déplacée de 271 à 278
2025-05-03 16:22:20,056 - INFO - IA: Raquette droite déplacée de 278 à 285
2025-05-03 16:22:20,074 - INFO - IA: Raquette droite déplacée de 285 à 278
2025-05-03 16:22:20,091 - INFO - IA: Raquette droite déplacée de 278 à 285
2025-05-03 16:22:20,108 - INFO - IA: Raquette droite déplacée de 285 à 292
2025-05-03 16:22:20,125 - INFO - IA: Raquette droite déplacée de 292 à 299
2025-05-03 16:22:20,142 - INFO - IA: Raquette droite déplacée de 299 à 306
2025-05-03 16:22:20,160 - INFO - IA: Raquette droite déplacée de 306 à 299
2025-05-03 16:22:20,178 - INFO - IA: Raquette droite déplacée de 299 à 306
2025-05-03 16:22:20,194 - INFO - IA: Raquette droite déplacée de 306 à 313
2025-05-03 16:22:20,212 - INFO - IA: Raquette droite déplacée de 313 à 320
2025-05-03 16:22:20,229 - INFO - IA: Raquette droite déplacée de 320 à 327
2025-05-03 16:22:20,247 - INFO - IA: Raquette droite déplacée de 327 à 334
2025-05-03 16:22:20,266 - INFO - IA: Raquette droite déplacée de 334 à 341
2025-05-03 16:22:20,283 - INFO - IA: Raquette droite déplacée de 341 à 348
2025-05-03 16:22:20,301 - INFO - IA: Raquette droite déplacée de 348 à 355
2025-05-03 16:22:20,319 - INFO - IA: Raquette droite déplacée de 355 à 362
2025-05-03 16:22:20,336 - INFO - IA: Raquette droite déplacée de 362 à 369
2025-05-03 16:22:20,354 - INFO - IA: Raquette droite déplacée de 369 à 376
2025-05-03 16:22:20,370 - INFO - IA: Raquette droite déplacée de 376 à 383
2025-05-03 16:22:20,387 - INFO - IA: Raquette droite déplacée de 383 à 390
2025-05-03 16:22:20,404 - INFO - IA: Raquette droite déplacée de 390 à 383
2025-05-03 16:22:20,422 - INFO - IA: Raquette droite déplacée de 383 à 376
2025-05-03 16:22:20,440 - INFO - IA: Raquette droite déplacée de 376 à 383
2025-05-03 16:22:20,458 - INFO - IA: Raquette droite déplacée de 383 à 390
2025-05-03 16:22:20,509 - INFO - COLLISION: Balle a rebondi sur un mur à la position (58, 468)
2025-05-03 16:22:20,562 - INFO - INPUT: Joueur appuie sur la touche HAUT
2025-05-03 16:22:20,563 - INFO - JOUEUR: Raquette gauche déplacée de 390 à 383
2025-05-03 16:22:20,580 - INFO - JOUEUR: Raquette gauche déplacée de 383 à 376
2025-05-03 16:22:20,597 - INFO - JOUEUR: Raquette gauche déplacée de 376 à 369
2025-05-03 16:22:20,597 - INFO - COLLISION: Balle a rebondi sur une raquette à la position (33, 443)
2025-05-03 16:22:20,614 - INFO - JOUEUR: Raquette gauche déplacée de 369 à 362
2025-05-03 16:22:20,632 - INFO - JOUEUR: Raquette gauche déplacée de 362 à 355
2025-05-03 16:22:20,649 - INFO - JOUEUR: Raquette gauche déplacée de 355 à 348
2025-05-03 16:22:20,649 - INFO - IA: Raquette droite déplacée de 390 à 383
2025-05-03 16:22:20,666 - INFO - JOUEUR: Raquette gauche déplacée de 348 à 341
2025-05-03 16:22:20,667 - INFO - IA: Raquette droite déplacée de 383 à 376
2025-05-03 16:22:20,684 - INFO - JOUEUR: Raquette gauche déplacée de 341 à 334
2025-05-03 16:22:20,684 - INFO - IA: Raquette droite déplacée de 376 à 369
2025-05-03 16:22:20,702 - INFO - JOUEUR: Raquette gauche déplacée de 334 à 327
2025-05-03 16:22:20,703 - INFO - IA: Raquette droite déplacée de 369 à 376
2025-05-03 16:22:20,720 - INFO - JOUEUR: Raquette gauche déplacée de 327 à 320
2025-05-03 16:22:20,720 - INFO - IA: Raquette droite déplacée de 376 à 383
2025-05-03 16:22:20,737 - INFO - JOUEUR: Raquette gauche déplacée de 320 à 313
2025-05-03 16:22:20,737 - INFO - IA: Raquette droite déplacée de 383 à 390
2025-05-03 16:22:20,755 - INFO - JOUEUR: Raquette gauche déplacée de 313 à 306
2025-05-03 16:22:20,772 - INFO - INPUT: Joueur relâche les touches directionnelles
2025-05-03 16:22:20,772 - INFO - IA: Raquette droite déplacée de 390 à 383
2025-05-03 16:22:20,790 - INFO - IA: Raquette droite déplacée de 383 à 376
2025-05-03 16:22:20,807 - INFO - IA: Raquette droite déplacée de 376 à 369
2025-05-03 16:22:20,826 - INFO - IA: Raquette droite déplacée de 369 à 362
2025-05-03 16:22:20,843 - INFO - IA: Raquette droite déplacée de 362 à 369
2025-05-03 16:22:20,860 - INFO - IA: Raquette droite déplacée de 369 à 362
2025-05-03 16:22:20,877 - INFO - IA: Raquette droite déplacée de 362 à 355
2025-05-03 16:22:20,894 - INFO - IA: Raquette droite déplacée de 355 à 348
2025-05-03 16:22:20,911 - INFO - IA: Raquette droite déplacée de 348 à 341
2025-05-03 16:22:20,929 - INFO - IA: Raquette droite déplacée de 341 à 334
2025-05-03 16:22:20,946 - INFO - IA: Raquette droite déplacée de 334 à 327
2025-05-03 16:22:20,964 - INFO - IA: Raquette droite déplacée de 327 à 320
2025-05-03 16:22:20,981 - INFO - IA: Raquette droite déplacée de 320 à 313
2025-05-03 16:22:20,998 - INFO - IA: Raquette droite déplacée de 313 à 306
2025-05-03 16:22:21,015 - INFO - IA: Raquette droite déplacée de 306 à 299
2025-05-03 16:22:21,033 - INFO - IA: Raquette droite déplacée de 299 à 292
2025-05-03 16:22:21,050 - INFO - IA: Raquette droite déplacée de 292 à 285
2025-05-03 16:22:21,068 - INFO - IA: Raquette droite déplacée de 285 à 292
2025-05-03 16:22:21,085 - INFO - IA: Raquette droite déplacée de 292 à 285
2025-05-03 16:22:21,102 - INFO - IA: Raquette droite déplacée de 285 à 278
2025-05-03 16:22:21,120 - INFO - IA: Raquette droite déplacée de 278 à 271
2025-05-03 16:22:21,137 - INFO - IA: Raquette droite déplacée de 271 à 278
2025-05-03 16:22:21,154 - INFO - IA: Raquette droite déplacée de 278 à 271
2025-05-03 16:22:21,171 - INFO - IA: Raquette droite déplacée de 271 à 264
2025-05-03 16:22:21,188 - INFO - IA: Raquette droite déplacée de 264 à 257
2025-05-03 16:22:21,205 - INFO - IA: Raquette droite déplacée de 257 à 250
2025-05-03 16:22:21,223 - INFO - IA: Raquette droite déplacée de 250 à 243
2025-05-03 16:22:21,241 - INFO - IA: Raquette droite déplacée de 243 à 236
2025-05-03 16:22:21,258 - INFO - IA: Raquette droite déplacée de 236 à 243
2025-05-03 16:22:21,276 - INFO - IA: Raquette droite déplacée de 243 à 236
2025-05-03 16:22:21,310 - INFO - IA: Raquette droite déplacée de 236 à 229
2025-05-03 16:22:21,327 - INFO - IA: Raquette droite déplacée de 229 à 222
2025-05-03 16:22:21,346 - INFO - IA: Raquette droite déplacée de 222 à 215
2025-05-03 16:22:21,363 - INFO - IA: Raquette droite déplacée de 215 à 208
2025-05-03 16:22:21,381 - INFO - IA: Raquette droite déplacée de 208 à 201
2025-05-03 16:22:21,397 - INFO - IA: Raquette droite déplacée de 201 à 194
2025-05-03 16:22:21,414 - INFO - IA: Raquette droite déplacée de 194 à 187
2025-05-03 16:22:21,432 - INFO - IA: Raquette droite déplacée de 187 à 194
2025-05-03 16:22:21,449 - INFO - IA: Raquette droite déplacée de 194 à 187
2025-05-03 16:22:21,466 - INFO - IA: Raquette droite déplacée de 187 à 180
2025-05-03 16:22:21,501 - INFO - IA: Raquette droite déplacée de 180 à 173
2025-05-03 16:22:21,518 - INFO - IA: Raquette droite déplacée de 173 à 166
2025-05-03 16:22:21,535 - INFO - IA: Raquette droite déplacée de 166 à 159
2025-05-03 16:22:21,552 - INFO - IA: Raquette droite déplacée de 159 à 152
2025-05-03 16:22:21,570 - INFO - INPUT: Joueur appuie sur la touche HAUT
2025-05-03 16:22:21,570 - INFO - JOUEUR: Raquette gauche déplacée de 306 à 299
2025-05-03 16:22:21,570 - INFO - IA: Raquette droite déplacée de 152 à 145
2025-05-03 16:22:21,587 - INFO - JOUEUR: Raquette gauche déplacée de 299 à 292
2025-05-03 16:22:21,588 - INFO - IA: Raquette droite déplacée de 145 à 138
2025-05-03 16:22:21,605 - INFO - JOUEUR: Raquette gauche déplacée de 292 à 285
2025-05-03 16:22:21,605 - INFO - IA: Raquette droite déplacée de 138 à 131
2025-05-03 16:22:21,622 - INFO - JOUEUR: Raquette gauche déplacée de 285 à 278
2025-05-03 16:22:21,622 - INFO - IA: Raquette droite déplacée de 131 à 124
2025-05-03 16:22:21,640 - INFO - JOUEUR: Raquette gauche déplacée de 278 à 271
2025-05-03 16:22:21,640 - INFO - IA: Raquette droite déplacée de 124 à 117
2025-05-03 16:22:21,656 - INFO - JOUEUR: Raquette gauche déplacée de 271 à 264
2025-05-03 16:22:21,657 - INFO - IA: Raquette droite déplacée de 117 à 110
2025-05-03 16:22:21,673 - INFO - JOUEUR: Raquette gauche déplacée de 264 à 257
2025-05-03 16:22:21,674 - INFO - IA: Raquette droite déplacée de 110 à 103
2025-05-03 16:22:21,691 - INFO - JOUEUR: Raquette gauche déplacée de 257 à 250
2025-05-03 16:22:21,691 - INFO - IA: Raquette droite déplacée de 103 à 96
2025-05-03 16:22:21,709 - INFO - JOUEUR: Raquette gauche déplacée de 250 à 243
2025-05-03 16:22:21,709 - INFO - IA: Raquette droite déplacée de 96 à 103
2025-05-03 16:22:21,726 - INFO - JOUEUR: Raquette gauche déplacée de 243 à 236
2025-05-03 16:22:21,726 - INFO - IA: Raquette droite déplacée de 103 à 96
2025-05-03 16:22:21,743 - INFO - JOUEUR: Raquette gauche déplacée de 236 à 229
2025-05-03 16:22:21,743 - INFO - IA: Raquette droite déplacée de 96 à 89
2025-05-03 16:22:21,761 - INFO - JOUEUR: Raquette gauche déplacée de 229 à 222
2025-05-03 16:22:21,761 - INFO - IA: Raquette droite déplacée de 89 à 82
2025-05-03 16:22:21,779 - INFO - JOUEUR: Raquette gauche déplacée de 222 à 215
2025-05-03 16:22:21,779 - INFO - IA: Raquette droite déplacée de 82 à 75
2025-05-03 16:22:21,796 - INFO - JOUEUR: Raquette gauche déplacée de 215 à 208
2025-05-03 16:22:21,796 - INFO - IA: Raquette droite déplacée de 75 à 68
2025-05-03 16:22:21,813 - INFO - JOUEUR: Raquette gauche déplacée de 208 à 201
2025-05-03 16:22:21,814 - INFO - IA: Raquette droite déplacée de 68 à 61
2025-05-03 16:22:21,831 - INFO - JOUEUR: Raquette gauche déplacée de 201 à 194
2025-05-03 16:22:21,832 - INFO - IA: Raquette droite déplacée de 61 à 54
2025-05-03 16:22:21,849 - INFO - JOUEUR: Raquette gauche déplacée de 194 à 187
2025-05-03 16:22:21,850 - INFO - IA: Raquette droite déplacée de 54 à 47
2025-05-03 16:22:21,867 - INFO - JOUEUR: Raquette gauche déplacée de 187 à 180
2025-05-03 16:22:21,868 - INFO - IA: Raquette droite déplacée de 47 à 40
2025-05-03 16:22:21,884 - INFO - JOUEUR: Raquette gauche déplacée de 180 à 173
2025-05-03 16:22:21,884 - INFO - IA: Raquette droite déplacée de 40 à 47
2025-05-03 16:22:21,902 - INFO - JOUEUR: Raquette gauche déplacée de 173 à 166
2025-05-03 16:22:21,902 - INFO - IA: Raquette droite déplacée de 47 à 40
2025-05-03 16:22:21,919 - INFO - JOUEUR: Raquette gauche déplacée de 166 à 159
2025-05-03 16:22:21,919 - INFO - IA: Raquette droite déplacée de 40 à 33
2025-05-03 16:22:21,937 - INFO - JOUEUR: Raquette gauche déplacée de 159 à 152
2025-05-03 16:22:21,937 - INFO - IA: Raquette droite déplacée de 33 à 26
2025-05-03 16:22:21,954 - INFO - JOUEUR: Raquette gauche déplacée de 152 à 145
2025-05-03 16:22:21,954 - INFO - IA: Raquette droite déplacée de 26 à 19
2025-05-03 16:22:21,973 - INFO - INPUT: Joueur relâche les touches directionnelles
2025-05-03 16:22:21,973 - INFO - IA: Raquette droite déplacée de 19 à 12
2025-05-03 16:22:21,990 - INFO - IA: Raquette droite déplacée de 12 à 19
2025-05-03 16:22:22,007 - INFO - IA: Raquette droite déplacée de 19 à 26
2025-05-03 16:22:22,024 - INFO - IA: Raquette droite déplacée de 26 à 19
2025-05-03 16:22:22,042 - INFO - IA: Raquette droite déplacée de 19 à 12
2025-05-03 16:22:22,059 - INFO - IA: Raquette droite déplacée de 12 à 5
2025-05-03 16:22:22,076 - INFO - IA: Raquette droite déplacée de 5 à 0
2025-05-03 16:22:22,111 - INFO - COLLISION: Balle a rebondi sur une raquette à la position (555, 8)
2025-05-03 16:22:22,146 - INFO - COLLISION: Balle a rebondi sur un mur à la position (543, -2)
2025-05-03 16:22:22,267 - INFO - IA: Raquette droite déplacée de 0 à 7
2025-05-03 16:22:22,285 - INFO - IA: Raquette droite déplacée de 7 à 14
2025-05-03 16:22:22,302 - INFO - IA: Raquette droite déplacée de 14 à 7
2025-05-03 16:22:22,320 - INFO - IA: Raquette droite déplacée de 7 à 0
2025-05-03 16:22:22,337 - INFO - IA: Raquette droite déplacée de 0 à 7
2025-05-03 16:22:22,354 - INFO - IA: Raquette droite déplacée de 7 à 14
2025-05-03 16:22:22,371 - INFO - IA: Raquette droite déplacée de 14 à 7
2025-05-03 16:22:22,388 - INFO - IA: Raquette droite déplacée de 7 à 14
2025-05-03 16:22:22,406 - INFO - IA: Raquette droite déplacée de 14 à 21
2025-05-03 16:22:22,423 - INFO - IA: Raquette droite déplacée de 21 à 28
2025-05-03 16:22:22,440 - INFO - IA: Raquette droite déplacée de 28 à 35
2025-05-03 16:22:22,457 - INFO - IA: Raquette droite déplacée de 35 à 42
2025-05-03 16:22:22,474 - INFO - IA: Raquette droite déplacée de 42 à 35
2025-05-03 16:22:22,492 - INFO - IA: Raquette droite déplacée de 35 à 42
2025-05-03 16:22:22,509 - INFO - IA: Raquette droite déplacée de 42 à 49
2025-05-03 16:22:22,526 - INFO - IA: Raquette droite déplacée de 49 à 56
2025-05-03 16:22:22,543 - INFO - IA: Raquette droite déplacée de 56 à 63
2025-05-03 16:22:22,561 - INFO - IA: Raquette droite déplacée de 63 à 70
2025-05-03 16:22:22,596 - INFO - IA: Raquette droite déplacée de 70 à 77
2025-05-03 16:22:22,613 - INFO - IA: Raquette droite déplacée de 77 à 84
2025-05-03 16:22:22,630 - INFO - IA: Raquette droite déplacée de 84 à 91
2025-05-03 16:22:22,649 - INFO - IA: Raquette droite déplacée de 91 à 84
2025-05-03 16:22:22,667 - INFO - IA: Raquette droite déplacée de 84 à 91
2025-05-03 16:22:22,685 - INFO - IA: Raquette droite déplacée de 91 à 98
2025-05-03 16:22:22,702 - INFO - IA: Raquette droite déplacée de 98 à 105
2025-05-03 16:22:22,720 - INFO - IA: Raquette droite déplacée de 105 à 112
2025-05-03 16:22:22,737 - INFO - IA: Raquette droite déplacée de 112 à 119
2025-05-03 16:22:22,770 - INFO - IA: Raquette droite déplacée de 119 à 126
2025-05-03 16:22:22,788 - INFO - IA: Raquette droite déplacée de 126 à 133
2025-05-03 16:22:22,805 - INFO - IA: Raquette droite déplacée de 133 à 126
2025-05-03 16:22:22,823 - INFO - IA: Raquette droite déplacée de 126 à 133
2025-05-03 16:22:22,840 - INFO - IA: Raquette droite déplacée de 133 à 140
2025-05-03 16:22:22,857 - INFO - IA: Raquette droite déplacée de 140 à 147
2025-05-03 16:22:22,874 - INFO - IA: Raquette droite déplacée de 147 à 154
2025-05-03 16:22:22,891 - INFO - IA: Raquette droite déplacée de 154 à 161
2025-05-03 16:22:22,909 - INFO - IA: Raquette droite déplacée de 161 à 168
2025-05-03 16:22:22,926 - INFO - IA: Raquette droite déplacée de 168 à 175
2025-05-03 16:22:22,944 - INFO - IA: Raquette droite déplacée de 175 à 168
2025-05-03 16:22:22,961 - INFO - IA: Raquette droite déplacée de 168 à 175
2025-05-03 16:22:22,978 - INFO - IA: Raquette droite déplacée de 175 à 182
2025-05-03 16:22:22,995 - INFO - IA: Raquette droite déplacée de 182 à 189
2025-05-03 16:22:23,012 - INFO - IA: Raquette droite déplacée de 189 à 196
2025-05-03 16:22:23,030 - INFO - IA: Raquette droite déplacée de 196 à 189
2025-05-03 16:22:23,048 - INFO - IA: Raquette droite déplacée de 189 à 196
2025-05-03 16:22:23,066 - INFO - IA: Raquette droite déplacée de 196 à 203
2025-05-03 16:22:23,083 - INFO - IA: Raquette droite déplacée de 203 à 210
2025-05-03 16:22:23,118 - INFO - INPUT: Joueur appuie sur la touche BAS
2025-05-03 16:22:23,118 - INFO - JOUEUR: Raquette gauche déplacée de 145 à 152
2025-05-03 16:22:23,118 - INFO - IA: Raquette droite déplacée de 210 à 203
2025-05-03 16:22:23,135 - INFO - JOUEUR: Raquette gauche déplacée de 152 à 159
2025-05-03 16:22:23,135 - INFO - IA: Raquette droite déplacée de 203 à 210
2025-05-03 16:22:23,152 - INFO - JOUEUR: Raquette gauche déplacée de 159 à 166
2025-05-03 16:22:23,152 - INFO - IA: Raquette droite déplacée de 210 à 217
2025-05-03 16:22:23,169 - INFO - JOUEUR: Raquette gauche déplacée de 166 à 173
2025-05-03 16:22:23,169 - INFO - IA: Raquette droite déplacée de 217 à 224
2025-05-03 16:22:23,187 - INFO - JOUEUR: Raquette gauche déplacée de 173 à 180
2025-05-03 16:22:23,187 - INFO - IA: Raquette droite déplacée de 224 à 231
2025-05-03 16:22:23,205 - INFO - JOUEUR: Raquette gauche déplacée de 180 à 187
2025-05-03 16:22:23,205 - INFO - IA: Raquette droite déplacée de 231 à 224
2025-05-03 16:22:23,224 - INFO - JOUEUR: Raquette gauche déplacée de 187 à 194
2025-05-03 16:22:23,224 - INFO - IA: Raquette droite déplacée de 224 à 231
2025-05-03 16:22:23,241 - INFO - JOUEUR: Raquette gauche déplacée de 194 à 201
2025-05-03 16:22:23,242 - INFO - IA: Raquette droite déplacée de 231 à 238
2025-05-03 16:22:23,259 - INFO - JOUEUR: Raquette gauche déplacée de 201 à 208
2025-05-03 16:22:23,259 - INFO - IA: Raquette droite déplacée de 238 à 245
2025-05-03 16:22:23,276 - INFO - JOUEUR: Raquette gauche déplacée de 208 à 215
2025-05-03 16:22:23,276 - INFO - IA: Raquette droite déplacée de 245 à 252
2025-05-03 16:22:23,293 - INFO - JOUEUR: Raquette gauche déplacée de 215 à 222
2025-05-03 16:22:23,294 - INFO - IA: Raquette droite déplacée de 252 à 259
2025-05-03 16:22:23,311 - INFO - JOUEUR: Raquette gauche déplacée de 222 à 229
2025-05-03 16:22:23,312 - INFO - IA: Raquette droite déplacée de 259 à 266
2025-05-03 16:22:23,329 - INFO - JOUEUR: Raquette gauche déplacée de 229 à 236
2025-05-03 16:22:23,330 - INFO - IA: Raquette droite déplacée de 266 à 273
2025-05-03 16:22:23,347 - INFO - JOUEUR: Raquette gauche déplacée de 236 à 243
2025-05-03 16:22:23,348 - INFO - IA: Raquette droite déplacée de 273 à 280
2025-05-03 16:22:23,365 - INFO - JOUEUR: Raquette gauche déplacée de 243 à 250
2025-05-03 16:22:23,365 - INFO - IA: Raquette droite déplacée de 280 à 287
2025-05-03 16:22:23,382 - INFO - JOUEUR: Raquette gauche déplacée de 250 à 257
2025-05-03 16:22:23,382 - INFO - IA: Raquette droite déplacée de 287 à 294
2025-05-03 16:22:23,399 - INFO - JOUEUR: Raquette gauche déplacée de 257 à 264
2025-05-03 16:22:23,399 - INFO - IA: Raquette droite déplacée de 294 à 301
2025-05-03 16:22:23,416 - INFO - JOUEUR: Raquette gauche déplacée de 264 à 271
2025-05-03 16:22:23,417 - INFO - IA: Raquette droite déplacée de 301 à 308
2025-05-03 16:22:23,434 - INFO - JOUEUR: Raquette gauche déplacée de 271 à 278
2025-05-03 16:22:23,434 - INFO - IA: Raquette droite déplacée de 308 à 315
2025-05-03 16:22:23,451 - INFO - JOUEUR: Raquette gauche déplacée de 278 à 285
2025-05-03 16:22:23,452 - INFO - IA: Raquette droite déplacée de 315 à 322
2025-05-03 16:22:23,469 - INFO - JOUEUR: Raquette gauche déplacée de 285 à 292
2025-05-03 16:22:23,469 - INFO - IA: Raquette droite déplacée de 322 à 329
2025-05-03 16:22:23,487 - INFO - JOUEUR: Raquette gauche déplacée de 292 à 299
2025-05-03 16:22:23,487 - INFO - IA: Raquette droite déplacée de 329 à 322
2025-05-03 16:22:23,504 - INFO - JOUEUR: Raquette gauche déplacée de 299 à 306
2025-05-03 16:22:23,504 - INFO - IA: Raquette droite déplacée de 322 à 315
2025-05-03 16:22:23,521 - INFO - JOUEUR: Raquette gauche déplacée de 306 à 313
2025-05-03 16:22:23,521 - INFO - IA: Raquette droite déplacée de 315 à 322
2025-05-03 16:22:23,538 - INFO - JOUEUR: Raquette gauche déplacée de 313 à 320
2025-05-03 16:22:23,538 - INFO - IA: Raquette droite déplacée de 322 à 329
2025-05-03 16:22:23,554 - INFO - JOUEUR: Raquette gauche déplacée de 320 à 327
2025-05-03 16:22:23,555 - INFO - IA: Raquette droite déplacée de 329 à 336
2025-05-03 16:22:23,571 - INFO - JOUEUR: Raquette gauche déplacée de 327 à 334
2025-05-03 16:22:23,571 - INFO - IA: Raquette droite déplacée de 336 à 343
2025-05-03 16:22:23,588 - INFO - JOUEUR: Raquette gauche déplacée de 334 à 341
2025-05-03 16:22:23,588 - INFO - IA: Raquette droite déplacée de 343 à 350
2025-05-03 16:22:23,606 - INFO - JOUEUR: Raquette gauche déplacée de 341 à 348
2025-05-03 16:22:23,606 - INFO - IA: Raquette droite déplacée de 350 à 357
2025-05-03 16:22:23,624 - INFO - JOUEUR: Raquette gauche déplacée de 348 à 355
2025-05-03 16:22:23,624 - INFO - IA: Raquette droite déplacée de 357 à 364
2025-05-03 16:22:23,624 - INFO - COLLISION: Balle a rebondi sur une raquette à la position (33, 423)
2025-05-03 16:22:23,640 - INFO - JOUEUR: Raquette gauche déplacée de 355 à 362
2025-05-03 16:22:23,641 - INFO - IA: Raquette droite déplacée de 364 à 371
2025-05-03 16:22:23,658 - INFO - JOUEUR: Raquette gauche déplacée de 362 à 369
2025-05-03 16:22:23,658 - INFO - IA: Raquette droite déplacée de 371 à 378
2025-05-03 16:22:23,674 - INFO - JOUEUR: Raquette gauche déplacée de 369 à 376
2025-05-03 16:22:23,675 - INFO - IA: Raquette droite déplacée de 378 à 385
2025-05-03 16:22:23,692 - INFO - JOUEUR: Raquette gauche déplacée de 376 à 383
2025-05-03 16:22:23,692 - INFO - IA: Raquette droite déplacée de 385 à 390
2025-05-03 16:22:23,709 - INFO - JOUEUR: Raquette gauche déplacée de 383 à 390
2025-05-03 16:22:23,780 - INFO - COLLISION: Balle a rebondi sur un mur à la position (96, 468)
2025-05-03 16:22:23,833 - INFO - INPUT: Joueur relâche les touches directionnelles
2025-05-03 16:22:23,850 - INFO - IA: Raquette droite déplacée de 390 à 383
2025-05-03 16:22:23,867 - INFO - IA: Raquette droite déplacée de 383 à 390
2025-05-03 16:22:23,953 - INFO - IA: Raquette droite déplacée de 390 à 383
2025-05-03 16:22:23,971 - INFO - IA: Raquette droite déplacée de 383 à 376
2025-05-03 16:22:23,988 - INFO - IA: Raquette droite déplacée de 376 à 383
2025-05-03 16:22:24,005 - INFO - IA: Raquette droite déplacée de 383 à 376
2025-05-03 16:22:24,022 - INFO - IA: Raquette droite déplacée de 376 à 383
2025-05-03 16:22:24,039 - INFO - IA: Raquette droite déplacée de 383 à 376
2025-05-03 16:22:24,056 - INFO - IA: Raquette droite déplacée de 376 à 369
2025-05-03 16:22:24,074 - INFO - IA: Raquette droite déplacée de 369 à 362
2025-05-03 16:22:24,091 - INFO - IA: Raquette droite déplacée de 362 à 355
2025-05-03 16:22:24,107 - INFO - IA: Raquette droite déplacée de 355 à 348
2025-05-03 16:22:24,124 - INFO - IA: Raquette droite déplacée de 348 à 341
2025-05-03 16:22:24,142 - INFO - IA: Raquette droite déplacée de 341 à 334
2025-05-03 16:22:24,159 - INFO - IA: Raquette droite déplacée de 334 à 341
2025-05-03 16:22:24,177 - INFO - IA: Raquette droite déplacée de 341 à 334
2025-05-03 16:22:24,194 - INFO - IA: Raquette droite déplacée de 334 à 341
2025-05-03 16:22:24,212 - INFO - INPUT: Joueur appuie sur la touche HAUT
2025-05-03 16:22:24,212 - INFO - JOUEUR: Raquette gauche déplacée de 390 à 383
2025-05-03 16:22:24,213 - INFO - IA: Raquette droite déplacée de 341 à 334
2025-05-03 16:22:24,231 - INFO - JOUEUR: Raquette gauche déplacée de 383 à 376
2025-05-03 16:22:24,231 - INFO - IA: Raquette droite déplacée de 334 à 327
2025-05-03 16:22:24,250 - INFO - JOUEUR: Raquette gauche déplacée de 376 à 369
2025-05-03 16:22:24,251 - INFO - IA: Raquette droite déplacée de 327 à 320
2025-05-03 16:22:24,269 - INFO - JOUEUR: Raquette gauche déplacée de 369 à 362
2025-05-03 16:22:24,269 - INFO - IA: Raquette droite déplacée de 320 à 313
2025-05-03 16:22:24,286 - INFO - JOUEUR: Raquette gauche déplacée de 362 à 355
2025-05-03 16:22:24,286 - INFO - IA: Raquette droite déplacée de 313 à 306
2025-05-03 16:22:24,304 - INFO - JOUEUR: Raquette gauche déplacée de 355 à 348
2025-05-03 16:22:24,304 - INFO - IA: Raquette droite déplacée de 306 à 299
2025-05-03 16:22:24,321 - INFO - JOUEUR: Raquette gauche déplacée de 348 à 341
2025-05-03 16:22:24,321 - INFO - IA: Raquette droite déplacée de 299 à 292
2025-05-03 16:22:24,338 - INFO - JOUEUR: Raquette gauche déplacée de 341 à 334
2025-05-03 16:22:24,338 - INFO - IA: Raquette droite déplacée de 292 à 285
2025-05-03 16:22:24,356 - INFO - JOUEUR: Raquette gauche déplacée de 334 à 327
2025-05-03 16:22:24,356 - INFO - IA: Raquette droite déplacée de 285 à 278
2025-05-03 16:22:24,373 - INFO - JOUEUR: Raquette gauche déplacée de 327 à 320
2025-05-03 16:22:24,373 - INFO - IA: Raquette droite déplacée de 278 à 271
2025-05-03 16:22:24,390 - INFO - JOUEUR: Raquette gauche déplacée de 320 à 313
2025-05-03 16:22:24,390 - INFO - IA: Raquette droite déplacée de 271 à 278
2025-05-03 16:22:24,407 - INFO - JOUEUR: Raquette gauche déplacée de 313 à 306
2025-05-03 16:22:24,407 - INFO - IA: Raquette droite déplacée de 278 à 271
2025-05-03 16:22:24,425 - INFO - JOUEUR: Raquette gauche déplacée de 306 à 299
2025-05-03 16:22:24,425 - INFO - IA: Raquette droite déplacée de 271 à 264
2025-05-03 16:22:24,442 - INFO - JOUEUR: Raquette gauche déplacée de 299 à 292
2025-05-03 16:22:24,442 - INFO - IA: Raquette droite déplacée de 264 à 257
2025-05-03 16:22:24,460 - INFO - JOUEUR: Raquette gauche déplacée de 292 à 285
2025-05-03 16:22:24,460 - INFO - IA: Raquette droite déplacée de 257 à 250
2025-05-03 16:22:24,477 - INFO - JOUEUR: Raquette gauche déplacée de 285 à 278
2025-05-03 16:22:24,477 - INFO - IA: Raquette droite déplacée de 250 à 243
2025-05-03 16:22:24,495 - INFO - JOUEUR: Raquette gauche déplacée de 278 à 271
2025-05-03 16:22:24,495 - INFO - IA: Raquette droite déplacée de 243 à 250
2025-05-03 16:22:24,514 - INFO - JOUEUR: Raquette gauche déplacée de 271 à 264
2025-05-03 16:22:24,514 - INFO - IA: Raquette droite déplacée de 250 à 243
2025-05-03 16:22:24,531 - INFO - JOUEUR: Raquette gauche déplacée de 264 à 257
2025-05-03 16:22:24,531 - INFO - IA: Raquette droite déplacée de 243 à 236
2025-05-03 16:22:24,548 - INFO - JOUEUR: Raquette gauche déplacée de 257 à 250
2025-05-03 16:22:24,548 - INFO - IA: Raquette droite déplacée de 236 à 229
2025-05-03 16:22:24,566 - INFO - JOUEUR: Raquette gauche déplacée de 250 à 243
2025-05-03 16:22:24,566 - INFO - IA: Raquette droite déplacée de 229 à 222
2025-05-03 16:22:24,583 - INFO - JOUEUR: Raquette gauche déplacée de 243 à 236
2025-05-03 16:22:24,583 - INFO - IA: Raquette droite déplacée de 222 à 215
2025-05-03 16:22:24,601 - INFO - JOUEUR: Raquette gauche déplacée de 236 à 229
2025-05-03 16:22:24,601 - INFO - IA: Raquette droite déplacée de 215 à 208
2025-05-03 16:22:24,618 - INFO - JOUEUR: Raquette gauche déplacée de 229 à 222
2025-05-03 16:22:24,619 - INFO - IA: Raquette droite déplacée de 208 à 201
2025-05-03 16:22:24,635 - INFO - JOUEUR: Raquette gauche déplacée de 222 à 215
2025-05-03 16:22:24,636 - INFO - IA: Raquette droite déplacée de 201 à 194
2025-05-03 16:22:24,652 - INFO - JOUEUR: Raquette gauche déplacée de 215 à 208
2025-05-03 16:22:24,652 - INFO - IA: Raquette droite déplacée de 194 à 201
2025-05-03 16:22:24,669 - INFO - JOUEUR: Raquette gauche déplacée de 208 à 201
2025-05-03 16:22:24,670 - INFO - IA: Raquette droite déplacée de 201 à 194
2025-05-03 16:22:24,686 - INFO - JOUEUR: Raquette gauche déplacée de 201 à 194
2025-05-03 16:22:24,687 - INFO - IA: Raquette droite déplacée de 194 à 187
2025-05-03 16:22:24,704 - INFO - JOUEUR: Raquette gauche déplacée de 194 à 187
2025-05-03 16:22:24,704 - INFO - IA: Raquette droite déplacée de 187 à 180
2025-05-03 16:22:24,721 - INFO - JOUEUR: Raquette gauche déplacée de 187 à 180
2025-05-03 16:22:24,721 - INFO - IA: Raquette droite déplacée de 180 à 173
2025-05-03 16:22:24,739 - INFO - JOUEUR: Raquette gauche déplacée de 180 à 173
2025-05-03 16:22:24,739 - INFO - IA: Raquette droite déplacée de 173 à 166
2025-05-03 16:22:24,755 - INFO - JOUEUR: Raquette gauche déplacée de 173 à 166
2025-05-03 16:22:24,756 - INFO - IA: Raquette droite déplacée de 166 à 173
2025-05-03 16:22:24,772 - INFO - JOUEUR: Raquette gauche déplacée de 166 à 159
2025-05-03 16:22:24,773 - INFO - IA: Raquette droite déplacée de 173 à 166
2025-05-03 16:22:24,791 - INFO - INPUT: Joueur relâche les touches directionnelles
2025-05-03 16:22:24,792 - INFO - IA: Raquette droite déplacée de 166 à 159
2025-05-03 16:22:24,810 - INFO - IA: Raquette droite déplacée de 159 à 166
2025-05-03 16:22:24,828 - INFO - IA: Raquette droite déplacée de 166 à 159
2025-05-03 16:22:24,845 - INFO - IA: Raquette droite déplacée de 159 à 152
2025-05-03 16:22:24,862 - INFO - IA: Raquette droite déplacée de 152 à 145
2025-05-03 16:22:24,879 - INFO - IA: Raquette droite déplacée de 145 à 152
2025-05-03 16:22:24,896 - INFO - IA: Raquette droite déplacée de 152 à 145
2025-05-03 16:22:24,914 - INFO - IA: Raquette droite déplacée de 145 à 138
2025-05-03 16:22:24,914 - INFO - COLLISION: Balle a rebondi sur une raquette à la position (551, 143)
2025-05-03 16:22:24,931 - INFO - IA: Raquette droite déplacée de 138 à 131
2025-05-03 16:22:24,948 - INFO - IA: Raquette droite déplacée de 131 à 124
2025-05-03 16:22:24,967 - INFO - IA: Raquette droite déplacée de 124 à 117
2025-05-03 16:22:24,984 - INFO - IA: Raquette droite déplacée de 117 à 110
2025-05-03 16:22:25,003 - INFO - IA: Raquette droite déplacée de 110 à 103
2025-05-03 16:22:25,021 - INFO - IA: Raquette droite déplacée de 103 à 96
2025-05-03 16:22:25,055 - INFO - IA: Raquette droite déplacée de 96 à 103
2025-05-03 16:22:25,073 - INFO - IA: Raquette droite déplacée de 103 à 96
2025-05-03 16:22:25,090 - INFO - IA: Raquette droite déplacée de 96 à 89
2025-05-03 16:22:25,106 - INFO - IA: Raquette droite déplacée de 89 à 82
2025-05-03 16:22:25,124 - INFO - IA: Raquette droite déplacée de 82 à 75
2025-05-03 16:22:25,141 - INFO - IA: Raquette droite déplacée de 75 à 68
2025-05-03 16:22:25,158 - INFO - IA: Raquette droite déplacée de 68 à 61
2025-05-03 16:22:25,176 - INFO - IA: Raquette droite déplacée de 61 à 68
2025-05-03 16:22:25,193 - INFO - IA: Raquette droite déplacée de 68 à 61
2025-05-03 16:22:25,210 - INFO - IA: Raquette droite déplacée de 61 à 54
2025-05-03 16:22:25,227 - INFO - IA: Raquette droite déplacée de 54 à 47
2025-05-03 16:22:25,245 - INFO - IA: Raquette droite déplacée de 47 à 40
2025-05-03 16:22:25,263 - INFO - IA: Raquette droite déplacée de 40 à 33
2025-05-03 16:22:25,282 - INFO - IA: Raquette droite déplacée de 33 à 26
2025-05-03 16:22:25,301 - INFO - IA: Raquette droite déplacée de 26 à 19
2025-05-03 16:22:25,318 - INFO - IA: Raquette droite déplacée de 19 à 12
2025-05-03 16:22:25,335 - INFO - IA: Raquette droite déplacée de 12 à 5
2025-05-03 16:22:25,352 - INFO - IA: Raquette droite déplacée de 5 à 0
2025-05-03 16:22:25,387 - INFO - IA: Raquette droite déplacée de 0 à 7
2025-05-03 16:22:25,405 - INFO - IA: Raquette droite déplacée de 7 à 0
2025-05-03 16:22:25,422 - INFO - COLLISION: Balle a rebondi sur un mur à la position (348, -2)
2025-05-03 16:22:25,543 - INFO - IA: Raquette droite déplacée de 0 à 7
2025-05-03 16:22:25,561 - INFO - INPUT: Joueur appuie sur la touche HAUT
2025-05-03 16:22:25,561 - INFO - JOUEUR: Raquette gauche déplacée de 159 à 152
2025-05-03 16:22:25,561 - INFO - IA: Raquette droite déplacée de 7 à 0
2025-05-03 16:22:25,579 - INFO - JOUEUR: Raquette gauche déplacée de 152 à 145
2025-05-03 16:22:25,579 - INFO - IA: Raquette droite déplacée de 0 à 7
2025-05-03 16:22:25,596 - INFO - JOUEUR: Raquette gauche déplacée de 145 à 138
2025-05-03 16:22:25,597 - INFO - IA: Raquette droite déplacée de 7 à 0
2025-05-03 16:22:25,613 - INFO - JOUEUR: Raquette gauche déplacée de 138 à 131
2025-05-03 16:22:25,631 - INFO - JOUEUR: Raquette gauche déplacée de 131 à 124
2025-05-03 16:22:25,631 - INFO - IA: Raquette droite déplacée de 0 à 7
2025-05-03 16:22:25,648 - INFO - JOUEUR: Raquette gauche déplacée de 124 à 117
2025-05-03 16:22:25,648 - INFO - IA: Raquette droite déplacée de 7 à 0
2025-05-03 16:22:25,666 - INFO - JOUEUR: Raquette gauche déplacée de 117 à 110
2025-05-03 16:22:25,666 - INFO - IA: Raquette droite déplacée de 0 à 7
2025-05-03 16:22:25,683 - INFO - JOUEUR: Raquette gauche déplacée de 110 à 103
2025-05-03 16:22:25,683 - INFO - IA: Raquette droite déplacée de 7 à 0
2025-05-03 16:22:25,701 - INFO - JOUEUR: Raquette gauche déplacée de 103 à 96
2025-05-03 16:22:25,701 - INFO - IA: Raquette droite déplacée de 0 à 7
2025-05-03 16:22:25,718 - INFO - JOUEUR: Raquette gauche déplacée de 96 à 89
2025-05-03 16:22:25,718 - INFO - IA: Raquette droite déplacée de 7 à 14
2025-05-03 16:22:25,735 - INFO - JOUEUR: Raquette gauche déplacée de 89 à 82
2025-05-03 16:22:25,735 - INFO - IA: Raquette droite déplacée de 14 à 21
2025-05-03 16:22:25,752 - INFO - JOUEUR: Raquette gauche déplacée de 82 à 75
2025-05-03 16:22:25,752 - INFO - IA: Raquette droite déplacée de 21 à 28
2025-05-03 16:22:25,769 - INFO - INPUT: Joueur relâche les touches directionnelles
2025-05-03 16:22:25,770 - INFO - IA: Raquette droite déplacée de 28 à 35
2025-05-03 16:22:25,787 - INFO - IA: Raquette droite déplacée de 35 à 42
2025-05-03 16:22:25,805 - INFO - IA: Raquette droite déplacée de 42 à 49
2025-05-03 16:22:25,823 - INFO - IA: Raquette droite déplacée de 49 à 56
2025-05-03 16:22:25,840 - INFO - IA: Raquette droite déplacée de 56 à 63
2025-05-03 16:22:25,858 - INFO - IA: Raquette droite déplacée de 63 à 70
2025-05-03 16:22:25,876 - INFO - IA: Raquette droite déplacée de 70 à 63
2025-05-03 16:22:25,892 - INFO - IA: Raquette droite déplacée de 63 à 70
2025-05-03 16:22:25,909 - INFO - IA: Raquette droite déplacée de 70 à 77
2025-05-03 16:22:25,926 - INFO - IA: Raquette droite déplacée de 77 à 84
2025-05-03 16:22:25,943 - INFO - IA: Raquette droite déplacée de 84 à 91
2025-05-03 16:22:25,961 - INFO - INPUT: Joueur appuie sur la touche BAS
2025-05-03 16:22:25,961 - INFO - JOUEUR: Raquette gauche déplacée de 75 à 82
2025-05-03 16:22:25,961 - INFO - IA: Raquette droite déplacée de 91 à 98
2025-05-03 16:22:25,978 - INFO - JOUEUR: Raquette gauche déplacée de 82 à 89
2025-05-03 16:22:25,979 - INFO - IA: Raquette droite déplacée de 98 à 105
2025-05-03 16:22:25,997 - INFO - JOUEUR: Raquette gauche déplacée de 89 à 96
2025-05-03 16:22:25,998 - INFO - IA: Raquette droite déplacée de 105 à 112
2025-05-03 16:22:26,015 - INFO - JOUEUR: Raquette gauche déplacée de 96 à 103
2025-05-03 16:22:26,015 - INFO - IA: Raquette droite déplacée de 112 à 119
2025-05-03 16:22:26,032 - INFO - JOUEUR: Raquette gauche déplacée de 103 à 110
2025-05-03 16:22:26,032 - INFO - IA: Raquette droite déplacée de 119 à 112
2025-05-03 16:22:26,050 - INFO - JOUEUR: Raquette gauche déplacée de 110 à 117
2025-05-03 16:22:26,050 - INFO - IA: Raquette droite déplacée de 112 à 119
2025-05-03 16:22:26,067 - INFO - JOUEUR: Raquette gauche déplacée de 117 à 124
2025-05-03 16:22:26,085 - INFO - JOUEUR: Raquette gauche déplacée de 124 à 131
2025-05-03 16:22:26,085 - INFO - IA: Raquette droite déplacée de 119 à 126
2025-05-03 16:22:26,103 - INFO - JOUEUR: Raquette gauche déplacée de 131 à 138
2025-05-03 16:22:26,103 - INFO - IA: Raquette droite déplacée de 126 à 133
2025-05-03 16:22:26,120 - INFO - JOUEUR: Raquette gauche déplacée de 138 à 145
2025-05-03 16:22:26,120 - INFO - IA: Raquette droite déplacée de 133 à 140
2025-05-03 16:22:26,137 - INFO - JOUEUR: Raquette gauche déplacée de 145 à 152
2025-05-03 16:22:26,137 - INFO - IA: Raquette droite déplacée de 140 à 147
2025-05-03 16:22:26,155 - INFO - JOUEUR: Raquette gauche déplacée de 152 à 159
2025-05-03 16:22:26,155 - INFO - IA: Raquette droite déplacée de 147 à 140
2025-05-03 16:22:26,172 - INFO - JOUEUR: Raquette gauche déplacée de 159 à 166
2025-05-03 16:22:26,172 - INFO - IA: Raquette droite déplacée de 140 à 147
2025-05-03 16:22:26,190 - INFO - JOUEUR: Raquette gauche déplacée de 166 à 173
2025-05-03 16:22:26,190 - INFO - IA: Raquette droite déplacée de 147 à 154
2025-05-03 16:22:26,207 - INFO - JOUEUR: Raquette gauche déplacée de 173 à 180
2025-05-03 16:22:26,207 - INFO - IA: Raquette droite déplacée de 154 à 161
2025-05-03 16:22:26,207 - INFO - COLLISION: Balle a rebondi sur une raquette à la position (33, 223)
2025-05-03 16:22:26,224 - INFO - JOUEUR: Raquette gauche déplacée de 180 à 187
2025-05-03 16:22:26,225 - INFO - IA: Raquette droite déplacée de 161 à 168
2025-05-03 16:22:26,241 - INFO - JOUEUR: Raquette gauche déplacée de 187 à 194
2025-05-03 16:22:26,242 - INFO - IA: Raquette droite déplacée de 168 à 175
2025-05-03 16:22:26,259 - INFO - JOUEUR: Raquette gauche déplacée de 194 à 201
2025-05-03 16:22:26,259 - INFO - IA: Raquette droite déplacée de 175 à 182
2025-05-03 16:22:26,277 - INFO - JOUEUR: Raquette gauche déplacée de 201 à 208
2025-05-03 16:22:26,277 - INFO - IA: Raquette droite déplacée de 182 à 189
2025-05-03 16:22:26,294 - INFO - JOUEUR: Raquette gauche déplacée de 208 à 215
2025-05-03 16:22:26,294 - INFO - IA: Raquette droite déplacée de 189 à 196
2025-05-03 16:22:26,312 - INFO - JOUEUR: Raquette gauche déplacée de 215 à 222
2025-05-03 16:22:26,313 - INFO - IA: Raquette droite déplacée de 196 à 189
2025-05-03 16:22:26,332 - INFO - JOUEUR: Raquette gauche déplacée de 222 à 229
2025-05-03 16:22:26,332 - INFO - IA: Raquette droite déplacée de 189 à 196
2025-05-03 16:22:26,350 - INFO - JOUEUR: Raquette gauche déplacée de 229 à 236
2025-05-03 16:22:26,350 - INFO - IA: Raquette droite déplacée de 196 à 203
2025-05-03 16:22:26,368 - INFO - JOUEUR: Raquette gauche déplacée de 236 à 243
2025-05-03 16:22:26,368 - INFO - IA: Raquette droite déplacée de 203 à 210
2025-05-03 16:22:26,385 - INFO - JOUEUR: Raquette gauche déplacée de 243 à 250
2025-05-03 16:22:26,385 - INFO - IA: Raquette droite déplacée de 210 à 217
2025-05-03 16:22:26,404 - INFO - INPUT: Joueur relâche les touches directionnelles
2025-05-03 16:22:26,404 - INFO - IA: Raquette droite déplacée de 217 à 224
2025-05-03 16:22:26,421 - INFO - IA: Raquette droite déplacée de 224 à 231
2025-05-03 16:22:26,438 - INFO - IA: Raquette droite déplacée de 231 à 238
2025-05-03 16:22:26,456 - INFO - IA: Raquette droite déplacée de 238 à 245
2025-05-03 16:22:26,472 - INFO - IA: Raquette droite déplacée de 245 à 252
2025-05-03 16:22:26,490 - INFO - IA: Raquette droite déplacée de 252 à 259
2025-05-03 16:22:26,507 - INFO - IA: Raquette droite déplacée de 259 à 266
2025-05-03 16:22:26,524 - INFO - IA: Raquette droite déplacée de 266 à 259
2025-05-03 16:22:26,542 - INFO - IA: Raquette droite déplacée de 259 à 266
2025-05-03 16:22:26,560 - INFO - IA: Raquette droite déplacée de 266 à 259
2025-05-03 16:22:26,577 - INFO - IA: Raquette droite déplacée de 259 à 266
2025-05-03 16:22:26,595 - INFO - IA: Raquette droite déplacée de 266 à 273
2025-05-03 16:22:26,612 - INFO - IA: Raquette droite déplacée de 273 à 280
2025-05-03 16:22:26,629 - INFO - IA: Raquette droite déplacée de 280 à 287
2025-05-03 16:22:26,647 - INFO - IA: Raquette droite déplacée de 287 à 294
2025-05-03 16:22:26,664 - INFO - IA: Raquette droite déplacée de 294 à 301
2025-05-03 16:22:26,681 - INFO - IA: Raquette droite déplacée de 301 à 294
2025-05-03 16:22:26,698 - INFO - IA: Raquette droite déplacée de 294 à 301
2025-05-03 16:22:26,716 - INFO - IA: Raquette droite déplacée de 301 à 308
2025-05-03 16:22:26,733 - INFO - IA: Raquette droite déplacée de 308 à 315
2025-05-03 16:22:26,751 - INFO - IA: Raquette droite déplacée de 315 à 322
2025-05-03 16:22:26,767 - INFO - IA: Raquette droite déplacée de 322 à 329
2025-05-03 16:22:26,785 - INFO - IA: Raquette droite déplacée de 329 à 336
2025-05-03 16:22:26,802 - INFO - IA: Raquette droite déplacée de 336 à 343
2025-05-03 16:22:26,820 - INFO - IA: Raquette droite déplacée de 343 à 350
2025-05-03 16:22:26,837 - INFO - IA: Raquette droite déplacée de 350 à 357
2025-05-03 16:22:26,855 - INFO - IA: Raquette droite déplacée de 357 à 364
2025-05-03 16:22:26,872 - INFO - IA: Raquette droite déplacée de 364 à 357
2025-05-03 16:22:26,889 - INFO - IA: Raquette droite déplacée de 357 à 364
2025-05-03 16:22:26,906 - INFO - IA: Raquette droite déplacée de 364 à 371
2025-05-03 16:22:26,923 - INFO - IA: Raquette droite déplacée de 371 à 378
2025-05-03 16:22:26,940 - INFO - IA: Raquette droite déplacée de 378 à 385
2025-05-03 16:22:26,957 - INFO - IA: Raquette droite déplacée de 385 à 390
2025-05-03 16:22:27,009 - INFO - IA: Raquette droite déplacée de 390 à 383
2025-05-03 16:22:27,027 - INFO - IA: Raquette droite déplacée de 383 à 390
2025-05-03 16:22:27,061 - INFO - COLLISION: Balle a rebondi sur un mur à la position (425, 468)
2025-05-03 16:22:27,218 - INFO - IA: Raquette droite déplacée de 390 à 383
2025-05-03 16:22:27,235 - INFO - IA: Raquette droite déplacée de 383 à 376
2025-05-03 16:22:27,271 - INFO - IA: Raquette droite déplacée de 376 à 369
2025-05-03 16:22:27,288 - INFO - IA: Raquette droite déplacée de 369 à 362
2025-05-03 16:22:27,305 - INFO - IA: Raquette droite déplacée de 362 à 355
2025-05-03 16:22:27,323 - INFO - IA: Raquette droite déplacée de 355 à 348
2025-05-03 16:22:27,341 - INFO - IA: Raquette droite déplacée de 348 à 355
2025-05-03 16:22:27,341 - INFO - COLLISION: Balle a rebondi sur une raquette à la position (553, 388)
2025-05-03 16:22:27,359 - INFO - INPUT: Joueur appuie sur la touche BAS
2025-05-03 16:22:27,360 - INFO - JOUEUR: Raquette gauche déplacée de 250 à 257
2025-05-03 16:22:27,360 - INFO - IA: Raquette droite déplacée de 355 à 362
2025-05-03 16:22:27,378 - INFO - JOUEUR: Raquette gauche déplacée de 257 à 264
2025-05-03 16:22:27,378 - INFO - IA: Raquette droite déplacée de 362 à 355
2025-05-03 16:22:27,396 - INFO - JOUEUR: Raquette gauche déplacée de 264 à 271
2025-05-03 16:22:27,396 - INFO - IA: Raquette droite déplacée de 355 à 348
2025-05-03 16:22:27,414 - INFO - JOUEUR: Raquette gauche déplacée de 271 à 278
2025-05-03 16:22:27,414 - INFO - IA: Raquette droite déplacée de 348 à 341
2025-05-03 16:22:27,432 - INFO - JOUEUR: Raquette gauche déplacée de 278 à 285
2025-05-03 16:22:27,432 - INFO - IA: Raquette droite déplacée de 341 à 334
2025-05-03 16:22:27,450 - INFO - JOUEUR: Raquette gauche déplacée de 285 à 292
2025-05-03 16:22:27,450 - INFO - IA: Raquette droite déplacée de 334 à 341
2025-05-03 16:22:27,469 - INFO - INPUT: Joueur relâche les touches directionnelles
2025-05-03 16:22:27,469 - INFO - IA: Raquette droite déplacée de 341 à 334
2025-05-03 16:22:27,487 - INFO - IA: Raquette droite déplacée de 334 à 327
2025-05-03 16:22:27,505 - INFO - IA: Raquette droite déplacée de 327 à 320
2025-05-03 16:22:27,523 - INFO - IA: Raquette droite déplacée de 320 à 313
2025-05-03 16:22:27,540 - INFO - IA: Raquette droite déplacée de 313 à 306
2025-05-03 16:22:27,558 - INFO - IA: Raquette droite déplacée de 306 à 299
2025-05-03 16:22:27,575 - INFO - IA: Raquette droite déplacée de 299 à 306
2025-05-03 16:22:27,593 - INFO - IA: Raquette droite déplacée de 306 à 299
2025-05-03 16:22:27,610 - INFO - IA: Raquette droite déplacée de 299 à 292
2025-05-03 16:22:27,627 - INFO - IA: Raquette droite déplacée de 292 à 285
2025-05-03 16:22:27,644 - INFO - IA: Raquette droite déplacée de 285 à 292
2025-05-03 16:22:27,662 - INFO - IA: Raquette droite déplacée de 292 à 285
2025-05-03 16:22:27,680 - INFO - IA: Raquette droite déplacée de 285 à 278
2025-05-03 16:22:27,697 - INFO - IA: Raquette droite déplacée de 278 à 271
2025-05-03 16:22:27,714 - INFO - IA: Raquette droite déplacée de 271 à 278
2025-05-03 16:22:27,732 - INFO - IA: Raquette droite déplacée de 278 à 271
2025-05-03 16:22:27,749 - INFO - IA: Raquette droite déplacée de 271 à 264
2025-05-03 16:22:27,767 - INFO - IA: Raquette droite déplacée de 264 à 257
2025-05-03 16:22:27,785 - INFO - IA: Raquette droite déplacée de 257 à 264
2025-05-03 16:22:27,803 - INFO - IA: Raquette droite déplacée de 264 à 257
2025-05-03 16:22:27,820 - INFO - IA: Raquette droite déplacée de 257 à 250
2025-05-03 16:22:27,838 - INFO - IA: Raquette droite déplacée de 250 à 243
2025-05-03 16:22:27,856 - INFO - INPUT: Joueur appuie sur la touche HAUT
2025-05-03 16:22:27,856 - INFO - JOUEUR: Raquette gauche déplacée de 292 à 285
2025-05-03 16:22:27,856 - INFO - IA: Raquette droite déplacée de 243 à 236
2025-05-03 16:22:27,875 - INFO - JOUEUR: Raquette gauche déplacée de 285 à 278
2025-05-03 16:22:27,875 - INFO - IA: Raquette droite déplacée de 236 à 229
2025-05-03 16:22:27,893 - INFO - JOUEUR: Raquette gauche déplacée de 278 à 271
2025-05-03 16:22:27,893 - INFO - IA: Raquette droite déplacée de 229 à 222
2025-05-03 16:22:27,910 - INFO - JOUEUR: Raquette gauche déplacée de 271 à 264
2025-05-03 16:22:27,910 - INFO - IA: Raquette droite déplacée de 222 à 215
2025-05-03 16:22:27,927 - INFO - JOUEUR: Raquette gauche déplacée de 264 à 257
2025-05-03 16:22:27,927 - INFO - IA: Raquette droite déplacée de 215 à 208
2025-05-03 16:22:27,945 - INFO - JOUEUR: Raquette gauche déplacée de 257 à 250
2025-05-03 16:22:27,945 - INFO - IA: Raquette droite déplacée de 208 à 201
2025-05-03 16:22:27,962 - INFO - JOUEUR: Raquette gauche déplacée de 250 à 243
2025-05-03 16:22:27,963 - INFO - IA: Raquette droite déplacée de 201 à 208
2025-05-03 16:22:27,981 - INFO - INPUT: Joueur relâche les touches directionnelles
2025-05-03 16:22:27,981 - INFO - IA: Raquette droite déplacée de 208 à 201
2025-05-03 16:22:27,999 - INFO - IA: Raquette droite déplacée de 201 à 194
2025-05-03 16:22:28,017 - INFO - IA: Raquette droite déplacée de 194 à 187
2025-05-03 16:22:28,035 - INFO - IA: Raquette droite déplacée de 187 à 180
2025-05-03 16:22:28,054 - INFO - INPUT: Joueur appuie sur la touche HAUT
2025-05-03 16:22:28,054 - INFO - JOUEUR: Raquette gauche déplacée de 243 à 236
2025-05-03 16:22:28,054 - INFO - IA: Raquette droite déplacée de 180 à 173
2025-05-03 16:22:28,072 - INFO - JOUEUR: Raquette gauche déplacée de 236 à 229
2025-05-03 16:22:28,072 - INFO - IA: Raquette droite déplacée de 173 à 166
2025-05-03 16:22:28,089 - INFO - JOUEUR: Raquette gauche déplacée de 229 à 222
2025-05-03 16:22:28,089 - INFO - IA: Raquette droite déplacée de 166 à 173
2025-05-03 16:22:28,106 - INFO - JOUEUR: Raquette gauche déplacée de 222 à 215
2025-05-03 16:22:28,106 - INFO - IA: Raquette droite déplacée de 173 à 166
2025-05-03 16:22:28,123 - INFO - JOUEUR: Raquette gauche déplacée de 215 à 208
2025-05-03 16:22:28,123 - INFO - IA: Raquette droite déplacée de 166 à 159
2025-05-03 16:22:28,140 - INFO - JOUEUR: Raquette gauche déplacée de 208 à 201
2025-05-03 16:22:28,140 - INFO - IA: Raquette droite déplacée de 159 à 152
2025-05-03 16:22:28,157 - INFO - JOUEUR: Raquette gauche déplacée de 201 à 194
2025-05-03 16:22:28,157 - INFO - IA: Raquette droite déplacée de 152 à 145
2025-05-03 16:22:28,175 - INFO - JOUEUR: Raquette gauche déplacée de 194 à 187
2025-05-03 16:22:28,175 - INFO - IA: Raquette droite déplacée de 145 à 138
2025-05-03 16:22:28,193 - INFO - JOUEUR: Raquette gauche déplacée de 187 à 180
2025-05-03 16:22:28,193 - INFO - IA: Raquette droite déplacée de 138 à 131
2025-05-03 16:22:28,210 - INFO - JOUEUR: Raquette gauche déplacée de 180 à 173
2025-05-03 16:22:28,210 - INFO - IA: Raquette droite déplacée de 131 à 124
2025-05-03 16:22:28,228 - INFO - JOUEUR: Raquette gauche déplacée de 173 à 166
2025-05-03 16:22:28,228 - INFO - IA: Raquette droite déplacée de 124 à 131
2025-05-03 16:22:28,246 - INFO - JOUEUR: Raquette gauche déplacée de 166 à 159
2025-05-03 16:22:28,246 - INFO - IA: Raquette droite déplacée de 131 à 124
2025-05-03 16:22:28,263 - INFO - JOUEUR: Raquette gauche déplacée de 159 à 152
2025-05-03 16:22:28,264 - INFO - IA: Raquette droite déplacée de 124 à 117
2025-05-03 16:22:28,282 - INFO - JOUEUR: Raquette gauche déplacée de 152 à 145
2025-05-03 16:22:28,282 - INFO - IA: Raquette droite déplacée de 117 à 110
2025-05-03 16:22:28,300 - INFO - JOUEUR: Raquette gauche déplacée de 145 à 138
2025-05-03 16:22:28,301 - INFO - IA: Raquette droite déplacée de 110 à 103
2025-05-03 16:22:28,319 - INFO - JOUEUR: Raquette gauche déplacée de 138 à 131
2025-05-03 16:22:28,319 - INFO - IA: Raquette droite déplacée de 103 à 96
2025-05-03 16:22:28,337 - INFO - JOUEUR: Raquette gauche déplacée de 131 à 124
2025-05-03 16:22:28,337 - INFO - IA: Raquette droite déplacée de 96 à 89
2025-05-03 16:22:28,354 - INFO - JOUEUR: Raquette gauche déplacée de 124 à 117
2025-05-03 16:22:28,355 - INFO - IA: Raquette droite déplacée de 89 à 82
2025-05-03 16:22:28,372 - INFO - JOUEUR: Raquette gauche déplacée de 117 à 110
2025-05-03 16:22:28,372 - INFO - IA: Raquette droite déplacée de 82 à 75
2025-05-03 16:22:28,372 - INFO - COLLISION: Balle a rebondi sur une raquette à la position (31, 98)
2025-05-03 16:22:28,389 - INFO - JOUEUR: Raquette gauche déplacée de 110 à 103
2025-05-03 16:22:28,390 - INFO - IA: Raquette droite déplacée de 75 à 68
2025-05-03 16:22:28,407 - INFO - JOUEUR: Raquette gauche déplacée de 103 à 96
2025-05-03 16:22:28,407 - INFO - IA: Raquette droite déplacée de 68 à 75
2025-05-03 16:22:28,424 - INFO - JOUEUR: Raquette gauche déplacée de 96 à 89
2025-05-03 16:22:28,424 - INFO - IA: Raquette droite déplacée de 75 à 82
2025-05-03 16:22:28,441 - INFO - JOUEUR: Raquette gauche déplacée de 89 à 82
2025-05-03 16:22:28,441 - INFO - IA: Raquette droite déplacée de 82 à 75
2025-05-03 16:22:28,458 - INFO - JOUEUR: Raquette gauche déplacée de 82 à 75
2025-05-03 16:22:28,458 - INFO - IA: Raquette droite déplacée de 75 à 68
2025-05-03 16:22:28,476 - INFO - JOUEUR: Raquette gauche déplacée de 75 à 68
2025-05-03 16:22:28,476 - INFO - IA: Raquette droite déplacée de 68 à 61
2025-05-03 16:22:28,494 - INFO - JOUEUR: Raquette gauche déplacée de 68 à 61
2025-05-03 16:22:28,494 - INFO - IA: Raquette droite déplacée de 61 à 54
2025-05-03 16:22:28,511 - INFO - JOUEUR: Raquette gauche déplacée de 61 à 54
2025-05-03 16:22:28,511 - INFO - IA: Raquette droite déplacée de 54 à 47
2025-05-03 16:22:28,528 - INFO - JOUEUR: Raquette gauche déplacée de 54 à 47
2025-05-03 16:22:28,529 - INFO - IA: Raquette droite déplacée de 47 à 40
2025-05-03 16:22:28,546 - INFO - JOUEUR: Raquette gauche déplacée de 47 à 40
2025-05-03 16:22:28,547 - INFO - IA: Raquette droite déplacée de 40 à 47
2025-05-03 16:22:28,563 - INFO - JOUEUR: Raquette gauche déplacée de 40 à 33
2025-05-03 16:22:28,564 - INFO - IA: Raquette droite déplacée de 47 à 40
2025-05-03 16:22:28,580 - INFO - JOUEUR: Raquette gauche déplacée de 33 à 26
2025-05-03 16:22:28,581 - INFO - IA: Raquette droite déplacée de 40 à 33
2025-05-03 16:22:28,598 - INFO - INPUT: Joueur relâche les touches directionnelles
2025-05-03 16:22:28,598 - INFO - IA: Raquette droite déplacée de 33 à 26
2025-05-03 16:22:28,616 - INFO - IA: Raquette droite déplacée de 26 à 19
2025-05-03 16:22:28,632 - INFO - IA: Raquette droite déplacée de 19 à 12
2025-05-03 16:22:28,649 - INFO - IA: Raquette droite déplacée de 12 à 5
2025-05-03 16:22:28,667 - INFO - IA: Raquette droite déplacée de 5 à 0
2025-05-03 16:22:28,684 - INFO - IA: Raquette droite déplacée de 0 à 7
2025-05-03 16:22:28,701 - INFO - IA: Raquette droite déplacée de 7 à 0
2025-05-03 16:22:28,717 - INFO - COLLISION: Balle a rebondi sur un mur à la position (231, -2)
2025-05-03 16:22:28,820 - INFO - IA: Raquette droite déplacée de 0 à 7
2025-05-03 16:22:28,839 - INFO - IA: Raquette droite déplacée de 7 à 0
2025-05-03 16:22:28,873 - INFO - IA: Raquette droite déplacée de 0 à 7
2025-05-03 16:22:28,890 - INFO - IA: Raquette droite déplacée de 7 à 0
2025-05-03 16:22:28,907 - INFO - IA: Raquette droite déplacée de 0 à 7
2025-05-03 16:22:28,924 - INFO - IA: Raquette droite déplacée de 7 à 14
2025-05-03 16:22:28,941 - INFO - IA: Raquette droite déplacée de 14 à 7
2025-05-03 16:22:28,959 - INFO - IA: Raquette droite déplacée de 7 à 14
2025-05-03 16:22:28,977 - INFO - IA: Raquette droite déplacée de 14 à 21
2025-05-03 16:22:28,995 - INFO - INPUT: Joueur appuie sur la touche BAS
2025-05-03 16:22:28,995 - INFO - JOUEUR: Raquette gauche déplacée de 26 à 33
2025-05-03 16:22:28,995 - INFO - IA: Raquette droite déplacée de 21 à 28
2025-05-03 16:22:29,013 - INFO - JOUEUR: Raquette gauche déplacée de 33 à 40
2025-05-03 16:22:29,013 - INFO - IA: Raquette droite déplacée de 28 à 21
2025-05-03 16:22:29,030 - INFO - JOUEUR: Raquette gauche déplacée de 40 à 47
2025-05-03 16:22:29,030 - INFO - IA: Raquette droite déplacée de 21 à 28
2025-05-03 16:22:29,047 - INFO - JOUEUR: Raquette gauche déplacée de 47 à 54
2025-05-03 16:22:29,047 - INFO - IA: Raquette droite déplacée de 28 à 35
2025-05-03 16:22:29,065 - INFO - JOUEUR: Raquette gauche déplacée de 54 à 61
2025-05-03 16:22:29,065 - INFO - IA: Raquette droite déplacée de 35 à 42
2025-05-03 16:22:29,084 - INFO - JOUEUR: Raquette gauche déplacée de 61 à 68
2025-05-03 16:22:29,084 - INFO - IA: Raquette droite déplacée de 42 à 49
2025-05-03 16:22:29,102 - INFO - JOUEUR: Raquette gauche déplacée de 68 à 75
2025-05-03 16:22:29,102 - INFO - IA: Raquette droite déplacée de 49 à 42
2025-05-03 16:22:29,119 - INFO - JOUEUR: Raquette gauche déplacée de 75 à 82
2025-05-03 16:22:29,119 - INFO - IA: Raquette droite déplacée de 42 à 49
2025-05-03 16:22:29,135 - INFO - JOUEUR: Raquette gauche déplacée de 82 à 89
2025-05-03 16:22:29,136 - INFO - IA: Raquette droite déplacée de 49 à 56
2025-05-03 16:22:29,152 - INFO - JOUEUR: Raquette gauche déplacée de 89 à 96
2025-05-03 16:22:29,152 - INFO - IA: Raquette droite déplacée de 56 à 63
2025-05-03 16:22:29,170 - INFO - JOUEUR: Raquette gauche déplacée de 96 à 103
2025-05-03 16:22:29,170 - INFO - IA: Raquette droite déplacée de 63 à 70
2025-05-03 16:22:29,187 - INFO - JOUEUR: Raquette gauche déplacée de 103 à 110
2025-05-03 16:22:29,187 - INFO - IA: Raquette droite déplacée de 70 à 77
2025-05-03 16:22:29,204 - INFO - JOUEUR: Raquette gauche déplacée de 110 à 117
2025-05-03 16:22:29,204 - INFO - IA: Raquette droite déplacée de 77 à 84
2025-05-03 16:22:29,220 - INFO - JOUEUR: Raquette gauche déplacée de 117 à 124
2025-05-03 16:22:29,221 - INFO - IA: Raquette droite déplacée de 84 à 91
2025-05-03 16:22:29,238 - INFO - JOUEUR: Raquette gauche déplacée de 124 à 131
2025-05-03 16:22:29,238 - INFO - IA: Raquette droite déplacée de 91 à 98
2025-05-03 16:22:29,256 - INFO - JOUEUR: Raquette gauche déplacée de 131 à 138
2025-05-03 16:22:29,256 - INFO - IA: Raquette droite déplacée de 98 à 91
2025-05-03 16:22:29,273 - INFO - JOUEUR: Raquette gauche déplacée de 138 à 145
2025-05-03 16:22:29,274 - INFO - IA: Raquette droite déplacée de 91 à 98
2025-05-03 16:22:29,274 - INFO - COLLISION: Balle a rebondi sur une raquette à la position (551, 158)
2025-05-03 16:22:29,291 - INFO - JOUEUR: Raquette gauche déplacée de 145 à 152
2025-05-03 16:22:29,291 - INFO - IA: Raquette droite déplacée de 98 à 105
2025-05-03 16:22:29,309 - INFO - JOUEUR: Raquette gauche déplacée de 152 à 159
2025-05-03 16:22:29,309 - INFO - IA: Raquette droite déplacée de 105 à 112
2025-05-03 16:22:29,327 - INFO - JOUEUR: Raquette gauche déplacée de 159 à 166
2025-05-03 16:22:29,327 - INFO - IA: Raquette droite déplacée de 112 à 105
2025-05-03 16:22:29,346 - INFO - JOUEUR: Raquette gauche déplacée de 166 à 173
2025-05-03 16:22:29,346 - INFO - IA: Raquette droite déplacée de 105 à 112
2025-05-03 16:22:29,364 - INFO - JOUEUR: Raquette gauche déplacée de 173 à 180
2025-05-03 16:22:29,364 - INFO - IA: Raquette droite déplacée de 112 à 119
2025-05-03 16:22:29,382 - INFO - JOUEUR: Raquette gauche déplacée de 180 à 187
2025-05-03 16:22:29,382 - INFO - IA: Raquette droite déplacée de 119 à 126
2025-05-03 16:22:29,399 - INFO - JOUEUR: Raquette gauche déplacée de 187 à 194
2025-05-03 16:22:29,400 - INFO - IA: Raquette droite déplacée de 126 à 133
2025-05-03 16:22:29,417 - INFO - JOUEUR: Raquette gauche déplacée de 194 à 201
2025-05-03 16:22:29,417 - INFO - IA: Raquette droite déplacée de 133 à 140
2025-05-03 16:22:29,434 - INFO - JOUEUR: Raquette gauche déplacée de 201 à 208
2025-05-03 16:22:29,434 - INFO - IA: Raquette droite déplacée de 140 à 147
2025-05-03 16:22:29,451 - INFO - JOUEUR: Raquette gauche déplacée de 208 à 215
2025-05-03 16:22:29,451 - INFO - IA: Raquette droite déplacée de 147 à 154
2025-05-03 16:22:29,468 - INFO - INPUT: Joueur relâche les touches directionnelles
2025-05-03 16:22:29,469 - INFO - IA: Raquette droite déplacée de 154 à 161
2025-05-03 16:22:29,485 - INFO - IA: Raquette droite déplacée de 161 à 168
2025-05-03 16:22:29,502 - INFO - IA: Raquette droite déplacée de 168 à 161
2025-05-03 16:22:29,519 - INFO - IA: Raquette droite déplacée de 161 à 168
2025-05-03 16:22:29,537 - INFO - IA: Raquette droite déplacée de 168 à 175
2025-05-03 16:22:29,555 - INFO - IA: Raquette droite déplacée de 175 à 182
2025-05-03 16:22:29,572 - INFO - IA: Raquette droite déplacée de 182 à 189
2025-05-03 16:22:29,589 - INFO - IA: Raquette droite déplacée de 189 à 182
2025-05-03 16:22:29,624 - INFO - IA: Raquette droite déplacée de 182 à 189
2025-05-03 16:22:29,641 - INFO - IA: Raquette droite déplacée de 189 à 196
2025-05-03 16:22:29,658 - INFO - IA: Raquette droite déplacée de 196 à 203
2025-05-03 16:22:29,676 - INFO - IA: Raquette droite déplacée de 203 à 210
2025-05-03 16:22:29,694 - INFO - IA: Raquette droite déplacée de 210 à 217
2025-05-03 16:22:29,711 - INFO - IA: Raquette droite déplacée de 217 à 224
2025-05-03 16:22:29,729 - INFO - IA: Raquette droite déplacée de 224 à 231
2025-05-03 16:22:29,746 - INFO - IA: Raquette droite déplacée de 231 à 238
2025-05-03 16:22:29,763 - INFO - IA: Raquette droite déplacée de 238 à 231
2025-05-03 16:22:29,781 - INFO - IA: Raquette droite déplacée de 231 à 238
2025-05-03 16:22:29,798 - INFO - IA: Raquette droite déplacée de 238 à 245
2025-05-03 16:22:29,815 - INFO - INPUT: Joueur appuie sur la touche BAS
2025-05-03 16:22:29,816 - INFO - JOUEUR: Raquette gauche déplacée de 215 à 222
2025-05-03 16:22:29,816 - INFO - IA: Raquette droite déplacée de 245 à 252
2025-05-03 16:22:29,834 - INFO - JOUEUR: Raquette gauche déplacée de 222 à 229
2025-05-03 16:22:29,834 - INFO - IA: Raquette droite déplacée de 252 à 245
2025-05-03 16:22:29,851 - INFO - JOUEUR: Raquette gauche déplacée de 229 à 236
2025-05-03 16:22:29,851 - INFO - IA: Raquette droite déplacée de 245 à 252
2025-05-03 16:22:29,869 - INFO - JOUEUR: Raquette gauche déplacée de 236 à 243
2025-05-03 16:22:29,869 - INFO - IA: Raquette droite déplacée de 252 à 259
2025-05-03 16:22:29,886 - INFO - JOUEUR: Raquette gauche déplacée de 243 à 250
2025-05-03 16:22:29,886 - INFO - IA: Raquette droite déplacée de 259 à 266
2025-05-03 16:22:29,903 - INFO - JOUEUR: Raquette gauche déplacée de 250 à 257
2025-05-03 16:22:29,904 - INFO - IA: Raquette droite déplacée de 266 à 273
2025-05-03 16:22:29,920 - INFO - JOUEUR: Raquette gauche déplacée de 257 à 264
2025-05-03 16:22:29,921 - INFO - IA: Raquette droite déplacée de 273 à 280
2025-05-03 16:22:29,938 - INFO - JOUEUR: Raquette gauche déplacée de 264 à 271
2025-05-03 16:22:29,938 - INFO - IA: Raquette droite déplacée de 280 à 287
2025-05-03 16:22:29,955 - INFO - JOUEUR: Raquette gauche déplacée de 271 à 278
2025-05-03 16:22:29,955 - INFO - IA: Raquette droite déplacée de 287 à 294
2025-05-03 16:22:29,972 - INFO - JOUEUR: Raquette gauche déplacée de 278 à 285
2025-05-03 16:22:29,972 - INFO - IA: Raquette droite déplacée de 294 à 301
2025-05-03 16:22:29,989 - INFO - JOUEUR: Raquette gauche déplacée de 285 à 292
2025-05-03 16:22:29,989 - INFO - IA: Raquette droite déplacée de 301 à 308
2025-05-03 16:22:30,006 - INFO - JOUEUR: Raquette gauche déplacée de 292 à 299
2025-05-03 16:22:30,006 - INFO - IA: Raquette droite déplacée de 308 à 301
2025-05-03 16:22:30,023 - INFO - JOUEUR: Raquette gauche déplacée de 299 à 306
2025-05-03 16:22:30,023 - INFO - IA: Raquette droite déplacée de 301 à 308
2025-05-03 16:22:30,042 - INFO - JOUEUR: Raquette gauche déplacée de 306 à 313
2025-05-03 16:22:30,042 - INFO - IA: Raquette droite déplacée de 308 à 315
2025-05-03 16:22:30,059 - INFO - JOUEUR: Raquette gauche déplacée de 313 à 320
2025-05-03 16:22:30,059 - INFO - IA: Raquette droite déplacée de 315 à 322
2025-05-03 16:22:30,077 - INFO - JOUEUR: Raquette gauche déplacée de 320 à 327
2025-05-03 16:22:30,077 - INFO - IA: Raquette droite déplacée de 322 à 329
2025-05-03 16:22:30,094 - INFO - JOUEUR: Raquette gauche déplacée de 327 à 334
2025-05-03 16:22:30,095 - INFO - IA: Raquette droite déplacée de 329 à 322
2025-05-03 16:22:30,095 - INFO - COLLISION: Balle a rebondi sur une raquette à la position (34, 393)
2025-05-03 16:22:30,112 - INFO - JOUEUR: Raquette gauche déplacée de 334 à 341
2025-05-03 16:22:30,113 - INFO - IA: Raquette droite déplacée de 322 à 329
2025-05-03 16:22:30,130 - INFO - JOUEUR: Raquette gauche déplacée de 341 à 348
2025-05-03 16:22:30,130 - INFO - IA: Raquette droite déplacée de 329 à 336
2025-05-03 16:22:30,148 - INFO - JOUEUR: Raquette gauche déplacée de 348 à 355
2025-05-03 16:22:30,148 - INFO - IA: Raquette droite déplacée de 336 à 343
2025-05-03 16:22:30,165 - INFO - JOUEUR: Raquette gauche déplacée de 355 à 362
2025-05-03 16:22:30,165 - INFO - IA: Raquette droite déplacée de 343 à 350
2025-05-03 16:22:30,182 - INFO - JOUEUR: Raquette gauche déplacée de 362 à 369
2025-05-03 16:22:30,182 - INFO - IA: Raquette droite déplacée de 350 à 357
2025-05-03 16:22:30,200 - INFO - INPUT: Joueur relâche les touches directionnelles
2025-05-03 16:22:30,200 - INFO - IA: Raquette droite déplacée de 357 à 350
2025-05-03 16:22:30,217 - INFO - IA: Raquette droite déplacée de 350 à 357
2025-05-03 16:22:30,234 - INFO - IA: Raquette droite déplacée de 357 à 364
2025-05-03 16:22:30,252 - INFO - IA: Raquette droite déplacée de 364 à 371
2025-05-03 16:22:30,269 - INFO - IA: Raquette droite déplacée de 371 à 378
2025-05-03 16:22:30,287 - INFO - IA: Raquette droite déplacée de 378 à 385
2025-05-03 16:22:30,305 - INFO - IA: Raquette droite déplacée de 385 à 390
2025-05-03 16:22:30,356 - INFO - COLLISION: Balle a rebondi sur un mur à la position (214, 468)
2025-05-03 16:22:30,478 - INFO - IA: Raquette droite déplacée de 390 à 383
2025-05-03 16:22:30,495 - INFO - IA: Raquette droite déplacée de 383 à 376
2025-05-03 16:22:30,511 - INFO - IA: Raquette droite déplacée de 376 à 383
2025-05-03 16:22:30,529 - INFO - IA: Raquette droite déplacée de 383 à 390
2025-05-03 16:22:30,547 - INFO - IA: Raquette droite déplacée de 390 à 383
2025-05-03 16:22:30,564 - INFO - IA: Raquette droite déplacée de 383 à 390
2025-05-03 16:22:30,582 - INFO - INPUT: Joueur appuie sur la touche HAUT
2025-05-03 16:22:30,582 - INFO - JOUEUR: Raquette gauche déplacée de 369 à 362
2025-05-03 16:22:30,582 - INFO - IA: Raquette droite déplacée de 390 à 383
2025-05-03 16:22:30,599 - INFO - JOUEUR: Raquette gauche déplacée de 362 à 355
2025-05-03 16:22:30,599 - INFO - IA: Raquette droite déplacée de 383 à 376
2025-05-03 16:22:30,616 - INFO - JOUEUR: Raquette gauche déplacée de 355 à 348
2025-05-03 16:22:30,616 - INFO - IA: Raquette droite déplacée de 376 à 369
2025-05-03 16:22:30,633 - INFO - JOUEUR: Raquette gauche déplacée de 348 à 341
2025-05-03 16:22:30,634 - INFO - IA: Raquette droite déplacée de 369 à 362
2025-05-03 16:22:30,651 - INFO - JOUEUR: Raquette gauche déplacée de 341 à 334
2025-05-03 16:22:30,651 - INFO - IA: Raquette droite déplacée de 362 à 355
2025-05-03 16:22:30,668 - INFO - JOUEUR: Raquette gauche déplacée de 334 à 327
2025-05-03 16:22:30,669 - INFO - IA: Raquette droite déplacée de 355 à 362
2025-05-03 16:22:30,686 - INFO - JOUEUR: Raquette gauche déplacée de 327 à 320
2025-05-03 16:22:30,686 - INFO - IA: Raquette droite déplacée de 362 à 355
2025-05-03 16:22:30,703 - INFO - JOUEUR: Raquette gauche déplacée de 320 à 313
2025-05-03 16:22:30,704 - INFO - IA: Raquette droite déplacée de 355 à 348
2025-05-03 16:22:30,721 - INFO - JOUEUR: Raquette gauche déplacée de 313 à 306
2025-05-03 16:22:30,721 - INFO - IA: Raquette droite déplacée de 348 à 341
2025-05-03 16:22:30,738 - INFO - JOUEUR: Raquette gauche déplacée de 306 à 299
2025-05-03 16:22:30,738 - INFO - IA: Raquette droite déplacée de 341 à 334
2025-05-03 16:22:30,755 - INFO - JOUEUR: Raquette gauche déplacée de 299 à 292
2025-05-03 16:22:30,756 - INFO - IA: Raquette droite déplacée de 334 à 327
2025-05-03 16:22:30,773 - INFO - JOUEUR: Raquette gauche déplacée de 292 à 285
2025-05-03 16:22:30,773 - INFO - IA: Raquette droite déplacée de 327 à 320
2025-05-03 16:22:30,791 - INFO - JOUEUR: Raquette gauche déplacée de 285 à 278
2025-05-03 16:22:30,791 - INFO - IA: Raquette droite déplacée de 320 à 313
2025-05-03 16:22:30,808 - INFO - JOUEUR: Raquette gauche déplacée de 278 à 271
2025-05-03 16:22:30,808 - INFO - IA: Raquette droite déplacée de 313 à 306
2025-05-03 16:22:30,826 - INFO - INPUT: Joueur relâche les touches directionnelles
2025-05-03 16:22:30,827 - INFO - IA: Raquette droite déplacée de 306 à 313
2025-05-03 16:22:30,844 - INFO - IA: Raquette droite déplacée de 313 à 320
2025-05-03 16:22:30,862 - INFO - IA: Raquette droite déplacée de 320 à 313
2025-05-03 16:22:30,862 - INFO - COLLISION: Balle a rebondi sur une raquette à la position (562, 323)
2025-05-03 16:22:30,879 - INFO - IA: Raquette droite déplacée de 313 à 306
2025-05-03 16:22:30,896 - INFO - IA: Raquette droite déplacée de 306 à 299
2025-05-03 16:22:30,914 - INFO - IA: Raquette droite déplacée de 299 à 292
2025-05-03 16:22:30,930 - INFO - IA: Raquette droite déplacée de 292 à 285
2025-05-03 16:22:30,947 - INFO - IA: Raquette droite déplacée de 285 à 278
2025-05-03 16:22:30,964 - INFO - IA: Raquette droite déplacée de 278 à 285
2025-05-03 16:22:30,981 - INFO - IA: Raquette droite déplacée de 285 à 278
2025-05-03 16:22:30,999 - INFO - IA: Raquette droite déplacée de 278 à 271
2025-05-03 16:22:31,017 - INFO - IA: Raquette droite déplacée de 271 à 264
2025-05-03 16:22:31,034 - INFO - IA: Raquette droite déplacée de 264 à 257
2025-05-03 16:22:31,050 - INFO - IA: Raquette droite déplacée de 257 à 264
2025-05-03 16:22:31,068 - INFO - IA: Raquette droite déplacée de 264 à 257
2025-05-03 16:22:31,086 - INFO - IA: Raquette droite déplacée de 257 à 250
2025-05-03 16:22:31,104 - INFO - IA: Raquette droite déplacée de 250 à 243
2025-05-03 16:22:31,120 - INFO - IA: Raquette droite déplacée de 243 à 250
2025-05-03 16:22:31,138 - INFO - INPUT: Joueur appuie sur la touche HAUT
2025-05-03 16:22:31,139 - INFO - JOUEUR: Raquette gauche déplacée de 271 à 264
2025-05-03 16:22:31,139 - INFO - IA: Raquette droite déplacée de 250 à 243
2025-05-03 16:22:31,156 - INFO - JOUEUR: Raquette gauche déplacée de 264 à 257
2025-05-03 16:22:31,156 - INFO - IA: Raquette droite déplacée de 243 à 236
2025-05-03 16:22:31,173 - INFO - JOUEUR: Raquette gauche déplacée de 257 à 250
2025-05-03 16:22:31,173 - INFO - IA: Raquette droite déplacée de 236 à 229
2025-05-03 16:22:31,190 - INFO - JOUEUR: Raquette gauche déplacée de 250 à 243
2025-05-03 16:22:31,190 - INFO - IA: Raquette droite déplacée de 229 à 222
2025-05-03 16:22:31,207 - INFO - JOUEUR: Raquette gauche déplacée de 243 à 236
2025-05-03 16:22:31,208 - INFO - IA: Raquette droite déplacée de 222 à 215
2025-05-03 16:22:31,225 - INFO - JOUEUR: Raquette gauche déplacée de 236 à 229
2025-05-03 16:22:31,225 - INFO - IA: Raquette droite déplacée de 215 à 208
2025-05-03 16:22:31,242 - INFO - JOUEUR: Raquette gauche déplacée de 229 à 222
2025-05-03 16:22:31,243 - INFO - IA: Raquette droite déplacée de 208 à 201
2025-05-03 16:22:31,260 - INFO - JOUEUR: Raquette gauche déplacée de 222 à 215
2025-05-03 16:22:31,260 - INFO - IA: Raquette droite déplacée de 201 à 194
2025-05-03 16:22:31,277 - INFO - JOUEUR: Raquette gauche déplacée de 215 à 208
2025-05-03 16:22:31,277 - INFO - IA: Raquette droite déplacée de 194 à 187
2025-05-03 16:22:31,295 - INFO - JOUEUR: Raquette gauche déplacée de 208 à 201
2025-05-03 16:22:31,295 - INFO - IA: Raquette droite déplacée de 187 à 180
2025-05-03 16:22:31,312 - INFO - JOUEUR: Raquette gauche déplacée de 201 à 194
2025-05-03 16:22:31,312 - INFO - IA: Raquette droite déplacée de 180 à 173
2025-05-03 16:22:31,330 - INFO - JOUEUR: Raquette gauche déplacée de 194 à 187
2025-05-03 16:22:31,330 - INFO - IA: Raquette droite déplacée de 173 à 166
2025-05-03 16:22:31,347 - INFO - JOUEUR: Raquette gauche déplacée de 187 à 180
2025-05-03 16:22:31,347 - INFO - IA: Raquette droite déplacée de 166 à 173
2025-05-03 16:22:31,365 - INFO - JOUEUR: Raquette gauche déplacée de 180 à 173
2025-05-03 16:22:31,365 - INFO - IA: Raquette droite déplacée de 173 à 166
2025-05-03 16:22:31,382 - INFO - JOUEUR: Raquette gauche déplacée de 173 à 166
2025-05-03 16:22:31,383 - INFO - IA: Raquette droite déplacée de 166 à 159
2025-05-03 16:22:31,400 - INFO - JOUEUR: Raquette gauche déplacée de 166 à 159
2025-05-03 16:22:31,400 - INFO - IA: Raquette droite déplacée de 159 à 152
2025-05-03 16:22:31,418 - INFO - JOUEUR: Raquette gauche déplacée de 159 à 152
2025-05-03 16:22:31,419 - INFO - IA: Raquette droite déplacée de 152 à 145
2025-05-03 16:22:31,436 - INFO - JOUEUR: Raquette gauche déplacée de 152 à 145
2025-05-03 16:22:31,437 - INFO - IA: Raquette droite déplacée de 145 à 138
2025-05-03 16:22:31,453 - INFO - JOUEUR: Raquette gauche déplacée de 145 à 138
2025-05-03 16:22:31,454 - INFO - IA: Raquette droite déplacée de 138 à 131
2025-05-03 16:22:31,471 - INFO - JOUEUR: Raquette gauche déplacée de 138 à 131
2025-05-03 16:22:31,471 - INFO - IA: Raquette droite déplacée de 131 à 124
2025-05-03 16:22:31,488 - INFO - JOUEUR: Raquette gauche déplacée de 131 à 124
2025-05-03 16:22:31,488 - INFO - IA: Raquette droite déplacée de 124 à 117
2025-05-03 16:22:31,505 - INFO - JOUEUR: Raquette gauche déplacée de 124 à 117
2025-05-03 16:22:31,505 - INFO - IA: Raquette droite déplacée de 117 à 110
2025-05-03 16:22:31,521 - INFO - JOUEUR: Raquette gauche déplacée de 117 à 110
2025-05-03 16:22:31,522 - INFO - IA: Raquette droite déplacée de 110 à 117
2025-05-03 16:22:31,538 - INFO - JOUEUR: Raquette gauche déplacée de 110 à 103
2025-05-03 16:22:31,539 - INFO - IA: Raquette droite déplacée de 117 à 110
2025-05-03 16:22:31,556 - INFO - INPUT: Joueur relâche les touches directionnelles
2025-05-03 16:22:31,557 - INFO - IA: Raquette droite déplacée de 110 à 117
2025-05-03 16:22:31,574 - INFO - IA: Raquette droite déplacée de 117 à 110
2025-05-03 16:22:31,574 - INFO - COLLISION: Balle a rebondi sur une raquette à la position (29, 118)
2025-05-03 16:22:31,592 - INFO - IA: Raquette droite déplacée de 110 à 103
2025-05-03 16:22:31,609 - INFO - IA: Raquette droite déplacée de 103 à 96
2025-05-03 16:22:31,627 - INFO - IA: Raquette droite déplacée de 96 à 89
2025-05-03 16:22:31,644 - INFO - IA: Raquette droite déplacée de 89 à 82
2025-05-03 16:22:31,663 - INFO - IA: Raquette droite déplacée de 82 à 89
2025-05-03 16:22:31,680 - INFO - IA: Raquette droite déplacée de 89 à 82
2025-05-03 16:22:31,698 - INFO - IA: Raquette droite déplacée de 82 à 75
2025-05-03 16:22:31,715 - INFO - IA: Raquette droite déplacée de 75 à 68
2025-05-03 16:22:31,732 - INFO - IA: Raquette droite déplacée de 68 à 61
2025-05-03 16:22:31,749 - INFO - IA: Raquette droite déplacée de 61 à 54
2025-05-03 16:22:31,766 - INFO - IA: Raquette droite déplacée de 54 à 47
2025-05-03 16:22:31,783 - INFO - IA: Raquette droite déplacée de 47 à 40
2025-05-03 16:22:31,800 - INFO - IA: Raquette droite déplacée de 40 à 47
2025-05-03 16:22:31,816 - INFO - IA: Raquette droite déplacée de 47 à 40
2025-05-03 16:22:31,833 - INFO - IA: Raquette droite déplacée de 40 à 33
2025-05-03 16:22:31,850 - INFO - IA: Raquette droite déplacée de 33 à 26
2025-05-03 16:22:31,868 - INFO - IA: Raquette droite déplacée de 26 à 19
2025-05-03 16:22:31,885 - INFO - IA: Raquette droite déplacée de 19 à 12
2025-05-03 16:22:31,919 - INFO - IA: Raquette droite déplacée de 12 à 5
2025-05-03 16:22:31,937 - INFO - IA: Raquette droite déplacée de 5 à 0
2025-05-03 16:22:31,988 - INFO - COLLISION: Balle a rebondi sur un mur à la position (365, -2)
2025-05-03 16:22:32,126 - INFO - IA: Raquette droite déplacée de 0 à 7
2025-05-03 16:22:32,143 - INFO - IA: Raquette droite déplacée de 7 à 14
2025-05-03 16:22:32,161 - INFO - IA: Raquette droite déplacée de 14 à 7
2025-05-03 16:22:32,178 - INFO - IA: Raquette droite déplacée de 7 à 14
2025-05-03 16:22:32,195 - INFO - IA: Raquette droite déplacée de 14 à 21
2025-05-03 16:22:32,213 - INFO - IA: Raquette droite déplacée de 21 à 28
2025-05-03 16:22:32,232 - INFO - INPUT: Joueur appuie sur la touche BAS
2025-05-03 16:22:32,232 - INFO - JOUEUR: Raquette gauche déplacée de 103 à 110
2025-05-03 16:22:32,232 - INFO - IA: Raquette droite déplacée de 28 à 21
2025-05-03 16:22:32,232 - INFO - COLLISION: Balle a rebondi sur une raquette à la position (561, 68)
2025-05-03 16:22:32,250 - INFO - JOUEUR: Raquette gauche déplacée de 110 à 117
2025-05-03 16:22:32,250 - INFO - IA: Raquette droite déplacée de 21 à 14
2025-05-03 16:22:32,267 - INFO - JOUEUR: Raquette gauche déplacée de 117 à 124
2025-05-03 16:22:32,268 - INFO - IA: Raquette droite déplacée de 14 à 21
2025-05-03 16:22:32,285 - INFO - JOUEUR: Raquette gauche déplacée de 124 à 131
2025-05-03 16:22:32,285 - INFO - IA: Raquette droite déplacée de 21 à 28
2025-05-03 16:22:32,303 - INFO - JOUEUR: Raquette gauche déplacée de 131 à 138
2025-05-03 16:22:32,303 - INFO - IA: Raquette droite déplacée de 28 à 21
2025-05-03 16:22:32,320 - INFO - JOUEUR: Raquette gauche déplacée de 138 à 145
2025-05-03 16:22:32,320 - INFO - IA: Raquette droite déplacée de 21 à 28
2025-05-03 16:22:32,337 - INFO - JOUEUR: Raquette gauche déplacée de 145 à 152
2025-05-03 16:22:32,338 - INFO - IA: Raquette droite déplacée de 28 à 35
2025-05-03 16:22:32,356 - INFO - JOUEUR: Raquette gauche déplacée de 152 à 159
2025-05-03 16:22:32,356 - INFO - IA: Raquette droite déplacée de 35 à 42
2025-05-03 16:22:32,373 - INFO - JOUEUR: Raquette gauche déplacée de 159 à 166
2025-05-03 16:22:32,374 - INFO - IA: Raquette droite déplacée de 42 à 49
2025-05-03 16:22:32,391 - INFO - JOUEUR: Raquette gauche déplacée de 166 à 173
2025-05-03 16:22:32,391 - INFO - IA: Raquette droite déplacée de 49 à 56
2025-05-03 16:22:32,408 - INFO - JOUEUR: Raquette gauche déplacée de 173 à 180
2025-05-03 16:22:32,408 - INFO - IA: Raquette droite déplacée de 56 à 63
2025-05-03 16:22:32,426 - INFO - JOUEUR: Raquette gauche déplacée de 180 à 187
2025-05-03 16:22:32,426 - INFO - IA: Raquette droite déplacée de 63 à 70
2025-05-03 16:22:32,443 - INFO - JOUEUR: Raquette gauche déplacée de 187 à 194
2025-05-03 16:22:32,443 - INFO - IA: Raquette droite déplacée de 70 à 77
2025-05-03 16:22:32,461 - INFO - JOUEUR: Raquette gauche déplacée de 194 à 201
2025-05-03 16:22:32,462 - INFO - IA: Raquette droite déplacée de 77 à 84
2025-05-03 16:22:32,479 - INFO - JOUEUR: Raquette gauche déplacée de 201 à 208
2025-05-03 16:22:32,479 - INFO - IA: Raquette droite déplacée de 84 à 91
2025-05-03 16:22:32,496 - INFO - JOUEUR: Raquette gauche déplacée de 208 à 215
2025-05-03 16:22:32,497 - INFO - IA: Raquette droite déplacée de 91 à 98
2025-05-03 16:22:32,513 - INFO - JOUEUR: Raquette gauche déplacée de 215 à 222
2025-05-03 16:22:32,513 - INFO - IA: Raquette droite déplacée de 98 à 105
2025-05-03 16:22:32,530 - INFO - JOUEUR: Raquette gauche déplacée de 222 à 229
2025-05-03 16:22:32,530 - INFO - IA: Raquette droite déplacée de 105 à 112
2025-05-03 16:22:32,547 - INFO - JOUEUR: Raquette gauche déplacée de 229 à 236
2025-05-03 16:22:32,547 - INFO - IA: Raquette droite déplacée de 112 à 105
2025-05-03 16:22:32,564 - INFO - JOUEUR: Raquette gauche déplacée de 236 à 243
2025-05-03 16:22:32,564 - INFO - IA: Raquette droite déplacée de 105 à 98
2025-05-03 16:22:32,581 - INFO - JOUEUR: Raquette gauche déplacée de 243 à 250
2025-05-03 16:22:32,581 - INFO - IA: Raquette droite déplacée de 98 à 105
2025-05-03 16:22:32,598 - INFO - INPUT: Joueur relâche les touches directionnelles
2025-05-03 16:22:32,598 - INFO - IA: Raquette droite déplacée de 105 à 112
2025-05-03 16:22:32,615 - INFO - IA: Raquette droite déplacée de 112 à 119
2025-05-03 16:22:32,632 - INFO - IA: Raquette droite déplacée de 119 à 126
2025-05-03 16:22:32,650 - INFO - IA: Raquette droite déplacée de 126 à 119
2025-05-03 16:22:32,666 - INFO - IA: Raquette droite déplacée de 119 à 126
2025-05-03 16:22:32,701 - INFO - IA: Raquette droite déplacée de 126 à 133
2025-05-03 16:22:32,718 - INFO - IA: Raquette droite déplacée de 133 à 140
2025-05-03 16:22:32,736 - INFO - IA: Raquette droite déplacée de 140 à 147
2025-05-03 16:22:32,753 - INFO - INPUT: Joueur appuie sur la touche HAUT
2025-05-03 16:22:32,753 - INFO - JOUEUR: Raquette gauche déplacée de 250 à 243
2025-05-03 16:22:32,753 - INFO - IA: Raquette droite déplacée de 147 à 154
2025-05-03 16:22:32,771 - INFO - JOUEUR: Raquette gauche déplacée de 243 à 236
2025-05-03 16:22:32,771 - INFO - IA: Raquette droite déplacée de 154 à 161
2025-05-03 16:22:32,788 - INFO - JOUEUR: Raquette gauche déplacée de 236 à 229
2025-05-03 16:22:32,789 - INFO - IA: Raquette droite déplacée de 161 à 168
2025-05-03 16:22:32,806 - INFO - JOUEUR: Raquette gauche déplacée de 229 à 222
2025-05-03 16:22:32,806 - INFO - IA: Raquette droite déplacée de 168 à 161
2025-05-03 16:22:32,823 - INFO - JOUEUR: Raquette gauche déplacée de 222 à 215
2025-05-03 16:22:32,824 - INFO - IA: Raquette droite déplacée de 161 à 168
2025-05-03 16:22:32,842 - INFO - JOUEUR: Raquette gauche déplacée de 215 à 208
2025-05-03 16:22:32,842 - INFO - IA: Raquette droite déplacée de 168 à 175
2025-05-03 16:22:32,860 - INFO - JOUEUR: Raquette gauche déplacée de 208 à 201
2025-05-03 16:22:32,860 - INFO - IA: Raquette droite déplacée de 175 à 182
2025-05-03 16:22:32,860 - INFO - COLLISION: Balle a rebondi sur une raquette à la position (21, 248)
2025-05-03 16:22:32,877 - INFO - JOUEUR: Raquette gauche déplacée de 201 à 194
2025-05-03 16:22:32,877 - INFO - IA: Raquette droite déplacée de 182 à 175
2025-05-03 16:22:32,895 - INFO - JOUEUR: Raquette gauche déplacée de 194 à 187
2025-05-03 16:22:32,895 - INFO - IA: Raquette droite déplacée de 175 à 182
2025-05-03 16:22:32,912 - INFO - JOUEUR: Raquette gauche déplacée de 187 à 180
2025-05-03 16:22:32,912 - INFO - IA: Raquette droite déplacée de 182 à 189
2025-05-03 16:22:32,929 - INFO - JOUEUR: Raquette gauche déplacée de 180 à 173
2025-05-03 16:22:32,929 - INFO - IA: Raquette droite déplacée de 189 à 196
2025-05-03 16:22:32,947 - INFO - JOUEUR: Raquette gauche déplacée de 173 à 166
2025-05-03 16:22:32,947 - INFO - IA: Raquette droite déplacée de 196 à 203
2025-05-03 16:22:32,964 - INFO - JOUEUR: Raquette gauche déplacée de 166 à 159
2025-05-03 16:22:32,965 - INFO - IA: Raquette droite déplacée de 203 à 210
2025-05-03 16:22:32,983 - INFO - JOUEUR: Raquette gauche déplacée de 159 à 152
2025-05-03 16:22:33,002 - INFO - INPUT: Joueur relâche les touches directionnelles
2025-05-03 16:22:33,002 - INFO - IA: Raquette droite déplacée de 210 à 217
2025-05-03 16:22:33,020 - INFO - IA: Raquette droite déplacée de 217 à 224
2025-05-03 16:22:33,037 - INFO - IA: Raquette droite déplacée de 224 à 231
2025-05-03 16:22:33,054 - INFO - IA: Raquette droite déplacée de 231 à 238
2025-05-03 16:22:33,071 - INFO - IA: Raquette droite déplacée de 238 à 245
2025-05-03 16:22:33,087 - INFO - IA: Raquette droite déplacée de 245 à 252
2025-05-03 16:22:33,105 - INFO - IA: Raquette droite déplacée de 252 à 259
2025-05-03 16:22:33,122 - INFO - IA: Raquette droite déplacée de 259 à 266
2025-05-03 16:22:33,139 - INFO - IA: Raquette droite déplacée de 266 à 273
2025-05-03 16:22:33,157 - INFO - IA: Raquette droite déplacée de 273 à 280
2025-05-03 16:22:33,175 - INFO - IA: Raquette droite déplacée de 280 à 287
2025-05-03 16:22:33,192 - INFO - IA: Raquette droite déplacée de 287 à 294
2025-05-03 16:22:33,209 - INFO - IA: Raquette droite déplacée de 294 à 301
2025-05-03 16:22:33,227 - INFO - IA: Raquette droite déplacée de 301 à 294
2025-05-03 16:22:33,244 - INFO - IA: Raquette droite déplacée de 294 à 301
2025-05-03 16:22:33,263 - INFO - IA: Raquette droite déplacée de 301 à 308
2025-05-03 16:22:33,281 - INFO - IA: Raquette droite déplacée de 308 à 315
2025-05-03 16:22:33,298 - INFO - IA: Raquette droite déplacée de 315 à 308
2025-05-03 16:22:33,316 - INFO - IA: Raquette droite déplacée de 308 à 315
2025-05-03 16:22:33,333 - INFO - IA: Raquette droite déplacée de 315 à 322
2025-05-03 16:22:33,351 - INFO - IA: Raquette droite déplacée de 322 à 329
2025-05-03 16:22:33,368 - INFO - IA: Raquette droite déplacée de 329 à 322
2025-05-03 16:22:33,386 - INFO - IA: Raquette droite déplacée de 322 à 329
2025-05-03 16:22:33,403 - INFO - IA: Raquette droite déplacée de 329 à 336
2025-05-03 16:22:33,421 - INFO - IA: Raquette droite déplacée de 336 à 343
2025-05-03 16:22:33,439 - INFO - IA: Raquette droite déplacée de 343 à 350
2025-05-03 16:22:33,457 - INFO - IA: Raquette droite déplacée de 350 à 357
2025-05-03 16:22:33,475 - INFO - IA: Raquette droite déplacée de 357 à 364
2025-05-03 16:22:33,492 - INFO - IA: Raquette droite déplacée de 364 à 371
2025-05-03 16:22:33,493 - INFO - COLLISION: Balle a rebondi sur une raquette à la position (561, 428)
2025-05-03 16:22:33,510 - INFO - IA: Raquette droite déplacée de 371 à 378
2025-05-03 16:22:33,529 - INFO - INPUT: Joueur appuie sur la touche BAS
2025-05-03 16:22:33,529 - INFO - JOUEUR: Raquette gauche déplacée de 152 à 159
2025-05-03 16:22:33,529 - INFO - IA: Raquette droite déplacée de 378 à 385
2025-05-03 16:22:33,547 - INFO - JOUEUR: Raquette gauche déplacée de 159 à 166
2025-05-03 16:22:33,547 - INFO - IA: Raquette droite déplacée de 385 à 378
2025-05-03 16:22:33,565 - INFO - JOUEUR: Raquette gauche déplacée de 166 à 173
2025-05-03 16:22:33,565 - INFO - IA: Raquette droite déplacée de 378 à 385
2025-05-03 16:22:33,582 - INFO - JOUEUR: Raquette gauche déplacée de 173 à 180
2025-05-03 16:22:33,582 - INFO - IA: Raquette droite déplacée de 385 à 390
2025-05-03 16:22:33,600 - INFO - JOUEUR: Raquette gauche déplacée de 180 à 187
2025-05-03 16:22:33,617 - INFO - JOUEUR: Raquette gauche déplacée de 187 à 194
2025-05-03 16:22:33,633 - INFO - JOUEUR: Raquette gauche déplacée de 194 à 201
2025-05-03 16:22:33,633 - INFO - COLLISION: Balle a rebondi sur un mur à la position (441, 468)
2025-05-03 16:22:33,650 - INFO - JOUEUR: Raquette gauche déplacée de 201 à 208
2025-05-03 16:22:33,667 - INFO - JOUEUR: Raquette gauche déplacée de 208 à 215
2025-05-03 16:22:33,685 - INFO - JOUEUR: Raquette gauche déplacée de 215 à 222
2025-05-03 16:22:33,702 - INFO - JOUEUR: Raquette gauche déplacée de 222 à 229
2025-05-03 16:22:33,719 - INFO - JOUEUR: Raquette gauche déplacée de 229 à 236
2025-05-03 16:22:33,736 - INFO - JOUEUR: Raquette gauche déplacée de 236 à 243
2025-05-03 16:22:33,736 - INFO - IA: Raquette droite déplacée de 390 à 383
2025-05-03 16:22:33,754 - INFO - JOUEUR: Raquette gauche déplacée de 243 à 250
2025-05-03 16:22:33,754 - INFO - IA: Raquette droite déplacée de 383 à 376
2025-05-03 16:22:33,771 - INFO - JOUEUR: Raquette gauche déplacée de 250 à 257
2025-05-03 16:22:33,772 - INFO - IA: Raquette droite déplacée de 376 à 383
2025-05-03 16:22:33,789 - INFO - JOUEUR: Raquette gauche déplacée de 257 à 264
2025-05-03 16:22:33,790 - INFO - IA: Raquette droite déplacée de 383 à 376
2025-05-03 16:22:33,807 - INFO - JOUEUR: Raquette gauche déplacée de 264 à 271
2025-05-03 16:22:33,808 - INFO - IA: Raquette droite déplacée de 376 à 369
2025-05-03 16:22:33,826 - INFO - JOUEUR: Raquette gauche déplacée de 271 à 278
2025-05-03 16:22:33,826 - INFO - IA: Raquette droite déplacée de 369 à 376
2025-05-03 16:22:33,843 - INFO - INPUT: Joueur relâche les touches directionnelles
2025-05-03 16:22:33,861 - INFO - IA: Raquette droite déplacée de 376 à 369
2025-05-03 16:22:33,878 - INFO - INPUT: Joueur appuie sur la touche BAS
2025-05-03 16:22:33,878 - INFO - JOUEUR: Raquette gauche déplacée de 278 à 285
2025-05-03 16:22:33,878 - INFO - IA: Raquette droite déplacée de 369 à 376
2025-05-03 16:22:33,895 - INFO - JOUEUR: Raquette gauche déplacée de 285 à 292
2025-05-03 16:22:33,896 - INFO - IA: Raquette droite déplacée de 376 à 369
2025-05-03 16:22:33,912 - INFO - JOUEUR: Raquette gauche déplacée de 292 à 299
2025-05-03 16:22:33,913 - INFO - IA: Raquette droite déplacée de 369 à 376
2025-05-03 16:22:33,930 - INFO - JOUEUR: Raquette gauche déplacée de 299 à 306
2025-05-03 16:22:33,930 - INFO - IA: Raquette droite déplacée de 376 à 383
2025-05-03 16:22:33,948 - INFO - JOUEUR: Raquette gauche déplacée de 306 à 313
2025-05-03 16:22:33,948 - INFO - IA: Raquette droite déplacée de 383 à 376
2025-05-03 16:22:33,964 - INFO - JOUEUR: Raquette gauche déplacée de 313 à 320
2025-05-03 16:22:33,965 - INFO - IA: Raquette droite déplacée de 376 à 369
2025-05-03 16:22:33,982 - INFO - JOUEUR: Raquette gauche déplacée de 320 à 327
2025-05-03 16:22:33,982 - INFO - IA: Raquette droite déplacée de 369 à 362
2025-05-03 16:22:34,000 - INFO - INPUT: Joueur relâche les touches directionnelles
2025-05-03 16:22:34,000 - INFO - IA: Raquette droite déplacée de 362 à 355
2025-05-03 16:22:34,018 - INFO - IA: Raquette droite déplacée de 355 à 348
2025-05-03 16:22:34,036 - INFO - IA: Raquette droite déplacée de 348 à 341
2025-05-03 16:22:34,053 - INFO - IA: Raquette droite déplacée de 341 à 334
2025-05-03 16:22:34,071 - INFO - IA: Raquette droite déplacée de 334 à 327
2025-05-03 16:22:34,088 - INFO - IA: Raquette droite déplacée de 327 à 320
2025-05-03 16:22:34,106 - INFO - IA: Raquette droite déplacée de 320 à 327
2025-05-03 16:22:34,124 - INFO - IA: Raquette droite déplacée de 327 à 320
2025-05-03 16:22:34,124 - INFO - COLLISION: Balle a rebondi sur une raquette à la position (21, 328)
2025-05-03 16:22:34,142 - INFO - INPUT: Joueur appuie sur la touche HAUT
2025-05-03 16:22:34,143 - INFO - JOUEUR: Raquette gauche déplacée de 327 à 320
2025-05-03 16:22:34,143 - INFO - IA: Raquette droite déplacée de 320 à 313
2025-05-03 16:22:34,161 - INFO - JOUEUR: Raquette gauche déplacée de 320 à 313
2025-05-03 16:22:34,161 - INFO - IA: Raquette droite déplacée de 313 à 306
2025-05-03 16:22:34,178 - INFO - JOUEUR: Raquette gauche déplacée de 313 à 306
2025-05-03 16:22:34,178 - INFO - IA: Raquette droite déplacée de 306 à 299
2025-05-03 16:22:34,196 - INFO - JOUEUR: Raquette gauche déplacée de 306 à 299
2025-05-03 16:22:34,196 - INFO - IA: Raquette droite déplacée de 299 à 292
2025-05-03 16:22:34,214 - INFO - JOUEUR: Raquette gauche déplacée de 299 à 292
2025-05-03 16:22:34,214 - INFO - IA: Raquette droite déplacée de 292 à 285
2025-05-03 16:22:34,232 - INFO - JOUEUR: Raquette gauche déplacée de 292 à 285
2025-05-03 16:22:34,232 - INFO - IA: Raquette droite déplacée de 285 à 278
2025-05-03 16:22:34,249 - INFO - JOUEUR: Raquette gauche déplacée de 285 à 278
2025-05-03 16:22:34,249 - INFO - IA: Raquette droite déplacée de 278 à 271
2025-05-03 16:22:34,266 - INFO - JOUEUR: Raquette gauche déplacée de 278 à 271
2025-05-03 16:22:34,267 - INFO - IA: Raquette droite déplacée de 271 à 264
2025-05-03 16:22:34,284 - INFO - JOUEUR: Raquette gauche déplacée de 271 à 264
2025-05-03 16:22:34,284 - INFO - IA: Raquette droite déplacée de 264 à 257
2025-05-03 16:22:34,302 - INFO - JOUEUR: Raquette gauche déplacée de 264 à 257
2025-05-03 16:22:34,303 - INFO - IA: Raquette droite déplacée de 257 à 250
2025-05-03 16:22:34,321 - INFO - JOUEUR: Raquette gauche déplacée de 257 à 250
2025-05-03 16:22:34,322 - INFO - IA: Raquette droite déplacée de 250 à 243
2025-05-03 16:22:34,340 - INFO - JOUEUR: Raquette gauche déplacée de 250 à 243
2025-05-03 16:22:34,340 - INFO - IA: Raquette droite déplacée de 243 à 236
2025-05-03 16:22:34,357 - INFO - JOUEUR: Raquette gauche déplacée de 243 à 236
2025-05-03 16:22:34,358 - INFO - IA: Raquette droite déplacée de 236 à 229
2025-05-03 16:22:34,375 - INFO - JOUEUR: Raquette gauche déplacée de 236 à 229
2025-05-03 16:22:34,375 - INFO - IA: Raquette droite déplacée de 229 à 236
2025-05-03 16:22:34,393 - INFO - JOUEUR: Raquette gauche déplacée de 229 à 222
2025-05-03 16:22:34,393 - INFO - IA: Raquette droite déplacée de 236 à 229
2025-05-03 16:22:34,410 - INFO - JOUEUR: Raquette gauche déplacée de 222 à 215
2025-05-03 16:22:34,410 - INFO - IA: Raquette droite déplacée de 229 à 236
2025-05-03 16:22:34,427 - INFO - JOUEUR: Raquette gauche déplacée de 215 à 208
2025-05-03 16:22:34,427 - INFO - IA: Raquette droite déplacée de 236 à 229
2025-05-03 16:22:34,445 - INFO - JOUEUR: Raquette gauche déplacée de 208 à 201
2025-05-03 16:22:34,445 - INFO - IA: Raquette droite déplacée de 229 à 222
2025-05-03 16:22:34,462 - INFO - JOUEUR: Raquette gauche déplacée de 201 à 194
2025-05-03 16:22:34,463 - INFO - IA: Raquette droite déplacée de 222 à 215
2025-05-03 16:22:34,480 - INFO - JOUEUR: Raquette gauche déplacée de 194 à 187
2025-05-03 16:22:34,480 - INFO - IA: Raquette droite déplacée de 215 à 208
2025-05-03 16:22:34,497 - INFO - JOUEUR: Raquette gauche déplacée de 187 à 180
2025-05-03 16:22:34,497 - INFO - IA: Raquette droite déplacée de 208 à 201
2025-05-03 16:22:34,514 - INFO - JOUEUR: Raquette gauche déplacée de 180 à 173
2025-05-03 16:22:34,514 - INFO - IA: Raquette droite déplacée de 201 à 208
2025-05-03 16:22:34,531 - INFO - JOUEUR: Raquette gauche déplacée de 173 à 166
2025-05-03 16:22:34,531 - INFO - IA: Raquette droite déplacée de 208 à 201
2025-05-03 16:22:34,548 - INFO - JOUEUR: Raquette gauche déplacée de 166 à 159
2025-05-03 16:22:34,549 - INFO - IA: Raquette droite déplacée de 201 à 194
2025-05-03 16:22:34,566 - INFO - JOUEUR: Raquette gauche déplacée de 159 à 152
2025-05-03 16:22:34,567 - INFO - IA: Raquette droite déplacée de 194 à 187
2025-05-03 16:22:34,585 - INFO - INPUT: Joueur relâche les touches directionnelles
2025-05-03 16:22:34,585 - INFO - IA: Raquette droite déplacée de 187 à 180
2025-05-03 16:22:34,603 - INFO - IA: Raquette droite déplacée de 180 à 173
2025-05-03 16:22:34,620 - INFO - IA: Raquette droite déplacée de 173 à 166
2025-05-03 16:22:34,638 - INFO - IA: Raquette droite déplacée de 166 à 159
2025-05-03 16:22:34,655 - INFO - IA: Raquette droite déplacée de 159 à 152
2025-05-03 16:22:34,673 - INFO - IA: Raquette droite déplacée de 152 à 159
2025-05-03 16:22:34,690 - INFO - IA: Raquette droite déplacée de 159 à 152
2025-05-03 16:22:34,707 - INFO - IA: Raquette droite déplacée de 152 à 145
2025-05-03 16:22:34,724 - INFO - IA: Raquette droite déplacée de 145 à 138
2025-05-03 16:22:34,742 - INFO - IA: Raquette droite déplacée de 138 à 131
2025-05-03 16:22:34,759 - INFO - IA: Raquette droite déplacée de 131 à 124
2025-05-03 16:22:34,759 - INFO - COLLISION: Balle a rebondi sur une raquette à la position (561, 148)
2025-05-03 16:22:34,794 - INFO - IA: Raquette droite déplacée de 124 à 117
2025-05-03 16:22:34,810 - INFO - IA: Raquette droite déplacée de 117 à 110
2025-05-03 16:22:34,828 - INFO - IA: Raquette droite déplacée de 110 à 103
2025-05-03 16:22:34,846 - INFO - IA: Raquette droite déplacée de 103 à 110
2025-05-03 16:22:34,863 - INFO - IA: Raquette droite déplacée de 110 à 103
2025-05-03 16:22:34,880 - INFO - IA: Raquette droite déplacée de 103 à 96
2025-05-03 16:22:34,898 - INFO - IA: Raquette droite déplacée de 96 à 89
2025-05-03 16:22:34,916 - INFO - IA: Raquette droite déplacée de 89 à 96
2025-05-03 16:22:34,934 - INFO - IA: Raquette droite déplacée de 96 à 89
2025-05-03 16:22:34,951 - INFO - IA: Raquette droite déplacée de 89 à 82
2025-05-03 16:22:34,968 - INFO - IA: Raquette droite déplacée de 82 à 75
2025-05-03 16:22:34,985 - INFO - IA: Raquette droite déplacée de 75 à 68
2025-05-03 16:22:35,001 - INFO - IA: Raquette droite déplacée de 68 à 75
2025-05-03 16:22:35,018 - INFO - IA: Raquette droite déplacée de 75 à 68
2025-05-03 16:22:35,036 - INFO - IA: Raquette droite déplacée de 68 à 61
2025-05-03 16:22:35,053 - INFO - IA: Raquette droite déplacée de 61 à 54
2025-05-03 16:22:35,071 - INFO - INPUT: Joueur appuie sur la touche HAUT
2025-05-03 16:22:35,071 - INFO - JOUEUR: Raquette gauche déplacée de 152 à 145
2025-05-03 16:22:35,071 - INFO - IA: Raquette droite déplacée de 54 à 47
2025-05-03 16:22:35,090 - INFO - JOUEUR: Raquette gauche déplacée de 145 à 138
2025-05-03 16:22:35,090 - INFO - IA: Raquette droite déplacée de 47 à 40
2025-05-03 16:22:35,108 - INFO - JOUEUR: Raquette gauche déplacée de 138 à 131
2025-05-03 16:22:35,108 - INFO - IA: Raquette droite déplacée de 40 à 33
2025-05-03 16:22:35,126 - INFO - JOUEUR: Raquette gauche déplacée de 131 à 124
2025-05-03 16:22:35,126 - INFO - IA: Raquette droite déplacée de 33 à 26
2025-05-03 16:22:35,144 - INFO - JOUEUR: Raquette gauche déplacée de 124 à 117
2025-05-03 16:22:35,144 - INFO - IA: Raquette droite déplacée de 26 à 19
2025-05-03 16:22:35,160 - INFO - JOUEUR: Raquette gauche déplacée de 117 à 110
2025-05-03 16:22:35,161 - INFO - IA: Raquette droite déplacée de 19 à 12
2025-05-03 16:22:35,178 - INFO - JOUEUR: Raquette gauche déplacée de 110 à 103
2025-05-03 16:22:35,178 - INFO - IA: Raquette droite déplacée de 12 à 19
2025-05-03 16:22:35,195 - INFO - JOUEUR: Raquette gauche déplacée de 103 à 96
2025-05-03 16:22:35,195 - INFO - IA: Raquette droite déplacée de 19 à 12
2025-05-03 16:22:35,212 - INFO - JOUEUR: Raquette gauche déplacée de 96 à 89
2025-05-03 16:22:35,212 - INFO - IA: Raquette droite déplacée de 12 à 5
2025-05-03 16:22:35,230 - INFO - JOUEUR: Raquette gauche déplacée de 89 à 82
2025-05-03 16:22:35,230 - INFO - IA: Raquette droite déplacée de 5 à 0
2025-05-03 16:22:35,247 - INFO - JOUEUR: Raquette gauche déplacée de 82 à 75
2025-05-03 16:22:35,264 - INFO - JOUEUR: Raquette gauche déplacée de 75 à 68
2025-05-03 16:22:35,281 - INFO - JOUEUR: Raquette gauche déplacée de 68 à 61
2025-05-03 16:22:35,281 - INFO - COLLISION: Balle a rebondi sur un mur à la position (111, -2)
2025-05-03 16:22:35,299 - INFO - JOUEUR: Raquette gauche déplacée de 61 à 54
2025-05-03 16:22:35,316 - INFO - JOUEUR: Raquette gauche déplacée de 54 à 47
2025-05-03 16:22:35,333 - INFO - JOUEUR: Raquette gauche déplacée de 47 à 40
2025-05-03 16:22:35,351 - INFO - JOUEUR: Raquette gauche déplacée de 40 à 33
2025-05-03 16:22:35,369 - INFO - JOUEUR: Raquette gauche déplacée de 33 à 26
2025-05-03 16:22:35,386 - INFO - JOUEUR: Raquette gauche déplacée de 26 à 19
2025-05-03 16:22:35,387 - INFO - COLLISION: Balle a rebondi sur une raquette à la position (21, 28)
2025-05-03 16:22:35,404 - INFO - JOUEUR: Raquette gauche déplacée de 19 à 12
2025-05-03 16:22:35,405 - INFO - IA: Raquette droite déplacée de 0 à 7
2025-05-03 16:22:35,422 - INFO - JOUEUR: Raquette gauche déplacée de 12 à 5
2025-05-03 16:22:35,423 - INFO - IA: Raquette droite déplacée de 7 à 0
2025-05-03 16:22:35,440 - INFO - JOUEUR: Raquette gauche déplacée de 5 à 0
2025-05-03 16:22:35,440 - INFO - IA: Raquette droite déplacée de 0 à 7
2025-05-03 16:22:35,457 - INFO - IA: Raquette droite déplacée de 7 à 14
2025-05-03 16:22:35,475 - INFO - IA: Raquette droite déplacée de 14 à 7
2025-05-03 16:22:35,492 - INFO - IA: Raquette droite déplacée de 7 à 14
2025-05-03 16:22:35,508 - INFO - IA: Raquette droite déplacée de 14 à 7
2025-05-03 16:22:35,526 - INFO - IA: Raquette droite déplacée de 7 à 14
2025-05-03 16:22:35,542 - INFO - IA: Raquette droite déplacée de 14 à 21
2025-05-03 16:22:35,560 - INFO - INPUT: Joueur relâche les touches directionnelles
2025-05-03 16:22:35,560 - INFO - IA: Raquette droite déplacée de 21 à 14
2025-05-03 16:22:35,579 - INFO - IA: Raquette droite déplacée de 14 à 21
2025-05-03 16:22:35,597 - INFO - IA: Raquette droite déplacée de 21 à 28
2025-05-03 16:22:35,614 - INFO - IA: Raquette droite déplacée de 28 à 35
2025-05-03 16:22:35,632 - INFO - IA: Raquette droite déplacée de 35 à 42
2025-05-03 16:22:35,649 - INFO - IA: Raquette droite déplacée de 42 à 49
2025-05-03 16:22:35,666 - INFO - IA: Raquette droite déplacée de 49 à 56
2025-05-03 16:22:35,683 - INFO - IA: Raquette droite déplacée de 56 à 63
2025-05-03 16:22:35,700 - INFO - IA: Raquette droite déplacée de 63 à 70
2025-05-03 16:22:35,718 - INFO - IA: Raquette droite déplacée de 70 à 63
2025-05-03 16:22:35,736 - INFO - IA: Raquette droite déplacée de 63 à 70
2025-05-03 16:22:35,754 - INFO - IA: Raquette droite déplacée de 70 à 77
2025-05-03 16:22:35,770 - INFO - IA: Raquette droite déplacée de 77 à 84
2025-05-03 16:22:35,788 - INFO - IA: Raquette droite déplacée de 84 à 91
2025-05-03 16:22:35,806 - INFO - IA: Raquette droite déplacée de 91 à 84
2025-05-03 16:22:35,823 - INFO - IA: Raquette droite déplacée de 84 à 91
2025-05-03 16:22:35,840 - INFO - IA: Raquette droite déplacée de 91 à 98
2025-05-03 16:22:35,858 - INFO - INPUT: Joueur appuie sur la touche BAS
2025-05-03 16:22:35,858 - INFO - JOUEUR: Raquette gauche déplacée de 0 à 7
2025-05-03 16:22:35,858 - INFO - IA: Raquette droite déplacée de 98 à 91
2025-05-03 16:22:35,875 - INFO - JOUEUR: Raquette gauche déplacée de 7 à 14
2025-05-03 16:22:35,875 - INFO - IA: Raquette droite déplacée de 91 à 98
2025-05-03 16:22:35,892 - INFO - JOUEUR: Raquette gauche déplacée de 14 à 21
2025-05-03 16:22:35,893 - INFO - IA: Raquette droite déplacée de 98 à 105
2025-05-03 16:22:35,911 - INFO - JOUEUR: Raquette gauche déplacée de 21 à 28
2025-05-03 16:22:35,911 - INFO - IA: Raquette droite déplacée de 105 à 112
2025-05-03 16:22:35,928 - INFO - JOUEUR: Raquette gauche déplacée de 28 à 35
2025-05-03 16:22:35,928 - INFO - IA: Raquette droite déplacée de 112 à 119
2025-05-03 16:22:35,946 - INFO - JOUEUR: Raquette gauche déplacée de 35 à 42
2025-05-03 16:22:35,946 - INFO - IA: Raquette droite déplacée de 119 à 112
2025-05-03 16:22:35,963 - INFO - JOUEUR: Raquette gauche déplacée de 42 à 49
2025-05-03 16:22:35,964 - INFO - IA: Raquette droite déplacée de 112 à 119
2025-05-03 16:22:35,981 - INFO - JOUEUR: Raquette gauche déplacée de 49 à 56
2025-05-03 16:22:35,981 - INFO - IA: Raquette droite déplacée de 119 à 126
2025-05-03 16:22:35,998 - INFO - JOUEUR: Raquette gauche déplacée de 56 à 63
2025-05-03 16:22:35,998 - INFO - IA: Raquette droite déplacée de 126 à 133
2025-05-03 16:22:36,015 - INFO - JOUEUR: Raquette gauche déplacée de 63 à 70
2025-05-03 16:22:36,016 - INFO - IA: Raquette droite déplacée de 133 à 140
2025-05-03 16:22:36,016 - INFO - COLLISION: Balle a rebondi sur une raquette à la position (561, 208)
2025-05-03 16:22:36,033 - INFO - JOUEUR: Raquette gauche déplacée de 70 à 77
2025-05-03 16:22:36,033 - INFO - IA: Raquette droite déplacée de 140 à 147
2025-05-03 16:22:36,050 - INFO - JOUEUR: Raquette gauche déplacée de 77 à 84
2025-05-03 16:22:36,050 - INFO - IA: Raquette droite déplacée de 147 à 154
2025-05-03 16:22:36,068 - INFO - JOUEUR: Raquette gauche déplacée de 84 à 91
2025-05-03 16:22:36,068 - INFO - IA: Raquette droite déplacée de 154 à 161
2025-05-03 16:22:36,085 - INFO - JOUEUR: Raquette gauche déplacée de 91 à 98
2025-05-03 16:22:36,085 - INFO - IA: Raquette droite déplacée de 161 à 168
2025-05-03 16:22:36,102 - INFO - JOUEUR: Raquette gauche déplacée de 98 à 105
2025-05-03 16:22:36,102 - INFO - IA: Raquette droite déplacée de 168 à 161
2025-05-03 16:22:36,120 - INFO - JOUEUR: Raquette gauche déplacée de 105 à 112
2025-05-03 16:22:36,120 - INFO - IA: Raquette droite déplacée de 161 à 168
2025-05-03 16:22:36,138 - INFO - JOUEUR: Raquette gauche déplacée de 112 à 119
2025-05-03 16:22:36,138 - INFO - IA: Raquette droite déplacée de 168 à 175
2025-05-03 16:22:36,156 - INFO - JOUEUR: Raquette gauche déplacée de 119 à 126
2025-05-03 16:22:36,156 - INFO - IA: Raquette droite déplacée de 175 à 182
2025-05-03 16:22:36,174 - INFO - JOUEUR: Raquette gauche déplacée de 126 à 133
2025-05-03 16:22:36,175 - INFO - IA: Raquette droite déplacée de 182 à 189
2025-05-03 16:22:36,191 - INFO - JOUEUR: Raquette gauche déplacée de 133 à 140
2025-05-03 16:22:36,191 - INFO - IA: Raquette droite déplacée de 189 à 196
2025-05-03 16:22:36,209 - INFO - JOUEUR: Raquette gauche déplacée de 140 à 147
2025-05-03 16:22:36,209 - INFO - IA: Raquette droite déplacée de 196 à 203
2025-05-03 16:22:36,226 - INFO - JOUEUR: Raquette gauche déplacée de 147 à 154
2025-05-03 16:22:36,226 - INFO - IA: Raquette droite déplacée de 203 à 210
2025-05-03 16:22:36,243 - INFO - JOUEUR: Raquette gauche déplacée de 154 à 161
2025-05-03 16:22:36,243 - INFO - IA: Raquette droite déplacée de 210 à 217
2025-05-03 16:22:36,260 - INFO - JOUEUR: Raquette gauche déplacée de 161 à 168
2025-05-03 16:22:36,260 - INFO - IA: Raquette droite déplacée de 217 à 210
2025-05-03 16:22:36,278 - INFO - JOUEUR: Raquette gauche déplacée de 168 à 175
2025-05-03 16:22:36,278 - INFO - IA: Raquette droite déplacée de 210 à 217
2025-05-03 16:22:36,296 - INFO - JOUEUR: Raquette gauche déplacée de 175 à 182
2025-05-03 16:22:36,296 - INFO - IA: Raquette droite déplacée de 217 à 224
2025-05-03 16:22:36,313 - INFO - JOUEUR: Raquette gauche déplacée de 182 à 189
2025-05-03 16:22:36,313 - INFO - IA: Raquette droite déplacée de 224 à 231
2025-05-03 16:22:36,331 - INFO - JOUEUR: Raquette gauche déplacée de 189 à 196
2025-05-03 16:22:36,331 - INFO - IA: Raquette droite déplacée de 231 à 238
2025-05-03 16:22:36,348 - INFO - JOUEUR: Raquette gauche déplacée de 196 à 203
2025-05-03 16:22:36,348 - INFO - IA: Raquette droite déplacée de 238 à 245
2025-05-03 16:22:36,365 - INFO - JOUEUR: Raquette gauche déplacée de 203 à 210
2025-05-03 16:22:36,365 - INFO - IA: Raquette droite déplacée de 245 à 252
2025-05-03 16:22:36,382 - INFO - JOUEUR: Raquette gauche déplacée de 210 à 217
2025-05-03 16:22:36,382 - INFO - IA: Raquette droite déplacée de 252 à 259
2025-05-03 16:22:36,400 - INFO - JOUEUR: Raquette gauche déplacée de 217 à 224
2025-05-03 16:22:36,401 - INFO - IA: Raquette droite déplacée de 259 à 252
2025-05-03 16:22:36,418 - INFO - JOUEUR: Raquette gauche déplacée de 224 à 231
2025-05-03 16:22:36,418 - INFO - IA: Raquette droite déplacée de 252 à 259
2025-05-03 16:22:36,436 - INFO - JOUEUR: Raquette gauche déplacée de 231 à 238
2025-05-03 16:22:36,437 - INFO - IA: Raquette droite déplacée de 259 à 266
2025-05-03 16:22:36,456 - INFO - JOUEUR: Raquette gauche déplacée de 238 à 245
2025-05-03 16:22:36,456 - INFO - IA: Raquette droite déplacée de 266 à 273
2025-05-03 16:22:36,473 - INFO - JOUEUR: Raquette gauche déplacée de 245 à 252
2025-05-03 16:22:36,473 - INFO - IA: Raquette droite déplacée de 273 à 280
2025-05-03 16:22:36,491 - INFO - JOUEUR: Raquette gauche déplacée de 252 à 259
2025-05-03 16:22:36,491 - INFO - IA: Raquette droite déplacée de 280 à 287
2025-05-03 16:22:36,508 - INFO - JOUEUR: Raquette gauche déplacée de 259 à 266
2025-05-03 16:22:36,508 - INFO - IA: Raquette droite déplacée de 287 à 294
2025-05-03 16:22:36,526 - INFO - JOUEUR: Raquette gauche déplacée de 266 à 273
2025-05-03 16:22:36,526 - INFO - IA: Raquette droite déplacée de 294 à 301
2025-05-03 16:22:36,544 - INFO - INPUT: Joueur relâche les touches directionnelles
2025-05-03 16:22:36,544 - INFO - IA: Raquette droite déplacée de 301 à 294
2025-05-03 16:22:36,561 - INFO - IA: Raquette droite déplacée de 294 à 301
2025-05-03 16:22:36,578 - INFO - IA: Raquette droite déplacée de 301 à 308
2025-05-03 16:22:36,596 - INFO - IA: Raquette droite déplacée de 308 à 315
2025-05-03 16:22:36,612 - INFO - IA: Raquette droite déplacée de 315 à 322
2025-05-03 16:22:36,629 - INFO - IA: Raquette droite déplacée de 322 à 329
2025-05-03 16:22:36,647 - INFO - IA: Raquette droite déplacée de 329 à 322
2025-05-03 16:22:36,665 - INFO - INPUT: Joueur appuie sur la touche BAS
2025-05-03 16:22:36,665 - INFO - JOUEUR: Raquette gauche déplacée de 273 à 280
2025-05-03 16:22:36,665 - INFO - IA: Raquette droite déplacée de 322 à 329
2025-05-03 16:22:36,683 - INFO - JOUEUR: Raquette gauche déplacée de 280 à 287
2025-05-03 16:22:36,683 - INFO - IA: Raquette droite déplacée de 329 à 336
2025-05-03 16:22:36,683 - INFO - POINT: Joueur droite (IA) marque un point! Score: 0-12
2025-05-03 16:22:36,700 - INFO - JOUEUR: Raquette gauche déplacée de 287 à 294
2025-05-03 16:22:36,701 - INFO - IA: Raquette droite déplacée de 336 à 329
2025-05-03 16:22:36,718 - INFO - JOUEUR: Raquette gauche déplacée de 294 à 301
2025-05-03 16:22:36,718 - INFO - IA: Raquette droite déplacée de 329 à 322
2025-05-03 16:22:36,736 - INFO - JOUEUR: Raquette gauche déplacée de 301 à 308
2025-05-03 16:22:36,736 - INFO - IA: Raquette droite déplacée de 322 à 315
2025-05-03 16:22:36,753 - INFO - JOUEUR: Raquette gauche déplacée de 308 à 315
2025-05-03 16:22:36,753 - INFO - IA: Raquette droite déplacée de 315 à 308
2025-05-03 16:22:36,771 - INFO - JOUEUR: Raquette gauche déplacée de 315 à 322
2025-05-03 16:22:36,771 - INFO - IA: Raquette droite déplacée de 308 à 301
2025-05-03 16:22:36,788 - INFO - JOUEUR: Raquette gauche déplacée de 322 à 329
2025-05-03 16:22:36,788 - INFO - IA: Raquette droite déplacée de 301 à 294
2025-05-03 16:22:36,806 - INFO - JOUEUR: Raquette gauche déplacée de 329 à 336
2025-05-03 16:22:36,806 - INFO - IA: Raquette droite déplacée de 294 à 287
2025-05-03 16:22:36,823 - INFO - JOUEUR: Raquette gauche déplacée de 336 à 343
2025-05-03 16:22:36,823 - INFO - IA: Raquette droite déplacée de 287 à 280
2025-05-03 16:22:36,840 - INFO - JOUEUR: Raquette gauche déplacée de 343 à 350
2025-05-03 16:22:36,840 - INFO - IA: Raquette droite déplacée de 280 à 273
2025-05-03 16:22:36,858 - INFO - JOUEUR: Raquette gauche déplacée de 350 à 357
2025-05-03 16:22:36,858 - INFO - IA: Raquette droite déplacée de 273 à 266
2025-05-03 16:22:36,875 - INFO - JOUEUR: Raquette gauche déplacée de 357 à 364
2025-05-03 16:22:36,875 - INFO - IA: Raquette droite déplacée de 266 à 259
2025-05-03 16:22:36,892 - INFO - JOUEUR: Raquette gauche déplacée de 364 à 371
2025-05-03 16:22:36,892 - INFO - IA: Raquette droite déplacée de 259 à 252
2025-05-03 16:22:36,910 - INFO - JOUEUR: Raquette gauche déplacée de 371 à 378
2025-05-03 16:22:36,910 - INFO - IA: Raquette droite déplacée de 252 à 245
2025-05-03 16:22:36,926 - INFO - JOUEUR: Raquette gauche déplacée de 378 à 385
2025-05-03 16:22:36,927 - INFO - IA: Raquette droite déplacée de 245 à 238
2025-05-03 16:22:36,944 - INFO - JOUEUR: Raquette gauche déplacée de 385 à 390
2025-05-03 16:22:36,944 - INFO - IA: Raquette droite déplacée de 238 à 231
2025-05-03 16:22:36,961 - INFO - IA: Raquette droite déplacée de 231 à 224
2025-05-03 16:22:36,981 - INFO - INPUT: Joueur relâche les touches directionnelles
2025-05-03 16:22:36,981 - INFO - IA: Raquette droite déplacée de 224 à 217
2025-05-03 16:22:36,999 - INFO - IA: Raquette droite déplacée de 217 à 210
2025-05-03 16:22:37,016 - INFO - IA: Raquette droite déplacée de 210 à 203
2025-05-03 16:22:37,033 - INFO - IA: Raquette droite déplacée de 203 à 196
2025-05-03 16:22:37,050 - INFO - IA: Raquette droite déplacée de 196 à 189
2025-05-03 16:22:37,067 - INFO - IA: Raquette droite déplacée de 189 à 182
2025-05-03 16:22:37,085 - INFO - IA: Raquette droite déplacée de 182 à 175
2025-05-03 16:22:37,103 - INFO - IA: Raquette droite déplacée de 175 à 168
2025-05-03 16:22:37,121 - INFO - IA: Raquette droite déplacée de 168 à 161
2025-05-03 16:22:37,138 - INFO - IA: Raquette droite déplacée de 161 à 154
2025-05-03 16:22:37,156 - INFO - IA: Raquette droite déplacée de 154 à 147
2025-05-03 16:22:37,174 - INFO - IA: Raquette droite déplacée de 147 à 140
2025-05-03 16:22:37,191 - INFO - IA: Raquette droite déplacée de 140 à 133
2025-05-03 16:22:37,209 - INFO - IA: Raquette droite déplacée de 133 à 126
2025-05-03 16:22:37,227 - INFO - IA: Raquette droite déplacée de 126 à 119
2025-05-03 16:22:37,244 - INFO - IA: Raquette droite déplacée de 119 à 112
2025-05-03 16:22:37,261 - INFO - INPUT: Joueur appuie sur la touche HAUT
2025-05-03 16:22:37,262 - INFO - JOUEUR: Raquette gauche déplacée de 390 à 383
2025-05-03 16:22:37,262 - INFO - IA: Raquette droite déplacée de 112 à 105
2025-05-03 16:22:37,279 - INFO - JOUEUR: Raquette gauche déplacée de 383 à 376
2025-05-03 16:22:37,279 - INFO - IA: Raquette droite déplacée de 105 à 98
2025-05-03 16:22:37,297 - INFO - JOUEUR: Raquette gauche déplacée de 376 à 369
2025-05-03 16:22:37,297 - INFO - IA: Raquette droite déplacée de 98 à 91
2025-05-03 16:22:37,314 - INFO - JOUEUR: Raquette gauche déplacée de 369 à 362
2025-05-03 16:22:37,314 - INFO - IA: Raquette droite déplacée de 91 à 84
2025-05-03 16:22:37,331 - INFO - JOUEUR: Raquette gauche déplacée de 362 à 355
2025-05-03 16:22:37,331 - INFO - IA: Raquette droite déplacée de 84 à 77
2025-05-03 16:22:37,349 - INFO - JOUEUR: Raquette gauche déplacée de 355 à 348
2025-05-03 16:22:37,349 - INFO - IA: Raquette droite déplacée de 77 à 70
2025-05-03 16:22:37,366 - INFO - JOUEUR: Raquette gauche déplacée de 348 à 341
2025-05-03 16:22:37,367 - INFO - IA: Raquette droite déplacée de 70 à 63
2025-05-03 16:22:37,384 - INFO - JOUEUR: Raquette gauche déplacée de 341 à 334
2025-05-03 16:22:37,385 - INFO - IA: Raquette droite déplacée de 63 à 56
2025-05-03 16:22:37,402 - INFO - JOUEUR: Raquette gauche déplacée de 334 à 327
2025-05-03 16:22:37,402 - INFO - IA: Raquette droite déplacée de 56 à 49
2025-05-03 16:22:37,419 - INFO - JOUEUR: Raquette gauche déplacée de 327 à 320
2025-05-03 16:22:37,420 - INFO - IA: Raquette droite déplacée de 49 à 42
2025-05-03 16:22:37,438 - INFO - JOUEUR: Raquette gauche déplacée de 320 à 313
2025-05-03 16:22:37,438 - INFO - IA: Raquette droite déplacée de 42 à 35
2025-05-03 16:22:37,456 - INFO - JOUEUR: Raquette gauche déplacée de 313 à 306
2025-05-03 16:22:37,457 - INFO - IA: Raquette droite déplacée de 35 à 28
2025-05-03 16:22:37,475 - INFO - JOUEUR: Raquette gauche déplacée de 306 à 299
2025-05-03 16:22:37,475 - INFO - IA: Raquette droite déplacée de 28 à 21
2025-05-03 16:22:37,492 - INFO - JOUEUR: Raquette gauche déplacée de 299 à 292
2025-05-03 16:22:37,492 - INFO - IA: Raquette droite déplacée de 21 à 14
2025-05-03 16:22:37,510 - INFO - JOUEUR: Raquette gauche déplacée de 292 à 285
2025-05-03 16:22:37,510 - INFO - IA: Raquette droite déplacée de 14 à 7
2025-05-03 16:22:37,510 - INFO - COLLISION: Balle a rebondi sur un mur à la position (528, -2)
2025-05-03 16:22:37,527 - INFO - JOUEUR: Raquette gauche déplacée de 285 à 278
2025-05-03 16:22:37,527 - INFO - IA: Raquette droite déplacée de 7 à 0
2025-05-03 16:22:37,543 - INFO - JOUEUR: Raquette gauche déplacée de 278 à 271
2025-05-03 16:22:37,560 - INFO - JOUEUR: Raquette gauche déplacée de 271 à 264
2025-05-03 16:22:37,578 - INFO - JOUEUR: Raquette gauche déplacée de 264 à 257
2025-05-03 16:22:37,595 - INFO - JOUEUR: Raquette gauche déplacée de 257 à 250
2025-05-03 16:22:37,595 - INFO - COLLISION: Balle a rebondi sur une raquette à la position (553, 23)
2025-05-03 16:22:37,612 - INFO - JOUEUR: Raquette gauche déplacée de 250 à 243
2025-05-03 16:22:37,629 - INFO - JOUEUR: Raquette gauche déplacée de 243 à 236
2025-05-03 16:22:37,646 - INFO - JOUEUR: Raquette gauche déplacée de 236 à 229
2025-05-03 16:22:37,646 - INFO - IA: Raquette droite déplacée de 0 à 7
2025-05-03 16:22:37,663 - INFO - JOUEUR: Raquette gauche déplacée de 229 à 222
2025-05-03 16:22:37,663 - INFO - IA: Raquette droite déplacée de 7 à 0
2025-05-03 16:22:37,680 - INFO - JOUEUR: Raquette gauche déplacée de 222 à 215
2025-05-03 16:22:37,681 - INFO - IA: Raquette droite déplacée de 0 à 7
2025-05-03 16:22:37,699 - INFO - JOUEUR: Raquette gauche déplacée de 215 à 208
2025-05-03 16:22:37,699 - INFO - IA: Raquette droite déplacée de 7 à 14
2025-05-03 16:22:37,716 - INFO - JOUEUR: Raquette gauche déplacée de 208 à 201
2025-05-03 16:22:37,716 - INFO - IA: Raquette droite déplacée de 14 à 7
2025-05-03 16:22:37,734 - INFO - JOUEUR: Raquette gauche déplacée de 201 à 194
2025-05-03 16:22:37,734 - INFO - IA: Raquette droite déplacée de 7 à 14
2025-05-03 16:22:37,751 - INFO - JOUEUR: Raquette gauche déplacée de 194 à 187
2025-05-03 16:22:37,751 - INFO - IA: Raquette droite déplacée de 14 à 21
2025-05-03 16:22:37,768 - INFO - JOUEUR: Raquette gauche déplacée de 187 à 180
2025-05-03 16:22:37,768 - INFO - IA: Raquette droite déplacée de 21 à 14
2025-05-03 16:22:37,786 - INFO - JOUEUR: Raquette gauche déplacée de 180 à 173
2025-05-03 16:22:37,786 - INFO - IA: Raquette droite déplacée de 14 à 7
2025-05-03 16:22:37,804 - INFO - JOUEUR: Raquette gauche déplacée de 173 à 166
2025-05-03 16:22:37,806 - INFO - IA: Raquette droite déplacée de 7 à 14
2025-05-03 16:22:37,823 - INFO - JOUEUR: Raquette gauche déplacée de 166 à 159
2025-05-03 16:22:37,823 - INFO - IA: Raquette droite déplacée de 14 à 21
2025-05-03 16:22:37,841 - INFO - JOUEUR: Raquette gauche déplacée de 159 à 152
2025-05-03 16:22:37,841 - INFO - IA: Raquette droite déplacée de 21 à 28
2025-05-03 16:22:37,859 - INFO - JOUEUR: Raquette gauche déplacée de 152 à 145
2025-05-03 16:22:37,859 - INFO - IA: Raquette droite déplacée de 28 à 35
2025-05-03 16:22:37,877 - INFO - JOUEUR: Raquette gauche déplacée de 145 à 138
2025-05-03 16:22:37,877 - INFO - IA: Raquette droite déplacée de 35 à 42
2025-05-03 16:22:37,895 - INFO - INPUT: Joueur relâche les touches directionnelles
2025-05-03 16:22:37,912 - INFO - IA: Raquette droite déplacée de 42 à 35
2025-05-03 16:22:37,929 - INFO - IA: Raquette droite déplacée de 35 à 42
2025-05-03 16:22:37,946 - INFO - IA: Raquette droite déplacée de 42 à 49
2025-05-03 16:22:37,964 - INFO - IA: Raquette droite déplacée de 49 à 56
2025-05-03 16:22:37,981 - INFO - IA: Raquette droite déplacée de 56 à 63
2025-05-03 16:22:37,999 - INFO - IA: Raquette droite déplacée de 63 à 70
2025-05-03 16:22:38,017 - INFO - IA: Raquette droite déplacée de 70 à 77
2025-05-03 16:22:38,033 - INFO - IA: Raquette droite déplacée de 77 à 70
2025-05-03 16:22:38,050 - INFO - IA: Raquette droite déplacée de 70 à 77
2025-05-03 16:22:38,068 - INFO - IA: Raquette droite déplacée de 77 à 84
2025-05-03 16:22:38,086 - INFO - IA: Raquette droite déplacée de 84 à 91
2025-05-03 16:22:38,104 - INFO - IA: Raquette droite déplacée de 91 à 98
2025-05-03 16:22:38,121 - INFO - IA: Raquette droite déplacée de 98 à 105
2025-05-03 16:22:38,138 - INFO - IA: Raquette droite déplacée de 105 à 112
2025-05-03 16:22:38,155 - INFO - IA: Raquette droite déplacée de 112 à 119
2025-05-03 16:22:38,172 - INFO - IA: Raquette droite déplacée de 119 à 126
2025-05-03 16:22:38,190 - INFO - INPUT: Joueur appuie sur la touche BAS
2025-05-03 16:22:38,190 - INFO - JOUEUR: Raquette gauche déplacée de 138 à 145
2025-05-03 16:22:38,190 - INFO - IA: Raquette droite déplacée de 126 à 133
2025-05-03 16:22:38,208 - INFO - JOUEUR: Raquette gauche déplacée de 145 à 152
2025-05-03 16:22:38,208 - INFO - IA: Raquette droite déplacée de 133 à 140
2025-05-03 16:22:38,225 - INFO - JOUEUR: Raquette gauche déplacée de 152 à 159
2025-05-03 16:22:38,225 - INFO - IA: Raquette droite déplacée de 140 à 147
2025-05-03 16:22:38,242 - INFO - JOUEUR: Raquette gauche déplacée de 159 à 166
2025-05-03 16:22:38,242 - INFO - IA: Raquette droite déplacée de 147 à 154
2025-05-03 16:22:38,259 - INFO - JOUEUR: Raquette gauche déplacée de 166 à 173
2025-05-03 16:22:38,259 - INFO - IA: Raquette droite déplacée de 154 à 161
2025-05-03 16:22:38,277 - INFO - JOUEUR: Raquette gauche déplacée de 173 à 180
2025-05-03 16:22:38,277 - INFO - IA: Raquette droite déplacée de 161 à 154
2025-05-03 16:22:38,293 - INFO - JOUEUR: Raquette gauche déplacée de 180 à 187
2025-05-03 16:22:38,294 - INFO - IA: Raquette droite déplacée de 154 à 161
2025-05-03 16:22:38,311 - INFO - JOUEUR: Raquette gauche déplacée de 187 à 194
2025-05-03 16:22:38,311 - INFO - IA: Raquette droite déplacée de 161 à 168
2025-05-03 16:22:38,329 - INFO - JOUEUR: Raquette gauche déplacée de 194 à 201
2025-05-03 16:22:38,329 - INFO - IA: Raquette droite déplacée de 168 à 175
2025-05-03 16:22:38,346 - INFO - JOUEUR: Raquette gauche déplacée de 201 à 208
2025-05-03 16:22:38,346 - INFO - IA: Raquette droite déplacée de 175 à 182
2025-05-03 16:22:38,363 - INFO - JOUEUR: Raquette gauche déplacée de 208 à 215
2025-05-03 16:22:38,363 - INFO - IA: Raquette droite déplacée de 182 à 189
2025-05-03 16:22:38,381 - INFO - JOUEUR: Raquette gauche déplacée de 215 à 222
2025-05-03 16:22:38,381 - INFO - IA: Raquette droite déplacée de 189 à 196
2025-05-03 16:22:38,398 - INFO - JOUEUR: Raquette gauche déplacée de 222 à 229
2025-05-03 16:22:38,398 - INFO - IA: Raquette droite déplacée de 196 à 203
2025-05-03 16:22:38,416 - INFO - JOUEUR: Raquette gauche déplacée de 229 à 236
2025-05-03 16:22:38,416 - INFO - IA: Raquette droite déplacée de 203 à 210
2025-05-03 16:22:38,433 - INFO - JOUEUR: Raquette gauche déplacée de 236 à 243
2025-05-03 16:22:38,451 - INFO - JOUEUR: Raquette gauche déplacée de 243 à 250
2025-05-03 16:22:38,451 - INFO - IA: Raquette droite déplacée de 210 à 203
2025-05-03 16:22:38,470 - INFO - JOUEUR: Raquette gauche déplacée de 250 à 257
2025-05-03 16:22:38,471 - INFO - IA: Raquette droite déplacée de 203 à 210
2025-05-03 16:22:38,489 - INFO - JOUEUR: Raquette gauche déplacée de 257 à 264
2025-05-03 16:22:38,489 - INFO - IA: Raquette droite déplacée de 210 à 217
2025-05-03 16:22:38,507 - INFO - JOUEUR: Raquette gauche déplacée de 264 à 271
2025-05-03 16:22:38,508 - INFO - IA: Raquette droite déplacée de 217 à 224
2025-05-03 16:22:38,526 - INFO - JOUEUR: Raquette gauche déplacée de 271 à 278
2025-05-03 16:22:38,526 - INFO - IA: Raquette droite déplacée de 224 à 231
2025-05-03 16:22:38,544 - INFO - JOUEUR: Raquette gauche déplacée de 278 à 285
2025-05-03 16:22:38,544 - INFO - IA: Raquette droite déplacée de 231 à 238
2025-05-03 16:22:38,560 - INFO - JOUEUR: Raquette gauche déplacée de 285 à 292
2025-05-03 16:22:38,560 - INFO - IA: Raquette droite déplacée de 238 à 245
2025-05-03 16:22:38,577 - INFO - JOUEUR: Raquette gauche déplacée de 292 à 299
2025-05-03 16:22:38,577 - INFO - IA: Raquette droite déplacée de 245 à 238
2025-05-03 16:22:38,594 - INFO - JOUEUR: Raquette gauche déplacée de 299 à 306
2025-05-03 16:22:38,594 - INFO - IA: Raquette droite déplacée de 238 à 245
2025-05-03 16:22:38,612 - INFO - INPUT: Joueur relâche les touches directionnelles
2025-05-03 16:22:38,612 - INFO - IA: Raquette droite déplacée de 245 à 252
2025-05-03 16:22:38,630 - INFO - IA: Raquette droite déplacée de 252 à 259
2025-05-03 16:22:38,647 - INFO - IA: Raquette droite déplacée de 259 à 266
2025-05-03 16:22:38,665 - INFO - IA: Raquette droite déplacée de 266 à 273
2025-05-03 16:22:38,682 - INFO - IA: Raquette droite déplacée de 273 à 280
2025-05-03 16:22:38,699 - INFO - IA: Raquette droite déplacée de 280 à 287
2025-05-03 16:22:38,716 - INFO - IA: Raquette droite déplacée de 287 à 294
2025-05-03 16:22:38,734 - INFO - INPUT: Joueur appuie sur la touche BAS
2025-05-03 16:22:38,734 - INFO - JOUEUR: Raquette gauche déplacée de 306 à 313
2025-05-03 16:22:38,734 - INFO - IA: Raquette droite déplacée de 294 à 287
2025-05-03 16:22:38,752 - INFO - JOUEUR: Raquette gauche déplacée de 313 à 320
2025-05-03 16:22:38,752 - INFO - IA: Raquette droite déplacée de 287 à 294
2025-05-03 16:22:38,770 - INFO - JOUEUR: Raquette gauche déplacée de 320 à 327
2025-05-03 16:22:38,770 - INFO - IA: Raquette droite déplacée de 294 à 301
2025-05-03 16:22:38,788 - INFO - JOUEUR: Raquette gauche déplacée de 327 à 334
2025-05-03 16:22:38,788 - INFO - IA: Raquette droite déplacée de 301 à 308
2025-05-03 16:22:38,805 - INFO - JOUEUR: Raquette gauche déplacée de 334 à 341
2025-05-03 16:22:38,805 - INFO - IA: Raquette droite déplacée de 308 à 315
2025-05-03 16:22:38,822 - INFO - JOUEUR: Raquette gauche déplacée de 341 à 348
2025-05-03 16:22:38,823 - INFO - IA: Raquette droite déplacée de 315 à 322
2025-05-03 16:22:38,839 - INFO - JOUEUR: Raquette gauche déplacée de 348 à 355
2025-05-03 16:22:38,840 - INFO - IA: Raquette droite déplacée de 322 à 329
2025-05-03 16:22:38,856 - INFO - JOUEUR: Raquette gauche déplacée de 355 à 362
2025-05-03 16:22:38,857 - INFO - IA: Raquette droite déplacée de 329 à 336
2025-05-03 16:22:38,873 - INFO - JOUEUR: Raquette gauche déplacée de 362 à 369
2025-05-03 16:22:38,873 - INFO - IA: Raquette droite déplacée de 336 à 343
2025-05-03 16:22:38,891 - INFO - JOUEUR: Raquette gauche déplacée de 369 à 376
2025-05-03 16:22:38,891 - INFO - IA: Raquette droite déplacée de 343 à 336
2025-05-03 16:22:38,908 - INFO - JOUEUR: Raquette gauche déplacée de 376 à 383
2025-05-03 16:22:38,908 - INFO - IA: Raquette droite déplacée de 336 à 343
2025-05-03 16:22:38,925 - INFO - INPUT: Joueur relâche les touches directionnelles
2025-05-03 16:22:38,926 - INFO - IA: Raquette droite déplacée de 343 à 350
2025-05-03 16:22:38,944 - INFO - IA: Raquette droite déplacée de 350 à 357
2025-05-03 16:22:38,961 - INFO - IA: Raquette droite déplacée de 357 à 364
2025-05-03 16:22:38,977 - INFO - IA: Raquette droite déplacée de 364 à 371
2025-05-03 16:22:38,995 - INFO - IA: Raquette droite déplacée de 371 à 364
2025-05-03 16:22:39,012 - INFO - IA: Raquette droite déplacée de 364 à 371
2025-05-03 16:22:39,029 - INFO - IA: Raquette droite déplacée de 371 à 378
2025-05-03 16:22:39,046 - INFO - IA: Raquette droite déplacée de 378 à 385
2025-05-03 16:22:39,063 - INFO - IA: Raquette droite déplacée de 385 à 378
2025-05-03 16:22:39,080 - INFO - IA: Raquette droite déplacée de 378 à 385
2025-05-03 16:22:39,098 - INFO - IA: Raquette droite déplacée de 385 à 390
2025-05-03 16:22:39,151 - INFO - COLLISION: Balle a rebondi sur un mur à la position (108, 468)
2025-05-03 16:22:39,255 - INFO - IA: Raquette droite déplacée de 390 à 383
2025-05-03 16:22:39,273 - INFO - IA: Raquette droite déplacée de 383 à 390
2025-05-03 16:22:39,307 - INFO - IA: Raquette droite déplacée de 390 à 383
2025-05-03 16:22:39,325 - INFO - IA: Raquette droite déplacée de 383 à 376
2025-05-03 16:22:39,342 - INFO - IA: Raquette droite déplacée de 376 à 369
2025-05-03 16:22:39,376 - INFO - IA: Raquette droite déplacée de 369 à 362
2025-05-03 16:22:39,411 - INFO - IA: Raquette droite déplacée de 362 à 355
2025-05-03 16:22:39,411 - INFO - COLLISION: Balle a rebondi sur une raquette à la position (33, 393)
2025-05-03 16:22:39,428 - INFO - IA: Raquette droite déplacée de 355 à 362
2025-05-03 16:22:39,445 - INFO - IA: Raquette droite déplacée de 362 à 369
2025-05-03 16:22:39,462 - INFO - INPUT: Joueur appuie sur la touche HAUT
2025-05-03 16:22:39,463 - INFO - JOUEUR: Raquette gauche déplacée de 383 à 376
2025-05-03 16:22:39,463 - INFO - IA: Raquette droite déplacée de 369 à 362
2025-05-03 16:22:39,480 - INFO - JOUEUR: Raquette gauche déplacée de 376 à 369
2025-05-03 16:22:39,480 - INFO - IA: Raquette droite déplacée de 362 à 355
2025-05-03 16:22:39,497 - INFO - JOUEUR: Raquette gauche déplacée de 369 à 362
2025-05-03 16:22:39,497 - INFO - IA: Raquette droite déplacée de 355 à 348
2025-05-03 16:22:39,515 - INFO - JOUEUR: Raquette gauche déplacée de 362 à 355
2025-05-03 16:22:39,515 - INFO - IA: Raquette droite déplacée de 348 à 355
2025-05-03 16:22:39,531 - INFO - JOUEUR: Raquette gauche déplacée de 355 à 348
2025-05-03 16:22:39,532 - INFO - IA: Raquette droite déplacée de 355 à 348
2025-05-03 16:22:39,549 - INFO - JOUEUR: Raquette gauche déplacée de 348 à 341
2025-05-03 16:22:39,549 - INFO - IA: Raquette droite déplacée de 348 à 341
2025-05-03 16:22:39,567 - INFO - JOUEUR: Raquette gauche déplacée de 341 à 334
2025-05-03 16:22:39,567 - INFO - IA: Raquette droite déplacée de 341 à 334
2025-05-03 16:22:39,584 - INFO - JOUEUR: Raquette gauche déplacée de 334 à 327
2025-05-03 16:22:39,584 - INFO - IA: Raquette droite déplacée de 334 à 327
2025-05-03 16:22:39,602 - INFO - JOUEUR: Raquette gauche déplacée de 327 à 320
2025-05-03 16:22:39,602 - INFO - IA: Raquette droite déplacée de 327 à 320
2025-05-03 16:22:39,619 - INFO - JOUEUR: Raquette gauche déplacée de 320 à 313
2025-05-03 16:22:39,620 - INFO - IA: Raquette droite déplacée de 320 à 313
2025-05-03 16:22:39,637 - INFO - JOUEUR: Raquette gauche déplacée de 313 à 306
2025-05-03 16:22:39,637 - INFO - IA: Raquette droite déplacée de 313 à 306
2025-05-03 16:22:39,654 - INFO - JOUEUR: Raquette gauche déplacée de 306 à 299
2025-05-03 16:22:39,654 - INFO - IA: Raquette droite déplacée de 306 à 313
2025-05-03 16:22:39,672 - INFO - JOUEUR: Raquette gauche déplacée de 299 à 292
2025-05-03 16:22:39,672 - INFO - IA: Raquette droite déplacée de 313 à 306
2025-05-03 16:22:39,689 - INFO - JOUEUR: Raquette gauche déplacée de 292 à 285
2025-05-03 16:22:39,689 - INFO - IA: Raquette droite déplacée de 306 à 313
2025-05-03 16:22:39,706 - INFO - JOUEUR: Raquette gauche déplacée de 285 à 278
2025-05-03 16:22:39,706 - INFO - IA: Raquette droite déplacée de 313 à 306
2025-05-03 16:22:39,723 - INFO - JOUEUR: Raquette gauche déplacée de 278 à 271
2025-05-03 16:22:39,723 - INFO - IA: Raquette droite déplacée de 306 à 299
2025-05-03 16:22:39,740 - INFO - JOUEUR: Raquette gauche déplacée de 271 à 264
2025-05-03 16:22:39,741 - INFO - IA: Raquette droite déplacée de 299 à 292
2025-05-03 16:22:39,759 - INFO - JOUEUR: Raquette gauche déplacée de 264 à 257
2025-05-03 16:22:39,759 - INFO - IA: Raquette droite déplacée de 292 à 285
2025-05-03 16:22:39,777 - INFO - JOUEUR: Raquette gauche déplacée de 257 à 250
2025-05-03 16:22:39,777 - INFO - IA: Raquette droite déplacée de 285 à 278
2025-05-03 16:22:39,794 - INFO - JOUEUR: Raquette gauche déplacée de 250 à 243
2025-05-03 16:22:39,794 - INFO - IA: Raquette droite déplacée de 278 à 271
2025-05-03 16:22:39,811 - INFO - JOUEUR: Raquette gauche déplacée de 243 à 236
2025-05-03 16:22:39,811 - INFO - IA: Raquette droite déplacée de 271 à 278
2025-05-03 16:22:39,828 - INFO - JOUEUR: Raquette gauche déplacée de 236 à 229
2025-05-03 16:22:39,828 - INFO - IA: Raquette droite déplacée de 278 à 271
2025-05-03 16:22:39,845 - INFO - JOUEUR: Raquette gauche déplacée de 229 à 222
2025-05-03 16:22:39,846 - INFO - IA: Raquette droite déplacée de 271 à 264
2025-05-03 16:22:39,864 - INFO - JOUEUR: Raquette gauche déplacée de 222 à 215
2025-05-03 16:22:39,864 - INFO - IA: Raquette droite déplacée de 264 à 257
2025-05-03 16:22:39,882 - INFO - JOUEUR: Raquette gauche déplacée de 215 à 208
2025-05-03 16:22:39,882 - INFO - IA: Raquette droite déplacée de 257 à 250
2025-05-03 16:22:39,900 - INFO - JOUEUR: Raquette gauche déplacée de 208 à 201
2025-05-03 16:22:39,900 - INFO - IA: Raquette droite déplacée de 250 à 243
2025-05-03 16:22:39,917 - INFO - JOUEUR: Raquette gauche déplacée de 201 à 194
2025-05-03 16:22:39,917 - INFO - IA: Raquette droite déplacée de 243 à 236
2025-05-03 16:22:39,935 - INFO - JOUEUR: Raquette gauche déplacée de 194 à 187
2025-05-03 16:22:39,935 - INFO - IA: Raquette droite déplacée de 236 à 229
2025-05-03 16:22:39,954 - INFO - JOUEUR: Raquette gauche déplacée de 187 à 180
2025-05-03 16:22:39,954 - INFO - IA: Raquette droite déplacée de 229 à 222
2025-05-03 16:22:39,971 - INFO - JOUEUR: Raquette gauche déplacée de 180 à 173
2025-05-03 16:22:39,971 - INFO - IA: Raquette droite déplacée de 222 à 215
2025-05-03 16:22:39,988 - INFO - JOUEUR: Raquette gauche déplacée de 173 à 166
2025-05-03 16:22:39,988 - INFO - IA: Raquette droite déplacée de 215 à 208
2025-05-03 16:22:40,005 - INFO - JOUEUR: Raquette gauche déplacée de 166 à 159
2025-05-03 16:22:40,006 - INFO - IA: Raquette droite déplacée de 208 à 215
2025-05-03 16:22:40,023 - INFO - JOUEUR: Raquette gauche déplacée de 159 à 152
2025-05-03 16:22:40,023 - INFO - IA: Raquette droite déplacée de 215 à 208
2025-05-03 16:22:40,041 - INFO - JOUEUR: Raquette gauche déplacée de 152 à 145
2025-05-03 16:22:40,041 - INFO - IA: Raquette droite déplacée de 208 à 201
2025-05-03 16:22:40,058 - INFO - JOUEUR: Raquette gauche déplacée de 145 à 138
2025-05-03 16:22:40,058 - INFO - IA: Raquette droite déplacée de 201 à 194
2025-05-03 16:22:40,076 - INFO - JOUEUR: Raquette gauche déplacée de 138 à 131
2025-05-03 16:22:40,076 - INFO - IA: Raquette droite déplacée de 194 à 187
2025-05-03 16:22:40,094 - INFO - JOUEUR: Raquette gauche déplacée de 131 à 124
2025-05-03 16:22:40,094 - INFO - IA: Raquette droite déplacée de 187 à 180
2025-05-03 16:22:40,114 - INFO - JOUEUR: Raquette gauche déplacée de 124 à 117
2025-05-03 16:22:40,115 - INFO - IA: Raquette droite déplacée de 180 à 173
2025-05-03 16:22:40,132 - INFO - JOUEUR: Raquette gauche déplacée de 117 à 110
2025-05-03 16:22:40,132 - INFO - IA: Raquette droite déplacée de 173 à 166
2025-05-03 16:22:40,150 - INFO - JOUEUR: Raquette gauche déplacée de 110 à 103
2025-05-03 16:22:40,151 - INFO - IA: Raquette droite déplacée de 166 à 173
2025-05-03 16:22:40,169 - INFO - JOUEUR: Raquette gauche déplacée de 103 à 96
2025-05-03 16:22:40,169 - INFO - IA: Raquette droite déplacée de 173 à 166
2025-05-03 16:22:40,186 - INFO - JOUEUR: Raquette gauche déplacée de 96 à 89
2025-05-03 16:22:40,187 - INFO - IA: Raquette droite déplacée de 166 à 159
2025-05-03 16:22:40,204 - INFO - JOUEUR: Raquette gauche déplacée de 89 à 82
2025-05-03 16:22:40,204 - INFO - IA: Raquette droite déplacée de 159 à 152
2025-05-03 16:22:40,222 - INFO - JOUEUR: Raquette gauche déplacée de 82 à 75
2025-05-03 16:22:40,222 - INFO - IA: Raquette droite déplacée de 152 à 145
2025-05-03 16:22:40,240 - INFO - JOUEUR: Raquette gauche déplacée de 75 à 68
2025-05-03 16:22:40,240 - INFO - IA: Raquette droite déplacée de 145 à 152
2025-05-03 16:22:40,258 - INFO - JOUEUR: Raquette gauche déplacée de 68 à 61
2025-05-03 16:22:40,258 - INFO - IA: Raquette droite déplacée de 152 à 145
2025-05-03 16:22:40,276 - INFO - JOUEUR: Raquette gauche déplacée de 61 à 54
2025-05-03 16:22:40,276 - INFO - IA: Raquette droite déplacée de 145 à 138
2025-05-03 16:22:40,294 - INFO - JOUEUR: Raquette gauche déplacée de 54 à 47
2025-05-03 16:22:40,294 - INFO - IA: Raquette droite déplacée de 138 à 145
2025-05-03 16:22:40,311 - INFO - JOUEUR: Raquette gauche déplacée de 47 à 40
2025-05-03 16:22:40,312 - INFO - IA: Raquette droite déplacée de 145 à 138
2025-05-03 16:22:40,329 - INFO - JOUEUR: Raquette gauche déplacée de 40 à 33
2025-05-03 16:22:40,329 - INFO - IA: Raquette droite déplacée de 138 à 131
2025-05-03 16:22:40,347 - INFO - JOUEUR: Raquette gauche déplacée de 33 à 26
2025-05-03 16:22:40,347 - INFO - IA: Raquette droite déplacée de 131 à 124
2025-05-03 16:22:40,365 - INFO - JOUEUR: Raquette gauche déplacée de 26 à 19
2025-05-03 16:22:40,365 - INFO - IA: Raquette droite déplacée de 124 à 117
2025-05-03 16:22:40,383 - INFO - JOUEUR: Raquette gauche déplacée de 19 à 12
2025-05-03 16:22:40,383 - INFO - IA: Raquette droite déplacée de 117 à 110
2025-05-03 16:22:40,401 - INFO - JOUEUR: Raquette gauche déplacée de 12 à 5
2025-05-03 16:22:40,401 - INFO - IA: Raquette droite déplacée de 110 à 103
2025-05-03 16:22:40,420 - INFO - JOUEUR: Raquette gauche déplacée de 5 à 0
2025-05-03 16:22:40,421 - INFO - IA: Raquette droite déplacée de 103 à 110
2025-05-03 16:22:40,438 - INFO - IA: Raquette droite déplacée de 110 à 103
2025-05-03 16:22:40,458 - INFO - IA: Raquette droite déplacée de 103 à 96
2025-05-03 16:22:40,475 - INFO - IA: Raquette droite déplacée de 96 à 89
2025-05-03 16:22:40,492 - INFO - IA: Raquette droite déplacée de 89 à 82
2025-05-03 16:22:40,510 - INFO - IA: Raquette droite déplacée de 82 à 75
2025-05-03 16:22:40,527 - INFO - IA: Raquette droite déplacée de 75 à 68
2025-05-03 16:22:40,544 - INFO - IA: Raquette droite déplacée de 68 à 61
2025-05-03 16:22:40,562 - INFO - IA: Raquette droite déplacée de 61 à 54
2025-05-03 16:22:40,579 - INFO - IA: Raquette droite déplacée de 54 à 47
2025-05-03 16:22:40,598 - INFO - IA: Raquette droite déplacée de 47 à 40
2025-05-03 16:22:40,616 - INFO - IA: Raquette droite déplacée de 40 à 33
2025-05-03 16:22:40,635 - INFO - IA: Raquette droite déplacée de 33 à 26
2025-05-03 16:22:40,652 - INFO - IA: Raquette droite déplacée de 26 à 19
2025-05-03 16:22:40,669 - INFO - IA: Raquette droite déplacée de 19 à 12
2025-05-03 16:22:40,687 - INFO - IA: Raquette droite déplacée de 12 à 5
2025-05-03 16:22:40,704 - INFO - INPUT: Joueur relâche les touches directionnelles
2025-05-03 16:22:40,704 - INFO - IA: Raquette droite déplacée de 5 à 0
2025-05-03 16:22:40,738 - INFO - IA: Raquette droite déplacée de 0 à 7
2025-05-03 16:22:40,755 - INFO - IA: Raquette droite déplacée de 7 à 0
2025-05-03 16:22:40,806 - INFO - COLLISION: Balle a rebondi sur un mur à la position (507, -2)
2025-05-03 16:22:40,893 - INFO - IA: Raquette droite déplacée de 0 à 7
2025-05-03 16:22:40,910 - INFO - IA: Raquette droite déplacée de 7 à 0
2025-05-03 16:22:40,945 - INFO - IA: Raquette droite déplacée de 0 à 7
2025-05-03 16:22:40,945 - INFO - COLLISION: Balle a rebondi sur une raquette à la position (555, 38)
2025-05-03 16:22:40,962 - INFO - INPUT: Joueur appuie sur la touche BAS
2025-05-03 16:22:40,962 - INFO - JOUEUR: Raquette gauche déplacée de 0 à 7
2025-05-03 16:22:40,962 - INFO - IA: Raquette droite déplacée de 7 à 0
2025-05-03 16:22:40,979 - INFO - JOUEUR: Raquette gauche déplacée de 7 à 14
2025-05-03 16:22:40,996 - INFO - JOUEUR: Raquette gauche déplacée de 14 à 21
2025-05-03 16:22:41,013 - INFO - JOUEUR: Raquette gauche déplacée de 21 à 28
2025-05-03 16:22:41,013 - INFO - IA: Raquette droite déplacée de 0 à 7
2025-05-03 16:22:41,030 - INFO - JOUEUR: Raquette gauche déplacée de 28 à 35
2025-05-03 16:22:41,030 - INFO - IA: Raquette droite déplacée de 7 à 14
2025-05-03 16:22:41,048 - INFO - JOUEUR: Raquette gauche déplacée de 35 à 42
2025-05-03 16:22:41,048 - INFO - IA: Raquette droite déplacée de 14 à 7
2025-05-03 16:22:41,065 - INFO - JOUEUR: Raquette gauche déplacée de 42 à 49
2025-05-03 16:22:41,065 - INFO - IA: Raquette droite déplacée de 7 à 14
2025-05-03 16:22:41,082 - INFO - JOUEUR: Raquette gauche déplacée de 49 à 56
2025-05-03 16:22:41,082 - INFO - IA: Raquette droite déplacée de 14 à 21
2025-05-03 16:22:41,099 - INFO - JOUEUR: Raquette gauche déplacée de 56 à 63
2025-05-03 16:22:41,100 - INFO - IA: Raquette droite déplacée de 21 à 28
2025-05-03 16:22:41,117 - INFO - JOUEUR: Raquette gauche déplacée de 63 à 70
2025-05-03 16:22:41,118 - INFO - IA: Raquette droite déplacée de 28 à 35
2025-05-03 16:22:41,136 - INFO - JOUEUR: Raquette gauche déplacée de 70 à 77
2025-05-03 16:22:41,136 - INFO - IA: Raquette droite déplacée de 35 à 42
2025-05-03 16:22:41,153 - INFO - JOUEUR: Raquette gauche déplacée de 77 à 84
2025-05-03 16:22:41,154 - INFO - IA: Raquette droite déplacée de 42 à 35
2025-05-03 16:22:41,172 - INFO - JOUEUR: Raquette gauche déplacée de 84 à 91
2025-05-03 16:22:41,172 - INFO - IA: Raquette droite déplacée de 35 à 42
2025-05-03 16:22:41,189 - INFO - JOUEUR: Raquette gauche déplacée de 91 à 98
2025-05-03 16:22:41,190 - INFO - IA: Raquette droite déplacée de 42 à 49
2025-05-03 16:22:41,207 - INFO - JOUEUR: Raquette gauche déplacée de 98 à 105
2025-05-03 16:22:41,207 - INFO - IA: Raquette droite déplacée de 49 à 56
2025-05-03 16:22:41,224 - INFO - JOUEUR: Raquette gauche déplacée de 105 à 112
2025-05-03 16:22:41,224 - INFO - IA: Raquette droite déplacée de 56 à 63
2025-05-03 16:22:41,241 - INFO - JOUEUR: Raquette gauche déplacée de 112 à 119
2025-05-03 16:22:41,241 - INFO - IA: Raquette droite déplacée de 63 à 70
2025-05-03 16:22:41,259 - INFO - JOUEUR: Raquette gauche déplacée de 119 à 126
2025-05-03 16:22:41,259 - INFO - IA: Raquette droite déplacée de 70 à 77
2025-05-03 16:22:41,276 - INFO - JOUEUR: Raquette gauche déplacée de 126 à 133
2025-05-03 16:22:41,276 - INFO - IA: Raquette droite déplacée de 77 à 70
2025-05-03 16:22:41,293 - INFO - JOUEUR: Raquette gauche déplacée de 133 à 140
2025-05-03 16:22:41,293 - INFO - IA: Raquette droite déplacée de 70 à 77
2025-05-03 16:22:41,310 - INFO - JOUEUR: Raquette gauche déplacée de 140 à 147
2025-05-03 16:22:41,310 - INFO - IA: Raquette droite déplacée de 77 à 84
2025-05-03 16:22:41,327 - INFO - JOUEUR: Raquette gauche déplacée de 147 à 154
2025-05-03 16:22:41,327 - INFO - IA: Raquette droite déplacée de 84 à 91
2025-05-03 16:22:41,344 - INFO - JOUEUR: Raquette gauche déplacée de 154 à 161
2025-05-03 16:22:41,344 - INFO - IA: Raquette droite déplacée de 91 à 98
2025-05-03 16:22:41,364 - INFO - INPUT: Joueur relâche les touches directionnelles
2025-05-03 16:22:41,364 - INFO - IA: Raquette droite déplacée de 98 à 105
2025-05-03 16:22:41,381 - INFO - IA: Raquette droite déplacée de 105 à 112
2025-05-03 16:22:41,399 - INFO - IA: Raquette droite déplacée de 112 à 105
2025-05-03 16:22:41,418 - INFO - IA: Raquette droite déplacée de 105 à 112
2025-05-03 16:22:41,437 - INFO - IA: Raquette droite déplacée de 112 à 119
2025-05-03 16:22:41,454 - INFO - IA: Raquette droite déplacée de 119 à 126
2025-05-03 16:22:41,472 - INFO - IA: Raquette droite déplacée de 126 à 133
2025-05-03 16:22:41,490 - INFO - IA: Raquette droite déplacée de 133 à 140
2025-05-03 16:22:41,508 - INFO - IA: Raquette droite déplacée de 140 à 147
2025-05-03 16:22:41,542 - INFO - IA: Raquette droite déplacée de 147 à 154
2025-05-03 16:22:41,560 - INFO - IA: Raquette droite déplacée de 154 à 147
2025-05-03 16:22:41,578 - INFO - IA: Raquette droite déplacée de 147 à 154
2025-05-03 16:22:41,596 - INFO - IA: Raquette droite déplacée de 154 à 161
2025-05-03 16:22:41,613 - INFO - IA: Raquette droite déplacée de 161 à 154
2025-05-03 16:22:41,630 - INFO - INPUT: Joueur appuie sur la touche BAS
2025-05-03 16:22:41,630 - INFO - JOUEUR: Raquette gauche déplacée de 161 à 168
2025-05-03 16:22:41,630 - INFO - IA: Raquette droite déplacée de 154 à 161
2025-05-03 16:22:41,648 - INFO - JOUEUR: Raquette gauche déplacée de 168 à 175
2025-05-03 16:22:41,648 - INFO - IA: Raquette droite déplacée de 161 à 168
2025-05-03 16:22:41,665 - INFO - JOUEUR: Raquette gauche déplacée de 175 à 182
2025-05-03 16:22:41,665 - INFO - IA: Raquette droite déplacée de 168 à 175
2025-05-03 16:22:41,683 - INFO - JOUEUR: Raquette gauche déplacée de 182 à 189
2025-05-03 16:22:41,683 - INFO - IA: Raquette droite déplacée de 175 à 182
2025-05-03 16:22:41,700 - INFO - JOUEUR: Raquette gauche déplacée de 189 à 196
2025-05-03 16:22:41,701 - INFO - IA: Raquette droite déplacée de 182 à 189
2025-05-03 16:22:41,719 - INFO - JOUEUR: Raquette gauche déplacée de 196 à 203
2025-05-03 16:22:41,719 - INFO - IA: Raquette droite déplacée de 189 à 196
2025-05-03 16:22:41,736 - INFO - JOUEUR: Raquette gauche déplacée de 203 à 210
2025-05-03 16:22:41,736 - INFO - IA: Raquette droite déplacée de 196 à 203
2025-05-03 16:22:41,754 - INFO - INPUT: Joueur relâche les touches directionnelles
2025-05-03 16:22:41,754 - INFO - IA: Raquette droite déplacée de 203 à 210
2025-05-03 16:22:41,772 - INFO - IA: Raquette droite déplacée de 210 à 217
2025-05-03 16:22:41,789 - INFO - IA: Raquette droite déplacée de 217 à 224
2025-05-03 16:22:41,807 - INFO - IA: Raquette droite déplacée de 224 à 231
2025-05-03 16:22:41,824 - INFO - IA: Raquette droite déplacée de 231 à 238
2025-05-03 16:22:41,841 - INFO - IA: Raquette droite déplacée de 238 à 245
2025-05-03 16:22:41,858 - INFO - INPUT: Joueur appuie sur la touche BAS
2025-05-03 16:22:41,858 - INFO - JOUEUR: Raquette gauche déplacée de 210 à 217
2025-05-03 16:22:41,859 - INFO - IA: Raquette droite déplacée de 245 à 238
2025-05-03 16:22:41,876 - INFO - JOUEUR: Raquette gauche déplacée de 217 à 224
2025-05-03 16:22:41,876 - INFO - IA: Raquette droite déplacée de 238 à 245
2025-05-03 16:22:41,893 - INFO - JOUEUR: Raquette gauche déplacée de 224 à 231
2025-05-03 16:22:41,893 - INFO - IA: Raquette droite déplacée de 245 à 252
2025-05-03 16:22:41,910 - INFO - JOUEUR: Raquette gauche déplacée de 231 à 238
2025-05-03 16:22:41,911 - INFO - IA: Raquette droite déplacée de 252 à 259
2025-05-03 16:22:41,928 - INFO - JOUEUR: Raquette gauche déplacée de 238 à 245
2025-05-03 16:22:41,928 - INFO - IA: Raquette droite déplacée de 259 à 266
2025-05-03 16:22:41,945 - INFO - JOUEUR: Raquette gauche déplacée de 245 à 252
2025-05-03 16:22:41,946 - INFO - IA: Raquette droite déplacée de 266 à 259
2025-05-03 16:22:41,963 - INFO - JOUEUR: Raquette gauche déplacée de 252 à 259
2025-05-03 16:22:41,964 - INFO - IA: Raquette droite déplacée de 259 à 252
2025-05-03 16:22:41,981 - INFO - JOUEUR: Raquette gauche déplacée de 259 à 266
2025-05-03 16:22:41,981 - INFO - IA: Raquette droite déplacée de 252 à 259
2025-05-03 16:22:41,998 - INFO - JOUEUR: Raquette gauche déplacée de 266 à 273
2025-05-03 16:22:41,998 - INFO - IA: Raquette droite déplacée de 259 à 266
2025-05-03 16:22:42,016 - INFO - INPUT: Joueur relâche les touches directionnelles
2025-05-03 16:22:42,016 - INFO - IA: Raquette droite déplacée de 266 à 273
2025-05-03 16:22:42,033 - INFO - IA: Raquette droite déplacée de 273 à 280
2025-05-03 16:22:42,050 - INFO - IA: Raquette droite déplacée de 280 à 287
2025-05-03 16:22:42,067 - INFO - IA: Raquette droite déplacée de 287 à 294
2025-05-03 16:22:42,085 - INFO - IA: Raquette droite déplacée de 294 à 301
2025-05-03 16:22:42,102 - INFO - IA: Raquette droite déplacée de 301 à 308
2025-05-03 16:22:42,120 - INFO - INPUT: Joueur appuie sur la touche BAS
2025-05-03 16:22:42,121 - INFO - JOUEUR: Raquette gauche déplacée de 273 à 280
2025-05-03 16:22:42,121 - INFO - IA: Raquette droite déplacée de 308 à 315
2025-05-03 16:22:42,137 - INFO - JOUEUR: Raquette gauche déplacée de 280 à 287
2025-05-03 16:22:42,137 - INFO - IA: Raquette droite déplacée de 315 à 322
2025-05-03 16:22:42,154 - INFO - JOUEUR: Raquette gauche déplacée de 287 à 294
2025-05-03 16:22:42,154 - INFO - IA: Raquette droite déplacée de 322 à 329
2025-05-03 16:22:42,171 - INFO - JOUEUR: Raquette gauche déplacée de 294 à 301
2025-05-03 16:22:42,171 - INFO - IA: Raquette droite déplacée de 329 à 336
2025-05-03 16:22:42,189 - INFO - JOUEUR: Raquette gauche déplacée de 301 à 308
2025-05-03 16:22:42,189 - INFO - IA: Raquette droite déplacée de 336 à 343
2025-05-03 16:22:42,207 - INFO - JOUEUR: Raquette gauche déplacée de 308 à 315
2025-05-03 16:22:42,208 - INFO - IA: Raquette droite déplacée de 343 à 350
2025-05-03 16:22:42,224 - INFO - JOUEUR: Raquette gauche déplacée de 315 à 322
2025-05-03 16:22:42,224 - INFO - IA: Raquette droite déplacée de 350 à 343
2025-05-03 16:22:42,242 - INFO - JOUEUR: Raquette gauche déplacée de 322 à 329
2025-05-03 16:22:42,242 - INFO - IA: Raquette droite déplacée de 343 à 350
2025-05-03 16:22:42,259 - INFO - JOUEUR: Raquette gauche déplacée de 329 à 336
2025-05-03 16:22:42,259 - INFO - IA: Raquette droite déplacée de 350 à 343
2025-05-03 16:22:42,259 - INFO - COLLISION: Balle a rebondi sur une raquette à la position (30, 413)
2025-05-03 16:22:42,276 - INFO - JOUEUR: Raquette gauche déplacée de 336 à 343
2025-05-03 16:22:42,276 - INFO - IA: Raquette droite déplacée de 343 à 350
2025-05-03 16:22:42,294 - INFO - INPUT: Joueur relâche les touches directionnelles
2025-05-03 16:22:42,294 - INFO - IA: Raquette droite déplacée de 350 à 357
2025-05-03 16:22:42,312 - INFO - IA: Raquette droite déplacée de 357 à 364
2025-05-03 16:22:42,329 - INFO - IA: Raquette droite déplacée de 364 à 371
2025-05-03 16:22:42,347 - INFO - IA: Raquette droite déplacée de 371 à 364
2025-05-03 16:22:42,364 - INFO - IA: Raquette droite déplacée de 364 à 371
2025-05-03 16:22:42,382 - INFO - IA: Raquette droite déplacée de 371 à 378
2025-05-03 16:22:42,400 - INFO - IA: Raquette droite déplacée de 378 à 385
2025-05-03 16:22:42,418 - INFO - IA: Raquette droite déplacée de 385 à 390
2025-05-03 16:22:42,452 - INFO - COLLISION: Balle a rebondi sur un mur à la position (107, 468)
2025-05-03 16:22:42,557 - INFO - IA: Raquette droite déplacée de 390 à 383
2025-05-03 16:22:42,574 - INFO - IA: Raquette droite déplacée de 383 à 376
2025-05-03 16:22:42,590 - INFO - IA: Raquette droite déplacée de 376 à 369
2025-05-03 16:22:42,607 - INFO - IA: Raquette droite déplacée de 369 à 362
2025-05-03 16:22:42,624 - INFO - IA: Raquette droite déplacée de 362 à 369
2025-05-03 16:22:42,642 - INFO - IA: Raquette droite déplacée de 369 à 376
2025-05-03 16:22:42,658 - INFO - IA: Raquette droite déplacée de 376 à 383
2025-05-03 16:22:42,676 - INFO - IA: Raquette droite déplacée de 383 à 376
2025-05-03 16:22:42,694 - INFO - IA: Raquette droite déplacée de 376 à 369
2025-05-03 16:22:42,711 - INFO - IA: Raquette droite déplacée de 369 à 362
2025-05-03 16:22:42,730 - INFO - IA: Raquette droite déplacée de 362 à 369
2025-05-03 16:22:42,748 - INFO - IA: Raquette droite déplacée de 369 à 376
2025-05-03 16:22:42,766 - INFO - IA: Raquette droite déplacée de 376 à 369
2025-05-03 16:22:42,801 - INFO - IA: Raquette droite déplacée de 369 à 362
2025-05-03 16:22:42,818 - INFO - IA: Raquette droite déplacée de 362 à 355
2025-05-03 16:22:42,836 - INFO - IA: Raquette droite déplacée de 355 à 348
2025-05-03 16:22:42,853 - INFO - IA: Raquette droite déplacée de 348 à 341
2025-05-03 16:22:42,870 - INFO - INPUT: Joueur appuie sur la touche HAUT
2025-05-03 16:22:42,870 - INFO - JOUEUR: Raquette gauche déplacée de 343 à 336
2025-05-03 16:22:42,870 - INFO - IA: Raquette droite déplacée de 341 à 334
2025-05-03 16:22:42,888 - INFO - JOUEUR: Raquette gauche déplacée de 336 à 329
2025-05-03 16:22:42,888 - INFO - IA: Raquette droite déplacée de 334 à 327
2025-05-03 16:22:42,905 - INFO - JOUEUR: Raquette gauche déplacée de 329 à 322
2025-05-03 16:22:42,905 - INFO - IA: Raquette droite déplacée de 327 à 320
2025-05-03 16:22:42,923 - INFO - JOUEUR: Raquette gauche déplacée de 322 à 315
2025-05-03 16:22:42,923 - INFO - IA: Raquette droite déplacée de 320 à 327
2025-05-03 16:22:42,940 - INFO - JOUEUR: Raquette gauche déplacée de 315 à 308
2025-05-03 16:22:42,940 - INFO - IA: Raquette droite déplacée de 327 à 320
2025-05-03 16:22:42,957 - INFO - JOUEUR: Raquette gauche déplacée de 308 à 301
2025-05-03 16:22:42,957 - INFO - IA: Raquette droite déplacée de 320 à 313
2025-05-03 16:22:42,975 - INFO - JOUEUR: Raquette gauche déplacée de 301 à 294
2025-05-03 16:22:42,976 - INFO - IA: Raquette droite déplacée de 313 à 306
2025-05-03 16:22:42,993 - INFO - JOUEUR: Raquette gauche déplacée de 294 à 287
2025-05-03 16:22:42,993 - INFO - IA: Raquette droite déplacée de 306 à 299
2025-05-03 16:22:43,010 - INFO - JOUEUR: Raquette gauche déplacée de 287 à 280
2025-05-03 16:22:43,010 - INFO - IA: Raquette droite déplacée de 299 à 292
2025-05-03 16:22:43,029 - INFO - JOUEUR: Raquette gauche déplacée de 280 à 273
2025-05-03 16:22:43,029 - INFO - IA: Raquette droite déplacée de 292 à 299
2025-05-03 16:22:43,047 - INFO - INPUT: Joueur relâche les touches directionnelles
2025-05-03 16:22:43,047 - INFO - IA: Raquette droite déplacée de 299 à 292
2025-05-03 16:22:43,065 - INFO - IA: Raquette droite déplacée de 292 à 285
2025-05-03 16:22:43,083 - INFO - IA: Raquette droite déplacée de 285 à 278
2025-05-03 16:22:43,100 - INFO - IA: Raquette droite déplacée de 278 à 271
2025-05-03 16:22:43,118 - INFO - IA: Raquette droite déplacée de 271 à 264
2025-05-03 16:22:43,135 - INFO - INPUT: Joueur appuie sur la touche HAUT
2025-05-03 16:22:43,135 - INFO - JOUEUR: Raquette gauche déplacée de 273 à 266
2025-05-03 16:22:43,152 - INFO - JOUEUR: Raquette gauche déplacée de 266 à 259
2025-05-03 16:22:43,153 - INFO - IA: Raquette droite déplacée de 264 à 257
2025-05-03 16:22:43,170 - INFO - JOUEUR: Raquette gauche déplacée de 259 à 252
2025-05-03 16:22:43,170 - INFO - IA: Raquette droite déplacée de 257 à 250
2025-05-03 16:22:43,188 - INFO - JOUEUR: Raquette gauche déplacée de 252 à 245
2025-05-03 16:22:43,188 - INFO - IA: Raquette droite déplacée de 250 à 243
2025-05-03 16:22:43,205 - INFO - JOUEUR: Raquette gauche déplacée de 245 à 238
2025-05-03 16:22:43,206 - INFO - IA: Raquette droite déplacée de 243 à 236
2025-05-03 16:22:43,223 - INFO - JOUEUR: Raquette gauche déplacée de 238 à 231
2025-05-03 16:22:43,224 - INFO - IA: Raquette droite déplacée de 236 à 229
2025-05-03 16:22:43,241 - INFO - JOUEUR: Raquette gauche déplacée de 231 à 224
2025-05-03 16:22:43,241 - INFO - IA: Raquette droite déplacée de 229 à 236
2025-05-03 16:22:43,259 - INFO - JOUEUR: Raquette gauche déplacée de 224 à 217
2025-05-03 16:22:43,260 - INFO - IA: Raquette droite déplacée de 236 à 229
2025-05-03 16:22:43,277 - INFO - JOUEUR: Raquette gauche déplacée de 217 à 210
2025-05-03 16:22:43,277 - INFO - IA: Raquette droite déplacée de 229 à 222
2025-05-03 16:22:43,294 - INFO - JOUEUR: Raquette gauche déplacée de 210 à 203
2025-05-03 16:22:43,294 - INFO - IA: Raquette droite déplacée de 222 à 215
2025-05-03 16:22:43,311 - INFO - JOUEUR: Raquette gauche déplacée de 203 à 196
2025-05-03 16:22:43,311 - INFO - IA: Raquette droite déplacée de 215 à 208
2025-05-03 16:22:43,328 - INFO - JOUEUR: Raquette gauche déplacée de 196 à 189
2025-05-03 16:22:43,328 - INFO - IA: Raquette droite déplacée de 208 à 201
2025-05-03 16:22:43,346 - INFO - JOUEUR: Raquette gauche déplacée de 189 à 182
2025-05-03 16:22:43,346 - INFO - IA: Raquette droite déplacée de 201 à 194
2025-05-03 16:22:43,364 - INFO - INPUT: Joueur relâche les touches directionnelles
2025-05-03 16:22:43,364 - INFO - IA: Raquette droite déplacée de 194 à 187
2025-05-03 16:22:43,382 - INFO - IA: Raquette droite déplacée de 187 à 180
2025-05-03 16:22:43,399 - INFO - IA: Raquette droite déplacée de 180 à 173
2025-05-03 16:22:43,417 - INFO - IA: Raquette droite déplacée de 173 à 180
2025-05-03 16:22:43,434 - INFO - IA: Raquette droite déplacée de 180 à 173
2025-05-03 16:22:43,452 - INFO - IA: Raquette droite déplacée de 173 à 166
2025-05-03 16:22:43,470 - INFO - INPUT: Joueur appuie sur la touche HAUT
2025-05-03 16:22:43,470 - INFO - JOUEUR: Raquette gauche déplacée de 182 à 175
2025-05-03 16:22:43,470 - INFO - IA: Raquette droite déplacée de 166 à 159
2025-05-03 16:22:43,488 - INFO - JOUEUR: Raquette gauche déplacée de 175 à 168
2025-05-03 16:22:43,488 - INFO - IA: Raquette droite déplacée de 159 à 152
2025-05-03 16:22:43,505 - INFO - JOUEUR: Raquette gauche déplacée de 168 à 161
2025-05-03 16:22:43,505 - INFO - IA: Raquette droite déplacée de 152 à 145
2025-05-03 16:22:43,523 - INFO - JOUEUR: Raquette gauche déplacée de 161 à 154
2025-05-03 16:22:43,524 - INFO - IA: Raquette droite déplacée de 145 à 138
2025-05-03 16:22:43,541 - INFO - JOUEUR: Raquette gauche déplacée de 154 à 147
2025-05-03 16:22:43,542 - INFO - IA: Raquette droite déplacée de 138 à 131
2025-05-03 16:22:43,559 - INFO - JOUEUR: Raquette gauche déplacée de 147 à 140
2025-05-03 16:22:43,560 - INFO - IA: Raquette droite déplacée de 131 à 138
2025-05-03 16:22:43,577 - INFO - JOUEUR: Raquette gauche déplacée de 140 à 133
2025-05-03 16:22:43,578 - INFO - IA: Raquette droite déplacée de 138 à 131
2025-05-03 16:22:43,578 - INFO - COLLISION: Balle a rebondi sur une raquette à la position (555, 148)
2025-05-03 16:22:43,596 - INFO - JOUEUR: Raquette gauche déplacée de 133 à 126
2025-05-03 16:22:43,596 - INFO - IA: Raquette droite déplacée de 131 à 124
2025-05-03 16:22:43,614 - INFO - JOUEUR: Raquette gauche déplacée de 126 à 119
2025-05-03 16:22:43,614 - INFO - IA: Raquette droite déplacée de 124 à 117
2025-05-03 16:22:43,631 - INFO - JOUEUR: Raquette gauche déplacée de 119 à 112
2025-05-03 16:22:43,632 - INFO - IA: Raquette droite déplacée de 117 à 110
2025-05-03 16:22:43,649 - INFO - JOUEUR: Raquette gauche déplacée de 112 à 105
2025-05-03 16:22:43,650 - INFO - IA: Raquette droite déplacée de 110 à 103
2025-05-03 16:22:43,667 - INFO - JOUEUR: Raquette gauche déplacée de 105 à 98
2025-05-03 16:22:43,667 - INFO - IA: Raquette droite déplacée de 103 à 96
2025-05-03 16:22:43,685 - INFO - JOUEUR: Raquette gauche déplacée de 98 à 91
2025-05-03 16:22:43,685 - INFO - IA: Raquette droite déplacée de 96 à 103
2025-05-03 16:22:43,703 - INFO - JOUEUR: Raquette gauche déplacée de 91 à 84
2025-05-03 16:22:43,703 - INFO - IA: Raquette droite déplacée de 103 à 96
2025-05-03 16:22:43,721 - INFO - INPUT: Joueur relâche les touches directionnelles
2025-05-03 16:22:43,721 - INFO - IA: Raquette droite déplacée de 96 à 103
2025-05-03 16:22:43,738 - INFO - IA: Raquette droite déplacée de 103 à 96
2025-05-03 16:22:43,755 - INFO - IA: Raquette droite déplacée de 96 à 89
2025-05-03 16:22:43,772 - INFO - IA: Raquette droite déplacée de 89 à 82
2025-05-03 16:22:43,790 - INFO - INPUT: Joueur appuie sur la touche HAUT
2025-05-03 16:22:43,790 - INFO - JOUEUR: Raquette gauche déplacée de 84 à 77
2025-05-03 16:22:43,790 - INFO - IA: Raquette droite déplacée de 82 à 75
2025-05-03 16:22:43,807 - INFO - JOUEUR: Raquette gauche déplacée de 77 à 70
2025-05-03 16:22:43,807 - INFO - IA: Raquette droite déplacée de 75 à 68
2025-05-03 16:22:43,824 - INFO - JOUEUR: Raquette gauche déplacée de 70 à 63
2025-05-03 16:22:43,841 - INFO - JOUEUR: Raquette gauche déplacée de 63 à 56
2025-05-03 16:22:43,841 - INFO - IA: Raquette droite déplacée de 68 à 61
2025-05-03 16:22:43,859 - INFO - JOUEUR: Raquette gauche déplacée de 56 à 49
2025-05-03 16:22:43,859 - INFO - IA: Raquette droite déplacée de 61 à 54
2025-05-03 16:22:43,876 - INFO - JOUEUR: Raquette gauche déplacée de 49 à 42
2025-05-03 16:22:43,876 - INFO - IA: Raquette droite déplacée de 54 à 47
2025-05-03 16:22:43,893 - INFO - JOUEUR: Raquette gauche déplacée de 42 à 35
2025-05-03 16:22:43,893 - INFO - IA: Raquette droite déplacée de 47 à 40
2025-05-03 16:22:43,910 - INFO - INPUT: Joueur relâche les touches directionnelles
2025-05-03 16:22:43,927 - INFO - IA: Raquette droite déplacée de 40 à 33
2025-05-03 16:22:43,944 - INFO - IA: Raquette droite déplacée de 33 à 26
2025-05-03 16:22:43,962 - INFO - IA: Raquette droite déplacée de 26 à 33
2025-05-03 16:22:43,979 - INFO - IA: Raquette droite déplacée de 33 à 26
2025-05-03 16:22:43,996 - INFO - IA: Raquette droite déplacée de 26 à 19
2025-05-03 16:22:44,014 - INFO - IA: Raquette droite déplacée de 19 à 12
2025-05-03 16:22:44,031 - INFO - IA: Raquette droite déplacée de 12 à 5
2025-05-03 16:22:44,050 - INFO - IA: Raquette droite déplacée de 5 à 0
2025-05-03 16:22:44,067 - INFO - IA: Raquette droite déplacée de 0 à 7
2025-05-03 16:22:44,083 - INFO - IA: Raquette droite déplacée de 7 à 0
2025-05-03 16:22:44,101 - INFO - COLLISION: Balle a rebondi sur un mur à la position (315, -2)
2025-05-03 16:22:44,239 - INFO - IA: Raquette droite déplacée de 0 à 7
2025-05-03 16:22:44,257 - INFO - IA: Raquette droite déplacée de 7 à 14
2025-05-03 16:22:44,274 - INFO - IA: Raquette droite déplacée de 14 à 7
2025-05-03 16:22:44,292 - INFO - IA: Raquette droite déplacée de 7 à 0
2025-05-03 16:22:44,310 - INFO - IA: Raquette droite déplacée de 0 à 7
2025-05-03 16:22:44,327 - INFO - IA: Raquette droite déplacée de 7 à 14
2025-05-03 16:22:44,345 - INFO - IA: Raquette droite déplacée de 14 à 7
2025-05-03 16:22:44,362 - INFO - IA: Raquette droite déplacée de 7 à 0
2025-05-03 16:22:44,380 - INFO - IA: Raquette droite déplacée de 0 à 7
2025-05-03 16:22:44,398 - INFO - IA: Raquette droite déplacée de 7 à 14
2025-05-03 16:22:44,416 - INFO - IA: Raquette droite déplacée de 14 à 21
2025-05-03 16:22:44,433 - INFO - IA: Raquette droite déplacée de 21 à 28
2025-05-03 16:22:44,451 - INFO - IA: Raquette droite déplacée de 28 à 35
2025-05-03 16:22:44,469 - INFO - IA: Raquette droite déplacée de 35 à 42
2025-05-03 16:22:44,486 - INFO - IA: Raquette droite déplacée de 42 à 49
2025-05-03 16:22:44,504 - INFO - IA: Raquette droite déplacée de 49 à 56
2025-05-03 16:22:44,521 - INFO - IA: Raquette droite déplacée de 56 à 63
2025-05-03 16:22:44,539 - INFO - INPUT: Joueur appuie sur la touche BAS
2025-05-03 16:22:44,540 - INFO - JOUEUR: Raquette gauche déplacée de 35 à 42
2025-05-03 16:22:44,540 - INFO - IA: Raquette droite déplacée de 63 à 70
2025-05-03 16:22:44,558 - INFO - JOUEUR: Raquette gauche déplacée de 42 à 49
2025-05-03 16:22:44,559 - INFO - IA: Raquette droite déplacée de 70 à 77
2025-05-03 16:22:44,576 - INFO - JOUEUR: Raquette gauche déplacée de 49 à 56
2025-05-03 16:22:44,577 - INFO - IA: Raquette droite déplacée de 77 à 84
2025-05-03 16:22:44,594 - INFO - JOUEUR: Raquette gauche déplacée de 56 à 63
2025-05-03 16:22:44,594 - INFO - IA: Raquette droite déplacée de 84 à 91
2025-05-03 16:22:44,611 - INFO - JOUEUR: Raquette gauche déplacée de 63 à 70
2025-05-03 16:22:44,611 - INFO - IA: Raquette droite déplacée de 91 à 98
2025-05-03 16:22:44,628 - INFO - JOUEUR: Raquette gauche déplacée de 70 à 77
2025-05-03 16:22:44,628 - INFO - IA: Raquette droite déplacée de 98 à 91
2025-05-03 16:22:44,644 - INFO - JOUEUR: Raquette gauche déplacée de 77 à 84
2025-05-03 16:22:44,645 - INFO - IA: Raquette droite déplacée de 91 à 98
2025-05-03 16:22:44,661 - INFO - JOUEUR: Raquette gauche déplacée de 84 à 91
2025-05-03 16:22:44,661 - INFO - IA: Raquette droite déplacée de 98 à 105
2025-05-03 16:22:44,678 - INFO - JOUEUR: Raquette gauche déplacée de 91 à 98
2025-05-03 16:22:44,678 - INFO - IA: Raquette droite déplacée de 105 à 98
2025-05-03 16:22:44,695 - INFO - JOUEUR: Raquette gauche déplacée de 98 à 105
2025-05-03 16:22:44,712 - INFO - JOUEUR: Raquette gauche déplacée de 105 à 112
2025-05-03 16:22:44,712 - INFO - IA: Raquette droite déplacée de 98 à 105
2025-05-03 16:22:44,729 - INFO - JOUEUR: Raquette gauche déplacée de 112 à 119
2025-05-03 16:22:44,729 - INFO - IA: Raquette droite déplacée de 105 à 112
2025-05-03 16:22:44,729 - INFO - COLLISION: Balle a rebondi sur une raquette à la position (27, 178)
2025-05-03 16:22:44,747 - INFO - JOUEUR: Raquette gauche déplacée de 119 à 126
2025-05-03 16:22:44,747 - INFO - IA: Raquette droite déplacée de 112 à 105
2025-05-03 16:22:44,765 - INFO - JOUEUR: Raquette gauche déplacée de 126 à 133
2025-05-03 16:22:44,765 - INFO - IA: Raquette droite déplacée de 105 à 112
2025-05-03 16:22:44,782 - INFO - JOUEUR: Raquette gauche déplacée de 133 à 140
2025-05-03 16:22:44,782 - INFO - IA: Raquette droite déplacée de 112 à 119
2025-05-03 16:22:44,800 - INFO - JOUEUR: Raquette gauche déplacée de 140 à 147
2025-05-03 16:22:44,800 - INFO - IA: Raquette droite déplacée de 119 à 126
2025-05-03 16:22:44,818 - INFO - JOUEUR: Raquette gauche déplacée de 147 à 154
2025-05-03 16:22:44,818 - INFO - IA: Raquette droite déplacée de 126 à 133
2025-05-03 16:22:44,836 - INFO - JOUEUR: Raquette gauche déplacée de 154 à 161
2025-05-03 16:22:44,836 - INFO - IA: Raquette droite déplacée de 133 à 140
2025-05-03 16:22:44,853 - INFO - JOUEUR: Raquette gauche déplacée de 161 à 168
2025-05-03 16:22:44,853 - INFO - IA: Raquette droite déplacée de 140 à 147
2025-05-03 16:22:44,870 - INFO - JOUEUR: Raquette gauche déplacée de 168 à 175
2025-05-03 16:22:44,870 - INFO - IA: Raquette droite déplacée de 147 à 154
2025-05-03 16:22:44,888 - INFO - JOUEUR: Raquette gauche déplacée de 175 à 182
2025-05-03 16:22:44,888 - INFO - IA: Raquette droite déplacée de 154 à 161
2025-05-03 16:22:44,906 - INFO - JOUEUR: Raquette gauche déplacée de 182 à 189
2025-05-03 16:22:44,906 - INFO - IA: Raquette droite déplacée de 161 à 168
2025-05-03 16:22:44,924 - INFO - JOUEUR: Raquette gauche déplacée de 189 à 196
2025-05-03 16:22:44,924 - INFO - IA: Raquette droite déplacée de 168 à 175
2025-05-03 16:22:44,942 - INFO - JOUEUR: Raquette gauche déplacée de 196 à 203
2025-05-03 16:22:44,942 - INFO - IA: Raquette droite déplacée de 175 à 168
2025-05-03 16:22:44,959 - INFO - INPUT: Joueur relâche les touches directionnelles
2025-05-03 16:22:44,959 - INFO - IA: Raquette droite déplacée de 168 à 175
2025-05-03 16:22:44,976 - INFO - IA: Raquette droite déplacée de 175 à 182
2025-05-03 16:22:44,993 - INFO - IA: Raquette droite déplacée de 182 à 189
2025-05-03 16:22:45,011 - INFO - IA: Raquette droite déplacée de 189 à 196
2025-05-03 16:22:45,028 - INFO - INPUT: Joueur appuie sur la touche BAS
2025-05-03 16:22:45,029 - INFO - JOUEUR: Raquette gauche déplacée de 203 à 210
2025-05-03 16:22:45,029 - INFO - IA: Raquette droite déplacée de 196 à 189
2025-05-03 16:22:45,046 - INFO - JOUEUR: Raquette gauche déplacée de 210 à 217
2025-05-03 16:22:45,046 - INFO - IA: Raquette droite déplacée de 189 à 196
2025-05-03 16:22:45,064 - INFO - JOUEUR: Raquette gauche déplacée de 217 à 224
2025-05-03 16:22:45,064 - INFO - IA: Raquette droite déplacée de 196 à 203
2025-05-03 16:22:45,083 - INFO - JOUEUR: Raquette gauche déplacée de 224 à 231
2025-05-03 16:22:45,083 - INFO - IA: Raquette droite déplacée de 203 à 210
2025-05-03 16:22:45,100 - INFO - JOUEUR: Raquette gauche déplacée de 231 à 238
2025-05-03 16:22:45,101 - INFO - IA: Raquette droite déplacée de 210 à 217
2025-05-03 16:22:45,118 - INFO - JOUEUR: Raquette gauche déplacée de 238 à 245
2025-05-03 16:22:45,118 - INFO - IA: Raquette droite déplacée de 217 à 224
2025-05-03 16:22:45,135 - INFO - JOUEUR: Raquette gauche déplacée de 245 à 252
2025-05-03 16:22:45,136 - INFO - IA: Raquette droite déplacée de 224 à 231
2025-05-03 16:22:45,153 - INFO - INPUT: Joueur relâche les touches directionnelles
2025-05-03 16:22:45,153 - INFO - IA: Raquette droite déplacée de 231 à 238
2025-05-03 16:22:45,170 - INFO - IA: Raquette droite déplacée de 238 à 245
2025-05-03 16:22:45,187 - INFO - IA: Raquette droite déplacée de 245 à 252
2025-05-03 16:22:45,205 - INFO - IA: Raquette droite déplacée de 252 à 259
2025-05-03 16:22:45,222 - INFO - INPUT: Joueur appuie sur la touche BAS
2025-05-03 16:22:45,222 - INFO - JOUEUR: Raquette gauche déplacée de 252 à 259
2025-05-03 16:22:45,222 - INFO - IA: Raquette droite déplacée de 259 à 252
2025-05-03 16:22:45,240 - INFO - JOUEUR: Raquette gauche déplacée de 259 à 266
2025-05-03 16:22:45,240 - INFO - IA: Raquette droite déplacée de 252 à 259
2025-05-03 16:22:45,257 - INFO - JOUEUR: Raquette gauche déplacée de 266 à 273
2025-05-03 16:22:45,257 - INFO - IA: Raquette droite déplacée de 259 à 266
2025-05-03 16:22:45,274 - INFO - JOUEUR: Raquette gauche déplacée de 273 à 280
2025-05-03 16:22:45,274 - INFO - IA: Raquette droite déplacée de 266 à 273
2025-05-03 16:22:45,292 - INFO - JOUEUR: Raquette gauche déplacée de 280 à 287
2025-05-03 16:22:45,292 - INFO - IA: Raquette droite déplacée de 273 à 266
2025-05-03 16:22:45,310 - INFO - INPUT: Joueur relâche les touches directionnelles
2025-05-03 16:22:45,310 - INFO - IA: Raquette droite déplacée de 266 à 273
2025-05-03 16:22:45,328 - INFO - IA: Raquette droite déplacée de 273 à 280
2025-05-03 16:22:45,345 - INFO - IA: Raquette droite déplacée de 280 à 287
2025-05-03 16:22:45,381 - INFO - IA: Raquette droite déplacée de 287 à 294
2025-05-03 16:22:45,399 - INFO - IA: Raquette droite déplacée de 294 à 301
2025-05-03 16:22:45,416 - INFO - IA: Raquette droite déplacée de 301 à 308
2025-05-03 16:22:45,434 - INFO - IA: Raquette droite déplacée de 308 à 315
2025-05-03 16:22:45,452 - INFO - IA: Raquette droite déplacée de 315 à 322
2025-05-03 16:22:45,470 - INFO - IA: Raquette droite déplacée de 322 à 329
2025-05-03 16:22:45,487 - INFO - IA: Raquette droite déplacée de 329 à 336
2025-05-03 16:22:45,505 - INFO - IA: Raquette droite déplacée de 336 à 343
2025-05-03 16:22:45,522 - INFO - IA: Raquette droite déplacée de 343 à 350
2025-05-03 16:22:45,540 - INFO - IA: Raquette droite déplacée de 350 à 357
2025-05-03 16:22:45,557 - INFO - IA: Raquette droite déplacée de 357 à 350
2025-05-03 16:22:45,575 - INFO - INPUT: Joueur appuie sur la touche HAUT
2025-05-03 16:22:45,575 - INFO - JOUEUR: Raquette gauche déplacée de 287 à 280
2025-05-03 16:22:45,575 - INFO - IA: Raquette droite déplacée de 350 à 357
2025-05-03 16:22:45,593 - INFO - JOUEUR: Raquette gauche déplacée de 280 à 273
2025-05-03 16:22:45,593 - INFO - IA: Raquette droite déplacée de 357 à 364
2025-05-03 16:22:45,611 - INFO - JOUEUR: Raquette gauche déplacée de 273 à 266
2025-05-03 16:22:45,611 - INFO - IA: Raquette droite déplacée de 364 à 357
2025-05-03 16:22:45,628 - INFO - JOUEUR: Raquette gauche déplacée de 266 à 259
2025-05-03 16:22:45,628 - INFO - IA: Raquette droite déplacée de 357 à 364
2025-05-03 16:22:45,645 - INFO - JOUEUR: Raquette gauche déplacée de 259 à 252
2025-05-03 16:22:45,645 - INFO - IA: Raquette droite déplacée de 364 à 371
2025-05-03 16:22:45,663 - INFO - JOUEUR: Raquette gauche déplacée de 252 à 245
2025-05-03 16:22:45,663 - INFO - IA: Raquette droite déplacée de 371 à 378
2025-05-03 16:22:45,680 - INFO - JOUEUR: Raquette gauche déplacée de 245 à 238
2025-05-03 16:22:45,697 - INFO - INPUT: Joueur relâche les touches directionnelles
2025-05-03 16:22:45,698 - INFO - IA: Raquette droite déplacée de 378 à 385
2025-05-03 16:22:45,716 - INFO - IA: Raquette droite déplacée de 385 à 390
2025-05-03 16:22:45,750 - INFO - COLLISION: Balle a rebondi sur un mur à la position (549, 468)
2025-05-03 16:22:45,767 - INFO - COLLISION: Balle a rebondi sur une raquette à la position (558, 463)
2025-05-03 16:22:45,818 - INFO - IA: Raquette droite déplacée de 390 à 383
2025-05-03 16:22:45,835 - INFO - IA: Raquette droite déplacée de 383 à 390
2025-05-03 16:22:45,853 - INFO - IA: Raquette droite déplacée de 390 à 383
2025-05-03 16:22:45,870 - INFO - IA: Raquette droite déplacée de 383 à 390
2025-05-03 16:22:45,889 - INFO - IA: Raquette droite déplacée de 390 à 383
2025-05-03 16:22:45,906 - INFO - IA: Raquette droite déplacée de 383 à 376
2025-05-03 16:22:45,923 - INFO - IA: Raquette droite déplacée de 376 à 383
2025-05-03 16:22:45,940 - INFO - IA: Raquette droite déplacée de 383 à 390
2025-05-03 16:22:45,957 - INFO - IA: Raquette droite déplacée de 390 à 383
2025-05-03 16:22:45,974 - INFO - IA: Raquette droite déplacée de 383 à 390
2025-05-03 16:22:45,992 - INFO - IA: Raquette droite déplacée de 390 à 383
2025-05-03 16:22:46,009 - INFO - IA: Raquette droite déplacée de 383 à 376
2025-05-03 16:22:46,043 - INFO - IA: Raquette droite déplacée de 376 à 369
2025-05-03 16:22:46,062 - INFO - INPUT: Joueur appuie sur la touche HAUT
2025-05-03 16:22:46,062 - INFO - JOUEUR: Raquette gauche déplacée de 238 à 231
2025-05-03 16:22:46,062 - INFO - IA: Raquette droite déplacée de 369 à 362
2025-05-03 16:22:46,079 - INFO - JOUEUR: Raquette gauche déplacée de 231 à 224
2025-05-03 16:22:46,080 - INFO - IA: Raquette droite déplacée de 362 à 369
2025-05-03 16:22:46,097 - INFO - JOUEUR: Raquette gauche déplacée de 224 à 217
2025-05-03 16:22:46,098 - INFO - IA: Raquette droite déplacée de 369 à 362
2025-05-03 16:22:46,115 - INFO - JOUEUR: Raquette gauche déplacée de 217 à 210
2025-05-03 16:22:46,116 - INFO - IA: Raquette droite déplacée de 362 à 355
2025-05-03 16:22:46,134 - INFO - INPUT: Joueur relâche les touches directionnelles
2025-05-03 16:22:46,134 - INFO - IA: Raquette droite déplacée de 355 à 348
2025-05-03 16:22:46,153 - INFO - IA: Raquette droite déplacée de 348 à 341
2025-05-03 16:22:46,170 - INFO - IA: Raquette droite déplacée de 341 à 334
2025-05-03 16:22:46,187 - INFO - IA: Raquette droite déplacée de 334 à 341
2025-05-03 16:22:46,205 - INFO - IA: Raquette droite déplacée de 341 à 334
2025-05-03 16:22:46,222 - INFO - IA: Raquette droite déplacée de 334 à 327
2025-05-03 16:22:46,239 - INFO - IA: Raquette droite déplacée de 327 à 320
2025-05-03 16:22:46,256 - INFO - IA: Raquette droite déplacée de 320 à 313
2025-05-03 16:22:46,273 - INFO - IA: Raquette droite déplacée de 313 à 306
2025-05-03 16:22:46,291 - INFO - IA: Raquette droite déplacée de 306 à 299
2025-05-03 16:22:46,308 - INFO - IA: Raquette droite déplacée de 299 à 292
2025-05-03 16:22:46,326 - INFO - IA: Raquette droite déplacée de 292 à 285
2025-05-03 16:22:46,344 - INFO - IA: Raquette droite déplacée de 285 à 278
2025-05-03 16:22:46,361 - INFO - IA: Raquette droite déplacée de 278 à 271
2025-05-03 16:22:46,379 - INFO - IA: Raquette droite déplacée de 271 à 264
2025-05-03 16:22:46,397 - INFO - IA: Raquette droite déplacée de 264 à 257
2025-05-03 16:22:46,414 - INFO - IA: Raquette droite déplacée de 257 à 250
2025-05-03 16:22:46,432 - INFO - IA: Raquette droite déplacée de 250 à 243
2025-05-03 16:22:46,467 - INFO - INPUT: Joueur appuie sur la touche HAUT
2025-05-03 16:22:46,467 - INFO - JOUEUR: Raquette gauche déplacée de 210 à 203
2025-05-03 16:22:46,468 - INFO - IA: Raquette droite déplacée de 243 à 250
2025-05-03 16:22:46,485 - INFO - JOUEUR: Raquette gauche déplacée de 203 à 196
2025-05-03 16:22:46,486 - INFO - IA: Raquette droite déplacée de 250 à 243
2025-05-03 16:22:46,503 - INFO - JOUEUR: Raquette gauche déplacée de 196 à 189
2025-05-03 16:22:46,503 - INFO - IA: Raquette droite déplacée de 243 à 236
2025-05-03 16:22:46,520 - INFO - JOUEUR: Raquette gauche déplacée de 189 à 182
2025-05-03 16:22:46,520 - INFO - IA: Raquette droite déplacée de 236 à 229
2025-05-03 16:22:46,538 - INFO - JOUEUR: Raquette gauche déplacée de 182 à 175
2025-05-03 16:22:46,538 - INFO - IA: Raquette droite déplacée de 229 à 236
2025-05-03 16:22:46,556 - INFO - INPUT: Joueur relâche les touches directionnelles
2025-05-03 16:22:46,556 - INFO - IA: Raquette droite déplacée de 236 à 229
2025-05-03 16:22:46,574 - INFO - IA: Raquette droite déplacée de 229 à 222
2025-05-03 16:22:46,590 - INFO - IA: Raquette droite déplacée de 222 à 229
2025-05-03 16:22:46,609 - INFO - IA: Raquette droite déplacée de 229 à 222
2025-05-03 16:22:46,627 - INFO - IA: Raquette droite déplacée de 222 à 215
2025-05-03 16:22:46,645 - INFO - INPUT: Joueur appuie sur la touche HAUT
2025-05-03 16:22:46,645 - INFO - JOUEUR: Raquette gauche déplacée de 175 à 168
2025-05-03 16:22:46,645 - INFO - IA: Raquette droite déplacée de 215 à 208
2025-05-03 16:22:46,664 - INFO - JOUEUR: Raquette gauche déplacée de 168 à 161
2025-05-03 16:22:46,664 - INFO - IA: Raquette droite déplacée de 208 à 201
2025-05-03 16:22:46,681 - INFO - JOUEUR: Raquette gauche déplacée de 161 à 154
2025-05-03 16:22:46,681 - INFO - IA: Raquette droite déplacée de 201 à 194
2025-05-03 16:22:46,699 - INFO - JOUEUR: Raquette gauche déplacée de 154 à 147
2025-05-03 16:22:46,699 - INFO - IA: Raquette droite déplacée de 194 à 187
2025-05-03 16:22:46,699 - INFO - COLLISION: Balle a rebondi sur une raquette à la position (28, 198)
2025-05-03 16:22:46,717 - INFO - JOUEUR: Raquette gauche déplacée de 147 à 140
2025-05-03 16:22:46,717 - INFO - IA: Raquette droite déplacée de 187 à 180
2025-05-03 16:22:46,734 - INFO - JOUEUR: Raquette gauche déplacée de 140 à 133
2025-05-03 16:22:46,734 - INFO - IA: Raquette droite déplacée de 180 à 173
2025-05-03 16:22:46,752 - INFO - JOUEUR: Raquette gauche déplacée de 133 à 126
2025-05-03 16:22:46,752 - INFO - IA: Raquette droite déplacée de 173 à 166
2025-05-03 16:22:46,769 - INFO - JOUEUR: Raquette gauche déplacée de 126 à 119
2025-05-03 16:22:46,769 - INFO - IA: Raquette droite déplacée de 166 à 159
2025-05-03 16:22:46,786 - INFO - JOUEUR: Raquette gauche déplacée de 119 à 112
2025-05-03 16:22:46,786 - INFO - IA: Raquette droite déplacée de 159 à 166
2025-05-03 16:22:46,804 - INFO - JOUEUR: Raquette gauche déplacée de 112 à 105
2025-05-03 16:22:46,804 - INFO - IA: Raquette droite déplacée de 166 à 159
2025-05-03 16:22:46,821 - INFO - INPUT: Joueur relâche les touches directionnelles
2025-05-03 16:22:46,821 - INFO - IA: Raquette droite déplacée de 159 à 152
2025-05-03 16:22:46,838 - INFO - IA: Raquette droite déplacée de 152 à 145
2025-05-03 16:22:46,855 - INFO - IA: Raquette droite déplacée de 145 à 138
2025-05-03 16:22:46,873 - INFO - IA: Raquette droite déplacée de 138 à 131
2025-05-03 16:22:46,890 - INFO - IA: Raquette droite déplacée de 131 à 124
2025-05-03 16:22:46,907 - INFO - IA: Raquette droite déplacée de 124 à 117
2025-05-03 16:22:46,925 - INFO - IA: Raquette droite déplacée de 117 à 110
2025-05-03 16:22:46,942 - INFO - IA: Raquette droite déplacée de 110 à 103
2025-05-03 16:22:46,976 - INFO - IA: Raquette droite déplacée de 103 à 110
2025-05-03 16:22:46,994 - INFO - IA: Raquette droite déplacée de 110 à 103
2025-05-03 16:22:47,011 - INFO - IA: Raquette droite déplacée de 103 à 110
2025-05-03 16:22:47,028 - INFO - IA: Raquette droite déplacée de 110 à 103
2025-05-03 16:22:47,045 - INFO - IA: Raquette droite déplacée de 103 à 96
2025-05-03 16:22:47,062 - INFO - IA: Raquette droite déplacée de 96 à 89
2025-05-03 16:22:47,079 - INFO - IA: Raquette droite déplacée de 89 à 82
2025-05-03 16:22:47,097 - INFO - IA: Raquette droite déplacée de 82 à 75
2025-05-03 16:22:47,114 - INFO - IA: Raquette droite déplacée de 75 à 68
2025-05-03 16:22:47,132 - INFO - INPUT: Joueur appuie sur la touche HAUT
2025-05-03 16:22:47,132 - INFO - JOUEUR: Raquette gauche déplacée de 105 à 98
2025-05-03 16:22:47,132 - INFO - IA: Raquette droite déplacée de 68 à 61
2025-05-03 16:22:47,150 - INFO - JOUEUR: Raquette gauche déplacée de 98 à 91
2025-05-03 16:22:47,150 - INFO - IA: Raquette droite déplacée de 61 à 68
2025-05-03 16:22:47,169 - INFO - JOUEUR: Raquette gauche déplacée de 91 à 84
2025-05-03 16:22:47,169 - INFO - IA: Raquette droite déplacée de 68 à 61
2025-05-03 16:22:47,186 - INFO - JOUEUR: Raquette gauche déplacée de 84 à 77
2025-05-03 16:22:47,187 - INFO - IA: Raquette droite déplacée de 61 à 54
2025-05-03 16:22:47,205 - INFO - JOUEUR: Raquette gauche déplacée de 77 à 70
2025-05-03 16:22:47,205 - INFO - IA: Raquette droite déplacée de 54 à 47
2025-05-03 16:22:47,222 - INFO - JOUEUR: Raquette gauche déplacée de 70 à 63
2025-05-03 16:22:47,222 - INFO - IA: Raquette droite déplacée de 47 à 40
2025-05-03 16:22:47,242 - INFO - INPUT: Joueur relâche les touches directionnelles
2025-05-03 16:22:47,242 - INFO - IA: Raquette droite déplacée de 40 à 33
2025-05-03 16:22:47,259 - INFO - IA: Raquette droite déplacée de 33 à 26
2025-05-03 16:22:47,276 - INFO - IA: Raquette droite déplacée de 26 à 33
2025-05-03 16:22:47,294 - INFO - IA: Raquette droite déplacée de 33 à 26
2025-05-03 16:22:47,311 - INFO - IA: Raquette droite déplacée de 26 à 19
2025-05-03 16:22:47,328 - INFO - IA: Raquette droite déplacée de 19 à 12
2025-05-03 16:22:47,345 - INFO - IA: Raquette droite déplacée de 12 à 5
2025-05-03 16:22:47,362 - INFO - IA: Raquette droite déplacée de 5 à 0
2025-05-03 16:22:47,381 - INFO - INPUT: Joueur appuie sur la touche BAS
2025-05-03 16:22:47,381 - INFO - JOUEUR: Raquette gauche déplacée de 63 à 70
2025-05-03 16:22:47,398 - INFO - JOUEUR: Raquette gauche déplacée de 70 à 77
2025-05-03 16:22:47,398 - INFO - COLLISION: Balle a rebondi sur un mur à la position (468, -2)
2025-05-03 16:22:47,416 - INFO - JOUEUR: Raquette gauche déplacée de 77 à 84
2025-05-03 16:22:47,434 - INFO - JOUEUR: Raquette gauche déplacée de 84 à 91
2025-05-03 16:22:47,452 - INFO - JOUEUR: Raquette gauche déplacée de 91 à 98
2025-05-03 16:22:47,470 - INFO - JOUEUR: Raquette gauche déplacée de 98 à 105
2025-05-03 16:22:47,487 - INFO - JOUEUR: Raquette gauche déplacée de 105 à 112
2025-05-03 16:22:47,505 - INFO - JOUEUR: Raquette gauche déplacée de 112 à 119
2025-05-03 16:22:47,523 - INFO - JOUEUR: Raquette gauche déplacée de 119 à 126
2025-05-03 16:22:47,540 - INFO - JOUEUR: Raquette gauche déplacée de 126 à 133
2025-05-03 16:22:47,540 - INFO - IA: Raquette droite déplacée de 0 à 7
2025-05-03 16:22:47,540 - INFO - COLLISION: Balle a rebondi sur une raquette à la position (556, 38)
2025-05-03 16:22:47,558 - INFO - JOUEUR: Raquette gauche déplacée de 133 à 140
2025-05-03 16:22:47,558 - INFO - IA: Raquette droite déplacée de 7 à 0
2025-05-03 16:22:47,575 - INFO - JOUEUR: Raquette gauche déplacée de 140 à 147
2025-05-03 16:22:47,575 - INFO - IA: Raquette droite déplacée de 0 à 7
2025-05-03 16:22:47,592 - INFO - INPUT: Joueur relâche les touches directionnelles
2025-05-03 16:22:47,593 - INFO - IA: Raquette droite déplacée de 7 à 14
2025-05-03 16:22:47,612 - INFO - IA: Raquette droite déplacée de 14 à 7
2025-05-03 16:22:47,630 - INFO - IA: Raquette droite déplacée de 7 à 0
2025-05-03 16:22:47,648 - INFO - IA: Raquette droite déplacée de 0 à 7
2025-05-03 16:22:47,665 - INFO - IA: Raquette droite déplacée de 7 à 14
2025-05-03 16:22:47,683 - INFO - IA: Raquette droite déplacée de 14 à 21
2025-05-03 16:22:47,702 - INFO - INPUT: Joueur appuie sur la touche BAS
2025-05-03 16:22:47,702 - INFO - JOUEUR: Raquette gauche déplacée de 147 à 154
2025-05-03 16:22:47,702 - INFO - IA: Raquette droite déplacée de 21 à 28
2025-05-03 16:22:47,720 - INFO - JOUEUR: Raquette gauche déplacée de 154 à 161
2025-05-03 16:22:47,720 - INFO - IA: Raquette droite déplacée de 28 à 21
2025-05-03 16:22:47,737 - INFO - JOUEUR: Raquette gauche déplacée de 161 à 168
2025-05-03 16:22:47,737 - INFO - IA: Raquette droite déplacée de 21 à 28
2025-05-03 16:22:47,754 - INFO - JOUEUR: Raquette gauche déplacée de 168 à 175
2025-05-03 16:22:47,754 - INFO - IA: Raquette droite déplacée de 28 à 35
2025-05-03 16:22:47,771 - INFO - JOUEUR: Raquette gauche déplacée de 175 à 182
2025-05-03 16:22:47,771 - INFO - IA: Raquette droite déplacée de 35 à 42
2025-05-03 16:22:47,788 - INFO - JOUEUR: Raquette gauche déplacée de 182 à 189
2025-05-03 16:22:47,788 - INFO - IA: Raquette droite déplacée de 42 à 49
2025-05-03 16:22:47,805 - INFO - JOUEUR: Raquette gauche déplacée de 189 à 196
2025-05-03 16:22:47,805 - INFO - IA: Raquette droite déplacée de 49 à 42
2025-05-03 16:22:47,822 - INFO - JOUEUR: Raquette gauche déplacée de 196 à 203
2025-05-03 16:22:47,822 - INFO - IA: Raquette droite déplacée de 42 à 49
2025-05-03 16:22:47,839 - INFO - JOUEUR: Raquette gauche déplacée de 203 à 210
2025-05-03 16:22:47,840 - INFO - IA: Raquette droite déplacée de 49 à 56
2025-05-03 16:22:47,858 - INFO - INPUT: Joueur relâche les touches directionnelles
2025-05-03 16:22:47,858 - INFO - IA: Raquette droite déplacée de 56 à 63
2025-05-03 16:22:47,875 - INFO - IA: Raquette droite déplacée de 63 à 70
2025-05-03 16:22:47,893 - INFO - IA: Raquette droite déplacée de 70 à 77
2025-05-03 16:22:47,911 - INFO - IA: Raquette droite déplacée de 77 à 84
2025-05-03 16:22:47,929 - INFO - IA: Raquette droite déplacée de 84 à 91
2025-05-03 16:22:47,947 - INFO - IA: Raquette droite déplacée de 91 à 98
2025-05-03 16:22:47,965 - INFO - IA: Raquette droite déplacée de 98 à 105
2025-05-03 16:22:47,983 - INFO - IA: Raquette droite déplacée de 105 à 112
2025-05-03 16:22:48,001 - INFO - IA: Raquette droite déplacée de 112 à 119
2025-05-03 16:22:48,018 - INFO - IA: Raquette droite déplacée de 119 à 112
2025-05-03 16:22:48,036 - INFO - IA: Raquette droite déplacée de 112 à 119
2025-05-03 16:22:48,053 - INFO - IA: Raquette droite déplacée de 119 à 126
2025-05-03 16:22:48,070 - INFO - IA: Raquette droite déplacée de 126 à 133
2025-05-03 16:22:48,088 - INFO - IA: Raquette droite déplacée de 133 à 140
2025-05-03 16:22:48,104 - INFO - IA: Raquette droite déplacée de 140 à 133
2025-05-03 16:22:48,122 - INFO - IA: Raquette droite déplacée de 133 à 140
2025-05-03 16:22:48,138 - INFO - IA: Raquette droite déplacée de 140 à 147
2025-05-03 16:22:48,156 - INFO - IA: Raquette droite déplacée de 147 à 154
2025-05-03 16:22:48,173 - INFO - IA: Raquette droite déplacée de 154 à 161
2025-05-03 16:22:48,191 - INFO - INPUT: Joueur appuie sur la touche HAUT
2025-05-03 16:22:48,191 - INFO - JOUEUR: Raquette gauche déplacée de 210 à 203
2025-05-03 16:22:48,191 - INFO - IA: Raquette droite déplacée de 161 à 154
2025-05-03 16:22:48,209 - INFO - JOUEUR: Raquette gauche déplacée de 203 à 196
2025-05-03 16:22:48,209 - INFO - IA: Raquette droite déplacée de 154 à 161
2025-05-03 16:22:48,227 - INFO - JOUEUR: Raquette gauche déplacée de 196 à 189
2025-05-03 16:22:48,227 - INFO - IA: Raquette droite déplacée de 161 à 168
2025-05-03 16:22:48,244 - INFO - JOUEUR: Raquette gauche déplacée de 189 à 182
2025-05-03 16:22:48,244 - INFO - IA: Raquette droite déplacée de 168 à 175
2025-05-03 16:22:48,261 - INFO - INPUT: Joueur relâche les touches directionnelles
2025-05-03 16:22:48,262 - INFO - IA: Raquette droite déplacée de 175 à 182
2025-05-03 16:22:48,279 - INFO - IA: Raquette droite déplacée de 182 à 189
2025-05-03 16:22:48,296 - INFO - IA: Raquette droite déplacée de 189 à 182
2025-05-03 16:22:48,313 - INFO - IA: Raquette droite déplacée de 182 à 189
2025-05-03 16:22:48,313 - INFO - COLLISION: Balle a rebondi sur une raquette à la position (28, 258)
2025-05-03 16:22:48,331 - INFO - IA: Raquette droite déplacée de 189 à 196
2025-05-03 16:22:48,348 - INFO - IA: Raquette droite déplacée de 196 à 189
2025-05-03 16:22:48,366 - INFO - IA: Raquette droite déplacée de 189 à 196
2025-05-03 16:22:48,383 - INFO - IA: Raquette droite déplacée de 196 à 203
2025-05-03 16:22:48,400 - INFO - IA: Raquette droite déplacée de 203 à 210
2025-05-03 16:22:48,418 - INFO - IA: Raquette droite déplacée de 210 à 217
2025-05-03 16:22:48,435 - INFO - IA: Raquette droite déplacée de 217 à 224
2025-05-03 16:22:48,453 - INFO - IA: Raquette droite déplacée de 224 à 231
2025-05-03 16:22:48,471 - INFO - IA: Raquette droite déplacée de 231 à 238
2025-05-03 16:22:48,489 - INFO - IA: Raquette droite déplacée de 238 à 245
2025-05-03 16:22:48,507 - INFO - IA: Raquette droite déplacée de 245 à 252
2025-05-03 16:22:48,524 - INFO - IA: Raquette droite déplacée de 252 à 259
2025-05-03 16:22:48,542 - INFO - IA: Raquette droite déplacée de 259 à 266
2025-05-03 16:22:48,558 - INFO - IA: Raquette droite déplacée de 266 à 259
2025-05-03 16:22:48,576 - INFO - IA: Raquette droite déplacée de 259 à 266
2025-05-03 16:22:48,593 - INFO - IA: Raquette droite déplacée de 266 à 273
2025-05-03 16:22:48,610 - INFO - IA: Raquette droite déplacée de 273 à 280
2025-05-03 16:22:48,628 - INFO - IA: Raquette droite déplacée de 280 à 287
2025-05-03 16:22:48,646 - INFO - IA: Raquette droite déplacée de 287 à 294
2025-05-03 16:22:48,663 - INFO - IA: Raquette droite déplacée de 294 à 301
2025-05-03 16:22:48,681 - INFO - IA: Raquette droite déplacée de 301 à 308
2025-05-03 16:22:48,714 - INFO - IA: Raquette droite déplacée de 308 à 315
2025-05-03 16:22:48,732 - INFO - IA: Raquette droite déplacée de 315 à 322
2025-05-03 16:22:48,767 - INFO - IA: Raquette droite déplacée de 322 à 329
2025-05-03 16:22:48,784 - INFO - IA: Raquette droite déplacée de 329 à 336
2025-05-03 16:22:48,801 - INFO - IA: Raquette droite déplacée de 336 à 343
2025-05-03 16:22:48,818 - INFO - IA: Raquette droite déplacée de 343 à 350
2025-05-03 16:22:48,835 - INFO - IA: Raquette droite déplacée de 350 à 357
2025-05-03 16:22:48,851 - INFO - IA: Raquette droite déplacée de 357 à 364
2025-05-03 16:22:48,869 - INFO - IA: Raquette droite déplacée de 364 à 371
2025-05-03 16:22:48,886 - INFO - IA: Raquette droite déplacée de 371 à 378
2025-05-03 16:22:48,903 - INFO - IA: Raquette droite déplacée de 378 à 385
2025-05-03 16:22:48,921 - INFO - IA: Raquette droite déplacée de 385 à 390
2025-05-03 16:22:48,938 - INFO - IA: Raquette droite déplacée de 390 à 383
2025-05-03 16:22:48,956 - INFO - IA: Raquette droite déplacée de 383 à 376
2025-05-03 16:22:48,974 - INFO - IA: Raquette droite déplacée de 376 à 383
2025-05-03 16:22:49,009 - INFO - IA: Raquette droite déplacée de 383 à 390
2025-05-03 16:22:49,026 - INFO - COLLISION: Balle a rebondi sur une raquette à la position (561, 463)
2025-05-03 16:22:49,043 - INFO - COLLISION: Balle a rebondi sur un mur à la position (547, 468)
2025-05-03 16:22:49,234 - INFO - IA: Raquette droite déplacée de 390 à 383
2025-05-03 16:22:49,251 - INFO - IA: Raquette droite déplacée de 383 à 376
2025-05-03 16:22:49,269 - INFO - IA: Raquette droite déplacée de 376 à 369
2025-05-03 16:22:49,286 - INFO - IA: Raquette droite déplacée de 369 à 376
2025-05-03 16:22:49,303 - INFO - IA: Raquette droite déplacée de 376 à 369
2025-05-03 16:22:49,320 - INFO - IA: Raquette droite déplacée de 369 à 376
2025-05-03 16:22:49,337 - INFO - IA: Raquette droite déplacée de 376 à 369
2025-05-03 16:22:49,354 - INFO - IA: Raquette droite déplacée de 369 à 362
2025-05-03 16:22:49,371 - INFO - IA: Raquette droite déplacée de 362 à 355
2025-05-03 16:22:49,389 - INFO - IA: Raquette droite déplacée de 355 à 348
2025-05-03 16:22:49,406 - INFO - IA: Raquette droite déplacée de 348 à 341
2025-05-03 16:22:49,423 - INFO - IA: Raquette droite déplacée de 341 à 334
2025-05-03 16:22:49,442 - INFO - IA: Raquette droite déplacée de 334 à 327
2025-05-03 16:22:49,459 - INFO - IA: Raquette droite déplacée de 327 à 320
2025-05-03 16:22:49,477 - INFO - INPUT: Joueur appuie sur la touche BAS
2025-05-03 16:22:49,477 - INFO - JOUEUR: Raquette gauche déplacée de 182 à 189
2025-05-03 16:22:49,478 - INFO - IA: Raquette droite déplacée de 320 à 313
2025-05-03 16:22:49,495 - INFO - JOUEUR: Raquette gauche déplacée de 189 à 196
2025-05-03 16:22:49,495 - INFO - IA: Raquette droite déplacée de 313 à 306
2025-05-03 16:22:49,514 - INFO - JOUEUR: Raquette gauche déplacée de 196 à 203
2025-05-03 16:22:49,515 - INFO - IA: Raquette droite déplacée de 306 à 313
2025-05-03 16:22:49,533 - INFO - JOUEUR: Raquette gauche déplacée de 203 à 210
2025-05-03 16:22:49,534 - INFO - IA: Raquette droite déplacée de 313 à 306
2025-05-03 16:22:49,551 - INFO - JOUEUR: Raquette gauche déplacée de 210 à 217
2025-05-03 16:22:49,551 - INFO - IA: Raquette droite déplacée de 306 à 299
2025-05-03 16:22:49,569 - INFO - JOUEUR: Raquette gauche déplacée de 217 à 224
2025-05-03 16:22:49,569 - INFO - IA: Raquette droite déplacée de 299 à 292
2025-05-03 16:22:49,587 - INFO - JOUEUR: Raquette gauche déplacée de 224 à 231
2025-05-03 16:22:49,587 - INFO - IA: Raquette droite déplacée de 292 à 285
2025-05-03 16:22:49,605 - INFO - JOUEUR: Raquette gauche déplacée de 231 à 238
2025-05-03 16:22:49,605 - INFO - IA: Raquette droite déplacée de 285 à 292
2025-05-03 16:22:49,623 - INFO - JOUEUR: Raquette gauche déplacée de 238 à 245
2025-05-03 16:22:49,623 - INFO - IA: Raquette droite déplacée de 292 à 285
2025-05-03 16:22:49,640 - INFO - JOUEUR: Raquette gauche déplacée de 245 à 252
2025-05-03 16:22:49,640 - INFO - IA: Raquette droite déplacée de 285 à 278
2025-05-03 16:22:49,658 - INFO - JOUEUR: Raquette gauche déplacée de 252 à 259
2025-05-03 16:22:49,658 - INFO - IA: Raquette droite déplacée de 278 à 271
2025-05-03 16:22:49,675 - INFO - JOUEUR: Raquette gauche déplacée de 259 à 266
2025-05-03 16:22:49,675 - INFO - IA: Raquette droite déplacée de 271 à 264
2025-05-03 16:22:49,692 - INFO - JOUEUR: Raquette gauche déplacée de 266 à 273
2025-05-03 16:22:49,692 - INFO - IA: Raquette droite déplacée de 264 à 257
2025-05-03 16:22:49,692 - INFO - COLLISION: Balle a rebondi sur une raquette à la position (29, 283)
2025-05-03 16:22:49,709 - INFO - JOUEUR: Raquette gauche déplacée de 273 à 280
2025-05-03 16:22:49,709 - INFO - IA: Raquette droite déplacée de 257 à 250
2025-05-03 16:22:49,726 - INFO - JOUEUR: Raquette gauche déplacée de 280 à 287
2025-05-03 16:22:49,726 - INFO - IA: Raquette droite déplacée de 250 à 257
2025-05-03 16:22:49,744 - INFO - JOUEUR: Raquette gauche déplacée de 287 à 294
2025-05-03 16:22:49,744 - INFO - IA: Raquette droite déplacée de 257 à 250
2025-05-03 16:22:49,762 - INFO - JOUEUR: Raquette gauche déplacée de 294 à 301
2025-05-03 16:22:49,762 - INFO - IA: Raquette droite déplacée de 250 à 243
2025-05-03 16:22:49,781 - INFO - INPUT: Joueur relâche les touches directionnelles
2025-05-03 16:22:49,781 - INFO - IA: Raquette droite déplacée de 243 à 236
2025-05-03 16:22:49,799 - INFO - IA: Raquette droite déplacée de 236 à 229
2025-05-03 16:22:49,816 - INFO - IA: Raquette droite déplacée de 229 à 222
2025-05-03 16:22:49,833 - INFO - IA: Raquette droite déplacée de 222 à 215
2025-05-03 16:22:49,851 - INFO - IA: Raquette droite déplacée de 215 à 208
2025-05-03 16:22:49,868 - INFO - IA: Raquette droite déplacée de 208 à 201
2025-05-03 16:22:49,884 - INFO - IA: Raquette droite déplacée de 201 à 194
2025-05-03 16:22:49,902 - INFO - IA: Raquette droite déplacée de 194 à 187
2025-05-03 16:22:49,919 - INFO - IA: Raquette droite déplacée de 187 à 194
2025-05-03 16:22:49,937 - INFO - IA: Raquette droite déplacée de 194 à 187
2025-05-03 16:22:49,953 - INFO - IA: Raquette droite déplacée de 187 à 180
2025-05-03 16:22:49,971 - INFO - IA: Raquette droite déplacée de 180 à 173
2025-05-03 16:22:49,988 - INFO - IA: Raquette droite déplacée de 173 à 166
2025-05-03 16:22:50,006 - INFO - IA: Raquette droite déplacée de 166 à 159
2025-05-03 16:22:50,023 - INFO - IA: Raquette droite déplacée de 159 à 152
2025-05-03 16:22:50,041 - INFO - IA: Raquette droite déplacée de 152 à 145
2025-05-03 16:22:50,058 - INFO - IA: Raquette droite déplacée de 145 à 138
2025-05-03 16:22:50,076 - INFO - IA: Raquette droite déplacée de 138 à 131
2025-05-03 16:22:50,096 - INFO - IA: Raquette droite déplacée de 131 à 138
2025-05-03 16:22:50,113 - INFO - IA: Raquette droite déplacée de 138 à 131
2025-05-03 16:22:50,130 - INFO - INPUT: Joueur appuie sur la touche HAUT
2025-05-03 16:22:50,130 - INFO - JOUEUR: Raquette gauche déplacée de 301 à 294
2025-05-03 16:22:50,130 - INFO - IA: Raquette droite déplacée de 131 à 124
2025-05-03 16:22:50,147 - INFO - JOUEUR: Raquette gauche déplacée de 294 à 287
2025-05-03 16:22:50,148 - INFO - IA: Raquette droite déplacée de 124 à 117
2025-05-03 16:22:50,164 - INFO - JOUEUR: Raquette gauche déplacée de 287 à 280
2025-05-03 16:22:50,164 - INFO - IA: Raquette droite déplacée de 117 à 124
2025-05-03 16:22:50,182 - INFO - JOUEUR: Raquette gauche déplacée de 280 à 273
2025-05-03 16:22:50,182 - INFO - IA: Raquette droite déplacée de 124 à 131
2025-05-03 16:22:50,199 - INFO - JOUEUR: Raquette gauche déplacée de 273 à 266
2025-05-03 16:22:50,199 - INFO - IA: Raquette droite déplacée de 131 à 124
2025-05-03 16:22:50,217 - INFO - JOUEUR: Raquette gauche déplacée de 266 à 259
2025-05-03 16:22:50,217 - INFO - IA: Raquette droite déplacée de 124 à 131
2025-05-03 16:22:50,234 - INFO - JOUEUR: Raquette gauche déplacée de 259 à 252
2025-05-03 16:22:50,234 - INFO - IA: Raquette droite déplacée de 131 à 124
2025-05-03 16:22:50,251 - INFO - JOUEUR: Raquette gauche déplacée de 252 à 245
2025-05-03 16:22:50,251 - INFO - IA: Raquette droite déplacée de 124 à 117
2025-05-03 16:22:50,269 - INFO - JOUEUR: Raquette gauche déplacée de 245 à 238
2025-05-03 16:22:50,269 - INFO - IA: Raquette droite déplacée de 117 à 110
2025-05-03 16:22:50,287 - INFO - JOUEUR: Raquette gauche déplacée de 238 à 231
2025-05-03 16:22:50,287 - INFO - IA: Raquette droite déplacée de 110 à 103
2025-05-03 16:22:50,303 - INFO - JOUEUR: Raquette gauche déplacée de 231 à 224
2025-05-03 16:22:50,304 - INFO - IA: Raquette droite déplacée de 103 à 96
2025-05-03 16:22:50,304 - INFO - COLLISION: Balle a rebondi sur une raquette à la position (554, 108)
2025-05-03 16:22:50,320 - INFO - JOUEUR: Raquette gauche déplacée de 224 à 217
2025-05-03 16:22:50,321 - INFO - IA: Raquette droite déplacée de 96 à 89
2025-05-03 16:22:50,337 - INFO - JOUEUR: Raquette gauche déplacée de 217 à 210
2025-05-03 16:22:50,337 - INFO - IA: Raquette droite déplacée de 89 à 82
2025-05-03 16:22:50,355 - INFO - JOUEUR: Raquette gauche déplacée de 210 à 203
2025-05-03 16:22:50,355 - INFO - IA: Raquette droite déplacée de 82 à 75
2025-05-03 16:22:50,372 - INFO - JOUEUR: Raquette gauche déplacée de 203 à 196
2025-05-03 16:22:50,372 - INFO - IA: Raquette droite déplacée de 75 à 68
2025-05-03 16:22:50,390 - INFO - JOUEUR: Raquette gauche déplacée de 196 à 189
2025-05-03 16:22:50,390 - INFO - IA: Raquette droite déplacée de 68 à 61
2025-05-03 16:22:50,408 - INFO - JOUEUR: Raquette gauche déplacée de 189 à 182
2025-05-03 16:22:50,408 - INFO - IA: Raquette droite déplacée de 61 à 54
2025-05-03 16:22:50,426 - INFO - INPUT: Joueur relâche les touches directionnelles
2025-05-03 16:22:50,427 - INFO - IA: Raquette droite déplacée de 54 à 47
2025-05-03 16:22:50,445 - INFO - IA: Raquette droite déplacée de 47 à 40
2025-05-03 16:22:50,462 - INFO - INPUT: Joueur appuie sur la touche HAUT
2025-05-03 16:22:50,462 - INFO - JOUEUR: Raquette gauche déplacée de 182 à 175
2025-05-03 16:22:50,462 - INFO - IA: Raquette droite déplacée de 40 à 33
2025-05-03 16:22:50,480 - INFO - INPUT: Joueur relâche les touches directionnelles
2025-05-03 16:22:50,481 - INFO - IA: Raquette droite déplacée de 33 à 26
2025-05-03 16:22:50,498 - INFO - IA: Raquette droite déplacée de 26 à 19
2025-05-03 16:22:50,515 - INFO - IA: Raquette droite déplacée de 19 à 26
2025-05-03 16:22:50,534 - INFO - IA: Raquette droite déplacée de 26 à 19
2025-05-03 16:22:50,552 - INFO - IA: Raquette droite déplacée de 19 à 12
2025-05-03 16:22:50,570 - INFO - IA: Raquette droite déplacée de 12 à 5
2025-05-03 16:22:50,588 - INFO - IA: Raquette droite déplacée de 5 à 0
2025-05-03 16:22:50,657 - INFO - INPUT: Joueur appuie sur la touche HAUT
2025-05-03 16:22:50,657 - INFO - JOUEUR: Raquette gauche déplacée de 175 à 168
2025-05-03 16:22:50,675 - INFO - JOUEUR: Raquette gauche déplacée de 168 à 161
2025-05-03 16:22:50,693 - INFO - JOUEUR: Raquette gauche déplacée de 161 à 154
2025-05-03 16:22:50,693 - INFO - COLLISION: Balle a rebondi sur un mur à la position (224, -2)
2025-05-03 16:22:50,710 - INFO - JOUEUR: Raquette gauche déplacée de 154 à 147
2025-05-03 16:22:50,728 - INFO - JOUEUR: Raquette gauche déplacée de 147 à 140
2025-05-03 16:22:50,746 - INFO - JOUEUR: Raquette gauche déplacée de 140 à 133
2025-05-03 16:22:50,763 - INFO - JOUEUR: Raquette gauche déplacée de 133 à 126
2025-05-03 16:22:50,781 - INFO - JOUEUR: Raquette gauche déplacée de 126 à 119
2025-05-03 16:22:50,799 - INFO - JOUEUR: Raquette gauche déplacée de 119 à 112
2025-05-03 16:22:50,816 - INFO - JOUEUR: Raquette gauche déplacée de 112 à 105
2025-05-03 16:22:50,833 - INFO - JOUEUR: Raquette gauche déplacée de 105 à 98
2025-05-03 16:22:50,851 - INFO - JOUEUR: Raquette gauche déplacée de 98 à 91
2025-05-03 16:22:50,851 - INFO - IA: Raquette droite déplacée de 0 à 7
2025-05-03 16:22:50,868 - INFO - JOUEUR: Raquette gauche déplacée de 91 à 84
2025-05-03 16:22:50,869 - INFO - IA: Raquette droite déplacée de 7 à 14
2025-05-03 16:22:50,886 - INFO - JOUEUR: Raquette gauche déplacée de 84 à 77
2025-05-03 16:22:50,886 - INFO - IA: Raquette droite déplacée de 14 à 7
2025-05-03 16:22:50,904 - INFO - JOUEUR: Raquette gauche déplacée de 77 à 70
2025-05-03 16:22:50,904 - INFO - IA: Raquette droite déplacée de 7 à 0
2025-05-03 16:22:50,921 - INFO - JOUEUR: Raquette gauche déplacée de 70 à 63
2025-05-03 16:22:50,921 - INFO - IA: Raquette droite déplacée de 0 à 7
2025-05-03 16:22:50,921 - INFO - COLLISION: Balle a rebondi sur une raquette à la position (29, 63)
2025-05-03 16:22:50,938 - INFO - JOUEUR: Raquette gauche déplacée de 63 à 56
2025-05-03 16:22:50,939 - INFO - IA: Raquette droite déplacée de 7 à 14
2025-05-03 16:22:50,956 - INFO - JOUEUR: Raquette gauche déplacée de 56 à 49
2025-05-03 16:22:50,956 - INFO - IA: Raquette droite déplacée de 14 à 21
2025-05-03 16:22:50,974 - INFO - JOUEUR: Raquette gauche déplacée de 49 à 42
2025-05-03 16:22:50,974 - INFO - IA: Raquette droite déplacée de 21 à 14
2025-05-03 16:22:50,991 - INFO - JOUEUR: Raquette gauche déplacée de 42 à 35
2025-05-03 16:22:50,991 - INFO - IA: Raquette droite déplacée de 14 à 21
2025-05-03 16:22:51,009 - INFO - JOUEUR: Raquette gauche déplacée de 35 à 28
2025-05-03 16:22:51,009 - INFO - IA: Raquette droite déplacée de 21 à 28
2025-05-03 16:22:51,027 - INFO - JOUEUR: Raquette gauche déplacée de 28 à 21
2025-05-03 16:22:51,027 - INFO - IA: Raquette droite déplacée de 28 à 35
2025-05-03 16:22:51,044 - INFO - JOUEUR: Raquette gauche déplacée de 21 à 14
2025-05-03 16:22:51,045 - INFO - IA: Raquette droite déplacée de 35 à 42
2025-05-03 16:22:51,062 - INFO - JOUEUR: Raquette gauche déplacée de 14 à 7
2025-05-03 16:22:51,062 - INFO - IA: Raquette droite déplacée de 42 à 49
2025-05-03 16:22:51,080 - INFO - JOUEUR: Raquette gauche déplacée de 7 à 0
2025-05-03 16:22:51,080 - INFO - IA: Raquette droite déplacée de 49 à 56
2025-05-03 16:22:51,097 - INFO - INPUT: Joueur relâche les touches directionnelles
2025-05-03 16:22:51,097 - INFO - IA: Raquette droite déplacée de 56 à 63
2025-05-03 16:22:51,115 - INFO - IA: Raquette droite déplacée de 63 à 56
2025-05-03 16:22:51,132 - INFO - IA: Raquette droite déplacée de 56 à 63
2025-05-03 16:22:51,149 - INFO - IA: Raquette droite déplacée de 63 à 70
2025-05-03 16:22:51,167 - INFO - IA: Raquette droite déplacée de 70 à 77
2025-05-03 16:22:51,183 - INFO - IA: Raquette droite déplacée de 77 à 84
2025-05-03 16:22:51,201 - INFO - IA: Raquette droite déplacée de 84 à 91
2025-05-03 16:22:51,218 - INFO - IA: Raquette droite déplacée de 91 à 98
2025-05-03 16:22:51,235 - INFO - IA: Raquette droite déplacée de 98 à 105
2025-05-03 16:22:51,252 - INFO - IA: Raquette droite déplacée de 105 à 112
2025-05-03 16:22:51,269 - INFO - IA: Raquette droite déplacée de 112 à 119
2025-05-03 16:22:51,286 - INFO - IA: Raquette droite déplacée de 119 à 126
2025-05-03 16:22:51,304 - INFO - IA: Raquette droite déplacée de 126 à 119
2025-05-03 16:22:51,321 - INFO - IA: Raquette droite déplacée de 119 à 126
2025-05-03 16:22:51,339 - INFO - IA: Raquette droite déplacée de 126 à 133
2025-05-03 16:22:51,356 - INFO - IA: Raquette droite déplacée de 133 à 126
2025-05-03 16:22:51,373 - INFO - IA: Raquette droite déplacée de 126 à 133
2025-05-03 16:22:51,390 - INFO - INPUT: Joueur appuie sur la touche BAS
2025-05-03 16:22:51,391 - INFO - JOUEUR: Raquette gauche déplacée de 0 à 7
2025-05-03 16:22:51,391 - INFO - IA: Raquette droite déplacée de 133 à 140
2025-05-03 16:22:51,408 - INFO - JOUEUR: Raquette gauche déplacée de 7 à 14
2025-05-03 16:22:51,409 - INFO - IA: Raquette droite déplacée de 140 à 147
2025-05-03 16:22:51,425 - INFO - JOUEUR: Raquette gauche déplacée de 14 à 21
2025-05-03 16:22:51,426 - INFO - IA: Raquette droite déplacée de 147 à 154
2025-05-03 16:22:51,444 - INFO - JOUEUR: Raquette gauche déplacée de 21 à 28
2025-05-03 16:22:51,444 - INFO - IA: Raquette droite déplacée de 154 à 161
2025-05-03 16:22:51,462 - INFO - JOUEUR: Raquette gauche déplacée de 28 à 35
2025-05-03 16:22:51,462 - INFO - IA: Raquette droite déplacée de 161 à 168
2025-05-03 16:22:51,480 - INFO - JOUEUR: Raquette gauche déplacée de 35 à 42
2025-05-03 16:22:51,480 - INFO - IA: Raquette droite déplacée de 168 à 175
2025-05-03 16:22:51,498 - INFO - JOUEUR: Raquette gauche déplacée de 42 à 49
2025-05-03 16:22:51,498 - INFO - IA: Raquette droite déplacée de 175 à 182
2025-05-03 16:22:51,516 - INFO - JOUEUR: Raquette gauche déplacée de 49 à 56
2025-05-03 16:22:51,516 - INFO - IA: Raquette droite déplacée de 182 à 189
2025-05-03 16:22:51,534 - INFO - JOUEUR: Raquette gauche déplacée de 56 à 63
2025-05-03 16:22:51,534 - INFO - IA: Raquette droite déplacée de 189 à 196
2025-05-03 16:22:51,534 - INFO - COLLISION: Balle a rebondi sur une raquette à la position (554, 238)
2025-05-03 16:22:51,553 - INFO - JOUEUR: Raquette gauche déplacée de 63 à 70
2025-05-03 16:22:51,553 - INFO - IA: Raquette droite déplacée de 196 à 189
2025-05-03 16:22:51,571 - INFO - JOUEUR: Raquette gauche déplacée de 70 à 77
2025-05-03 16:22:51,571 - INFO - IA: Raquette droite déplacée de 189 à 196
2025-05-03 16:22:51,588 - INFO - JOUEUR: Raquette gauche déplacée de 77 à 84
2025-05-03 16:22:51,588 - INFO - IA: Raquette droite déplacée de 196 à 203
2025-05-03 16:22:51,605 - INFO - JOUEUR: Raquette gauche déplacée de 84 à 91
2025-05-03 16:22:51,605 - INFO - IA: Raquette droite déplacée de 203 à 196
2025-05-03 16:22:51,623 - INFO - JOUEUR: Raquette gauche déplacée de 91 à 98
2025-05-03 16:22:51,624 - INFO - IA: Raquette droite déplacée de 196 à 203
2025-05-03 16:22:51,641 - INFO - JOUEUR: Raquette gauche déplacée de 98 à 105
2025-05-03 16:22:51,658 - INFO - JOUEUR: Raquette gauche déplacée de 105 à 112
2025-05-03 16:22:51,658 - INFO - IA: Raquette droite déplacée de 203 à 210
2025-05-03 16:22:51,675 - INFO - JOUEUR: Raquette gauche déplacée de 112 à 119
2025-05-03 16:22:51,675 - INFO - IA: Raquette droite déplacée de 210 à 217
2025-05-03 16:22:51,692 - INFO - JOUEUR: Raquette gauche déplacée de 119 à 126
2025-05-03 16:22:51,693 - INFO - IA: Raquette droite déplacée de 217 à 224
2025-05-03 16:22:51,710 - INFO - JOUEUR: Raquette gauche déplacée de 126 à 133
2025-05-03 16:22:51,711 - INFO - IA: Raquette droite déplacée de 224 à 231
2025-05-03 16:22:51,727 - INFO - JOUEUR: Raquette gauche déplacée de 133 à 140
2025-05-03 16:22:51,728 - INFO - IA: Raquette droite déplacée de 231 à 224
2025-05-03 16:22:51,744 - INFO - JOUEUR: Raquette gauche déplacée de 140 à 147
2025-05-03 16:22:51,745 - INFO - IA: Raquette droite déplacée de 224 à 231
2025-05-03 16:22:51,762 - INFO - JOUEUR: Raquette gauche déplacée de 147 à 154
2025-05-03 16:22:51,762 - INFO - IA: Raquette droite déplacée de 231 à 238
2025-05-03 16:22:51,779 - INFO - JOUEUR: Raquette gauche déplacée de 154 à 161
2025-05-03 16:22:51,779 - INFO - IA: Raquette droite déplacée de 238 à 245
2025-05-03 16:22:51,796 - INFO - JOUEUR: Raquette gauche déplacée de 161 à 168
2025-05-03 16:22:51,796 - INFO - IA: Raquette droite déplacée de 245 à 252
2025-05-03 16:22:51,813 - INFO - JOUEUR: Raquette gauche déplacée de 168 à 175
2025-05-03 16:22:51,814 - INFO - IA: Raquette droite déplacée de 252 à 259
2025-05-03 16:22:51,830 - INFO - JOUEUR: Raquette gauche déplacée de 175 à 182
2025-05-03 16:22:51,830 - INFO - IA: Raquette droite déplacée de 259 à 266
2025-05-03 16:22:51,848 - INFO - JOUEUR: Raquette gauche déplacée de 182 à 189
2025-05-03 16:22:51,848 - INFO - IA: Raquette droite déplacée de 266 à 273
2025-05-03 16:22:51,865 - INFO - JOUEUR: Raquette gauche déplacée de 189 à 196
2025-05-03 16:22:51,865 - INFO - IA: Raquette droite déplacée de 273 à 266
2025-05-03 16:22:51,882 - INFO - JOUEUR: Raquette gauche déplacée de 196 à 203
2025-05-03 16:22:51,882 - INFO - IA: Raquette droite déplacée de 266 à 273
2025-05-03 16:22:51,900 - INFO - JOUEUR: Raquette gauche déplacée de 203 à 210
2025-05-03 16:22:51,900 - INFO - IA: Raquette droite déplacée de 273 à 280
2025-05-03 16:22:51,918 - INFO - JOUEUR: Raquette gauche déplacée de 210 à 217
2025-05-03 16:22:51,918 - INFO - IA: Raquette droite déplacée de 280 à 287
2025-05-03 16:22:51,936 - INFO - JOUEUR: Raquette gauche déplacée de 217 à 224
2025-05-03 16:22:51,936 - INFO - IA: Raquette droite déplacée de 287 à 294
2025-05-03 16:22:51,954 - INFO - JOUEUR: Raquette gauche déplacée de 224 à 231
2025-05-03 16:22:51,954 - INFO - IA: Raquette droite déplacée de 294 à 301
2025-05-03 16:22:51,972 - INFO - JOUEUR: Raquette gauche déplacée de 231 à 238
2025-05-03 16:22:51,972 - INFO - IA: Raquette droite déplacée de 301 à 308
2025-05-03 16:22:51,989 - INFO - JOUEUR: Raquette gauche déplacée de 238 à 245
2025-05-03 16:22:51,989 - INFO - IA: Raquette droite déplacée de 308 à 315
2025-05-03 16:22:52,006 - INFO - JOUEUR: Raquette gauche déplacée de 245 à 252
2025-05-03 16:22:52,006 - INFO - IA: Raquette droite déplacée de 315 à 308
2025-05-03 16:22:52,024 - INFO - JOUEUR: Raquette gauche déplacée de 252 à 259
2025-05-03 16:22:52,024 - INFO - IA: Raquette droite déplacée de 308 à 315
2025-05-03 16:22:52,041 - INFO - JOUEUR: Raquette gauche déplacée de 259 à 266
2025-05-03 16:22:52,042 - INFO - IA: Raquette droite déplacée de 315 à 322
2025-05-03 16:22:52,058 - INFO - JOUEUR: Raquette gauche déplacée de 266 à 273
2025-05-03 16:22:52,059 - INFO - IA: Raquette droite déplacée de 322 à 329
2025-05-03 16:22:52,076 - INFO - JOUEUR: Raquette gauche déplacée de 273 à 280
2025-05-03 16:22:52,076 - INFO - IA: Raquette droite déplacée de 329 à 336
2025-05-03 16:22:52,094 - INFO - JOUEUR: Raquette gauche déplacée de 280 à 287
2025-05-03 16:22:52,095 - INFO - IA: Raquette droite déplacée de 336 à 329
2025-05-03 16:22:52,112 - INFO - JOUEUR: Raquette gauche déplacée de 287 à 294
2025-05-03 16:22:52,112 - INFO - IA: Raquette droite déplacée de 329 à 336
2025-05-03 16:22:52,129 - INFO - JOUEUR: Raquette gauche déplacée de 294 à 301
2025-05-03 16:22:52,129 - INFO - IA: Raquette droite déplacée de 336 à 343
2025-05-03 16:22:52,146 - INFO - JOUEUR: Raquette gauche déplacée de 301 à 308
2025-05-03 16:22:52,147 - INFO - IA: Raquette droite déplacée de 343 à 350
2025-05-03 16:22:52,165 - INFO - JOUEUR: Raquette gauche déplacée de 308 à 315
2025-05-03 16:22:52,165 - INFO - IA: Raquette droite déplacée de 350 à 357
2025-05-03 16:22:52,184 - INFO - JOUEUR: Raquette gauche déplacée de 315 à 322
2025-05-03 16:22:52,184 - INFO - IA: Raquette droite déplacée de 357 à 364
2025-05-03 16:22:52,184 - INFO - POINT: Joueur droite (IA) marque un point! Score: 0-13
2025-05-03 16:22:52,203 - INFO - JOUEUR: Raquette gauche déplacée de 322 à 329
2025-05-03 16:22:52,203 - INFO - IA: Raquette droite déplacée de 364 à 357
2025-05-03 16:22:52,220 - INFO - JOUEUR: Raquette gauche déplacée de 329 à 336
2025-05-03 16:22:52,220 - INFO - IA: Raquette droite déplacée de 357 à 350
2025-05-03 16:22:52,237 - INFO - JOUEUR: Raquette gauche déplacée de 336 à 343
2025-05-03 16:22:52,237 - INFO - IA: Raquette droite déplacée de 350 à 343
2025-05-03 16:22:52,255 - INFO - JOUEUR: Raquette gauche déplacée de 343 à 350
2025-05-03 16:22:52,255 - INFO - IA: Raquette droite déplacée de 343 à 336
2025-05-03 16:22:52,272 - INFO - JOUEUR: Raquette gauche déplacée de 350 à 357
2025-05-03 16:22:52,272 - INFO - IA: Raquette droite déplacée de 336 à 329
2025-05-03 16:22:52,290 - INFO - JOUEUR: Raquette gauche déplacée de 357 à 364
2025-05-03 16:22:52,290 - INFO - IA: Raquette droite déplacée de 329 à 322
2025-05-03 16:22:52,307 - INFO - JOUEUR: Raquette gauche déplacée de 364 à 371
2025-05-03 16:22:52,307 - INFO - IA: Raquette droite déplacée de 322 à 315
2025-05-03 16:22:52,326 - INFO - JOUEUR: Raquette gauche déplacée de 371 à 378
2025-05-03 16:22:52,326 - INFO - IA: Raquette droite déplacée de 315 à 308
2025-05-03 16:22:52,344 - INFO - JOUEUR: Raquette gauche déplacée de 378 à 385
2025-05-03 16:22:52,344 - INFO - IA: Raquette droite déplacée de 308 à 301
2025-05-03 16:22:52,361 - INFO - JOUEUR: Raquette gauche déplacée de 385 à 390
2025-05-03 16:22:52,361 - INFO - IA: Raquette droite déplacée de 301 à 294
2025-05-03 16:22:52,379 - INFO - IA: Raquette droite déplacée de 294 à 287
2025-05-03 16:22:52,396 - INFO - IA: Raquette droite déplacée de 287 à 280
2025-05-03 16:22:52,413 - INFO - IA: Raquette droite déplacée de 280 à 273
2025-05-03 16:22:52,431 - INFO - IA: Raquette droite déplacée de 273 à 280
2025-05-03 16:22:52,449 - INFO - IA: Raquette droite déplacée de 280 à 273
2025-05-03 16:22:52,467 - INFO - IA: Raquette droite déplacée de 273 à 266
2025-05-03 16:22:52,485 - INFO - IA: Raquette droite déplacée de 266 à 259
2025-05-03 16:22:52,504 - INFO - IA: Raquette droite déplacée de 259 à 266
2025-05-03 16:22:52,521 - INFO - IA: Raquette droite déplacée de 266 à 273
2025-05-03 16:22:52,539 - INFO - INPUT: Joueur relâche les touches directionnelles
2025-05-03 16:22:52,539 - INFO - IA: Raquette droite déplacée de 273 à 266
2025-05-03 16:22:52,557 - INFO - IA: Raquette droite déplacée de 266 à 273
2025-05-03 16:22:52,575 - INFO - IA: Raquette droite déplacée de 273 à 280
2025-05-03 16:22:52,592 - INFO - IA: Raquette droite déplacée de 280 à 287
2025-05-03 16:22:52,610 - INFO - IA: Raquette droite déplacée de 287 à 280
2025-05-03 16:22:52,627 - INFO - IA: Raquette droite déplacée de 280 à 287
2025-05-03 16:22:52,644 - INFO - IA: Raquette droite déplacée de 287 à 294
2025-05-03 16:22:52,661 - INFO - IA: Raquette droite déplacée de 294 à 301
2025-05-03 16:22:52,678 - INFO - IA: Raquette droite déplacée de 301 à 308
2025-05-03 16:22:52,695 - INFO - IA: Raquette droite déplacée de 308 à 315
2025-05-03 16:22:52,713 - INFO - IA: Raquette droite déplacée de 315 à 322
2025-05-03 16:22:52,732 - INFO - IA: Raquette droite déplacée de 322 à 315
2025-05-03 16:22:52,750 - INFO - IA: Raquette droite déplacée de 315 à 322
2025-05-03 16:22:52,767 - INFO - IA: Raquette droite déplacée de 322 à 329
2025-05-03 16:22:52,784 - INFO - IA: Raquette droite déplacée de 329 à 336
2025-05-03 16:22:52,801 - INFO - IA: Raquette droite déplacée de 336 à 329
2025-05-03 16:22:52,819 - INFO - IA: Raquette droite déplacée de 329 à 336
2025-05-03 16:22:52,836 - INFO - IA: Raquette droite déplacée de 336 à 343
2025-05-03 16:22:52,853 - INFO - IA: Raquette droite déplacée de 343 à 350
2025-05-03 16:22:52,871 - INFO - IA: Raquette droite déplacée de 350 à 357
2025-05-03 16:22:52,888 - INFO - IA: Raquette droite déplacée de 357 à 364
2025-05-03 16:22:52,905 - INFO - IA: Raquette droite déplacée de 364 à 371
2025-05-03 16:22:52,923 - INFO - IA: Raquette droite déplacée de 371 à 378
2025-05-03 16:22:52,940 - INFO - IA: Raquette droite déplacée de 378 à 385
2025-05-03 16:22:52,957 - INFO - IA: Raquette droite déplacée de 385 à 390
2025-05-03 16:22:52,975 - INFO - IA: Raquette droite déplacée de 390 à 383
2025-05-03 16:22:52,993 - INFO - IA: Raquette droite déplacée de 383 à 390
2025-05-03 16:22:53,012 - INFO - COLLISION: Balle a rebondi sur un mur à la position (58, 468)
2025-05-03 16:22:53,098 - INFO - COLLISION: Balle a rebondi sur une raquette à la position (33, 443)
2025-05-03 16:22:53,116 - INFO - INPUT: Joueur appuie sur la touche HAUT
2025-05-03 16:22:53,116 - INFO - JOUEUR: Raquette gauche déplacée de 390 à 383
2025-05-03 16:22:53,116 - INFO - IA: Raquette droite déplacée de 390 à 383
2025-05-03 16:22:53,133 - INFO - JOUEUR: Raquette gauche déplacée de 383 à 376
2025-05-03 16:22:53,134 - INFO - IA: Raquette droite déplacée de 383 à 376
2025-05-03 16:22:53,151 - INFO - JOUEUR: Raquette gauche déplacée de 376 à 369
2025-05-03 16:22:53,151 - INFO - IA: Raquette droite déplacée de 376 à 383
2025-05-03 16:22:53,168 - INFO - JOUEUR: Raquette gauche déplacée de 369 à 362
2025-05-03 16:22:53,168 - INFO - IA: Raquette droite déplacée de 383 à 390
2025-05-03 16:22:53,184 - INFO - JOUEUR: Raquette gauche déplacée de 362 à 355
2025-05-03 16:22:53,185 - INFO - IA: Raquette droite déplacée de 390 à 383
2025-05-03 16:22:53,202 - INFO - JOUEUR: Raquette gauche déplacée de 355 à 348
2025-05-03 16:22:53,202 - INFO - IA: Raquette droite déplacée de 383 à 376
2025-05-03 16:22:53,219 - INFO - JOUEUR: Raquette gauche déplacée de 348 à 341
2025-05-03 16:22:53,220 - INFO - IA: Raquette droite déplacée de 376 à 383
2025-05-03 16:22:53,237 - INFO - JOUEUR: Raquette gauche déplacée de 341 à 334
2025-05-03 16:22:53,237 - INFO - IA: Raquette droite déplacée de 383 à 390
2025-05-03 16:22:53,254 - INFO - JOUEUR: Raquette gauche déplacée de 334 à 327
2025-05-03 16:22:53,254 - INFO - IA: Raquette droite déplacée de 390 à 383
2025-05-03 16:22:53,271 - INFO - JOUEUR: Raquette gauche déplacée de 327 à 320
2025-05-03 16:22:53,272 - INFO - IA: Raquette droite déplacée de 383 à 376
2025-05-03 16:22:53,288 - INFO - JOUEUR: Raquette gauche déplacée de 320 à 313
2025-05-03 16:22:53,289 - INFO - IA: Raquette droite déplacée de 376 à 383
2025-05-03 16:22:53,306 - INFO - JOUEUR: Raquette gauche déplacée de 313 à 306
2025-05-03 16:22:53,306 - INFO - IA: Raquette droite déplacée de 383 à 376
2025-05-03 16:22:53,323 - INFO - JOUEUR: Raquette gauche déplacée de 306 à 299
2025-05-03 16:22:53,324 - INFO - IA: Raquette droite déplacée de 376 à 369
2025-05-03 16:22:53,341 - INFO - JOUEUR: Raquette gauche déplacée de 299 à 292
2025-05-03 16:22:53,341 - INFO - IA: Raquette droite déplacée de 369 à 362
2025-05-03 16:22:53,359 - INFO - JOUEUR: Raquette gauche déplacée de 292 à 285
2025-05-03 16:22:53,359 - INFO - IA: Raquette droite déplacée de 362 à 355
2025-05-03 16:22:53,376 - INFO - JOUEUR: Raquette gauche déplacée de 285 à 278
2025-05-03 16:22:53,376 - INFO - IA: Raquette droite déplacée de 355 à 348
2025-05-03 16:22:53,393 - INFO - JOUEUR: Raquette gauche déplacée de 278 à 271
2025-05-03 16:22:53,394 - INFO - IA: Raquette droite déplacée de 348 à 355
2025-05-03 16:22:53,411 - INFO - JOUEUR: Raquette gauche déplacée de 271 à 264
2025-05-03 16:22:53,411 - INFO - IA: Raquette droite déplacée de 355 à 348
2025-05-03 16:22:53,429 - INFO - JOUEUR: Raquette gauche déplacée de 264 à 257
2025-05-03 16:22:53,429 - INFO - IA: Raquette droite déplacée de 348 à 341
2025-05-03 16:22:53,446 - INFO - JOUEUR: Raquette gauche déplacée de 257 à 250
2025-05-03 16:22:53,446 - INFO - IA: Raquette droite déplacée de 341 à 334
2025-05-03 16:22:53,464 - INFO - JOUEUR: Raquette gauche déplacée de 250 à 243
2025-05-03 16:22:53,465 - INFO - IA: Raquette droite déplacée de 334 à 327
2025-05-03 16:22:53,482 - INFO - JOUEUR: Raquette gauche déplacée de 243 à 236
2025-05-03 16:22:53,482 - INFO - IA: Raquette droite déplacée de 327 à 320
2025-05-03 16:22:53,500 - INFO - JOUEUR: Raquette gauche déplacée de 236 à 229
2025-05-03 16:22:53,500 - INFO - IA: Raquette droite déplacée de 320 à 313
2025-05-03 16:22:53,518 - INFO - JOUEUR: Raquette gauche déplacée de 229 à 222
2025-05-03 16:22:53,518 - INFO - IA: Raquette droite déplacée de 313 à 306
2025-05-03 16:22:53,536 - INFO - JOUEUR: Raquette gauche déplacée de 222 à 215
2025-05-03 16:22:53,537 - INFO - IA: Raquette droite déplacée de 306 à 299
2025-05-03 16:22:53,554 - INFO - JOUEUR: Raquette gauche déplacée de 215 à 208
2025-05-03 16:22:53,554 - INFO - IA: Raquette droite déplacée de 299 à 292
2025-05-03 16:22:53,571 - INFO - JOUEUR: Raquette gauche déplacée de 208 à 201
2025-05-03 16:22:53,571 - INFO - IA: Raquette droite déplacée de 292 à 285
2025-05-03 16:22:53,589 - INFO - JOUEUR: Raquette gauche déplacée de 201 à 194
2025-05-03 16:22:53,589 - INFO - IA: Raquette droite déplacée de 285 à 292
2025-05-03 16:22:53,607 - INFO - JOUEUR: Raquette gauche déplacée de 194 à 187
2025-05-03 16:22:53,607 - INFO - IA: Raquette droite déplacée de 292 à 285
2025-05-03 16:22:53,625 - INFO - JOUEUR: Raquette gauche déplacée de 187 à 180
2025-05-03 16:22:53,625 - INFO - IA: Raquette droite déplacée de 285 à 278
2025-05-03 16:22:53,643 - INFO - JOUEUR: Raquette gauche déplacée de 180 à 173
2025-05-03 16:22:53,643 - INFO - IA: Raquette droite déplacée de 278 à 271
2025-05-03 16:22:53,661 - INFO - JOUEUR: Raquette gauche déplacée de 173 à 166
2025-05-03 16:22:53,661 - INFO - IA: Raquette droite déplacée de 271 à 264
2025-05-03 16:22:53,677 - INFO - JOUEUR: Raquette gauche déplacée de 166 à 159
2025-05-03 16:22:53,678 - INFO - IA: Raquette droite déplacée de 264 à 257
2025-05-03 16:22:53,694 - INFO - JOUEUR: Raquette gauche déplacée de 159 à 152
2025-05-03 16:22:53,694 - INFO - IA: Raquette droite déplacée de 257 à 250
2025-05-03 16:22:53,711 - INFO - JOUEUR: Raquette gauche déplacée de 152 à 145
2025-05-03 16:22:53,712 - INFO - IA: Raquette droite déplacée de 250 à 257
2025-05-03 16:22:53,729 - INFO - JOUEUR: Raquette gauche déplacée de 145 à 138
2025-05-03 16:22:53,729 - INFO - IA: Raquette droite déplacée de 257 à 250
2025-05-03 16:22:53,747 - INFO - JOUEUR: Raquette gauche déplacée de 138 à 131
2025-05-03 16:22:53,747 - INFO - IA: Raquette droite déplacée de 250 à 243
2025-05-03 16:22:53,765 - INFO - JOUEUR: Raquette gauche déplacée de 131 à 124
2025-05-03 16:22:53,765 - INFO - IA: Raquette droite déplacée de 243 à 236
2025-05-03 16:22:53,782 - INFO - JOUEUR: Raquette gauche déplacée de 124 à 117
2025-05-03 16:22:53,782 - INFO - IA: Raquette droite déplacée de 236 à 229
2025-05-03 16:22:53,801 - INFO - JOUEUR: Raquette gauche déplacée de 117 à 110
2025-05-03 16:22:53,801 - INFO - IA: Raquette droite déplacée de 229 à 222
2025-05-03 16:22:53,818 - INFO - JOUEUR: Raquette gauche déplacée de 110 à 103
2025-05-03 16:22:53,818 - INFO - IA: Raquette droite déplacée de 222 à 215
2025-05-03 16:22:53,836 - INFO - JOUEUR: Raquette gauche déplacée de 103 à 96
2025-05-03 16:22:53,836 - INFO - IA: Raquette droite déplacée de 215 à 208
2025-05-03 16:22:53,854 - INFO - JOUEUR: Raquette gauche déplacée de 96 à 89
2025-05-03 16:22:53,854 - INFO - IA: Raquette droite déplacée de 208 à 201
2025-05-03 16:22:53,871 - INFO - JOUEUR: Raquette gauche déplacée de 89 à 82
2025-05-03 16:22:53,871 - INFO - IA: Raquette droite déplacée de 201 à 194
2025-05-03 16:22:53,889 - INFO - JOUEUR: Raquette gauche déplacée de 82 à 75
2025-05-03 16:22:53,889 - INFO - IA: Raquette droite déplacée de 194 à 201
2025-05-03 16:22:53,906 - INFO - JOUEUR: Raquette gauche déplacée de 75 à 68
2025-05-03 16:22:53,906 - INFO - IA: Raquette droite déplacée de 201 à 194
2025-05-03 16:22:53,924 - INFO - JOUEUR: Raquette gauche déplacée de 68 à 61
2025-05-03 16:22:53,924 - INFO - IA: Raquette droite déplacée de 194 à 201
2025-05-03 16:22:53,941 - INFO - JOUEUR: Raquette gauche déplacée de 61 à 54
2025-05-03 16:22:53,941 - INFO - IA: Raquette droite déplacée de 201 à 194
2025-05-03 16:22:53,959 - INFO - JOUEUR: Raquette gauche déplacée de 54 à 47
2025-05-03 16:22:53,959 - INFO - IA: Raquette droite déplacée de 194 à 187
2025-05-03 16:22:53,976 - INFO - JOUEUR: Raquette gauche déplacée de 47 à 40
2025-05-03 16:22:53,976 - INFO - IA: Raquette droite déplacée de 187 à 180
2025-05-03 16:22:53,994 - INFO - JOUEUR: Raquette gauche déplacée de 40 à 33
2025-05-03 16:22:53,994 - INFO - IA: Raquette droite déplacée de 180 à 173
2025-05-03 16:22:54,011 - INFO - JOUEUR: Raquette gauche déplacée de 33 à 26
2025-05-03 16:22:54,011 - INFO - IA: Raquette droite déplacée de 173 à 166
2025-05-03 16:22:54,029 - INFO - JOUEUR: Raquette gauche déplacée de 26 à 19
2025-05-03 16:22:54,029 - INFO - IA: Raquette droite déplacée de 166 à 159
2025-05-03 16:22:54,047 - INFO - JOUEUR: Raquette gauche déplacée de 19 à 12
2025-05-03 16:22:54,047 - INFO - IA: Raquette droite déplacée de 159 à 152
2025-05-03 16:22:54,066 - INFO - INPUT: Joueur relâche les touches directionnelles
2025-05-03 16:22:54,066 - INFO - IA: Raquette droite déplacée de 152 à 145
2025-05-03 16:22:54,083 - INFO - IA: Raquette droite déplacée de 145 à 138
2025-05-03 16:22:54,100 - INFO - IA: Raquette droite déplacée de 138 à 131
2025-05-03 16:22:54,117 - INFO - IA: Raquette droite déplacée de 131 à 124
2025-05-03 16:22:54,135 - INFO - IA: Raquette droite déplacée de 124 à 117
2025-05-03 16:22:54,152 - INFO - IA: Raquette droite déplacée de 117 à 110
2025-05-03 16:22:54,169 - INFO - IA: Raquette droite déplacée de 110 à 103
2025-05-03 16:22:54,186 - INFO - IA: Raquette droite déplacée de 103 à 110
2025-05-03 16:22:54,203 - INFO - IA: Raquette droite déplacée de 110 à 103
2025-05-03 16:22:54,221 - INFO - IA: Raquette droite déplacée de 103 à 96
2025-05-03 16:22:54,238 - INFO - IA: Raquette droite déplacée de 96 à 89
2025-05-03 16:22:54,256 - INFO - IA: Raquette droite déplacée de 89 à 82
2025-05-03 16:22:54,273 - INFO - IA: Raquette droite déplacée de 82 à 75
2025-05-03 16:22:54,292 - INFO - IA: Raquette droite déplacée de 75 à 68
2025-05-03 16:22:54,310 - INFO - IA: Raquette droite déplacée de 68 à 75
2025-05-03 16:22:54,327 - INFO - IA: Raquette droite déplacée de 75 à 68
2025-05-03 16:22:54,344 - INFO - IA: Raquette droite déplacée de 68 à 75
2025-05-03 16:22:54,361 - INFO - IA: Raquette droite déplacée de 75 à 68
2025-05-03 16:22:54,378 - INFO - IA: Raquette droite déplacée de 68 à 61
2025-05-03 16:22:54,396 - INFO - IA: Raquette droite déplacée de 61 à 54
2025-05-03 16:22:54,414 - INFO - IA: Raquette droite déplacée de 54 à 47
2025-05-03 16:22:54,431 - INFO - IA: Raquette droite déplacée de 47 à 54
2025-05-03 16:22:54,448 - INFO - IA: Raquette droite déplacée de 54 à 47
2025-05-03 16:22:54,465 - INFO - IA: Raquette droite déplacée de 47 à 40
2025-05-03 16:22:54,482 - INFO - IA: Raquette droite déplacée de 40 à 33
2025-05-03 16:22:54,500 - INFO - IA: Raquette droite déplacée de 33 à 26
2025-05-03 16:22:54,517 - INFO - IA: Raquette droite déplacée de 26 à 19
2025-05-03 16:22:54,534 - INFO - IA: Raquette droite déplacée de 19 à 12
2025-05-03 16:22:54,552 - INFO - IA: Raquette droite déplacée de 12 à 5
2025-05-03 16:22:54,571 - INFO - IA: Raquette droite déplacée de 5 à 0
2025-05-03 16:22:54,590 - INFO - IA: Raquette droite déplacée de 0 à 7
2025-05-03 16:22:54,608 - INFO - IA: Raquette droite déplacée de 7 à 0
2025-05-03 16:22:54,625 - INFO - COLLISION: Balle a rebondi sur une raquette à la position (555, 8)
2025-05-03 16:22:54,659 - INFO - COLLISION: Balle a rebondi sur un mur à la position (543, -2)
2025-05-03 16:22:54,762 - INFO - IA: Raquette droite déplacée de 0 à 7
2025-05-03 16:22:54,779 - INFO - IA: Raquette droite déplacée de 7 à 0
2025-05-03 16:22:54,814 - INFO - IA: Raquette droite déplacée de 0 à 7
2025-05-03 16:22:54,830 - INFO - IA: Raquette droite déplacée de 7 à 0
2025-05-03 16:22:54,849 - INFO - IA: Raquette droite déplacée de 0 à 7
2025-05-03 16:22:54,866 - INFO - IA: Raquette droite déplacée de 7 à 14
2025-05-03 16:22:54,882 - INFO - IA: Raquette droite déplacée de 14 à 21
2025-05-03 16:22:54,900 - INFO - IA: Raquette droite déplacée de 21 à 28
2025-05-03 16:22:54,916 - INFO - IA: Raquette droite déplacée de 28 à 35
2025-05-03 16:22:54,933 - INFO - IA: Raquette droite déplacée de 35 à 28
2025-05-03 16:22:54,950 - INFO - IA: Raquette droite déplacée de 28 à 35
2025-05-03 16:22:54,967 - INFO - IA: Raquette droite déplacée de 35 à 28
2025-05-03 16:22:54,984 - INFO - IA: Raquette droite déplacée de 28 à 35
2025-05-03 16:22:55,001 - INFO - IA: Raquette droite déplacée de 35 à 42
2025-05-03 16:22:55,018 - INFO - IA: Raquette droite déplacée de 42 à 35
2025-05-03 16:22:55,035 - INFO - IA: Raquette droite déplacée de 35 à 42
2025-05-03 16:22:55,052 - INFO - IA: Raquette droite déplacée de 42 à 49
2025-05-03 16:22:55,069 - INFO - IA: Raquette droite déplacée de 49 à 56
2025-05-03 16:22:55,087 - INFO - IA: Raquette droite déplacée de 56 à 49
2025-05-03 16:22:55,105 - INFO - IA: Raquette droite déplacée de 49 à 56
2025-05-03 16:22:55,123 - INFO - IA: Raquette droite déplacée de 56 à 63
2025-05-03 16:22:55,140 - INFO - IA: Raquette droite déplacée de 63 à 70
2025-05-03 16:22:55,158 - INFO - IA: Raquette droite déplacée de 70 à 77
2025-05-03 16:22:55,176 - INFO - IA: Raquette droite déplacée de 77 à 84
2025-05-03 16:22:55,194 - INFO - IA: Raquette droite déplacée de 84 à 91
2025-05-03 16:22:55,211 - INFO - IA: Raquette droite déplacée de 91 à 98
2025-05-03 16:22:55,228 - INFO - IA: Raquette droite déplacée de 98 à 105
2025-05-03 16:22:55,246 - INFO - IA: Raquette droite déplacée de 105 à 112
2025-05-03 16:22:55,263 - INFO - IA: Raquette droite déplacée de 112 à 119
2025-05-03 16:22:55,280 - INFO - IA: Raquette droite déplacée de 119 à 126
2025-05-03 16:22:55,297 - INFO - IA: Raquette droite déplacée de 126 à 133
2025-05-03 16:22:55,314 - INFO - IA: Raquette droite déplacée de 133 à 126
2025-05-03 16:22:55,332 - INFO - IA: Raquette droite déplacée de 126 à 133
2025-05-03 16:22:55,349 - INFO - IA: Raquette droite déplacée de 133 à 140
2025-05-03 16:22:55,367 - INFO - IA: Raquette droite déplacée de 140 à 147
2025-05-03 16:22:55,384 - INFO - IA: Raquette droite déplacée de 147 à 154
2025-05-03 16:22:55,402 - INFO - IA: Raquette droite déplacée de 154 à 161
2025-05-03 16:22:55,419 - INFO - IA: Raquette droite déplacée de 161 à 168
2025-05-03 16:22:55,436 - INFO - IA: Raquette droite déplacée de 168 à 175
2025-05-03 16:22:55,454 - INFO - IA: Raquette droite déplacée de 175 à 182
2025-05-03 16:22:55,490 - INFO - IA: Raquette droite déplacée de 182 à 175
2025-05-03 16:22:55,507 - INFO - IA: Raquette droite déplacée de 175 à 168
2025-05-03 16:22:55,525 - INFO - IA: Raquette droite déplacée de 168 à 175
2025-05-03 16:22:55,542 - INFO - IA: Raquette droite déplacée de 175 à 182
2025-05-03 16:22:55,560 - INFO - IA: Raquette droite déplacée de 182 à 189
2025-05-03 16:22:55,577 - INFO - IA: Raquette droite déplacée de 189 à 196
2025-05-03 16:22:55,595 - INFO - IA: Raquette droite déplacée de 196 à 203
2025-05-03 16:22:55,614 - INFO - IA: Raquette droite déplacée de 203 à 210
2025-05-03 16:22:55,632 - INFO - IA: Raquette droite déplacée de 210 à 217
2025-05-03 16:22:55,651 - INFO - IA: Raquette droite déplacée de 217 à 224
2025-05-03 16:22:55,669 - INFO - IA: Raquette droite déplacée de 224 à 231
2025-05-03 16:22:55,687 - INFO - IA: Raquette droite déplacée de 231 à 238
2025-05-03 16:22:55,704 - INFO - IA: Raquette droite déplacée de 238 à 245
2025-05-03 16:22:55,722 - INFO - IA: Raquette droite déplacée de 245 à 252
2025-05-03 16:22:55,740 - INFO - IA: Raquette droite déplacée de 252 à 245
2025-05-03 16:22:55,757 - INFO - IA: Raquette droite déplacée de 245 à 252
2025-05-03 16:22:55,774 - INFO - IA: Raquette droite déplacée de 252 à 259
2025-05-03 16:22:55,792 - INFO - IA: Raquette droite déplacée de 259 à 266
2025-05-03 16:22:55,809 - INFO - IA: Raquette droite déplacée de 266 à 273
2025-05-03 16:22:55,826 - INFO - IA: Raquette droite déplacée de 273 à 280
2025-05-03 16:22:55,843 - INFO - IA: Raquette droite déplacée de 280 à 273
2025-05-03 16:22:55,860 - INFO - IA: Raquette droite déplacée de 273 à 266
2025-05-03 16:22:55,878 - INFO - IA: Raquette droite déplacée de 266 à 273
2025-05-03 16:22:55,895 - INFO - IA: Raquette droite déplacée de 273 à 280
2025-05-03 16:22:55,913 - INFO - IA: Raquette droite déplacée de 280 à 287
2025-05-03 16:22:55,931 - INFO - IA: Raquette droite déplacée de 287 à 294
2025-05-03 16:22:55,950 - INFO - IA: Raquette droite déplacée de 294 à 301
2025-05-03 16:22:55,968 - INFO - IA: Raquette droite déplacée de 301 à 308
2025-05-03 16:22:55,985 - INFO - IA: Raquette droite déplacée de 308 à 315
2025-05-03 16:22:56,003 - INFO - IA: Raquette droite déplacée de 315 à 322
2025-05-03 16:22:56,021 - INFO - IA: Raquette droite déplacée de 322 à 329
2025-05-03 16:22:56,055 - INFO - IA: Raquette droite déplacée de 329 à 336
2025-05-03 16:22:56,072 - INFO - IA: Raquette droite déplacée de 336 à 343
2025-05-03 16:22:56,090 - INFO - IA: Raquette droite déplacée de 343 à 350
2025-05-03 16:22:56,107 - INFO - IA: Raquette droite déplacée de 350 à 357
2025-05-03 16:22:56,125 - INFO - IA: Raquette droite déplacée de 357 à 364
2025-05-03 16:22:56,142 - INFO - IA: Raquette droite déplacée de 364 à 357
2025-05-03 16:22:56,161 - INFO - IA: Raquette droite déplacée de 357 à 364
2025-05-03 16:22:56,180 - INFO - IA: Raquette droite déplacée de 364 à 357
2025-05-03 16:22:56,197 - INFO - IA: Raquette droite déplacée de 357 à 364
2025-05-03 16:22:56,214 - INFO - IA: Raquette droite déplacée de 364 à 371
2025-05-03 16:22:56,232 - INFO - IA: Raquette droite déplacée de 371 à 378
2025-05-03 16:22:56,249 - INFO - IA: Raquette droite déplacée de 378 à 385
2025-05-03 16:22:56,249 - INFO - POINT: Joueur droite (IA) marque un point! Score: 0-14
2025-05-03 16:22:56,266 - INFO - IA: Raquette droite déplacée de 385 à 378
2025-05-03 16:22:56,283 - INFO - IA: Raquette droite déplacée de 378 à 371
2025-05-03 16:22:56,301 - INFO - IA: Raquette droite déplacée de 371 à 364
2025-05-03 16:22:56,318 - INFO - IA: Raquette droite déplacée de 364 à 357
2025-05-03 16:22:56,335 - INFO - IA: Raquette droite déplacée de 357 à 350
2025-05-03 16:22:56,353 - INFO - IA: Raquette droite déplacée de 350 à 343
2025-05-03 16:22:56,371 - INFO - IA: Raquette droite déplacée de 343 à 336
2025-05-03 16:22:56,388 - INFO - IA: Raquette droite déplacée de 336 à 329
2025-05-03 16:22:56,406 - INFO - IA: Raquette droite déplacée de 329 à 322
2025-05-03 16:22:56,424 - INFO - IA: Raquette droite déplacée de 322 à 315
2025-05-03 16:22:56,442 - INFO - IA: Raquette droite déplacée de 315 à 308
2025-05-03 16:22:56,460 - INFO - IA: Raquette droite déplacée de 308 à 301
2025-05-03 16:22:56,478 - INFO - IA: Raquette droite déplacée de 301 à 294
2025-05-03 16:22:56,496 - INFO - IA: Raquette droite déplacée de 294 à 287
2025-05-03 16:22:56,513 - INFO - IA: Raquette droite déplacée de 287 à 280
2025-05-03 16:22:56,530 - INFO - IA: Raquette droite déplacée de 280 à 273
2025-05-03 16:22:56,548 - INFO - IA: Raquette droite déplacée de 273 à 266
2025-05-03 16:22:56,565 - INFO - IA: Raquette droite déplacée de 266 à 259
2025-05-03 16:22:56,582 - INFO - IA: Raquette droite déplacée de 259 à 252
2025-05-03 16:22:56,600 - INFO - IA: Raquette droite déplacée de 252 à 245
2025-05-03 16:22:56,618 - INFO - IA: Raquette droite déplacée de 245 à 238
2025-05-03 16:22:56,636 - INFO - IA: Raquette droite déplacée de 238 à 231
2025-05-03 16:22:56,654 - INFO - IA: Raquette droite déplacée de 231 à 224
2025-05-03 16:22:56,672 - INFO - IA: Raquette droite déplacée de 224 à 217
2025-05-03 16:22:56,689 - INFO - IA: Raquette droite déplacée de 217 à 210
2025-05-03 16:22:56,707 - INFO - IA: Raquette droite déplacée de 210 à 203
2025-05-03 16:22:56,724 - INFO - IA: Raquette droite déplacée de 203 à 196
2025-05-03 16:22:56,741 - INFO - IA: Raquette droite déplacée de 196 à 189
2025-05-03 16:22:56,758 - INFO - IA: Raquette droite déplacée de 189 à 182
2025-05-03 16:22:56,775 - INFO - IA: Raquette droite déplacée de 182 à 175
2025-05-03 16:22:56,792 - INFO - IA: Raquette droite déplacée de 175 à 168
2025-05-03 16:22:56,810 - INFO - IA: Raquette droite déplacée de 168 à 161
2025-05-03 16:22:56,827 - INFO - IA: Raquette droite déplacée de 161 à 154
2025-05-03 16:22:56,843 - INFO - IA: Raquette droite déplacée de 154 à 147
2025-05-03 16:22:56,861 - INFO - IA: Raquette droite déplacée de 147 à 140
2025-05-03 16:22:56,878 - INFO - IA: Raquette droite déplacée de 140 à 133
2025-05-03 16:22:56,895 - INFO - IA: Raquette droite déplacée de 133 à 126
2025-05-03 16:22:56,913 - INFO - IA: Raquette droite déplacée de 126 à 119
2025-05-03 16:22:56,930 - INFO - IA: Raquette droite déplacée de 119 à 112
2025-05-03 16:22:56,947 - INFO - IA: Raquette droite déplacée de 112 à 105
2025-05-03 16:22:56,966 - INFO - IA: Raquette droite déplacée de 105 à 98
2025-05-03 16:22:56,983 - INFO - IA: Raquette droite déplacée de 98 à 91
2025-05-03 16:22:57,001 - INFO - IA: Raquette droite déplacée de 91 à 84
2025-05-03 16:22:57,018 - INFO - IA: Raquette droite déplacée de 84 à 77
2025-05-03 16:22:57,034 - INFO - IA: Raquette droite déplacée de 77 à 70
2025-05-03 16:22:57,051 - INFO - IA: Raquette droite déplacée de 70 à 63
2025-05-03 16:22:57,070 - INFO - IA: Raquette droite déplacée de 63 à 56
2025-05-03 16:22:57,070 - INFO - COLLISION: Balle a rebondi sur un mur à la position (58, -2)
2025-05-03 16:22:57,087 - INFO - IA: Raquette droite déplacée de 56 à 49
2025-05-03 16:22:57,104 - INFO - IA: Raquette droite déplacée de 49 à 42
2025-05-03 16:22:57,121 - INFO - IA: Raquette droite déplacée de 42 à 35
2025-05-03 16:22:57,139 - INFO - IA: Raquette droite déplacée de 35 à 28
2025-05-03 16:22:57,156 - INFO - IA: Raquette droite déplacée de 28 à 21
2025-05-03 16:22:57,156 - INFO - COLLISION: Balle a rebondi sur une raquette à la position (33, 23)
2025-05-03 16:22:57,173 - INFO - IA: Raquette droite déplacée de 21 à 14
2025-05-03 16:22:57,190 - INFO - IA: Raquette droite déplacée de 14 à 21
2025-05-03 16:22:57,208 - INFO - IA: Raquette droite déplacée de 21 à 14
2025-05-03 16:22:57,226 - INFO - IA: Raquette droite déplacée de 14 à 7
2025-05-03 16:22:57,244 - INFO - IA: Raquette droite déplacée de 7 à 0
2025-05-03 16:22:57,278 - INFO - IA: Raquette droite déplacée de 0 à 7
2025-05-03 16:22:57,295 - INFO - IA: Raquette droite déplacée de 7 à 0
2025-05-03 16:22:57,313 - INFO - IA: Raquette droite déplacée de 0 à 7
2025-05-03 16:22:57,330 - INFO - IA: Raquette droite déplacée de 7 à 14
2025-05-03 16:22:57,347 - INFO - IA: Raquette droite déplacée de 14 à 21
2025-05-03 16:22:57,365 - INFO - IA: Raquette droite déplacée de 21 à 28
2025-05-03 16:22:57,383 - INFO - IA: Raquette droite déplacée de 28 à 35
2025-05-03 16:22:57,401 - INFO - IA: Raquette droite déplacée de 35 à 28
2025-05-03 16:22:57,418 - INFO - IA: Raquette droite déplacée de 28 à 35
2025-05-03 16:22:57,436 - INFO - IA: Raquette droite déplacée de 35 à 42
2025-05-03 16:22:57,454 - INFO - IA: Raquette droite déplacée de 42 à 49
2025-05-03 16:22:57,474 - INFO - IA: Raquette droite déplacée de 49 à 56
2025-05-03 16:22:57,491 - INFO - IA: Raquette droite déplacée de 56 à 63
2025-05-03 16:22:57,510 - INFO - IA: Raquette droite déplacée de 63 à 70
2025-05-03 16:22:57,529 - INFO - IA: Raquette droite déplacée de 70 à 77
2025-05-03 16:22:57,549 - INFO - IA: Raquette droite déplacée de 77 à 84
2025-05-03 16:22:57,567 - INFO - IA: Raquette droite déplacée de 84 à 91
2025-05-03 16:22:57,585 - INFO - IA: Raquette droite déplacée de 91 à 98
2025-05-03 16:22:57,602 - INFO - IA: Raquette droite déplacée de 98 à 91
2025-05-03 16:22:57,619 - INFO - IA: Raquette droite déplacée de 91 à 98
2025-05-03 16:22:57,638 - INFO - IA: Raquette droite déplacée de 98 à 105
2025-05-03 16:22:57,655 - INFO - IA: Raquette droite déplacée de 105 à 112
2025-05-03 16:22:57,672 - INFO - IA: Raquette droite déplacée de 112 à 119
2025-05-03 16:22:57,689 - INFO - IA: Raquette droite déplacée de 119 à 126
2025-05-03 16:22:57,707 - INFO - IA: Raquette droite déplacée de 126 à 119
2025-05-03 16:22:57,725 - INFO - IA: Raquette droite déplacée de 119 à 126
2025-05-03 16:22:57,742 - INFO - IA: Raquette droite déplacée de 126 à 133
2025-05-03 16:22:57,760 - INFO - IA: Raquette droite déplacée de 133 à 126
2025-05-03 16:22:57,778 - INFO - IA: Raquette droite déplacée de 126 à 133
2025-05-03 16:22:57,795 - INFO - IA: Raquette droite déplacée de 133 à 140
2025-05-03 16:22:57,813 - INFO - IA: Raquette droite déplacée de 140 à 147
2025-05-03 16:22:57,831 - INFO - IA: Raquette droite déplacée de 147 à 140
2025-05-03 16:22:57,848 - INFO - IA: Raquette droite déplacée de 140 à 147
2025-05-03 16:22:57,866 - INFO - IA: Raquette droite déplacée de 147 à 154
2025-05-03 16:22:57,884 - INFO - IA: Raquette droite déplacée de 154 à 161
2025-05-03 16:22:57,902 - INFO - IA: Raquette droite déplacée de 161 à 168
2025-05-03 16:22:57,920 - INFO - IA: Raquette droite déplacée de 168 à 175
2025-05-03 16:22:57,939 - INFO - IA: Raquette droite déplacée de 175 à 182
2025-05-03 16:22:57,957 - INFO - IA: Raquette droite déplacée de 182 à 189
2025-05-03 16:22:57,975 - INFO - IA: Raquette droite déplacée de 189 à 182
2025-05-03 16:22:57,992 - INFO - IA: Raquette droite déplacée de 182 à 189
2025-05-03 16:22:58,011 - INFO - IA: Raquette droite déplacée de 189 à 196
2025-05-03 16:22:58,029 - INFO - IA: Raquette droite déplacée de 196 à 203
2025-05-03 16:22:58,048 - INFO - IA: Raquette droite déplacée de 203 à 210
2025-05-03 16:22:58,066 - INFO - IA: Raquette droite déplacée de 210 à 217
2025-05-03 16:22:58,083 - INFO - IA: Raquette droite déplacée de 217 à 224
2025-05-03 16:22:58,101 - INFO - IA: Raquette droite déplacée de 224 à 231
2025-05-03 16:22:58,118 - INFO - IA: Raquette droite déplacée de 231 à 238
2025-05-03 16:22:58,136 - INFO - IA: Raquette droite déplacée de 238 à 245
2025-05-03 16:22:58,154 - INFO - IA: Raquette droite déplacée de 245 à 252
2025-05-03 16:22:58,172 - INFO - IA: Raquette droite déplacée de 252 à 259
2025-05-03 16:22:58,190 - INFO - IA: Raquette droite déplacée de 259 à 266
2025-05-03 16:22:58,208 - INFO - IA: Raquette droite déplacée de 266 à 273
2025-05-03 16:22:58,225 - INFO - IA: Raquette droite déplacée de 273 à 266
2025-05-03 16:22:58,243 - INFO - IA: Raquette droite déplacée de 266 à 273
2025-05-03 16:22:58,260 - INFO - IA: Raquette droite déplacée de 273 à 280
2025-05-03 16:22:58,278 - INFO - IA: Raquette droite déplacée de 280 à 287
2025-05-03 16:22:58,297 - INFO - IA: Raquette droite déplacée de 287 à 280
2025-05-03 16:22:58,314 - INFO - IA: Raquette droite déplacée de 280 à 273
2025-05-03 16:22:58,331 - INFO - IA: Raquette droite déplacée de 273 à 280
2025-05-03 16:22:58,349 - INFO - IA: Raquette droite déplacée de 280 à 287
2025-05-03 16:22:58,366 - INFO - IA: Raquette droite déplacée de 287 à 294
2025-05-03 16:22:58,383 - INFO - IA: Raquette droite déplacée de 294 à 301
2025-05-03 16:22:58,418 - INFO - IA: Raquette droite déplacée de 301 à 308
2025-05-03 16:22:58,435 - INFO - IA: Raquette droite déplacée de 308 à 315
2025-05-03 16:22:58,453 - INFO - IA: Raquette droite déplacée de 315 à 322
2025-05-03 16:22:58,471 - INFO - IA: Raquette droite déplacée de 322 à 315
2025-05-03 16:22:58,489 - INFO - IA: Raquette droite déplacée de 315 à 322
2025-05-03 16:22:58,507 - INFO - IA: Raquette droite déplacée de 322 à 329
2025-05-03 16:22:58,526 - INFO - IA: Raquette droite déplacée de 329 à 336
2025-05-03 16:22:58,545 - INFO - IA: Raquette droite déplacée de 336 à 343
2025-05-03 16:22:58,564 - INFO - IA: Raquette droite déplacée de 343 à 350
2025-05-03 16:22:58,582 - INFO - IA: Raquette droite déplacée de 350 à 357
2025-05-03 16:22:58,600 - INFO - IA: Raquette droite déplacée de 357 à 364
2025-05-03 16:22:58,618 - INFO - IA: Raquette droite déplacée de 364 à 371
2025-05-03 16:22:58,656 - INFO - IA: Raquette droite déplacée de 371 à 378
2025-05-03 16:22:58,674 - INFO - IA: Raquette droite déplacée de 378 à 385
2025-05-03 16:22:58,692 - INFO - IA: Raquette droite déplacée de 385 à 390
2025-05-03 16:22:58,710 - INFO - IA: Raquette droite déplacée de 390 à 383
2025-05-03 16:22:58,710 - INFO - COLLISION: Balle a rebondi sur une raquette à la position (555, 458)
2025-05-03 16:22:58,728 - INFO - IA: Raquette droite déplacée de 383 à 390
2025-05-03 16:22:58,747 - INFO - COLLISION: Balle a rebondi sur un mur à la position (543, 468)
