2025-05-03 16:09:26,211 - INFO - Jeu initialisé avec succès
2025-05-03 16:09:26,216 - INFO - Taille de l'écran: 600x480
2025-05-03 16:09:26,217 - INFO - Position initiale raquette gauche: <rect(20, 195, 15, 90)>
2025-05-03 16:09:26,217 - INFO - Position initiale raquette droite: <rect(565, 195, 15, 90)>
2025-05-03 16:09:26,218 - INFO - Position initiale balle: <rect(293, 233, 15, 15)>
2025-05-03 16:09:26,220 - INFO - IA: Raquette droite déplacée de 195 à 188
2025-05-03 16:09:26,252 - INFO - IA: Raquette droite déplacée de 188 à 195
2025-05-03 16:09:26,270 - INFO - IA: Raquette droite déplacée de 195 à 188
2025-05-03 16:09:26,289 - INFO - IA: Raquette droite déplacée de 188 à 195
2025-05-03 16:09:26,310 - INFO - IA: Raquette droite déplacée de 195 à 202
2025-05-03 16:09:26,328 - INFO - IA: Raquette droite déplacée de 202 à 209
2025-05-03 16:09:26,346 - INFO - IA: Raquette droite déplacée de 209 à 216
2025-05-03 16:09:26,364 - INFO - IA: Raquette droite déplacée de 216 à 223
2025-05-03 16:09:26,382 - INFO - IA: Raquette droite déplacée de 223 à 216
2025-05-03 16:09:26,400 - INFO - IA: Raquette droite déplacée de 216 à 223
2025-05-03 16:09:26,418 - INFO - IA: Raquette droite déplacée de 223 à 230
2025-05-03 16:09:26,455 - INFO - IA: Raquette droite déplacée de 230 à 237
2025-05-03 16:09:26,479 - INFO - IA: Raquette droite déplacée de 237 à 244
2025-05-03 16:09:26,497 - INFO - IA: Raquette droite déplacée de 244 à 251
2025-05-03 16:09:26,515 - INFO - IA: Raquette droite déplacée de 251 à 244
2025-05-03 16:09:26,534 - INFO - IA: Raquette droite déplacée de 244 à 251
2025-05-03 16:09:26,552 - INFO - IA: Raquette droite déplacée de 251 à 258
2025-05-03 16:09:26,571 - INFO - IA: Raquette droite déplacée de 258 à 265
2025-05-03 16:09:26,589 - INFO - IA: Raquette droite déplacée de 265 à 272
2025-05-03 16:09:26,608 - INFO - IA: Raquette droite déplacée de 272 à 279
2025-05-03 16:09:26,625 - INFO - IA: Raquette droite déplacée de 279 à 272
2025-05-03 16:09:26,643 - INFO - IA: Raquette droite déplacée de 272 à 279
2025-05-03 16:09:26,662 - INFO - IA: Raquette droite déplacée de 279 à 286
2025-05-03 16:09:26,680 - INFO - IA: Raquette droite déplacée de 286 à 293
2025-05-03 16:09:26,697 - INFO - IA: Raquette droite déplacée de 293 à 300
2025-05-03 16:09:26,715 - INFO - IA: Raquette droite déplacée de 300 à 307
2025-05-03 16:09:26,733 - INFO - IA: Raquette droite déplacée de 307 à 314
2025-05-03 16:09:26,751 - INFO - IA: Raquette droite déplacée de 314 à 321
2025-05-03 16:09:26,770 - INFO - IA: Raquette droite déplacée de 321 à 328
2025-05-03 16:09:26,789 - INFO - IA: Raquette droite déplacée de 328 à 321
2025-05-03 16:09:26,824 - INFO - IA: Raquette droite déplacée de 321 à 328
2025-05-03 16:09:26,843 - INFO - IA: Raquette droite déplacée de 328 à 335
2025-05-03 16:09:26,861 - INFO - IA: Raquette droite déplacée de 335 à 342
2025-05-03 16:09:26,879 - INFO - IA: Raquette droite déplacée de 342 à 349
2025-05-03 16:09:26,897 - INFO - IA: Raquette droite déplacée de 349 à 356
2025-05-03 16:09:26,914 - INFO - IA: Raquette droite déplacée de 356 à 349
2025-05-03 16:09:26,932 - INFO - IA: Raquette droite déplacée de 349 à 356
2025-05-03 16:09:26,950 - INFO - IA: Raquette droite déplacée de 356 à 363
2025-05-03 16:09:26,967 - INFO - IA: Raquette droite déplacée de 363 à 370
2025-05-03 16:09:26,985 - INFO - IA: Raquette droite déplacée de 370 à 377
2025-05-03 16:09:27,004 - INFO - IA: Raquette droite déplacée de 377 à 384
2025-05-03 16:09:27,024 - INFO - IA: Raquette droite déplacée de 384 à 390
2025-05-03 16:09:27,077 - INFO - COLLISION: Balle a rebondi sur un mur à la position (528, 468)
2025-05-03 16:09:27,164 - INFO - COLLISION: Balle a rebondi sur une raquette à la position (553, 443)
2025-05-03 16:09:27,233 - INFO - IA: Raquette droite déplacée de 390 à 383
2025-05-03 16:09:27,252 - INFO - IA: Raquette droite déplacée de 383 à 376
2025-05-03 16:09:27,271 - INFO - IA: Raquette droite déplacée de 376 à 369
2025-05-03 16:09:27,290 - INFO - IA: Raquette droite déplacée de 369 à 376
2025-05-03 16:09:27,308 - INFO - IA: Raquette droite déplacée de 376 à 369
2025-05-03 16:09:27,326 - INFO - IA: Raquette droite déplacée de 369 à 362
2025-05-03 16:09:27,346 - INFO - INPUT: Joueur appuie sur la touche HAUT
2025-05-03 16:09:27,346 - INFO - JOUEUR: Raquette gauche déplacée de 195 à 188
2025-05-03 16:09:27,346 - INFO - IA: Raquette droite déplacée de 362 à 355
2025-05-03 16:09:27,364 - INFO - JOUEUR: Raquette gauche déplacée de 188 à 181
2025-05-03 16:09:27,365 - INFO - IA: Raquette droite déplacée de 355 à 348
2025-05-03 16:09:27,382 - INFO - JOUEUR: Raquette gauche déplacée de 181 à 174
2025-05-03 16:09:27,382 - INFO - IA: Raquette droite déplacée de 348 à 355
2025-05-03 16:09:27,400 - INFO - JOUEUR: Raquette gauche déplacée de 174 à 167
2025-05-03 16:09:27,400 - INFO - IA: Raquette droite déplacée de 355 à 348
2025-05-03 16:09:27,418 - INFO - JOUEUR: Raquette gauche déplacée de 167 à 160
2025-05-03 16:09:27,418 - INFO - IA: Raquette droite déplacée de 348 à 341
2025-05-03 16:09:27,437 - INFO - JOUEUR: Raquette gauche déplacée de 160 à 153
2025-05-03 16:09:27,438 - INFO - IA: Raquette droite déplacée de 341 à 334
2025-05-03 16:09:27,456 - INFO - JOUEUR: Raquette gauche déplacée de 153 à 146
2025-05-03 16:09:27,457 - INFO - IA: Raquette droite déplacée de 334 à 327
2025-05-03 16:09:27,474 - INFO - INPUT: Joueur relâche les touches directionnelles
2025-05-03 16:09:27,475 - INFO - IA: Raquette droite déplacée de 327 à 320
2025-05-03 16:09:27,492 - INFO - IA: Raquette droite déplacée de 320 à 313
2025-05-03 16:09:27,510 - INFO - IA: Raquette droite déplacée de 313 à 320
2025-05-03 16:09:27,527 - INFO - IA: Raquette droite déplacée de 320 à 313
2025-05-03 16:09:27,544 - INFO - IA: Raquette droite déplacée de 313 à 306
2025-05-03 16:09:27,563 - INFO - IA: Raquette droite déplacée de 306 à 313
2025-05-03 16:09:27,580 - INFO - IA: Raquette droite déplacée de 313 à 306
2025-05-03 16:09:27,597 - INFO - IA: Raquette droite déplacée de 306 à 299
2025-05-03 16:09:27,614 - INFO - IA: Raquette droite déplacée de 299 à 306
2025-05-03 16:09:27,631 - INFO - IA: Raquette droite déplacée de 306 à 299
2025-05-03 16:09:27,649 - INFO - IA: Raquette droite déplacée de 299 à 292
2025-05-03 16:09:27,667 - INFO - IA: Raquette droite déplacée de 292 à 285
2025-05-03 16:09:27,687 - INFO - IA: Raquette droite déplacée de 285 à 278
2025-05-03 16:09:27,705 - INFO - IA: Raquette droite déplacée de 278 à 285
2025-05-03 16:09:27,724 - INFO - IA: Raquette droite déplacée de 285 à 278
2025-05-03 16:09:27,741 - INFO - IA: Raquette droite déplacée de 278 à 271
2025-05-03 16:09:27,759 - INFO - IA: Raquette droite déplacée de 271 à 264
2025-05-03 16:09:27,777 - INFO - IA: Raquette droite déplacée de 264 à 257
2025-05-03 16:09:27,795 - INFO - IA: Raquette droite déplacée de 257 à 250
2025-05-03 16:09:27,812 - INFO - INPUT: Joueur appuie sur la touche BAS
2025-05-03 16:09:27,813 - INFO - JOUEUR: Raquette gauche déplacée de 146 à 153
2025-05-03 16:09:27,813 - INFO - IA: Raquette droite déplacée de 250 à 243
2025-05-03 16:09:27,830 - INFO - JOUEUR: Raquette gauche déplacée de 153 à 160
2025-05-03 16:09:27,830 - INFO - IA: Raquette droite déplacée de 243 à 236
2025-05-03 16:09:27,848 - INFO - JOUEUR: Raquette gauche déplacée de 160 à 167
2025-05-03 16:09:27,849 - INFO - IA: Raquette droite déplacée de 236 à 229
2025-05-03 16:09:27,867 - INFO - JOUEUR: Raquette gauche déplacée de 167 à 174
2025-05-03 16:09:27,868 - INFO - IA: Raquette droite déplacée de 229 à 222
2025-05-03 16:09:27,885 - INFO - JOUEUR: Raquette gauche déplacée de 174 à 181
2025-05-03 16:09:27,886 - INFO - IA: Raquette droite déplacée de 222 à 229
2025-05-03 16:09:27,904 - INFO - JOUEUR: Raquette gauche déplacée de 181 à 188
2025-05-03 16:09:27,905 - INFO - IA: Raquette droite déplacée de 229 à 222
2025-05-03 16:09:27,923 - INFO - JOUEUR: Raquette gauche déplacée de 188 à 195
2025-05-03 16:09:27,924 - INFO - IA: Raquette droite déplacée de 222 à 215
2025-05-03 16:09:27,941 - INFO - INPUT: Joueur relâche les touches directionnelles
2025-05-03 16:09:27,942 - INFO - IA: Raquette droite déplacée de 215 à 222
2025-05-03 16:09:27,959 - INFO - IA: Raquette droite déplacée de 222 à 215
2025-05-03 16:09:27,978 - INFO - IA: Raquette droite déplacée de 215 à 208
2025-05-03 16:09:27,997 - INFO - IA: Raquette droite déplacée de 208 à 201
2025-05-03 16:09:28,014 - INFO - IA: Raquette droite déplacée de 201 à 194
2025-05-03 16:09:28,032 - INFO - IA: Raquette droite déplacée de 194 à 187
2025-05-03 16:09:28,050 - INFO - IA: Raquette droite déplacée de 187 à 180
2025-05-03 16:09:28,068 - INFO - IA: Raquette droite déplacée de 180 à 173
2025-05-03 16:09:28,086 - INFO - IA: Raquette droite déplacée de 173 à 166
2025-05-03 16:09:28,106 - INFO - IA: Raquette droite déplacée de 166 à 173
2025-05-03 16:09:28,124 - INFO - IA: Raquette droite déplacée de 173 à 166
2025-05-03 16:09:28,143 - INFO - INPUT: Joueur appuie sur la touche HAUT
2025-05-03 16:09:28,144 - INFO - JOUEUR: Raquette gauche déplacée de 195 à 188
2025-05-03 16:09:28,162 - INFO - JOUEUR: Raquette gauche déplacée de 188 à 181
2025-05-03 16:09:28,163 - INFO - IA: Raquette droite déplacée de 166 à 159
2025-05-03 16:09:28,181 - INFO - JOUEUR: Raquette gauche déplacée de 181 à 174
2025-05-03 16:09:28,198 - INFO - JOUEUR: Raquette gauche déplacée de 174 à 167
2025-05-03 16:09:28,199 - INFO - IA: Raquette droite déplacée de 159 à 152
2025-05-03 16:09:28,216 - INFO - JOUEUR: Raquette gauche déplacée de 167 à 160
2025-05-03 16:09:28,217 - INFO - IA: Raquette droite déplacée de 152 à 145
2025-05-03 16:09:28,234 - INFO - JOUEUR: Raquette gauche déplacée de 160 à 153
2025-05-03 16:09:28,235 - INFO - IA: Raquette droite déplacée de 145 à 138
2025-05-03 16:09:28,252 - INFO - JOUEUR: Raquette gauche déplacée de 153 à 146
2025-05-03 16:09:28,253 - INFO - IA: Raquette droite déplacée de 138 à 131
2025-05-03 16:09:28,271 - INFO - JOUEUR: Raquette gauche déplacée de 146 à 139
2025-05-03 16:09:28,272 - INFO - IA: Raquette droite déplacée de 131 à 124
2025-05-03 16:09:28,290 - INFO - JOUEUR: Raquette gauche déplacée de 139 à 132
2025-05-03 16:09:28,290 - INFO - IA: Raquette droite déplacée de 124 à 117
2025-05-03 16:09:28,307 - INFO - JOUEUR: Raquette gauche déplacée de 132 à 125
2025-05-03 16:09:28,308 - INFO - IA: Raquette droite déplacée de 117 à 110
2025-05-03 16:09:28,325 - INFO - JOUEUR: Raquette gauche déplacée de 125 à 118
2025-05-03 16:09:28,326 - INFO - IA: Raquette droite déplacée de 110 à 103
2025-05-03 16:09:28,343 - INFO - JOUEUR: Raquette gauche déplacée de 118 à 111
2025-05-03 16:09:28,344 - INFO - IA: Raquette droite déplacée de 103 à 96
2025-05-03 16:09:28,361 - INFO - JOUEUR: Raquette gauche déplacée de 111 à 104
2025-05-03 16:09:28,362 - INFO - IA: Raquette droite déplacée de 96 à 89
2025-05-03 16:09:28,379 - INFO - JOUEUR: Raquette gauche déplacée de 104 à 97
2025-05-03 16:09:28,380 - INFO - IA: Raquette droite déplacée de 89 à 96
2025-05-03 16:09:28,397 - INFO - JOUEUR: Raquette gauche déplacée de 97 à 90
2025-05-03 16:09:28,398 - INFO - IA: Raquette droite déplacée de 96 à 103
2025-05-03 16:09:28,416 - INFO - JOUEUR: Raquette gauche déplacée de 90 à 83
2025-05-03 16:09:28,416 - INFO - IA: Raquette droite déplacée de 103 à 96
2025-05-03 16:09:28,434 - INFO - JOUEUR: Raquette gauche déplacée de 83 à 76
2025-05-03 16:09:28,434 - INFO - IA: Raquette droite déplacée de 96 à 89
2025-05-03 16:09:28,452 - INFO - JOUEUR: Raquette gauche déplacée de 76 à 69
2025-05-03 16:09:28,452 - INFO - IA: Raquette droite déplacée de 89 à 82
2025-05-03 16:09:28,470 - INFO - JOUEUR: Raquette gauche déplacée de 69 à 62
2025-05-03 16:09:28,471 - INFO - IA: Raquette droite déplacée de 82 à 75
2025-05-03 16:09:28,488 - INFO - JOUEUR: Raquette gauche déplacée de 62 à 55
2025-05-03 16:09:28,489 - INFO - IA: Raquette droite déplacée de 75 à 68
2025-05-03 16:09:28,508 - INFO - JOUEUR: Raquette gauche déplacée de 55 à 48
2025-05-03 16:09:28,508 - INFO - IA: Raquette droite déplacée de 68 à 61
2025-05-03 16:09:28,527 - INFO - JOUEUR: Raquette gauche déplacée de 48 à 41
2025-05-03 16:09:28,527 - INFO - IA: Raquette droite déplacée de 61 à 54
2025-05-03 16:09:28,546 - INFO - INPUT: Joueur relâche les touches directionnelles
2025-05-03 16:09:28,547 - INFO - IA: Raquette droite déplacée de 54 à 47
2025-05-03 16:09:28,565 - INFO - IA: Raquette droite déplacée de 47 à 40
2025-05-03 16:09:28,583 - INFO - IA: Raquette droite déplacée de 40 à 33
2025-05-03 16:09:28,601 - INFO - IA: Raquette droite déplacée de 33 à 26
2025-05-03 16:09:28,619 - INFO - IA: Raquette droite déplacée de 26 à 19
2025-05-03 16:09:28,637 - INFO - IA: Raquette droite déplacée de 19 à 12
2025-05-03 16:09:28,654 - INFO - IA: Raquette droite déplacée de 12 à 5
2025-05-03 16:09:28,672 - INFO - IA: Raquette droite déplacée de 5 à 0
2025-05-03 16:09:28,707 - INFO - IA: Raquette droite déplacée de 0 à 7
2025-05-03 16:09:28,724 - INFO - IA: Raquette droite déplacée de 7 à 0
2025-05-03 16:09:28,778 - INFO - COLLISION: Balle a rebondi sur un mur à la position (108, -2)
2025-05-03 16:09:28,917 - INFO - IA: Raquette droite déplacée de 0 à 7
2025-05-03 16:09:28,934 - INFO - IA: Raquette droite déplacée de 7 à 14
2025-05-03 16:09:28,953 - INFO - IA: Raquette droite déplacée de 14 à 21
2025-05-03 16:09:28,972 - INFO - INPUT: Joueur appuie sur la touche HAUT
2025-05-03 16:09:28,972 - INFO - JOUEUR: Raquette gauche déplacée de 41 à 34
2025-05-03 16:09:28,973 - INFO - IA: Raquette droite déplacée de 21 à 14
2025-05-03 16:09:28,990 - INFO - JOUEUR: Raquette gauche déplacée de 34 à 27
2025-05-03 16:09:28,990 - INFO - IA: Raquette droite déplacée de 14 à 7
2025-05-03 16:09:29,009 - INFO - JOUEUR: Raquette gauche déplacée de 27 à 20
2025-05-03 16:09:29,009 - INFO - IA: Raquette droite déplacée de 7 à 14
2025-05-03 16:09:29,027 - INFO - JOUEUR: Raquette gauche déplacée de 20 à 13
2025-05-03 16:09:29,028 - INFO - IA: Raquette droite déplacée de 14 à 7
2025-05-03 16:09:29,046 - INFO - JOUEUR: Raquette gauche déplacée de 13 à 6
2025-05-03 16:09:29,047 - INFO - IA: Raquette droite déplacée de 7 à 14
2025-05-03 16:09:29,047 - INFO - COLLISION: Balle a rebondi sur une raquette à la position (33, 73)
2025-05-03 16:09:29,065 - INFO - JOUEUR: Raquette gauche déplacée de 6 à 0
2025-05-03 16:09:29,066 - INFO - IA: Raquette droite déplacée de 14 à 21
2025-05-03 16:09:29,086 - INFO - IA: Raquette droite déplacée de 21 à 28
2025-05-03 16:09:29,105 - INFO - INPUT: Joueur relâche les touches directionnelles
2025-05-03 16:09:29,106 - INFO - IA: Raquette droite déplacée de 28 à 35
2025-05-03 16:09:29,125 - INFO - IA: Raquette droite déplacée de 35 à 28
2025-05-03 16:09:29,145 - INFO - IA: Raquette droite déplacée de 28 à 35
2025-05-03 16:09:29,162 - INFO - IA: Raquette droite déplacée de 35 à 42
2025-05-03 16:09:29,180 - INFO - IA: Raquette droite déplacée de 42 à 49
2025-05-03 16:09:29,198 - INFO - IA: Raquette droite déplacée de 49 à 56
2025-05-03 16:09:29,233 - INFO - IA: Raquette droite déplacée de 56 à 63
2025-05-03 16:09:29,251 - INFO - IA: Raquette droite déplacée de 63 à 70
2025-05-03 16:09:29,269 - INFO - IA: Raquette droite déplacée de 70 à 77
2025-05-03 16:09:29,287 - INFO - IA: Raquette droite déplacée de 77 à 70
2025-05-03 16:09:29,304 - INFO - IA: Raquette droite déplacée de 70 à 77
2025-05-03 16:09:29,323 - INFO - IA: Raquette droite déplacée de 77 à 84
2025-05-03 16:09:29,342 - INFO - IA: Raquette droite déplacée de 84 à 91
2025-05-03 16:09:29,361 - INFO - IA: Raquette droite déplacée de 91 à 98
2025-05-03 16:09:29,379 - INFO - INPUT: Joueur appuie sur la touche BAS
2025-05-03 16:09:29,380 - INFO - JOUEUR: Raquette gauche déplacée de 0 à 7
2025-05-03 16:09:29,380 - INFO - IA: Raquette droite déplacée de 98 à 105
2025-05-03 16:09:29,398 - INFO - JOUEUR: Raquette gauche déplacée de 7 à 14
2025-05-03 16:09:29,398 - INFO - IA: Raquette droite déplacée de 105 à 112
2025-05-03 16:09:29,416 - INFO - JOUEUR: Raquette gauche déplacée de 14 à 21
2025-05-03 16:09:29,416 - INFO - IA: Raquette droite déplacée de 112 à 119
2025-05-03 16:09:29,434 - INFO - JOUEUR: Raquette gauche déplacée de 21 à 28
2025-05-03 16:09:29,435 - INFO - IA: Raquette droite déplacée de 119 à 112
2025-05-03 16:09:29,453 - INFO - JOUEUR: Raquette gauche déplacée de 28 à 35
2025-05-03 16:09:29,453 - INFO - IA: Raquette droite déplacée de 112 à 119
2025-05-03 16:09:29,471 - INFO - JOUEUR: Raquette gauche déplacée de 35 à 42
2025-05-03 16:09:29,471 - INFO - IA: Raquette droite déplacée de 119 à 126
2025-05-03 16:09:29,489 - INFO - JOUEUR: Raquette gauche déplacée de 42 à 49
2025-05-03 16:09:29,489 - INFO - IA: Raquette droite déplacée de 126 à 133
2025-05-03 16:09:29,507 - INFO - JOUEUR: Raquette gauche déplacée de 49 à 56
2025-05-03 16:09:29,507 - INFO - IA: Raquette droite déplacée de 133 à 140
2025-05-03 16:09:29,525 - INFO - JOUEUR: Raquette gauche déplacée de 56 à 63
2025-05-03 16:09:29,525 - INFO - IA: Raquette droite déplacée de 140 à 147
2025-05-03 16:09:29,543 - INFO - JOUEUR: Raquette gauche déplacée de 63 à 70
2025-05-03 16:09:29,543 - INFO - IA: Raquette droite déplacée de 147 à 154
2025-05-03 16:09:29,561 - INFO - JOUEUR: Raquette gauche déplacée de 70 à 77
2025-05-03 16:09:29,561 - INFO - IA: Raquette droite déplacée de 154 à 161
2025-05-03 16:09:29,579 - INFO - JOUEUR: Raquette gauche déplacée de 77 à 84
2025-05-03 16:09:29,579 - INFO - IA: Raquette droite déplacée de 161 à 168
2025-05-03 16:09:29,597 - INFO - JOUEUR: Raquette gauche déplacée de 84 à 91
2025-05-03 16:09:29,598 - INFO - IA: Raquette droite déplacée de 168 à 175
2025-05-03 16:09:29,616 - INFO - JOUEUR: Raquette gauche déplacée de 91 à 98
2025-05-03 16:09:29,618 - INFO - IA: Raquette droite déplacée de 175 à 182
2025-05-03 16:09:29,636 - INFO - JOUEUR: Raquette gauche déplacée de 98 à 105
2025-05-03 16:09:29,637 - INFO - IA: Raquette droite déplacée de 182 à 175
2025-05-03 16:09:29,655 - INFO - JOUEUR: Raquette gauche déplacée de 105 à 112
2025-05-03 16:09:29,656 - INFO - IA: Raquette droite déplacée de 175 à 182
2025-05-03 16:09:29,673 - INFO - JOUEUR: Raquette gauche déplacée de 112 à 119
2025-05-03 16:09:29,674 - INFO - IA: Raquette droite déplacée de 182 à 189
2025-05-03 16:09:29,691 - INFO - JOUEUR: Raquette gauche déplacée de 119 à 126
2025-05-03 16:09:29,691 - INFO - IA: Raquette droite déplacée de 189 à 182
2025-05-03 16:09:29,709 - INFO - JOUEUR: Raquette gauche déplacée de 126 à 133
2025-05-03 16:09:29,709 - INFO - IA: Raquette droite déplacée de 182 à 189
2025-05-03 16:09:29,727 - INFO - JOUEUR: Raquette gauche déplacée de 133 à 140
2025-05-03 16:09:29,728 - INFO - IA: Raquette droite déplacée de 189 à 196
2025-05-03 16:09:29,746 - INFO - JOUEUR: Raquette gauche déplacée de 140 à 147
2025-05-03 16:09:29,746 - INFO - IA: Raquette droite déplacée de 196 à 203
2025-05-03 16:09:29,764 - INFO - JOUEUR: Raquette gauche déplacée de 147 à 154
2025-05-03 16:09:29,764 - INFO - IA: Raquette droite déplacée de 203 à 210
2025-05-03 16:09:29,783 - INFO - JOUEUR: Raquette gauche déplacée de 154 à 161
2025-05-03 16:09:29,783 - INFO - IA: Raquette droite déplacée de 210 à 217
2025-05-03 16:09:29,802 - INFO - JOUEUR: Raquette gauche déplacée de 161 à 168
2025-05-03 16:09:29,802 - INFO - IA: Raquette droite déplacée de 217 à 210
2025-05-03 16:09:29,821 - INFO - INPUT: Joueur relâche les touches directionnelles
2025-05-03 16:09:29,821 - INFO - IA: Raquette droite déplacée de 210 à 217
2025-05-03 16:09:29,840 - INFO - IA: Raquette droite déplacée de 217 à 224
2025-05-03 16:09:29,859 - INFO - IA: Raquette droite déplacée de 224 à 231
2025-05-03 16:09:29,877 - INFO - IA: Raquette droite déplacée de 231 à 238
2025-05-03 16:09:29,895 - INFO - IA: Raquette droite déplacée de 238 à 245
2025-05-03 16:09:29,913 - INFO - IA: Raquette droite déplacée de 245 à 252
2025-05-03 16:09:29,931 - INFO - IA: Raquette droite déplacée de 252 à 259
2025-05-03 16:09:29,948 - INFO - IA: Raquette droite déplacée de 259 à 266
2025-05-03 16:09:29,965 - INFO - IA: Raquette droite déplacée de 266 à 259
2025-05-03 16:09:29,983 - INFO - IA: Raquette droite déplacée de 259 à 266
2025-05-03 16:09:30,001 - INFO - IA: Raquette droite déplacée de 266 à 273
2025-05-03 16:09:30,020 - INFO - IA: Raquette droite déplacée de 273 à 280
2025-05-03 16:09:30,038 - INFO - IA: Raquette droite déplacée de 280 à 273
2025-05-03 16:09:30,056 - INFO - IA: Raquette droite déplacée de 273 à 280
2025-05-03 16:09:30,074 - INFO - IA: Raquette droite déplacée de 280 à 287
2025-05-03 16:09:30,093 - INFO - INPUT: Joueur appuie sur la touche BAS
2025-05-03 16:09:30,094 - INFO - JOUEUR: Raquette gauche déplacée de 168 à 175
2025-05-03 16:09:30,095 - INFO - IA: Raquette droite déplacée de 287 à 294
2025-05-03 16:09:30,113 - INFO - JOUEUR: Raquette gauche déplacée de 175 à 182
2025-05-03 16:09:30,113 - INFO - IA: Raquette droite déplacée de 294 à 301
2025-05-03 16:09:30,132 - INFO - JOUEUR: Raquette gauche déplacée de 182 à 189
2025-05-03 16:09:30,133 - INFO - IA: Raquette droite déplacée de 301 à 308
2025-05-03 16:09:30,152 - INFO - JOUEUR: Raquette gauche déplacée de 189 à 196
2025-05-03 16:09:30,153 - INFO - IA: Raquette droite déplacée de 308 à 315
2025-05-03 16:09:30,172 - INFO - JOUEUR: Raquette gauche déplacée de 196 à 203
2025-05-03 16:09:30,173 - INFO - IA: Raquette droite déplacée de 315 à 322
2025-05-03 16:09:30,190 - INFO - JOUEUR: Raquette gauche déplacée de 203 à 210
2025-05-03 16:09:30,192 - INFO - IA: Raquette droite déplacée de 322 à 329
2025-05-03 16:09:30,211 - INFO - INPUT: Joueur relâche les touches directionnelles
2025-05-03 16:09:30,211 - INFO - IA: Raquette droite déplacée de 329 à 322
2025-05-03 16:09:30,229 - INFO - IA: Raquette droite déplacée de 322 à 329
2025-05-03 16:09:30,247 - INFO - IA: Raquette droite déplacée de 329 à 336
2025-05-03 16:09:30,264 - INFO - IA: Raquette droite déplacée de 336 à 343
2025-05-03 16:09:30,282 - INFO - IA: Raquette droite déplacée de 343 à 350
2025-05-03 16:09:30,301 - INFO - IA: Raquette droite déplacée de 350 à 357
2025-05-03 16:09:30,319 - INFO - IA: Raquette droite déplacée de 357 à 364
2025-05-03 16:09:30,337 - INFO - IA: Raquette droite déplacée de 364 à 371
2025-05-03 16:09:30,354 - INFO - IA: Raquette droite déplacée de 371 à 378
2025-05-03 16:09:30,372 - INFO - IA: Raquette droite déplacée de 378 à 385
2025-05-03 16:09:30,390 - INFO - IA: Raquette droite déplacée de 385 à 390
2025-05-03 16:09:30,410 - INFO - INPUT: Joueur appuie sur la touche BAS
2025-05-03 16:09:30,410 - INFO - JOUEUR: Raquette gauche déplacée de 210 à 217
2025-05-03 16:09:30,428 - INFO - JOUEUR: Raquette gauche déplacée de 217 à 224
2025-05-03 16:09:30,445 - INFO - JOUEUR: Raquette gauche déplacée de 224 à 231
2025-05-03 16:09:30,463 - INFO - JOUEUR: Raquette gauche déplacée de 231 à 238
2025-05-03 16:09:30,481 - INFO - INPUT: Joueur relâche les touches directionnelles
2025-05-03 16:09:30,499 - INFO - COLLISION: Balle a rebondi sur un mur à la position (507, 468)
2025-05-03 16:09:30,620 - INFO - IA: Raquette droite déplacée de 390 à 383
2025-05-03 16:09:30,638 - INFO - IA: Raquette droite déplacée de 383 à 390
2025-05-03 16:09:30,639 - INFO - COLLISION: Balle a rebondi sur une raquette à la position (555, 428)
2025-05-03 16:09:30,657 - INFO - IA: Raquette droite déplacée de 390 à 383
2025-05-03 16:09:30,675 - INFO - IA: Raquette droite déplacée de 383 à 376
2025-05-03 16:09:30,693 - INFO - IA: Raquette droite déplacée de 376 à 383
2025-05-03 16:09:30,710 - INFO - IA: Raquette droite déplacée de 383 à 390
2025-05-03 16:09:30,728 - INFO - IA: Raquette droite déplacée de 390 à 383
2025-05-03 16:09:30,747 - INFO - IA: Raquette droite déplacée de 383 à 376
2025-05-03 16:09:30,764 - INFO - IA: Raquette droite déplacée de 376 à 369
2025-05-03 16:09:30,783 - INFO - IA: Raquette droite déplacée de 369 à 362
2025-05-03 16:09:30,800 - INFO - IA: Raquette droite déplacée de 362 à 369
2025-05-03 16:09:30,819 - INFO - IA: Raquette droite déplacée de 369 à 362
2025-05-03 16:09:30,836 - INFO - IA: Raquette droite déplacée de 362 à 355
2025-05-03 16:09:30,855 - INFO - IA: Raquette droite déplacée de 355 à 348
2025-05-03 16:09:30,874 - INFO - IA: Raquette droite déplacée de 348 à 341
2025-05-03 16:09:30,892 - INFO - IA: Raquette droite déplacée de 341 à 334
2025-05-03 16:09:30,910 - INFO - IA: Raquette droite déplacée de 334 à 327
2025-05-03 16:09:30,928 - INFO - IA: Raquette droite déplacée de 327 à 334
2025-05-03 16:09:30,945 - INFO - IA: Raquette droite déplacée de 334 à 341
2025-05-03 16:09:30,963 - INFO - IA: Raquette droite déplacée de 341 à 334
2025-05-03 16:09:30,981 - INFO - INPUT: Joueur appuie sur la touche HAUT
2025-05-03 16:09:30,981 - INFO - JOUEUR: Raquette gauche déplacée de 238 à 231
2025-05-03 16:09:30,982 - INFO - IA: Raquette droite déplacée de 334 à 327
2025-05-03 16:09:30,999 - INFO - JOUEUR: Raquette gauche déplacée de 231 à 224
2025-05-03 16:09:31,000 - INFO - IA: Raquette droite déplacée de 327 à 320
2025-05-03 16:09:31,018 - INFO - JOUEUR: Raquette gauche déplacée de 224 à 217
2025-05-03 16:09:31,018 - INFO - IA: Raquette droite déplacée de 320 à 313
2025-05-03 16:09:31,036 - INFO - JOUEUR: Raquette gauche déplacée de 217 à 210
2025-05-03 16:09:31,036 - INFO - IA: Raquette droite déplacée de 313 à 306
2025-05-03 16:09:31,054 - INFO - JOUEUR: Raquette gauche déplacée de 210 à 203
2025-05-03 16:09:31,055 - INFO - IA: Raquette droite déplacée de 306 à 299
2025-05-03 16:09:31,073 - INFO - INPUT: Joueur relâche les touches directionnelles
2025-05-03 16:09:31,074 - INFO - IA: Raquette droite déplacée de 299 à 292
2025-05-03 16:09:31,109 - INFO - IA: Raquette droite déplacée de 292 à 285
2025-05-03 16:09:31,127 - INFO - IA: Raquette droite déplacée de 285 à 278
2025-05-03 16:09:31,146 - INFO - IA: Raquette droite déplacée de 278 à 271
2025-05-03 16:09:31,165 - INFO - IA: Raquette droite déplacée de 271 à 278
2025-05-03 16:09:31,185 - INFO - IA: Raquette droite déplacée de 278 à 271
2025-05-03 16:09:31,213 - INFO - IA: Raquette droite déplacée de 271 à 264
2025-05-03 16:09:31,232 - INFO - IA: Raquette droite déplacée de 264 à 257
2025-05-03 16:09:31,252 - INFO - IA: Raquette droite déplacée de 257 à 250
2025-05-03 16:09:31,271 - INFO - IA: Raquette droite déplacée de 250 à 243
2025-05-03 16:09:31,289 - INFO - IA: Raquette droite déplacée de 243 à 236
2025-05-03 16:09:31,307 - INFO - IA: Raquette droite déplacée de 236 à 229
2025-05-03 16:09:31,324 - INFO - IA: Raquette droite déplacée de 229 à 222
2025-05-03 16:09:31,343 - INFO - IA: Raquette droite déplacée de 222 à 215
2025-05-03 16:09:31,361 - INFO - IA: Raquette droite déplacée de 215 à 208
2025-05-03 16:09:31,378 - INFO - IA: Raquette droite déplacée de 208 à 215
2025-05-03 16:09:31,396 - INFO - IA: Raquette droite déplacée de 215 à 208
2025-05-03 16:09:31,414 - INFO - IA: Raquette droite déplacée de 208 à 201
2025-05-03 16:09:31,432 - INFO - IA: Raquette droite déplacée de 201 à 194
2025-05-03 16:09:31,451 - INFO - IA: Raquette droite déplacée de 194 à 201
2025-05-03 16:09:31,469 - INFO - IA: Raquette droite déplacée de 201 à 194
2025-05-03 16:09:31,486 - INFO - IA: Raquette droite déplacée de 194 à 187
2025-05-03 16:09:31,503 - INFO - IA: Raquette droite déplacée de 187 à 180
2025-05-03 16:09:31,521 - INFO - INPUT: Joueur appuie sur la touche HAUT
2025-05-03 16:09:31,522 - INFO - JOUEUR: Raquette gauche déplacée de 203 à 196
2025-05-03 16:09:31,522 - INFO - IA: Raquette droite déplacée de 180 à 173
2025-05-03 16:09:31,539 - INFO - JOUEUR: Raquette gauche déplacée de 196 à 189
2025-05-03 16:09:31,540 - INFO - IA: Raquette droite déplacée de 173 à 166
2025-05-03 16:09:31,557 - INFO - JOUEUR: Raquette gauche déplacée de 189 à 182
2025-05-03 16:09:31,560 - INFO - IA: Raquette droite déplacée de 166 à 173
2025-05-03 16:09:31,577 - INFO - JOUEUR: Raquette gauche déplacée de 182 à 175
2025-05-03 16:09:31,577 - INFO - IA: Raquette droite déplacée de 173 à 166
2025-05-03 16:09:31,594 - INFO - JOUEUR: Raquette gauche déplacée de 175 à 168
2025-05-03 16:09:31,595 - INFO - IA: Raquette droite déplacée de 166 à 159
2025-05-03 16:09:31,612 - INFO - JOUEUR: Raquette gauche déplacée de 168 à 161
2025-05-03 16:09:31,612 - INFO - IA: Raquette droite déplacée de 159 à 152
2025-05-03 16:09:31,629 - INFO - JOUEUR: Raquette gauche déplacée de 161 à 154
2025-05-03 16:09:31,630 - INFO - IA: Raquette droite déplacée de 152 à 145
2025-05-03 16:09:31,647 - INFO - JOUEUR: Raquette gauche déplacée de 154 à 147
2025-05-03 16:09:31,647 - INFO - IA: Raquette droite déplacée de 145 à 138
2025-05-03 16:09:31,666 - INFO - JOUEUR: Raquette gauche déplacée de 147 à 140
2025-05-03 16:09:31,667 - INFO - IA: Raquette droite déplacée de 138 à 131
2025-05-03 16:09:31,685 - INFO - JOUEUR: Raquette gauche déplacée de 140 à 133
2025-05-03 16:09:31,687 - INFO - IA: Raquette droite déplacée de 131 à 124
2025-05-03 16:09:31,704 - INFO - JOUEUR: Raquette gauche déplacée de 133 à 126
2025-05-03 16:09:31,705 - INFO - IA: Raquette droite déplacée de 124 à 117
2025-05-03 16:09:31,722 - INFO - JOUEUR: Raquette gauche déplacée de 126 à 119
2025-05-03 16:09:31,722 - INFO - IA: Raquette droite déplacée de 117 à 110
2025-05-03 16:09:31,739 - INFO - JOUEUR: Raquette gauche déplacée de 119 à 112
2025-05-03 16:09:31,740 - INFO - IA: Raquette droite déplacée de 110 à 117
2025-05-03 16:09:31,758 - INFO - JOUEUR: Raquette gauche déplacée de 112 à 105
2025-05-03 16:09:31,758 - INFO - IA: Raquette droite déplacée de 117 à 110
2025-05-03 16:09:31,775 - INFO - JOUEUR: Raquette gauche déplacée de 105 à 98
2025-05-03 16:09:31,776 - INFO - IA: Raquette droite déplacée de 110 à 103
2025-05-03 16:09:31,793 - INFO - JOUEUR: Raquette gauche déplacée de 98 à 91
2025-05-03 16:09:31,794 - INFO - IA: Raquette droite déplacée de 103 à 110
2025-05-03 16:09:31,811 - INFO - JOUEUR: Raquette gauche déplacée de 91 à 84
2025-05-03 16:09:31,811 - INFO - IA: Raquette droite déplacée de 110 à 103
2025-05-03 16:09:31,828 - INFO - JOUEUR: Raquette gauche déplacée de 84 à 77
2025-05-03 16:09:31,829 - INFO - IA: Raquette droite déplacée de 103 à 96
2025-05-03 16:09:31,847 - INFO - JOUEUR: Raquette gauche déplacée de 77 à 70
2025-05-03 16:09:31,847 - INFO - IA: Raquette droite déplacée de 96 à 89
2025-05-03 16:09:31,864 - INFO - JOUEUR: Raquette gauche déplacée de 70 à 63
2025-05-03 16:09:31,865 - INFO - IA: Raquette droite déplacée de 89 à 82
2025-05-03 16:09:31,884 - INFO - INPUT: Joueur relâche les touches directionnelles
2025-05-03 16:09:31,886 - INFO - IA: Raquette droite déplacée de 82 à 75
2025-05-03 16:09:31,905 - INFO - IA: Raquette droite déplacée de 75 à 68
2025-05-03 16:09:31,923 - INFO - IA: Raquette droite déplacée de 68 à 61
2025-05-03 16:09:31,940 - INFO - IA: Raquette droite déplacée de 61 à 54
2025-05-03 16:09:31,959 - INFO - IA: Raquette droite déplacée de 54 à 47
2025-05-03 16:09:31,994 - INFO - IA: Raquette droite déplacée de 47 à 40
2025-05-03 16:09:32,012 - INFO - IA: Raquette droite déplacée de 40 à 33
2025-05-03 16:09:32,013 - INFO - COLLISION: Balle a rebondi sur une raquette à la position (30, 53)
2025-05-03 16:09:32,030 - INFO - IA: Raquette droite déplacée de 33 à 26
2025-05-03 16:09:32,047 - INFO - IA: Raquette droite déplacée de 26 à 19
2025-05-03 16:09:32,065 - INFO - IA: Raquette droite déplacée de 19 à 12
2025-05-03 16:09:32,083 - INFO - IA: Raquette droite déplacée de 12 à 5
2025-05-03 16:09:32,102 - INFO - IA: Raquette droite déplacée de 5 à 12
2025-05-03 16:09:32,120 - INFO - IA: Raquette droite déplacée de 12 à 5
2025-05-03 16:09:32,138 - INFO - IA: Raquette droite déplacée de 5 à 0
2025-05-03 16:09:32,210 - INFO - COLLISION: Balle a rebondi sur un mur à la position (107, -2)
2025-05-03 16:09:32,317 - INFO - IA: Raquette droite déplacée de 0 à 7
2025-05-03 16:09:32,335 - INFO - IA: Raquette droite déplacée de 7 à 0
2025-05-03 16:09:32,387 - INFO - IA: Raquette droite déplacée de 0 à 7
2025-05-03 16:09:32,404 - INFO - IA: Raquette droite déplacée de 7 à 0
2025-05-03 16:09:32,421 - INFO - IA: Raquette droite déplacée de 0 à 7
2025-05-03 16:09:32,440 - INFO - IA: Raquette droite déplacée de 7 à 14
2025-05-03 16:09:32,458 - INFO - IA: Raquette droite déplacée de 14 à 7
2025-05-03 16:09:32,475 - INFO - IA: Raquette droite déplacée de 7 à 14
2025-05-03 16:09:32,493 - INFO - IA: Raquette droite déplacée de 14 à 21
2025-05-03 16:09:32,511 - INFO - IA: Raquette droite déplacée de 21 à 28
2025-05-03 16:09:32,529 - INFO - IA: Raquette droite déplacée de 28 à 35
2025-05-03 16:09:32,547 - INFO - IA: Raquette droite déplacée de 35 à 42
2025-05-03 16:09:32,564 - INFO - IA: Raquette droite déplacée de 42 à 49
2025-05-03 16:09:32,599 - INFO - IA: Raquette droite déplacée de 49 à 56
2025-05-03 16:09:32,618 - INFO - INPUT: Joueur appuie sur la touche BAS
2025-05-03 16:09:32,618 - INFO - JOUEUR: Raquette gauche déplacée de 63 à 70
2025-05-03 16:09:32,619 - INFO - IA: Raquette droite déplacée de 56 à 63
2025-05-03 16:09:32,636 - INFO - JOUEUR: Raquette gauche déplacée de 70 à 77
2025-05-03 16:09:32,637 - INFO - IA: Raquette droite déplacée de 63 à 70
2025-05-03 16:09:32,655 - INFO - JOUEUR: Raquette gauche déplacée de 77 à 84
2025-05-03 16:09:32,655 - INFO - IA: Raquette droite déplacée de 70 à 63
2025-05-03 16:09:32,673 - INFO - JOUEUR: Raquette gauche déplacée de 84 à 91
2025-05-03 16:09:32,673 - INFO - IA: Raquette droite déplacée de 63 à 56
2025-05-03 16:09:32,691 - INFO - JOUEUR: Raquette gauche déplacée de 91 à 98
2025-05-03 16:09:32,691 - INFO - IA: Raquette droite déplacée de 56 à 63
2025-05-03 16:09:32,708 - INFO - JOUEUR: Raquette gauche déplacée de 98 à 105
2025-05-03 16:09:32,708 - INFO - IA: Raquette droite déplacée de 63 à 70
2025-05-03 16:09:32,726 - INFO - JOUEUR: Raquette gauche déplacée de 105 à 112
2025-05-03 16:09:32,727 - INFO - IA: Raquette droite déplacée de 70 à 77
2025-05-03 16:09:32,744 - INFO - JOUEUR: Raquette gauche déplacée de 112 à 119
2025-05-03 16:09:32,744 - INFO - IA: Raquette droite déplacée de 77 à 84
2025-05-03 16:09:32,761 - INFO - JOUEUR: Raquette gauche déplacée de 119 à 126
2025-05-03 16:09:32,762 - INFO - IA: Raquette droite déplacée de 84 à 91
2025-05-03 16:09:32,779 - INFO - JOUEUR: Raquette gauche déplacée de 126 à 133
2025-05-03 16:09:32,779 - INFO - IA: Raquette droite déplacée de 91 à 98
2025-05-03 16:09:32,798 - INFO - JOUEUR: Raquette gauche déplacée de 133 à 140
2025-05-03 16:09:32,798 - INFO - IA: Raquette droite déplacée de 98 à 105
2025-05-03 16:09:32,816 - INFO - JOUEUR: Raquette gauche déplacée de 140 à 147
2025-05-03 16:09:32,816 - INFO - IA: Raquette droite déplacée de 105 à 112
2025-05-03 16:09:32,834 - INFO - JOUEUR: Raquette gauche déplacée de 147 à 154
2025-05-03 16:09:32,835 - INFO - IA: Raquette droite déplacée de 112 à 119
2025-05-03 16:09:32,853 - INFO - JOUEUR: Raquette gauche déplacée de 154 à 161
2025-05-03 16:09:32,854 - INFO - IA: Raquette droite déplacée de 119 à 126
2025-05-03 16:09:32,871 - INFO - JOUEUR: Raquette gauche déplacée de 161 à 168
2025-05-03 16:09:32,871 - INFO - IA: Raquette droite déplacée de 126 à 119
2025-05-03 16:09:32,889 - INFO - JOUEUR: Raquette gauche déplacée de 168 à 175
2025-05-03 16:09:32,889 - INFO - IA: Raquette droite déplacée de 119 à 126
2025-05-03 16:09:32,906 - INFO - JOUEUR: Raquette gauche déplacée de 175 à 182
2025-05-03 16:09:32,907 - INFO - IA: Raquette droite déplacée de 126 à 133
2025-05-03 16:09:32,924 - INFO - JOUEUR: Raquette gauche déplacée de 182 à 189
2025-05-03 16:09:32,924 - INFO - IA: Raquette droite déplacée de 133 à 140
2025-05-03 16:09:32,942 - INFO - JOUEUR: Raquette gauche déplacée de 189 à 196
2025-05-03 16:09:32,942 - INFO - IA: Raquette droite déplacée de 140 à 147
2025-05-03 16:09:32,961 - INFO - JOUEUR: Raquette gauche déplacée de 196 à 203
2025-05-03 16:09:32,961 - INFO - IA: Raquette droite déplacée de 147 à 154
2025-05-03 16:09:32,979 - INFO - JOUEUR: Raquette gauche déplacée de 203 à 210
2025-05-03 16:09:32,997 - INFO - JOUEUR: Raquette gauche déplacée de 210 à 217
2025-05-03 16:09:32,998 - INFO - IA: Raquette droite déplacée de 154 à 161
2025-05-03 16:09:33,017 - INFO - JOUEUR: Raquette gauche déplacée de 217 à 224
2025-05-03 16:09:33,018 - INFO - IA: Raquette droite déplacée de 161 à 168
2025-05-03 16:09:33,036 - INFO - JOUEUR: Raquette gauche déplacée de 224 à 231
2025-05-03 16:09:33,036 - INFO - IA: Raquette droite déplacée de 168 à 175
2025-05-03 16:09:33,054 - INFO - JOUEUR: Raquette gauche déplacée de 231 à 238
2025-05-03 16:09:33,055 - INFO - IA: Raquette droite déplacée de 175 à 182
2025-05-03 16:09:33,073 - INFO - JOUEUR: Raquette gauche déplacée de 238 à 245
2025-05-03 16:09:33,073 - INFO - IA: Raquette droite déplacée de 182 à 189
2025-05-03 16:09:33,091 - INFO - JOUEUR: Raquette gauche déplacée de 245 à 252
2025-05-03 16:09:33,092 - INFO - IA: Raquette droite déplacée de 189 à 196
2025-05-03 16:09:33,109 - INFO - JOUEUR: Raquette gauche déplacée de 252 à 259
2025-05-03 16:09:33,127 - INFO - JOUEUR: Raquette gauche déplacée de 259 à 266
2025-05-03 16:09:33,127 - INFO - IA: Raquette droite déplacée de 196 à 203
2025-05-03 16:09:33,145 - INFO - JOUEUR: Raquette gauche déplacée de 266 à 273
2025-05-03 16:09:33,146 - INFO - IA: Raquette droite déplacée de 203 à 210
2025-05-03 16:09:33,165 - INFO - JOUEUR: Raquette gauche déplacée de 273 à 280
2025-05-03 16:09:33,165 - INFO - IA: Raquette droite déplacée de 210 à 203
2025-05-03 16:09:33,183 - INFO - JOUEUR: Raquette gauche déplacée de 280 à 287
2025-05-03 16:09:33,184 - INFO - IA: Raquette droite déplacée de 203 à 210
2025-05-03 16:09:33,201 - INFO - JOUEUR: Raquette gauche déplacée de 287 à 294
2025-05-03 16:09:33,202 - INFO - IA: Raquette droite déplacée de 210 à 217
2025-05-03 16:09:33,222 - INFO - JOUEUR: Raquette gauche déplacée de 294 à 301
2025-05-03 16:09:33,222 - INFO - IA: Raquette droite déplacée de 217 à 224
2025-05-03 16:09:33,242 - INFO - INPUT: Joueur relâche les touches directionnelles
2025-05-03 16:09:33,243 - INFO - IA: Raquette droite déplacée de 224 à 231
2025-05-03 16:09:33,261 - INFO - IA: Raquette droite déplacée de 231 à 238
2025-05-03 16:09:33,280 - INFO - IA: Raquette droite déplacée de 238 à 245
2025-05-03 16:09:33,299 - INFO - IA: Raquette droite déplacée de 245 à 252
2025-05-03 16:09:33,317 - INFO - IA: Raquette droite déplacée de 252 à 259
2025-05-03 16:09:33,334 - INFO - IA: Raquette droite déplacée de 259 à 252
2025-05-03 16:09:33,352 - INFO - IA: Raquette droite déplacée de 252 à 259
2025-05-03 16:09:33,370 - INFO - IA: Raquette droite déplacée de 259 à 266
2025-05-03 16:09:33,370 - INFO - COLLISION: Balle a rebondi sur une raquette à la position (555, 318)
2025-05-03 16:09:33,404 - INFO - IA: Raquette droite déplacée de 266 à 273
2025-05-03 16:09:33,422 - INFO - IA: Raquette droite déplacée de 273 à 280
2025-05-03 16:09:33,440 - INFO - IA: Raquette droite déplacée de 280 à 273
2025-05-03 16:09:33,458 - INFO - IA: Raquette droite déplacée de 273 à 280
2025-05-03 16:09:33,475 - INFO - IA: Raquette droite déplacée de 280 à 287
2025-05-03 16:09:33,493 - INFO - IA: Raquette droite déplacée de 287 à 294
2025-05-03 16:09:33,510 - INFO - IA: Raquette droite déplacée de 294 à 301
2025-05-03 16:09:33,529 - INFO - IA: Raquette droite déplacée de 301 à 308
2025-05-03 16:09:33,546 - INFO - IA: Raquette droite déplacée de 308 à 301
2025-05-03 16:09:33,563 - INFO - IA: Raquette droite déplacée de 301 à 308
2025-05-03 16:09:33,599 - INFO - IA: Raquette droite déplacée de 308 à 315
2025-05-03 16:09:33,617 - INFO - IA: Raquette droite déplacée de 315 à 322
2025-05-03 16:09:33,635 - INFO - IA: Raquette droite déplacée de 322 à 329
2025-05-03 16:09:33,653 - INFO - IA: Raquette droite déplacée de 329 à 336
2025-05-03 16:09:33,670 - INFO - IA: Raquette droite déplacée de 336 à 343
2025-05-03 16:09:33,687 - INFO - IA: Raquette droite déplacée de 343 à 350
2025-05-03 16:09:33,705 - INFO - IA: Raquette droite déplacée de 350 à 357
2025-05-03 16:09:33,723 - INFO - IA: Raquette droite déplacée de 357 à 364
2025-05-03 16:09:33,740 - INFO - IA: Raquette droite déplacée de 364 à 371
2025-05-03 16:09:33,758 - INFO - IA: Raquette droite déplacée de 371 à 378
2025-05-03 16:09:33,776 - INFO - IA: Raquette droite déplacée de 378 à 385
2025-05-03 16:09:33,793 - INFO - IA: Raquette droite déplacée de 385 à 378
2025-05-03 16:09:33,811 - INFO - IA: Raquette droite déplacée de 378 à 385
2025-05-03 16:09:33,829 - INFO - INPUT: Joueur appuie sur la touche BAS
2025-05-03 16:09:33,829 - INFO - JOUEUR: Raquette gauche déplacée de 301 à 308
2025-05-03 16:09:33,829 - INFO - IA: Raquette droite déplacée de 385 à 390
2025-05-03 16:09:33,847 - INFO - INPUT: Joueur relâche les touches directionnelles
2025-05-03 16:09:33,900 - INFO - COLLISION: Balle a rebondi sur un mur à la position (315, 468)
2025-05-03 16:09:34,053 - INFO - IA: Raquette droite déplacée de 390 à 383
2025-05-03 16:09:34,070 - INFO - IA: Raquette droite déplacée de 383 à 390
2025-05-03 16:09:34,089 - INFO - INPUT: Joueur appuie sur la touche HAUT
2025-05-03 16:09:34,089 - INFO - JOUEUR: Raquette gauche déplacée de 308 à 301
2025-05-03 16:09:34,089 - INFO - IA: Raquette droite déplacée de 390 à 383
2025-05-03 16:09:34,108 - INFO - JOUEUR: Raquette gauche déplacée de 301 à 294
2025-05-03 16:09:34,108 - INFO - IA: Raquette droite déplacée de 383 à 376
2025-05-03 16:09:34,125 - INFO - JOUEUR: Raquette gauche déplacée de 294 à 287
2025-05-03 16:09:34,126 - INFO - IA: Raquette droite déplacée de 376 à 369
2025-05-03 16:09:34,143 - INFO - JOUEUR: Raquette gauche déplacée de 287 à 280
2025-05-03 16:09:34,144 - INFO - IA: Raquette droite déplacée de 369 à 376
2025-05-03 16:09:34,161 - INFO - JOUEUR: Raquette gauche déplacée de 280 à 273
2025-05-03 16:09:34,162 - INFO - IA: Raquette droite déplacée de 376 à 383
2025-05-03 16:09:34,180 - INFO - JOUEUR: Raquette gauche déplacée de 273 à 266
2025-05-03 16:09:34,180 - INFO - IA: Raquette droite déplacée de 383 à 376
2025-05-03 16:09:34,198 - INFO - INPUT: Joueur relâche les touches directionnelles
2025-05-03 16:09:34,199 - INFO - IA: Raquette droite déplacée de 376 à 369
2025-05-03 16:09:34,217 - INFO - IA: Raquette droite déplacée de 369 à 376
2025-05-03 16:09:34,236 - INFO - IA: Raquette droite déplacée de 376 à 369
2025-05-03 16:09:34,253 - INFO - IA: Raquette droite déplacée de 369 à 362
2025-05-03 16:09:34,271 - INFO - IA: Raquette droite déplacée de 362 à 355
2025-05-03 16:09:34,289 - INFO - IA: Raquette droite déplacée de 355 à 348
2025-05-03 16:09:34,308 - INFO - IA: Raquette droite déplacée de 348 à 355
2025-05-03 16:09:34,326 - INFO - IA: Raquette droite déplacée de 355 à 348
2025-05-03 16:09:34,345 - INFO - IA: Raquette droite déplacée de 348 à 341
2025-05-03 16:09:34,363 - INFO - INPUT: Joueur appuie sur la touche HAUT
2025-05-03 16:09:34,364 - INFO - JOUEUR: Raquette gauche déplacée de 266 à 259
2025-05-03 16:09:34,364 - INFO - IA: Raquette droite déplacée de 341 à 334
2025-05-03 16:09:34,382 - INFO - JOUEUR: Raquette gauche déplacée de 259 à 252
2025-05-03 16:09:34,382 - INFO - IA: Raquette droite déplacée de 334 à 327
2025-05-03 16:09:34,400 - INFO - JOUEUR: Raquette gauche déplacée de 252 à 245
2025-05-03 16:09:34,400 - INFO - IA: Raquette droite déplacée de 327 à 320
2025-05-03 16:09:34,419 - INFO - JOUEUR: Raquette gauche déplacée de 245 à 238
2025-05-03 16:09:34,419 - INFO - IA: Raquette droite déplacée de 320 à 313
2025-05-03 16:09:34,437 - INFO - INPUT: Joueur relâche les touches directionnelles
2025-05-03 16:09:34,438 - INFO - IA: Raquette droite déplacée de 313 à 306
2025-05-03 16:09:34,456 - INFO - IA: Raquette droite déplacée de 306 à 299
2025-05-03 16:09:34,473 - INFO - IA: Raquette droite déplacée de 299 à 292
2025-05-03 16:09:34,490 - INFO - IA: Raquette droite déplacée de 292 à 285
2025-05-03 16:09:34,507 - INFO - IA: Raquette droite déplacée de 285 à 278
2025-05-03 16:09:34,524 - INFO - IA: Raquette droite déplacée de 278 à 271
2025-05-03 16:09:34,542 - INFO - IA: Raquette droite déplacée de 271 à 264
2025-05-03 16:09:34,542 - INFO - COLLISION: Balle a rebondi sur une raquette à la position (27, 288)
2025-05-03 16:09:34,559 - INFO - IA: Raquette droite déplacée de 264 à 257
2025-05-03 16:09:34,577 - INFO - IA: Raquette droite déplacée de 257 à 264
2025-05-03 16:09:34,595 - INFO - IA: Raquette droite déplacée de 264 à 257
2025-05-03 16:09:34,613 - INFO - IA: Raquette droite déplacée de 257 à 250
2025-05-03 16:09:34,632 - INFO - IA: Raquette droite déplacée de 250 à 243
2025-05-03 16:09:34,650 - INFO - IA: Raquette droite déplacée de 243 à 236
2025-05-03 16:09:34,668 - INFO - IA: Raquette droite déplacée de 236 à 229
2025-05-03 16:09:34,686 - INFO - IA: Raquette droite déplacée de 229 à 222
2025-05-03 16:09:34,703 - INFO - IA: Raquette droite déplacée de 222 à 229
2025-05-03 16:09:34,720 - INFO - IA: Raquette droite déplacée de 229 à 222
2025-05-03 16:09:34,738 - INFO - IA: Raquette droite déplacée de 222 à 215
2025-05-03 16:09:34,755 - INFO - IA: Raquette droite déplacée de 215 à 208
2025-05-03 16:09:34,772 - INFO - IA: Raquette droite déplacée de 208 à 201
2025-05-03 16:09:34,789 - INFO - IA: Raquette droite déplacée de 201 à 194
2025-05-03 16:09:34,808 - INFO - IA: Raquette droite déplacée de 194 à 187
2025-05-03 16:09:34,826 - INFO - IA: Raquette droite déplacée de 187 à 194
2025-05-03 16:09:34,843 - INFO - IA: Raquette droite déplacée de 194 à 187
2025-05-03 16:09:34,861 - INFO - IA: Raquette droite déplacée de 187 à 180
2025-05-03 16:09:34,879 - INFO - IA: Raquette droite déplacée de 180 à 173
2025-05-03 16:09:34,897 - INFO - IA: Raquette droite déplacée de 173 à 166
2025-05-03 16:09:34,915 - INFO - IA: Raquette droite déplacée de 166 à 173
2025-05-03 16:09:34,932 - INFO - IA: Raquette droite déplacée de 173 à 166
2025-05-03 16:09:34,951 - INFO - IA: Raquette droite déplacée de 166 à 159
2025-05-03 16:09:34,969 - INFO - IA: Raquette droite déplacée de 159 à 152
2025-05-03 16:09:34,986 - INFO - IA: Raquette droite déplacée de 152 à 145
2025-05-03 16:09:35,004 - INFO - IA: Raquette droite déplacée de 145 à 152
2025-05-03 16:09:35,021 - INFO - IA: Raquette droite déplacée de 152 à 145
2025-05-03 16:09:35,039 - INFO - IA: Raquette droite déplacée de 145 à 138
2025-05-03 16:09:35,056 - INFO - IA: Raquette droite déplacée de 138 à 131
2025-05-03 16:09:35,074 - INFO - IA: Raquette droite déplacée de 131 à 124
2025-05-03 16:09:35,094 - INFO - IA: Raquette droite déplacée de 124 à 117
2025-05-03 16:09:35,112 - INFO - IA: Raquette droite déplacée de 117 à 110
2025-05-03 16:09:35,130 - INFO - IA: Raquette droite déplacée de 110 à 103
2025-05-03 16:09:35,149 - INFO - IA: Raquette droite déplacée de 103 à 96
2025-05-03 16:09:35,167 - INFO - IA: Raquette droite déplacée de 96 à 103
2025-05-03 16:09:35,184 - INFO - IA: Raquette droite déplacée de 103 à 96
2025-05-03 16:09:35,203 - INFO - IA: Raquette droite déplacée de 96 à 103
2025-05-03 16:09:35,221 - INFO - IA: Raquette droite déplacée de 103 à 96
2025-05-03 16:09:35,239 - INFO - IA: Raquette droite déplacée de 96 à 89
2025-05-03 16:09:35,257 - INFO - IA: Raquette droite déplacée de 89 à 82
2025-05-03 16:09:35,275 - INFO - IA: Raquette droite déplacée de 82 à 75
2025-05-03 16:09:35,292 - INFO - IA: Raquette droite déplacée de 75 à 68
2025-05-03 16:09:35,310 - INFO - IA: Raquette droite déplacée de 68 à 61
2025-05-03 16:09:35,327 - INFO - IA: Raquette droite déplacée de 61 à 54
2025-05-03 16:09:35,347 - INFO - IA: Raquette droite déplacée de 54 à 47
2025-05-03 16:09:35,365 - INFO - IA: Raquette droite déplacée de 47 à 40
2025-05-03 16:09:35,385 - INFO - IA: Raquette droite déplacée de 40 à 33
2025-05-03 16:09:35,403 - INFO - IA: Raquette droite déplacée de 33 à 40
2025-05-03 16:09:35,421 - INFO - IA: Raquette droite déplacée de 40 à 33
2025-05-03 16:09:35,438 - INFO - IA: Raquette droite déplacée de 33 à 26
2025-05-03 16:09:35,456 - INFO - IA: Raquette droite déplacée de 26 à 19
2025-05-03 16:09:35,473 - INFO - IA: Raquette droite déplacée de 19 à 12
2025-05-03 16:09:35,491 - INFO - IA: Raquette droite déplacée de 12 à 5
2025-05-03 16:09:35,508 - INFO - IA: Raquette droite déplacée de 5 à 0
2025-05-03 16:09:35,578 - INFO - COLLISION: Balle a rebondi sur un mur à la position (549, -2)
2025-05-03 16:09:35,595 - INFO - COLLISION: Balle a rebondi sur une raquette à la position (558, 3)
2025-05-03 16:09:35,750 - INFO - IA: Raquette droite déplacée de 0 à 7
2025-05-03 16:09:35,768 - INFO - IA: Raquette droite déplacée de 7 à 0
2025-05-03 16:09:35,785 - INFO - IA: Raquette droite déplacée de 0 à 7
2025-05-03 16:09:35,802 - INFO - IA: Raquette droite déplacée de 7 à 0
2025-05-03 16:09:35,837 - INFO - IA: Raquette droite déplacée de 0 à 7
2025-05-03 16:09:35,854 - INFO - IA: Raquette droite déplacée de 7 à 14
2025-05-03 16:09:35,872 - INFO - IA: Raquette droite déplacée de 14 à 21
2025-05-03 16:09:35,889 - INFO - IA: Raquette droite déplacée de 21 à 28
2025-05-03 16:09:35,908 - INFO - INPUT: Joueur appuie sur la touche HAUT
2025-05-03 16:09:35,908 - INFO - JOUEUR: Raquette gauche déplacée de 238 à 231
2025-05-03 16:09:35,908 - INFO - IA: Raquette droite déplacée de 28 à 35
2025-05-03 16:09:35,926 - INFO - JOUEUR: Raquette gauche déplacée de 231 à 224
2025-05-03 16:09:35,926 - INFO - IA: Raquette droite déplacée de 35 à 42
2025-05-03 16:09:35,943 - INFO - JOUEUR: Raquette gauche déplacée de 224 à 217
2025-05-03 16:09:35,944 - INFO - IA: Raquette droite déplacée de 42 à 49
2025-05-03 16:09:35,962 - INFO - INPUT: Joueur relâche les touches directionnelles
2025-05-03 16:09:35,963 - INFO - IA: Raquette droite déplacée de 49 à 42
2025-05-03 16:09:35,999 - INFO - IA: Raquette droite déplacée de 42 à 49
2025-05-03 16:09:36,016 - INFO - IA: Raquette droite déplacée de 49 à 56
2025-05-03 16:09:36,035 - INFO - IA: Raquette droite déplacée de 56 à 63
2025-05-03 16:09:36,052 - INFO - IA: Raquette droite déplacée de 63 à 70
2025-05-03 16:09:36,069 - INFO - IA: Raquette droite déplacée de 70 à 77
2025-05-03 16:09:36,087 - INFO - IA: Raquette droite déplacée de 77 à 84
2025-05-03 16:09:36,104 - INFO - IA: Raquette droite déplacée de 84 à 91
2025-05-03 16:09:36,122 - INFO - IA: Raquette droite déplacée de 91 à 84
2025-05-03 16:09:36,141 - INFO - INPUT: Joueur appuie sur la touche HAUT
2025-05-03 16:09:36,141 - INFO - JOUEUR: Raquette gauche déplacée de 217 à 210
2025-05-03 16:09:36,142 - INFO - IA: Raquette droite déplacée de 84 à 91
2025-05-03 16:09:36,160 - INFO - JOUEUR: Raquette gauche déplacée de 210 à 203
2025-05-03 16:09:36,161 - INFO - IA: Raquette droite déplacée de 91 à 98
2025-05-03 16:09:36,180 - INFO - JOUEUR: Raquette gauche déplacée de 203 à 196
2025-05-03 16:09:36,181 - INFO - IA: Raquette droite déplacée de 98 à 105
2025-05-03 16:09:36,201 - INFO - JOUEUR: Raquette gauche déplacée de 196 à 189
2025-05-03 16:09:36,201 - INFO - IA: Raquette droite déplacée de 105 à 112
2025-05-03 16:09:36,219 - INFO - JOUEUR: Raquette gauche déplacée de 189 à 182
2025-05-03 16:09:36,220 - INFO - IA: Raquette droite déplacée de 112 à 119
2025-05-03 16:09:36,238 - INFO - INPUT: Joueur relâche les touches directionnelles
2025-05-03 16:09:36,238 - INFO - IA: Raquette droite déplacée de 119 à 126
2025-05-03 16:09:36,256 - INFO - IA: Raquette droite déplacée de 126 à 133
2025-05-03 16:09:36,274 - INFO - IA: Raquette droite déplacée de 133 à 140
2025-05-03 16:09:36,292 - INFO - IA: Raquette droite déplacée de 140 à 147
2025-05-03 16:09:36,309 - INFO - IA: Raquette droite déplacée de 147 à 154
2025-05-03 16:09:36,327 - INFO - IA: Raquette droite déplacée de 154 à 161
2025-05-03 16:09:36,345 - INFO - IA: Raquette droite déplacée de 161 à 154
2025-05-03 16:09:36,363 - INFO - IA: Raquette droite déplacée de 154 à 161
2025-05-03 16:09:36,381 - INFO - IA: Raquette droite déplacée de 161 à 168
2025-05-03 16:09:36,400 - INFO - INPUT: Joueur appuie sur la touche BAS
2025-05-03 16:09:36,401 - INFO - JOUEUR: Raquette gauche déplacée de 182 à 189
2025-05-03 16:09:36,401 - INFO - IA: Raquette droite déplacée de 168 à 175
2025-05-03 16:09:36,420 - INFO - JOUEUR: Raquette gauche déplacée de 189 à 196
2025-05-03 16:09:36,420 - INFO - IA: Raquette droite déplacée de 175 à 182
2025-05-03 16:09:36,438 - INFO - JOUEUR: Raquette gauche déplacée de 196 à 203
2025-05-03 16:09:36,438 - INFO - IA: Raquette droite déplacée de 182 à 189
2025-05-03 16:09:36,456 - INFO - JOUEUR: Raquette gauche déplacée de 203 à 210
2025-05-03 16:09:36,457 - INFO - IA: Raquette droite déplacée de 189 à 196
2025-05-03 16:09:36,474 - INFO - JOUEUR: Raquette gauche déplacée de 210 à 217
2025-05-03 16:09:36,475 - INFO - IA: Raquette droite déplacée de 196 à 203
2025-05-03 16:09:36,492 - INFO - JOUEUR: Raquette gauche déplacée de 217 à 224
2025-05-03 16:09:36,493 - INFO - IA: Raquette droite déplacée de 203 à 210
2025-05-03 16:09:36,510 - INFO - JOUEUR: Raquette gauche déplacée de 224 à 231
2025-05-03 16:09:36,510 - INFO - IA: Raquette droite déplacée de 210 à 217
2025-05-03 16:09:36,527 - INFO - JOUEUR: Raquette gauche déplacée de 231 à 238
2025-05-03 16:09:36,528 - INFO - IA: Raquette droite déplacée de 217 à 224
2025-05-03 16:09:36,545 - INFO - JOUEUR: Raquette gauche déplacée de 238 à 245
2025-05-03 16:09:36,545 - INFO - IA: Raquette droite déplacée de 224 à 217
2025-05-03 16:09:36,546 - INFO - COLLISION: Balle a rebondi sur une raquette à la position (28, 268)
2025-05-03 16:09:36,565 - INFO - JOUEUR: Raquette gauche déplacée de 245 à 252
2025-05-03 16:09:36,565 - INFO - IA: Raquette droite déplacée de 217 à 224
2025-05-03 16:09:36,583 - INFO - JOUEUR: Raquette gauche déplacée de 252 à 259
2025-05-03 16:09:36,583 - INFO - IA: Raquette droite déplacée de 224 à 231
2025-05-03 16:09:36,601 - INFO - JOUEUR: Raquette gauche déplacée de 259 à 266
2025-05-03 16:09:36,601 - INFO - IA: Raquette droite déplacée de 231 à 238
2025-05-03 16:09:36,619 - INFO - JOUEUR: Raquette gauche déplacée de 266 à 273
2025-05-03 16:09:36,619 - INFO - IA: Raquette droite déplacée de 238 à 245
2025-05-03 16:09:36,637 - INFO - JOUEUR: Raquette gauche déplacée de 273 à 280
2025-05-03 16:09:36,638 - INFO - IA: Raquette droite déplacée de 245 à 252
2025-05-03 16:09:36,655 - INFO - JOUEUR: Raquette gauche déplacée de 280 à 287
2025-05-03 16:09:36,656 - INFO - IA: Raquette droite déplacée de 252 à 259
2025-05-03 16:09:36,675 - INFO - INPUT: Joueur relâche les touches directionnelles
2025-05-03 16:09:36,676 - INFO - IA: Raquette droite déplacée de 259 à 266
2025-05-03 16:09:36,695 - INFO - IA: Raquette droite déplacée de 266 à 259
2025-05-03 16:09:36,713 - INFO - IA: Raquette droite déplacée de 259 à 266
2025-05-03 16:09:36,733 - INFO - IA: Raquette droite déplacée de 266 à 273
2025-05-03 16:09:36,750 - INFO - IA: Raquette droite déplacée de 273 à 280
2025-05-03 16:09:36,768 - INFO - IA: Raquette droite déplacée de 280 à 287
2025-05-03 16:09:36,785 - INFO - IA: Raquette droite déplacée de 287 à 294
2025-05-03 16:09:36,803 - INFO - IA: Raquette droite déplacée de 294 à 301
2025-05-03 16:09:36,821 - INFO - IA: Raquette droite déplacée de 301 à 294
2025-05-03 16:09:36,838 - INFO - IA: Raquette droite déplacée de 294 à 301
2025-05-03 16:09:36,857 - INFO - IA: Raquette droite déplacée de 301 à 308
2025-05-03 16:09:36,874 - INFO - IA: Raquette droite déplacée de 308 à 315
2025-05-03 16:09:36,892 - INFO - IA: Raquette droite déplacée de 315 à 322
2025-05-03 16:09:36,910 - INFO - IA: Raquette droite déplacée de 322 à 329
2025-05-03 16:09:36,929 - INFO - IA: Raquette droite déplacée de 329 à 336
2025-05-03 16:09:36,948 - INFO - IA: Raquette droite déplacée de 336 à 329
2025-05-03 16:09:36,966 - INFO - IA: Raquette droite déplacée de 329 à 322
2025-05-03 16:09:36,983 - INFO - IA: Raquette droite déplacée de 322 à 329
2025-05-03 16:09:37,000 - INFO - INPUT: Joueur appuie sur la touche HAUT
2025-05-03 16:09:37,001 - INFO - JOUEUR: Raquette gauche déplacée de 287 à 280
2025-05-03 16:09:37,018 - INFO - JOUEUR: Raquette gauche déplacée de 280 à 273
2025-05-03 16:09:37,019 - INFO - IA: Raquette droite déplacée de 329 à 336
2025-05-03 16:09:37,036 - INFO - JOUEUR: Raquette gauche déplacée de 273 à 266
2025-05-03 16:09:37,037 - INFO - IA: Raquette droite déplacée de 336 à 343
2025-05-03 16:09:37,054 - INFO - JOUEUR: Raquette gauche déplacée de 266 à 259
2025-05-03 16:09:37,054 - INFO - IA: Raquette droite déplacée de 343 à 350
2025-05-03 16:09:37,071 - INFO - JOUEUR: Raquette gauche déplacée de 259 à 252
2025-05-03 16:09:37,072 - INFO - IA: Raquette droite déplacée de 350 à 357
2025-05-03 16:09:37,089 - INFO - JOUEUR: Raquette gauche déplacée de 252 à 245
2025-05-03 16:09:37,090 - INFO - IA: Raquette droite déplacée de 357 à 364
2025-05-03 16:09:37,108 - INFO - JOUEUR: Raquette gauche déplacée de 245 à 238
2025-05-03 16:09:37,108 - INFO - IA: Raquette droite déplacée de 364 à 371
2025-05-03 16:09:37,126 - INFO - JOUEUR: Raquette gauche déplacée de 238 à 231
2025-05-03 16:09:37,127 - INFO - IA: Raquette droite déplacée de 371 à 378
2025-05-03 16:09:37,145 - INFO - INPUT: Joueur relâche les touches directionnelles
2025-05-03 16:09:37,146 - INFO - IA: Raquette droite déplacée de 378 à 371
2025-05-03 16:09:37,165 - INFO - IA: Raquette droite déplacée de 371 à 378
2025-05-03 16:09:37,184 - INFO - IA: Raquette droite déplacée de 378 à 371
2025-05-03 16:09:37,203 - INFO - IA: Raquette droite déplacée de 371 à 378
2025-05-03 16:09:37,221 - INFO - IA: Raquette droite déplacée de 378 à 385
2025-05-03 16:09:37,240 - INFO - IA: Raquette droite déplacée de 385 à 390
2025-05-03 16:09:37,276 - INFO - COLLISION: Balle a rebondi sur un mur à la position (468, 468)
2025-05-03 16:09:37,397 - INFO - IA: Raquette droite déplacée de 390 à 383
2025-05-03 16:09:37,415 - INFO - IA: Raquette droite déplacée de 383 à 390
2025-05-03 16:09:37,416 - INFO - COLLISION: Balle a rebondi sur une raquette à la position (556, 428)
2025-05-03 16:09:37,434 - INFO - IA: Raquette droite déplacée de 390 à 383
2025-05-03 16:09:37,452 - INFO - IA: Raquette droite déplacée de 383 à 390
2025-05-03 16:09:37,470 - INFO - IA: Raquette droite déplacée de 390 à 383
2025-05-03 16:09:37,487 - INFO - IA: Raquette droite déplacée de 383 à 390
2025-05-03 16:09:37,506 - INFO - IA: Raquette droite déplacée de 390 à 383
2025-05-03 16:09:37,523 - INFO - IA: Raquette droite déplacée de 383 à 376
2025-05-03 16:09:37,540 - INFO - IA: Raquette droite déplacée de 376 à 369
2025-05-03 16:09:37,558 - INFO - IA: Raquette droite déplacée de 369 à 376
2025-05-03 16:09:37,575 - INFO - IA: Raquette droite déplacée de 376 à 369
2025-05-03 16:09:37,593 - INFO - IA: Raquette droite déplacée de 369 à 362
2025-05-03 16:09:37,611 - INFO - IA: Raquette droite déplacée de 362 à 355
2025-05-03 16:09:37,628 - INFO - IA: Raquette droite déplacée de 355 à 348
2025-05-03 16:09:37,647 - INFO - IA: Raquette droite déplacée de 348 à 341
2025-05-03 16:09:37,664 - INFO - IA: Raquette droite déplacée de 341 à 334
2025-05-03 16:09:37,682 - INFO - IA: Raquette droite déplacée de 334 à 327
2025-05-03 16:09:37,699 - INFO - IA: Raquette droite déplacée de 327 à 320
2025-05-03 16:09:37,717 - INFO - IA: Raquette droite déplacée de 320 à 327
2025-05-03 16:09:37,735 - INFO - IA: Raquette droite déplacée de 327 à 320
2025-05-03 16:09:37,753 - INFO - IA: Raquette droite déplacée de 320 à 313
2025-05-03 16:09:37,771 - INFO - IA: Raquette droite déplacée de 313 à 306
2025-05-03 16:09:37,788 - INFO - IA: Raquette droite déplacée de 306 à 299
2025-05-03 16:09:37,806 - INFO - IA: Raquette droite déplacée de 299 à 292
2025-05-03 16:09:37,823 - INFO - IA: Raquette droite déplacée de 292 à 285
2025-05-03 16:09:37,840 - INFO - IA: Raquette droite déplacée de 285 à 278
2025-05-03 16:09:37,857 - INFO - IA: Raquette droite déplacée de 278 à 271
2025-05-03 16:09:37,876 - INFO - IA: Raquette droite déplacée de 271 à 278
2025-05-03 16:09:37,893 - INFO - IA: Raquette droite déplacée de 278 à 285
2025-05-03 16:09:37,930 - INFO - IA: Raquette droite déplacée de 285 à 278
2025-05-03 16:09:37,948 - INFO - IA: Raquette droite déplacée de 278 à 271
2025-05-03 16:09:37,967 - INFO - INPUT: Joueur appuie sur la touche BAS
2025-05-03 16:09:37,968 - INFO - JOUEUR: Raquette gauche déplacée de 231 à 238
2025-05-03 16:09:37,968 - INFO - IA: Raquette droite déplacée de 271 à 264
2025-05-03 16:09:37,985 - INFO - JOUEUR: Raquette gauche déplacée de 238 à 245
2025-05-03 16:09:37,986 - INFO - IA: Raquette droite déplacée de 264 à 257
2025-05-03 16:09:38,004 - INFO - JOUEUR: Raquette gauche déplacée de 245 à 252
2025-05-03 16:09:38,005 - INFO - IA: Raquette droite déplacée de 257 à 250
2025-05-03 16:09:38,022 - INFO - JOUEUR: Raquette gauche déplacée de 252 à 259
2025-05-03 16:09:38,023 - INFO - IA: Raquette droite déplacée de 250 à 243
2025-05-03 16:09:38,040 - INFO - JOUEUR: Raquette gauche déplacée de 259 à 266
2025-05-03 16:09:38,040 - INFO - IA: Raquette droite déplacée de 243 à 236
2025-05-03 16:09:38,057 - INFO - JOUEUR: Raquette gauche déplacée de 266 à 273
2025-05-03 16:09:38,075 - INFO - INPUT: Joueur relâche les touches directionnelles
2025-05-03 16:09:38,076 - INFO - IA: Raquette droite déplacée de 236 à 229
2025-05-03 16:09:38,094 - INFO - IA: Raquette droite déplacée de 229 à 222
2025-05-03 16:09:38,113 - INFO - IA: Raquette droite déplacée de 222 à 215
2025-05-03 16:09:38,132 - INFO - IA: Raquette droite déplacée de 215 à 208
2025-05-03 16:09:38,150 - INFO - IA: Raquette droite déplacée de 208 à 201
2025-05-03 16:09:38,168 - INFO - IA: Raquette droite déplacée de 201 à 194
2025-05-03 16:09:38,187 - INFO - IA: Raquette droite déplacée de 194 à 187
2025-05-03 16:09:38,204 - INFO - IA: Raquette droite déplacée de 187 à 180
2025-05-03 16:09:38,223 - INFO - IA: Raquette droite déplacée de 180 à 173
2025-05-03 16:09:38,241 - INFO - IA: Raquette droite déplacée de 173 à 180
2025-05-03 16:09:38,261 - INFO - INPUT: Joueur appuie sur la touche HAUT
2025-05-03 16:09:38,262 - INFO - JOUEUR: Raquette gauche déplacée de 273 à 266
2025-05-03 16:09:38,263 - INFO - IA: Raquette droite déplacée de 180 à 173
2025-05-03 16:09:38,263 - INFO - POINT: Joueur droite (IA) marque un point! Score: 0-1
2025-05-03 16:09:38,282 - INFO - JOUEUR: Raquette gauche déplacée de 266 à 259
2025-05-03 16:09:38,283 - INFO - IA: Raquette droite déplacée de 173 à 180
2025-05-03 16:09:38,301 - INFO - JOUEUR: Raquette gauche déplacée de 259 à 252
2025-05-03 16:09:38,301 - INFO - IA: Raquette droite déplacée de 180 à 187
2025-05-03 16:09:38,319 - INFO - JOUEUR: Raquette gauche déplacée de 252 à 245
2025-05-03 16:09:38,319 - INFO - IA: Raquette droite déplacée de 187 à 194
2025-05-03 16:09:38,337 - INFO - JOUEUR: Raquette gauche déplacée de 245 à 238
2025-05-03 16:09:38,338 - INFO - IA: Raquette droite déplacée de 194 à 201
2025-05-03 16:09:38,355 - INFO - JOUEUR: Raquette gauche déplacée de 238 à 231
2025-05-03 16:09:38,356 - INFO - IA: Raquette droite déplacée de 201 à 208
2025-05-03 16:09:38,374 - INFO - JOUEUR: Raquette gauche déplacée de 231 à 224
2025-05-03 16:09:38,375 - INFO - IA: Raquette droite déplacée de 208 à 201
2025-05-03 16:09:38,392 - INFO - JOUEUR: Raquette gauche déplacée de 224 à 217
2025-05-03 16:09:38,393 - INFO - IA: Raquette droite déplacée de 201 à 208
2025-05-03 16:09:38,411 - INFO - JOUEUR: Raquette gauche déplacée de 217 à 210
2025-05-03 16:09:38,412 - INFO - IA: Raquette droite déplacée de 208 à 215
2025-05-03 16:09:38,430 - INFO - JOUEUR: Raquette gauche déplacée de 210 à 203
2025-05-03 16:09:38,430 - INFO - IA: Raquette droite déplacée de 215 à 222
2025-05-03 16:09:38,447 - INFO - JOUEUR: Raquette gauche déplacée de 203 à 196
2025-05-03 16:09:38,448 - INFO - IA: Raquette droite déplacée de 222 à 229
2025-05-03 16:09:38,466 - INFO - JOUEUR: Raquette gauche déplacée de 196 à 189
2025-05-03 16:09:38,466 - INFO - IA: Raquette droite déplacée de 229 à 236
2025-05-03 16:09:38,486 - INFO - JOUEUR: Raquette gauche déplacée de 189 à 182
2025-05-03 16:09:38,486 - INFO - IA: Raquette droite déplacée de 236 à 243
2025-05-03 16:09:38,505 - INFO - INPUT: Joueur relâche les touches directionnelles
2025-05-03 16:09:38,505 - INFO - IA: Raquette droite déplacée de 243 à 250
2025-05-03 16:09:38,523 - INFO - IA: Raquette droite déplacée de 250 à 257
2025-05-03 16:09:38,541 - INFO - IA: Raquette droite déplacée de 257 à 264
2025-05-03 16:09:38,559 - INFO - IA: Raquette droite déplacée de 264 à 271
2025-05-03 16:09:38,578 - INFO - IA: Raquette droite déplacée de 271 à 264
2025-05-03 16:09:38,595 - INFO - IA: Raquette droite déplacée de 264 à 257
2025-05-03 16:09:38,614 - INFO - IA: Raquette droite déplacée de 257 à 264
2025-05-03 16:09:38,632 - INFO - IA: Raquette droite déplacée de 264 à 271
2025-05-03 16:09:38,650 - INFO - IA: Raquette droite déplacée de 271 à 278
2025-05-03 16:09:38,668 - INFO - IA: Raquette droite déplacée de 278 à 285
2025-05-03 16:09:38,686 - INFO - IA: Raquette droite déplacée de 285 à 292
2025-05-03 16:09:38,704 - INFO - IA: Raquette droite déplacée de 292 à 299
2025-05-03 16:09:38,722 - INFO - IA: Raquette droite déplacée de 299 à 292
2025-05-03 16:09:38,739 - INFO - IA: Raquette droite déplacée de 292 à 299
2025-05-03 16:09:38,757 - INFO - IA: Raquette droite déplacée de 299 à 306
2025-05-03 16:09:38,776 - INFO - IA: Raquette droite déplacée de 306 à 313
2025-05-03 16:09:38,793 - INFO - IA: Raquette droite déplacée de 313 à 320
2025-05-03 16:09:38,813 - INFO - IA: Raquette droite déplacée de 320 à 327
2025-05-03 16:09:38,831 - INFO - IA: Raquette droite déplacée de 327 à 320
2025-05-03 16:09:38,849 - INFO - IA: Raquette droite déplacée de 320 à 327
2025-05-03 16:09:38,867 - INFO - IA: Raquette droite déplacée de 327 à 334
2025-05-03 16:09:38,884 - INFO - IA: Raquette droite déplacée de 334 à 341
2025-05-03 16:09:38,902 - INFO - IA: Raquette droite déplacée de 341 à 348
2025-05-03 16:09:38,920 - INFO - IA: Raquette droite déplacée de 348 à 355
2025-05-03 16:09:38,937 - INFO - IA: Raquette droite déplacée de 355 à 362
2025-05-03 16:09:38,954 - INFO - IA: Raquette droite déplacée de 362 à 369
2025-05-03 16:09:38,989 - INFO - IA: Raquette droite déplacée de 369 à 376
2025-05-03 16:09:39,007 - INFO - IA: Raquette droite déplacée de 376 à 369
2025-05-03 16:09:39,025 - INFO - IA: Raquette droite déplacée de 369 à 376
2025-05-03 16:09:39,060 - INFO - IA: Raquette droite déplacée de 376 à 383
2025-05-03 16:09:39,078 - INFO - IA: Raquette droite déplacée de 383 à 390
2025-05-03 16:09:39,114 - INFO - COLLISION: Balle a rebondi sur un mur à la position (528, 468)
2025-05-03 16:09:39,200 - INFO - IA: Raquette droite déplacée de 390 à 383
2025-05-03 16:09:39,201 - INFO - COLLISION: Balle a rebondi sur une raquette à la position (553, 443)
2025-05-03 16:09:39,218 - INFO - IA: Raquette droite déplacée de 383 à 390
2025-05-03 16:09:39,236 - INFO - IA: Raquette droite déplacée de 390 à 383
2025-05-03 16:09:39,254 - INFO - IA: Raquette droite déplacée de 383 à 390
2025-05-03 16:09:39,289 - INFO - IA: Raquette droite déplacée de 390 à 383
2025-05-03 16:09:39,307 - INFO - IA: Raquette droite déplacée de 383 à 376
2025-05-03 16:09:39,327 - INFO - IA: Raquette droite déplacée de 376 à 369
2025-05-03 16:09:39,347 - INFO - IA: Raquette droite déplacée de 369 à 362
2025-05-03 16:09:39,365 - INFO - IA: Raquette droite déplacée de 362 à 369
2025-05-03 16:09:39,383 - INFO - IA: Raquette droite déplacée de 369 à 362
2025-05-03 16:09:39,401 - INFO - IA: Raquette droite déplacée de 362 à 355
2025-05-03 16:09:39,419 - INFO - IA: Raquette droite déplacée de 355 à 362
2025-05-03 16:09:39,437 - INFO - IA: Raquette droite déplacée de 362 à 355
2025-05-03 16:09:39,455 - INFO - IA: Raquette droite déplacée de 355 à 348
2025-05-03 16:09:39,473 - INFO - IA: Raquette droite déplacée de 348 à 355
2025-05-03 16:09:39,490 - INFO - IA: Raquette droite déplacée de 355 à 348
2025-05-03 16:09:39,508 - INFO - IA: Raquette droite déplacée de 348 à 355
2025-05-03 16:09:39,525 - INFO - IA: Raquette droite déplacée de 355 à 348
2025-05-03 16:09:39,544 - INFO - IA: Raquette droite déplacée de 348 à 341
2025-05-03 16:09:39,562 - INFO - IA: Raquette droite déplacée de 341 à 334
2025-05-03 16:09:39,581 - INFO - IA: Raquette droite déplacée de 334 à 327
2025-05-03 16:09:39,598 - INFO - IA: Raquette droite déplacée de 327 à 320
2025-05-03 16:09:39,615 - INFO - IA: Raquette droite déplacée de 320 à 313
2025-05-03 16:09:39,634 - INFO - IA: Raquette droite déplacée de 313 à 306
2025-05-03 16:09:39,651 - INFO - IA: Raquette droite déplacée de 306 à 313
2025-05-03 16:09:39,668 - INFO - IA: Raquette droite déplacée de 313 à 306
2025-05-03 16:09:39,686 - INFO - IA: Raquette droite déplacée de 306 à 299
2025-05-03 16:09:39,704 - INFO - IA: Raquette droite déplacée de 299 à 292
2025-05-03 16:09:39,722 - INFO - IA: Raquette droite déplacée de 292 à 285
2025-05-03 16:09:39,739 - INFO - IA: Raquette droite déplacée de 285 à 278
2025-05-03 16:09:39,756 - INFO - IA: Raquette droite déplacée de 278 à 271
2025-05-03 16:09:39,773 - INFO - IA: Raquette droite déplacée de 271 à 278
2025-05-03 16:09:39,790 - INFO - IA: Raquette droite déplacée de 278 à 271
2025-05-03 16:09:39,808 - INFO - IA: Raquette droite déplacée de 271 à 264
2025-05-03 16:09:39,827 - INFO - IA: Raquette droite déplacée de 264 à 257
2025-05-03 16:09:39,845 - INFO - IA: Raquette droite déplacée de 257 à 250
2025-05-03 16:09:39,863 - INFO - IA: Raquette droite déplacée de 250 à 257
2025-05-03 16:09:39,881 - INFO - IA: Raquette droite déplacée de 257 à 250
2025-05-03 16:09:39,899 - INFO - IA: Raquette droite déplacée de 250 à 243
2025-05-03 16:09:39,916 - INFO - IA: Raquette droite déplacée de 243 à 236
2025-05-03 16:09:39,934 - INFO - IA: Raquette droite déplacée de 236 à 229
2025-05-03 16:09:39,952 - INFO - IA: Raquette droite déplacée de 229 à 222
2025-05-03 16:09:39,969 - INFO - IA: Raquette droite déplacée de 222 à 215
2025-05-03 16:09:39,986 - INFO - IA: Raquette droite déplacée de 215 à 208
2025-05-03 16:09:40,004 - INFO - IA: Raquette droite déplacée de 208 à 201
2025-05-03 16:09:40,022 - INFO - IA: Raquette droite déplacée de 201 à 194
2025-05-03 16:09:40,039 - INFO - IA: Raquette droite déplacée de 194 à 187
2025-05-03 16:09:40,056 - INFO - IA: Raquette droite déplacée de 187 à 180
2025-05-03 16:09:40,074 - INFO - IA: Raquette droite déplacée de 180 à 187
2025-05-03 16:09:40,093 - INFO - IA: Raquette droite déplacée de 187 à 180
2025-05-03 16:09:40,111 - INFO - IA: Raquette droite déplacée de 180 à 173
2025-05-03 16:09:40,128 - INFO - IA: Raquette droite déplacée de 173 à 166
2025-05-03 16:09:40,146 - INFO - IA: Raquette droite déplacée de 166 à 159
2025-05-03 16:09:40,165 - INFO - IA: Raquette droite déplacée de 159 à 152
2025-05-03 16:09:40,185 - INFO - INPUT: Joueur appuie sur la touche HAUT
2025-05-03 16:09:40,186 - INFO - JOUEUR: Raquette gauche déplacée de 182 à 175
2025-05-03 16:09:40,186 - INFO - IA: Raquette droite déplacée de 152 à 145
2025-05-03 16:09:40,204 - INFO - JOUEUR: Raquette gauche déplacée de 175 à 168
2025-05-03 16:09:40,205 - INFO - IA: Raquette droite déplacée de 145 à 138
2025-05-03 16:09:40,223 - INFO - JOUEUR: Raquette gauche déplacée de 168 à 161
2025-05-03 16:09:40,224 - INFO - IA: Raquette droite déplacée de 138 à 131
2025-05-03 16:09:40,242 - INFO - JOUEUR: Raquette gauche déplacée de 161 à 154
2025-05-03 16:09:40,242 - INFO - IA: Raquette droite déplacée de 131 à 124
2025-05-03 16:09:40,261 - INFO - JOUEUR: Raquette gauche déplacée de 154 à 147
2025-05-03 16:09:40,261 - INFO - IA: Raquette droite déplacée de 124 à 117
2025-05-03 16:09:40,279 - INFO - JOUEUR: Raquette gauche déplacée de 147 à 140
2025-05-03 16:09:40,280 - INFO - IA: Raquette droite déplacée de 117 à 124
2025-05-03 16:09:40,298 - INFO - JOUEUR: Raquette gauche déplacée de 140 à 133
2025-05-03 16:09:40,298 - INFO - IA: Raquette droite déplacée de 124 à 131
2025-05-03 16:09:40,316 - INFO - JOUEUR: Raquette gauche déplacée de 133 à 126
2025-05-03 16:09:40,317 - INFO - IA: Raquette droite déplacée de 131 à 124
2025-05-03 16:09:40,335 - INFO - JOUEUR: Raquette gauche déplacée de 126 à 119
2025-05-03 16:09:40,335 - INFO - IA: Raquette droite déplacée de 124 à 117
2025-05-03 16:09:40,352 - INFO - JOUEUR: Raquette gauche déplacée de 119 à 112
2025-05-03 16:09:40,353 - INFO - IA: Raquette droite déplacée de 117 à 110
2025-05-03 16:09:40,371 - INFO - JOUEUR: Raquette gauche déplacée de 112 à 105
2025-05-03 16:09:40,371 - INFO - IA: Raquette droite déplacée de 110 à 103
2025-05-03 16:09:40,390 - INFO - JOUEUR: Raquette gauche déplacée de 105 à 98
2025-05-03 16:09:40,390 - INFO - IA: Raquette droite déplacée de 103 à 96
2025-05-03 16:09:40,408 - INFO - JOUEUR: Raquette gauche déplacée de 98 à 91
2025-05-03 16:09:40,409 - INFO - IA: Raquette droite déplacée de 96 à 89
2025-05-03 16:09:40,426 - INFO - JOUEUR: Raquette gauche déplacée de 91 à 84
2025-05-03 16:09:40,427 - INFO - IA: Raquette droite déplacée de 89 à 82
2025-05-03 16:09:40,444 - INFO - JOUEUR: Raquette gauche déplacée de 84 à 77
2025-05-03 16:09:40,444 - INFO - IA: Raquette droite déplacée de 82 à 89
2025-05-03 16:09:40,462 - INFO - JOUEUR: Raquette gauche déplacée de 77 à 70
2025-05-03 16:09:40,463 - INFO - IA: Raquette droite déplacée de 89 à 82
2025-05-03 16:09:40,481 - INFO - JOUEUR: Raquette gauche déplacée de 70 à 63
2025-05-03 16:09:40,481 - INFO - IA: Raquette droite déplacée de 82 à 75
2025-05-03 16:09:40,498 - INFO - JOUEUR: Raquette gauche déplacée de 63 à 56
2025-05-03 16:09:40,499 - INFO - IA: Raquette droite déplacée de 75 à 68
2025-05-03 16:09:40,516 - INFO - JOUEUR: Raquette gauche déplacée de 56 à 49
2025-05-03 16:09:40,517 - INFO - IA: Raquette droite déplacée de 68 à 61
2025-05-03 16:09:40,534 - INFO - JOUEUR: Raquette gauche déplacée de 49 à 42
2025-05-03 16:09:40,535 - INFO - IA: Raquette droite déplacée de 61 à 54
2025-05-03 16:09:40,552 - INFO - JOUEUR: Raquette gauche déplacée de 42 à 35
2025-05-03 16:09:40,552 - INFO - IA: Raquette droite déplacée de 54 à 47
2025-05-03 16:09:40,569 - INFO - JOUEUR: Raquette gauche déplacée de 35 à 28
2025-05-03 16:09:40,570 - INFO - IA: Raquette droite déplacée de 47 à 40
2025-05-03 16:09:40,588 - INFO - JOUEUR: Raquette gauche déplacée de 28 à 21
2025-05-03 16:09:40,588 - INFO - IA: Raquette droite déplacée de 40 à 33
2025-05-03 16:09:40,606 - INFO - JOUEUR: Raquette gauche déplacée de 21 à 14
2025-05-03 16:09:40,607 - INFO - IA: Raquette droite déplacée de 33 à 40
2025-05-03 16:09:40,625 - INFO - JOUEUR: Raquette gauche déplacée de 14 à 7
2025-05-03 16:09:40,625 - INFO - IA: Raquette droite déplacée de 40 à 33
2025-05-03 16:09:40,644 - INFO - JOUEUR: Raquette gauche déplacée de 7 à 0
2025-05-03 16:09:40,645 - INFO - IA: Raquette droite déplacée de 33 à 26
2025-05-03 16:09:40,663 - INFO - INPUT: Joueur relâche les touches directionnelles
2025-05-03 16:09:40,664 - INFO - IA: Raquette droite déplacée de 26 à 19
2025-05-03 16:09:40,682 - INFO - IA: Raquette droite déplacée de 19 à 12
2025-05-03 16:09:40,701 - INFO - IA: Raquette droite déplacée de 12 à 19
2025-05-03 16:09:40,719 - INFO - IA: Raquette droite déplacée de 19 à 12
2025-05-03 16:09:40,737 - INFO - IA: Raquette droite déplacée de 12 à 5
2025-05-03 16:09:40,754 - INFO - IA: Raquette droite déplacée de 5 à 0
2025-05-03 16:09:40,805 - INFO - COLLISION: Balle a rebondi sur un mur à la position (108, -2)
2025-05-03 16:09:40,890 - INFO - IA: Raquette droite déplacée de 0 à 7
2025-05-03 16:09:40,908 - INFO - IA: Raquette droite déplacée de 7 à 0
2025-05-03 16:09:40,943 - INFO - IA: Raquette droite déplacée de 0 à 7
2025-05-03 16:09:40,962 - INFO - IA: Raquette droite déplacée de 7 à 14
2025-05-03 16:09:40,980 - INFO - IA: Raquette droite déplacée de 14 à 7
2025-05-03 16:09:40,998 - INFO - IA: Raquette droite déplacée de 7 à 14
2025-05-03 16:09:41,016 - INFO - IA: Raquette droite déplacée de 14 à 7
2025-05-03 16:09:41,034 - INFO - IA: Raquette droite déplacée de 7 à 14
2025-05-03 16:09:41,051 - INFO - IA: Raquette droite déplacée de 14 à 21
2025-05-03 16:09:41,069 - INFO - IA: Raquette droite déplacée de 21 à 28
2025-05-03 16:09:41,069 - INFO - COLLISION: Balle a rebondi sur une raquette à la position (33, 73)
2025-05-03 16:09:41,086 - INFO - IA: Raquette droite déplacée de 28 à 35
2025-05-03 16:09:41,103 - INFO - IA: Raquette droite déplacée de 35 à 42
2025-05-03 16:09:41,120 - INFO - IA: Raquette droite déplacée de 42 à 49
2025-05-03 16:09:41,154 - INFO - IA: Raquette droite déplacée de 49 à 56
2025-05-03 16:09:41,173 - INFO - IA: Raquette droite déplacée de 56 à 63
2025-05-03 16:09:41,193 - INFO - IA: Raquette droite déplacée de 63 à 70
2025-05-03 16:09:41,229 - INFO - INPUT: Joueur appuie sur la touche BAS
2025-05-03 16:09:41,230 - INFO - JOUEUR: Raquette gauche déplacée de 0 à 7
2025-05-03 16:09:41,230 - INFO - IA: Raquette droite déplacée de 70 à 63
2025-05-03 16:09:41,249 - INFO - JOUEUR: Raquette gauche déplacée de 7 à 14
2025-05-03 16:09:41,249 - INFO - IA: Raquette droite déplacée de 63 à 70
2025-05-03 16:09:41,267 - INFO - JOUEUR: Raquette gauche déplacée de 14 à 21
2025-05-03 16:09:41,268 - INFO - IA: Raquette droite déplacée de 70 à 77
2025-05-03 16:09:41,286 - INFO - JOUEUR: Raquette gauche déplacée de 21 à 28
2025-05-03 16:09:41,286 - INFO - IA: Raquette droite déplacée de 77 à 84
2025-05-03 16:09:41,304 - INFO - JOUEUR: Raquette gauche déplacée de 28 à 35
2025-05-03 16:09:41,305 - INFO - IA: Raquette droite déplacée de 84 à 91
2025-05-03 16:09:41,322 - INFO - JOUEUR: Raquette gauche déplacée de 35 à 42
2025-05-03 16:09:41,322 - INFO - IA: Raquette droite déplacée de 91 à 98
2025-05-03 16:09:41,339 - INFO - JOUEUR: Raquette gauche déplacée de 42 à 49
2025-05-03 16:09:41,340 - INFO - IA: Raquette droite déplacée de 98 à 91
2025-05-03 16:09:41,357 - INFO - JOUEUR: Raquette gauche déplacée de 49 à 56
2025-05-03 16:09:41,358 - INFO - IA: Raquette droite déplacée de 91 à 98
2025-05-03 16:09:41,376 - INFO - JOUEUR: Raquette gauche déplacée de 56 à 63
2025-05-03 16:09:41,377 - INFO - IA: Raquette droite déplacée de 98 à 91
2025-05-03 16:09:41,396 - INFO - JOUEUR: Raquette gauche déplacée de 63 à 70
2025-05-03 16:09:41,396 - INFO - IA: Raquette droite déplacée de 91 à 98
2025-05-03 16:09:41,414 - INFO - JOUEUR: Raquette gauche déplacée de 70 à 77
2025-05-03 16:09:41,415 - INFO - IA: Raquette droite déplacée de 98 à 105
2025-05-03 16:09:41,433 - INFO - JOUEUR: Raquette gauche déplacée de 77 à 84
2025-05-03 16:09:41,434 - INFO - IA: Raquette droite déplacée de 105 à 112
2025-05-03 16:09:41,454 - INFO - JOUEUR: Raquette gauche déplacée de 84 à 91
2025-05-03 16:09:41,454 - INFO - IA: Raquette droite déplacée de 112 à 119
2025-05-03 16:09:41,472 - INFO - JOUEUR: Raquette gauche déplacée de 91 à 98
2025-05-03 16:09:41,472 - INFO - IA: Raquette droite déplacée de 119 à 126
2025-05-03 16:09:41,490 - INFO - JOUEUR: Raquette gauche déplacée de 98 à 105
2025-05-03 16:09:41,491 - INFO - IA: Raquette droite déplacée de 126 à 119
2025-05-03 16:09:41,508 - INFO - JOUEUR: Raquette gauche déplacée de 105 à 112
2025-05-03 16:09:41,508 - INFO - IA: Raquette droite déplacée de 119 à 126
2025-05-03 16:09:41,527 - INFO - JOUEUR: Raquette gauche déplacée de 112 à 119
2025-05-03 16:09:41,527 - INFO - IA: Raquette droite déplacée de 126 à 119
2025-05-03 16:09:41,544 - INFO - JOUEUR: Raquette gauche déplacée de 119 à 126
2025-05-03 16:09:41,545 - INFO - IA: Raquette droite déplacée de 119 à 126
2025-05-03 16:09:41,562 - INFO - JOUEUR: Raquette gauche déplacée de 126 à 133
2025-05-03 16:09:41,563 - INFO - IA: Raquette droite déplacée de 126 à 133
2025-05-03 16:09:41,580 - INFO - JOUEUR: Raquette gauche déplacée de 133 à 140
2025-05-03 16:09:41,581 - INFO - IA: Raquette droite déplacée de 133 à 140
2025-05-03 16:09:41,598 - INFO - JOUEUR: Raquette gauche déplacée de 140 à 147
2025-05-03 16:09:41,598 - INFO - IA: Raquette droite déplacée de 140 à 147
2025-05-03 16:09:41,615 - INFO - JOUEUR: Raquette gauche déplacée de 147 à 154
2025-05-03 16:09:41,616 - INFO - IA: Raquette droite déplacée de 147 à 154
2025-05-03 16:09:41,633 - INFO - JOUEUR: Raquette gauche déplacée de 154 à 161
2025-05-03 16:09:41,633 - INFO - IA: Raquette droite déplacée de 154 à 161
2025-05-03 16:09:41,650 - INFO - JOUEUR: Raquette gauche déplacée de 161 à 168
2025-05-03 16:09:41,650 - INFO - IA: Raquette droite déplacée de 161 à 168
2025-05-03 16:09:41,667 - INFO - JOUEUR: Raquette gauche déplacée de 168 à 175
2025-05-03 16:09:41,668 - INFO - IA: Raquette droite déplacée de 168 à 161
2025-05-03 16:09:41,686 - INFO - JOUEUR: Raquette gauche déplacée de 175 à 182
2025-05-03 16:09:41,686 - INFO - IA: Raquette droite déplacée de 161 à 168
2025-05-03 16:09:41,703 - INFO - JOUEUR: Raquette gauche déplacée de 182 à 189
2025-05-03 16:09:41,704 - INFO - IA: Raquette droite déplacée de 168 à 175
2025-05-03 16:09:41,722 - INFO - JOUEUR: Raquette gauche déplacée de 189 à 196
2025-05-03 16:09:41,723 - INFO - IA: Raquette droite déplacée de 175 à 182
2025-05-03 16:09:41,741 - INFO - JOUEUR: Raquette gauche déplacée de 196 à 203
2025-05-03 16:09:41,742 - INFO - IA: Raquette droite déplacée de 182 à 189
2025-05-03 16:09:41,761 - INFO - JOUEUR: Raquette gauche déplacée de 203 à 210
2025-05-03 16:09:41,762 - INFO - IA: Raquette droite déplacée de 189 à 196
2025-05-03 16:09:41,780 - INFO - JOUEUR: Raquette gauche déplacée de 210 à 217
2025-05-03 16:09:41,780 - INFO - IA: Raquette droite déplacée de 196 à 203
2025-05-03 16:09:41,797 - INFO - JOUEUR: Raquette gauche déplacée de 217 à 224
2025-05-03 16:09:41,798 - INFO - IA: Raquette droite déplacée de 203 à 210
2025-05-03 16:09:41,815 - INFO - JOUEUR: Raquette gauche déplacée de 224 à 231
2025-05-03 16:09:41,815 - INFO - IA: Raquette droite déplacée de 210 à 217
2025-05-03 16:09:41,833 - INFO - JOUEUR: Raquette gauche déplacée de 231 à 238
2025-05-03 16:09:41,834 - INFO - IA: Raquette droite déplacée de 217 à 224
2025-05-03 16:09:41,851 - INFO - INPUT: Joueur relâche les touches directionnelles
2025-05-03 16:09:41,851 - INFO - IA: Raquette droite déplacée de 224 à 231
2025-05-03 16:09:41,868 - INFO - IA: Raquette droite déplacée de 231 à 238
2025-05-03 16:09:41,887 - INFO - IA: Raquette droite déplacée de 238 à 245
2025-05-03 16:09:41,904 - INFO - IA: Raquette droite déplacée de 245 à 252
2025-05-03 16:09:41,922 - INFO - IA: Raquette droite déplacée de 252 à 259
2025-05-03 16:09:41,940 - INFO - IA: Raquette droite déplacée de 259 à 252
2025-05-03 16:09:41,958 - INFO - IA: Raquette droite déplacée de 252 à 245
2025-05-03 16:09:41,978 - INFO - IA: Raquette droite déplacée de 245 à 252
2025-05-03 16:09:41,995 - INFO - IA: Raquette droite déplacée de 252 à 259
2025-05-03 16:09:42,014 - INFO - IA: Raquette droite déplacée de 259 à 266
2025-05-03 16:09:42,032 - INFO - INPUT: Joueur appuie sur la touche HAUT
2025-05-03 16:09:42,032 - INFO - JOUEUR: Raquette gauche déplacée de 238 à 231
2025-05-03 16:09:42,032 - INFO - IA: Raquette droite déplacée de 266 à 273
2025-05-03 16:09:42,050 - INFO - JOUEUR: Raquette gauche déplacée de 231 à 224
2025-05-03 16:09:42,051 - INFO - IA: Raquette droite déplacée de 273 à 280
2025-05-03 16:09:42,068 - INFO - JOUEUR: Raquette gauche déplacée de 224 à 217
2025-05-03 16:09:42,068 - INFO - IA: Raquette droite déplacée de 280 à 287
2025-05-03 16:09:42,086 - INFO - JOUEUR: Raquette gauche déplacée de 217 à 210
2025-05-03 16:09:42,087 - INFO - IA: Raquette droite déplacée de 287 à 294
2025-05-03 16:09:42,104 - INFO - JOUEUR: Raquette gauche déplacée de 210 à 203
2025-05-03 16:09:42,105 - INFO - IA: Raquette droite déplacée de 294 à 287
2025-05-03 16:09:42,122 - INFO - JOUEUR: Raquette gauche déplacée de 203 à 196
2025-05-03 16:09:42,122 - INFO - IA: Raquette droite déplacée de 287 à 294
2025-05-03 16:09:42,139 - INFO - JOUEUR: Raquette gauche déplacée de 196 à 189
2025-05-03 16:09:42,140 - INFO - IA: Raquette droite déplacée de 294 à 301
2025-05-03 16:09:42,157 - INFO - JOUEUR: Raquette gauche déplacée de 189 à 182
2025-05-03 16:09:42,158 - INFO - IA: Raquette droite déplacée de 301 à 308
2025-05-03 16:09:42,176 - INFO - JOUEUR: Raquette gauche déplacée de 182 à 175
2025-05-03 16:09:42,177 - INFO - IA: Raquette droite déplacée de 308 à 315
2025-05-03 16:09:42,196 - INFO - JOUEUR: Raquette gauche déplacée de 175 à 168
2025-05-03 16:09:42,213 - INFO - JOUEUR: Raquette gauche déplacée de 168 à 161
2025-05-03 16:09:42,214 - INFO - IA: Raquette droite déplacée de 315 à 322
2025-05-03 16:09:42,233 - INFO - JOUEUR: Raquette gauche déplacée de 161 à 154
2025-05-03 16:09:42,234 - INFO - IA: Raquette droite déplacée de 322 à 329
2025-05-03 16:09:42,252 - INFO - JOUEUR: Raquette gauche déplacée de 154 à 147
2025-05-03 16:09:42,253 - INFO - IA: Raquette droite déplacée de 329 à 336
2025-05-03 16:09:42,271 - INFO - JOUEUR: Raquette gauche déplacée de 147 à 140
2025-05-03 16:09:42,271 - INFO - IA: Raquette droite déplacée de 336 à 343
2025-05-03 16:09:42,289 - INFO - JOUEUR: Raquette gauche déplacée de 140 à 133
2025-05-03 16:09:42,289 - INFO - IA: Raquette droite déplacée de 343 à 350
2025-05-03 16:09:42,307 - INFO - JOUEUR: Raquette gauche déplacée de 133 à 126
2025-05-03 16:09:42,308 - INFO - IA: Raquette droite déplacée de 350 à 357
2025-05-03 16:09:42,326 - INFO - JOUEUR: Raquette gauche déplacée de 126 à 119
2025-05-03 16:09:42,327 - INFO - IA: Raquette droite déplacée de 357 à 364
2025-05-03 16:09:42,345 - INFO - INPUT: Joueur relâche les touches directionnelles
2025-05-03 16:09:42,346 - INFO - IA: Raquette droite déplacée de 364 à 371
2025-05-03 16:09:42,363 - INFO - IA: Raquette droite déplacée de 371 à 378
2025-05-03 16:09:42,381 - INFO - IA: Raquette droite déplacée de 378 à 385
2025-05-03 16:09:42,400 - INFO - IA: Raquette droite déplacée de 385 à 390
2025-05-03 16:09:42,435 - INFO - INPUT: Joueur appuie sur la touche BAS
2025-05-03 16:09:42,437 - INFO - JOUEUR: Raquette gauche déplacée de 119 à 126
2025-05-03 16:09:42,455 - INFO - JOUEUR: Raquette gauche déplacée de 126 à 133
2025-05-03 16:09:42,473 - INFO - JOUEUR: Raquette gauche déplacée de 133 à 140
2025-05-03 16:09:42,491 - INFO - JOUEUR: Raquette gauche déplacée de 140 à 147
2025-05-03 16:09:42,510 - INFO - JOUEUR: Raquette gauche déplacée de 147 à 154
2025-05-03 16:09:42,511 - INFO - COLLISION: Balle a rebondi sur un mur à la position (507, 468)
2025-05-03 16:09:42,528 - INFO - JOUEUR: Raquette gauche déplacée de 154 à 161
2025-05-03 16:09:42,546 - INFO - JOUEUR: Raquette gauche déplacée de 161 à 168
2025-05-03 16:09:42,564 - INFO - INPUT: Joueur relâche les touches directionnelles
2025-05-03 16:09:42,634 - INFO - IA: Raquette droite déplacée de 390 à 383
2025-05-03 16:09:42,654 - INFO - IA: Raquette droite déplacée de 383 à 390
2025-05-03 16:09:42,655 - INFO - COLLISION: Balle a rebondi sur une raquette à la position (555, 428)
2025-05-03 16:09:42,709 - INFO - IA: Raquette droite déplacée de 390 à 383
2025-05-03 16:09:42,727 - INFO - IA: Raquette droite déplacée de 383 à 376
2025-05-03 16:09:42,745 - INFO - IA: Raquette droite déplacée de 376 à 383
2025-05-03 16:09:42,763 - INFO - IA: Raquette droite déplacée de 383 à 376
2025-05-03 16:09:42,782 - INFO - IA: Raquette droite déplacée de 376 à 369
2025-05-03 16:09:42,799 - INFO - IA: Raquette droite déplacée de 369 à 376
2025-05-03 16:09:42,817 - INFO - IA: Raquette droite déplacée de 376 à 369
2025-05-03 16:09:42,835 - INFO - IA: Raquette droite déplacée de 369 à 362
2025-05-03 16:09:42,853 - INFO - IA: Raquette droite déplacée de 362 à 355
2025-05-03 16:09:42,871 - INFO - IA: Raquette droite déplacée de 355 à 348
2025-05-03 16:09:42,888 - INFO - IA: Raquette droite déplacée de 348 à 355
2025-05-03 16:09:42,906 - INFO - IA: Raquette droite déplacée de 355 à 348
2025-05-03 16:09:42,924 - INFO - IA: Raquette droite déplacée de 348 à 341
2025-05-03 16:09:42,942 - INFO - IA: Raquette droite déplacée de 341 à 334
2025-05-03 16:09:42,961 - INFO - IA: Raquette droite déplacée de 334 à 327
2025-05-03 16:09:42,979 - INFO - IA: Raquette droite déplacée de 327 à 334
2025-05-03 16:09:42,997 - INFO - INPUT: Joueur appuie sur la touche HAUT
2025-05-03 16:09:42,998 - INFO - JOUEUR: Raquette gauche déplacée de 168 à 161
2025-05-03 16:09:42,998 - INFO - IA: Raquette droite déplacée de 334 à 327
2025-05-03 16:09:43,016 - INFO - JOUEUR: Raquette gauche déplacée de 161 à 154
2025-05-03 16:09:43,016 - INFO - IA: Raquette droite déplacée de 327 à 320
2025-05-03 16:09:43,034 - INFO - JOUEUR: Raquette gauche déplacée de 154 à 147
2025-05-03 16:09:43,051 - INFO - JOUEUR: Raquette gauche déplacée de 147 à 140
2025-05-03 16:09:43,052 - INFO - IA: Raquette droite déplacée de 320 à 313
2025-05-03 16:09:43,069 - INFO - JOUEUR: Raquette gauche déplacée de 140 à 133
2025-05-03 16:09:43,070 - INFO - IA: Raquette droite déplacée de 313 à 306
2025-05-03 16:09:43,088 - INFO - INPUT: Joueur relâche les touches directionnelles
2025-05-03 16:09:43,088 - INFO - IA: Raquette droite déplacée de 306 à 299
2025-05-03 16:09:43,106 - INFO - IA: Raquette droite déplacée de 299 à 292
2025-05-03 16:09:43,123 - INFO - IA: Raquette droite déplacée de 292 à 285
2025-05-03 16:09:43,141 - INFO - IA: Raquette droite déplacée de 285 à 292
2025-05-03 16:09:43,159 - INFO - IA: Raquette droite déplacée de 292 à 285
2025-05-03 16:09:43,179 - INFO - IA: Raquette droite déplacée de 285 à 278
2025-05-03 16:09:43,197 - INFO - IA: Raquette droite déplacée de 278 à 271
2025-05-03 16:09:43,214 - INFO - IA: Raquette droite déplacée de 271 à 264
2025-05-03 16:09:43,233 - INFO - IA: Raquette droite déplacée de 264 à 257
2025-05-03 16:09:43,250 - INFO - IA: Raquette droite déplacée de 257 à 250
2025-05-03 16:09:43,269 - INFO - IA: Raquette droite déplacée de 250 à 243
2025-05-03 16:09:43,286 - INFO - IA: Raquette droite déplacée de 243 à 236
2025-05-03 16:09:43,305 - INFO - IA: Raquette droite déplacée de 236 à 229
2025-05-03 16:09:43,324 - INFO - IA: Raquette droite déplacée de 229 à 222
2025-05-03 16:09:43,343 - INFO - IA: Raquette droite déplacée de 222 à 215
2025-05-03 16:09:43,362 - INFO - IA: Raquette droite déplacée de 215 à 208
2025-05-03 16:09:43,380 - INFO - IA: Raquette droite déplacée de 208 à 201
2025-05-03 16:09:43,398 - INFO - IA: Raquette droite déplacée de 201 à 194
2025-05-03 16:09:43,416 - INFO - IA: Raquette droite déplacée de 194 à 201
2025-05-03 16:09:43,435 - INFO - IA: Raquette droite déplacée de 201 à 194
2025-05-03 16:09:43,452 - INFO - IA: Raquette droite déplacée de 194 à 187
2025-05-03 16:09:43,469 - INFO - IA: Raquette droite déplacée de 187 à 180
2025-05-03 16:09:43,486 - INFO - IA: Raquette droite déplacée de 180 à 173
2025-05-03 16:09:43,504 - INFO - IA: Raquette droite déplacée de 173 à 166
2025-05-03 16:09:43,523 - INFO - INPUT: Joueur appuie sur la touche HAUT
2025-05-03 16:09:43,523 - INFO - JOUEUR: Raquette gauche déplacée de 133 à 126
2025-05-03 16:09:43,524 - INFO - IA: Raquette droite déplacée de 166 à 159
2025-05-03 16:09:43,542 - INFO - JOUEUR: Raquette gauche déplacée de 126 à 119
2025-05-03 16:09:43,542 - INFO - IA: Raquette droite déplacée de 159 à 152
2025-05-03 16:09:43,561 - INFO - JOUEUR: Raquette gauche déplacée de 119 à 112
2025-05-03 16:09:43,562 - INFO - IA: Raquette droite déplacée de 152 à 159
2025-05-03 16:09:43,579 - INFO - JOUEUR: Raquette gauche déplacée de 112 à 105
2025-05-03 16:09:43,579 - INFO - IA: Raquette droite déplacée de 159 à 152
2025-05-03 16:09:43,597 - INFO - JOUEUR: Raquette gauche déplacée de 105 à 98
2025-05-03 16:09:43,597 - INFO - IA: Raquette droite déplacée de 152 à 145
2025-05-03 16:09:43,615 - INFO - JOUEUR: Raquette gauche déplacée de 98 à 91
2025-05-03 16:09:43,616 - INFO - IA: Raquette droite déplacée de 145 à 138
2025-05-03 16:09:43,633 - INFO - INPUT: Joueur relâche les touches directionnelles
2025-05-03 16:09:43,633 - INFO - IA: Raquette droite déplacée de 138 à 145
2025-05-03 16:09:43,650 - INFO - IA: Raquette droite déplacée de 145 à 138
2025-05-03 16:09:43,668 - INFO - IA: Raquette droite déplacée de 138 à 131
2025-05-03 16:09:43,685 - INFO - IA: Raquette droite déplacée de 131 à 124
2025-05-03 16:09:43,702 - INFO - IA: Raquette droite déplacée de 124 à 117
2025-05-03 16:09:43,720 - INFO - IA: Raquette droite déplacée de 117 à 124
2025-05-03 16:09:43,738 - INFO - IA: Raquette droite déplacée de 124 à 117
2025-05-03 16:09:43,755 - INFO - IA: Raquette droite déplacée de 117 à 110
2025-05-03 16:09:43,773 - INFO - INPUT: Joueur appuie sur la touche HAUT
2025-05-03 16:09:43,774 - INFO - JOUEUR: Raquette gauche déplacée de 91 à 84
2025-05-03 16:09:43,775 - INFO - IA: Raquette droite déplacée de 110 à 103
2025-05-03 16:09:43,793 - INFO - JOUEUR: Raquette gauche déplacée de 84 à 77
2025-05-03 16:09:43,793 - INFO - IA: Raquette droite déplacée de 103 à 96
2025-05-03 16:09:43,812 - INFO - JOUEUR: Raquette gauche déplacée de 77 à 70
2025-05-03 16:09:43,813 - INFO - IA: Raquette droite déplacée de 96 à 89
2025-05-03 16:09:43,831 - INFO - JOUEUR: Raquette gauche déplacée de 70 à 63
2025-05-03 16:09:43,832 - INFO - IA: Raquette droite déplacée de 89 à 82
2025-05-03 16:09:43,850 - INFO - JOUEUR: Raquette gauche déplacée de 63 à 56
2025-05-03 16:09:43,850 - INFO - IA: Raquette droite déplacée de 82 à 75
2025-05-03 16:09:43,868 - INFO - INPUT: Joueur relâche les touches directionnelles
2025-05-03 16:09:43,868 - INFO - IA: Raquette droite déplacée de 75 à 68
2025-05-03 16:09:43,886 - INFO - IA: Raquette droite déplacée de 68 à 61
2025-05-03 16:09:43,903 - INFO - IA: Raquette droite déplacée de 61 à 68
2025-05-03 16:09:43,920 - INFO - IA: Raquette droite déplacée de 68 à 61
2025-05-03 16:09:43,938 - INFO - IA: Raquette droite déplacée de 61 à 54
2025-05-03 16:09:43,955 - INFO - IA: Raquette droite déplacée de 54 à 47
2025-05-03 16:09:43,973 - INFO - IA: Raquette droite déplacée de 47 à 40
2025-05-03 16:09:43,991 - INFO - IA: Raquette droite déplacée de 40 à 47
2025-05-03 16:09:44,009 - INFO - IA: Raquette droite déplacée de 47 à 40
2025-05-03 16:09:44,009 - INFO - COLLISION: Balle a rebondi sur une raquette à la position (30, 53)
2025-05-03 16:09:44,027 - INFO - IA: Raquette droite déplacée de 40 à 33
2025-05-03 16:09:44,045 - INFO - INPUT: Joueur appuie sur la touche HAUT
2025-05-03 16:09:44,045 - INFO - JOUEUR: Raquette gauche déplacée de 56 à 49
2025-05-03 16:09:44,046 - INFO - IA: Raquette droite déplacée de 33 à 26
2025-05-03 16:09:44,063 - INFO - JOUEUR: Raquette gauche déplacée de 49 à 42
2025-05-03 16:09:44,064 - INFO - IA: Raquette droite déplacée de 26 à 19
2025-05-03 16:09:44,082 - INFO - JOUEUR: Raquette gauche déplacée de 42 à 35
2025-05-03 16:09:44,083 - INFO - IA: Raquette droite déplacée de 19 à 12
2025-05-03 16:09:44,100 - INFO - INPUT: Joueur relâche les touches directionnelles
2025-05-03 16:09:44,101 - INFO - IA: Raquette droite déplacée de 12 à 5
2025-05-03 16:09:44,119 - INFO - IA: Raquette droite déplacée de 5 à 0
2025-05-03 16:09:44,206 - INFO - COLLISION: Balle a rebondi sur un mur à la position (107, -2)
2025-05-03 16:09:44,275 - INFO - IA: Raquette droite déplacée de 0 à 7
2025-05-03 16:09:44,293 - INFO - IA: Raquette droite déplacée de 7 à 0
2025-05-03 16:09:44,311 - INFO - IA: Raquette droite déplacée de 0 à 7
2025-05-03 16:09:44,330 - INFO - IA: Raquette droite déplacée de 7 à 14
2025-05-03 16:09:44,349 - INFO - IA: Raquette droite déplacée de 14 à 7
2025-05-03 16:09:44,368 - INFO - IA: Raquette droite déplacée de 7 à 14
2025-05-03 16:09:44,387 - INFO - IA: Raquette droite déplacée de 14 à 7
2025-05-03 16:09:44,405 - INFO - IA: Raquette droite déplacée de 7 à 14
2025-05-03 16:09:44,423 - INFO - IA: Raquette droite déplacée de 14 à 21
2025-05-03 16:09:44,441 - INFO - IA: Raquette droite déplacée de 21 à 14
2025-05-03 16:09:44,460 - INFO - IA: Raquette droite déplacée de 14 à 21
2025-05-03 16:09:44,477 - INFO - IA: Raquette droite déplacée de 21 à 14
2025-05-03 16:09:44,495 - INFO - IA: Raquette droite déplacée de 14 à 21
2025-05-03 16:09:44,512 - INFO - IA: Raquette droite déplacée de 21 à 28
2025-05-03 16:09:44,530 - INFO - INPUT: Joueur appuie sur la touche BAS
2025-05-03 16:09:44,530 - INFO - JOUEUR: Raquette gauche déplacée de 35 à 42
2025-05-03 16:09:44,531 - INFO - IA: Raquette droite déplacée de 28 à 35
2025-05-03 16:09:44,548 - INFO - JOUEUR: Raquette gauche déplacée de 42 à 49
2025-05-03 16:09:44,549 - INFO - IA: Raquette droite déplacée de 35 à 42
2025-05-03 16:09:44,566 - INFO - JOUEUR: Raquette gauche déplacée de 49 à 56
2025-05-03 16:09:44,567 - INFO - IA: Raquette droite déplacée de 42 à 49
2025-05-03 16:09:44,585 - INFO - JOUEUR: Raquette gauche déplacée de 56 à 63
2025-05-03 16:09:44,586 - INFO - IA: Raquette droite déplacée de 49 à 56
2025-05-03 16:09:44,603 - INFO - JOUEUR: Raquette gauche déplacée de 63 à 70
2025-05-03 16:09:44,603 - INFO - IA: Raquette droite déplacée de 56 à 63
2025-05-03 16:09:44,620 - INFO - JOUEUR: Raquette gauche déplacée de 70 à 77
2025-05-03 16:09:44,621 - INFO - IA: Raquette droite déplacée de 63 à 70
2025-05-03 16:09:44,639 - INFO - JOUEUR: Raquette gauche déplacée de 77 à 84
2025-05-03 16:09:44,640 - INFO - IA: Raquette droite déplacée de 70 à 77
2025-05-03 16:09:44,660 - INFO - INPUT: Joueur relâche les touches directionnelles
2025-05-03 16:09:44,660 - INFO - IA: Raquette droite déplacée de 77 à 84
2025-05-03 16:09:44,678 - INFO - IA: Raquette droite déplacée de 84 à 91
2025-05-03 16:09:44,696 - INFO - IA: Raquette droite déplacée de 91 à 98
2025-05-03 16:09:44,713 - INFO - IA: Raquette droite déplacée de 98 à 91
2025-05-03 16:09:44,730 - INFO - IA: Raquette droite déplacée de 91 à 98
2025-05-03 16:09:44,747 - INFO - IA: Raquette droite déplacée de 98 à 105
2025-05-03 16:09:44,765 - INFO - INPUT: Joueur appuie sur la touche BAS
2025-05-03 16:09:44,765 - INFO - JOUEUR: Raquette gauche déplacée de 84 à 91
2025-05-03 16:09:44,765 - INFO - IA: Raquette droite déplacée de 105 à 98
2025-05-03 16:09:44,782 - INFO - JOUEUR: Raquette gauche déplacée de 91 à 98
2025-05-03 16:09:44,783 - INFO - IA: Raquette droite déplacée de 98 à 91
2025-05-03 16:09:44,801 - INFO - JOUEUR: Raquette gauche déplacée de 98 à 105
2025-05-03 16:09:44,801 - INFO - IA: Raquette droite déplacée de 91 à 98
2025-05-03 16:09:44,820 - INFO - JOUEUR: Raquette gauche déplacée de 105 à 112
2025-05-03 16:09:44,820 - INFO - IA: Raquette droite déplacée de 98 à 91
2025-05-03 16:09:44,838 - INFO - JOUEUR: Raquette gauche déplacée de 112 à 119
2025-05-03 16:09:44,839 - INFO - IA: Raquette droite déplacée de 91 à 98
2025-05-03 16:09:44,858 - INFO - JOUEUR: Raquette gauche déplacée de 119 à 126
2025-05-03 16:09:44,859 - INFO - IA: Raquette droite déplacée de 98 à 105
2025-05-03 16:09:44,877 - INFO - JOUEUR: Raquette gauche déplacée de 126 à 133
2025-05-03 16:09:44,878 - INFO - IA: Raquette droite déplacée de 105 à 112
2025-05-03 16:09:44,895 - INFO - JOUEUR: Raquette gauche déplacée de 133 à 140
2025-05-03 16:09:44,896 - INFO - IA: Raquette droite déplacée de 112 à 119
2025-05-03 16:09:44,913 - INFO - JOUEUR: Raquette gauche déplacée de 140 à 147
2025-05-03 16:09:44,914 - INFO - IA: Raquette droite déplacée de 119 à 126
2025-05-03 16:09:44,931 - INFO - JOUEUR: Raquette gauche déplacée de 147 à 154
2025-05-03 16:09:44,931 - INFO - IA: Raquette droite déplacée de 126 à 133
2025-05-03 16:09:44,949 - INFO - JOUEUR: Raquette gauche déplacée de 154 à 161
2025-05-03 16:09:44,950 - INFO - IA: Raquette droite déplacée de 133 à 140
2025-05-03 16:09:44,968 - INFO - JOUEUR: Raquette gauche déplacée de 161 à 168
2025-05-03 16:09:44,968 - INFO - IA: Raquette droite déplacée de 140 à 147
2025-05-03 16:09:44,986 - INFO - JOUEUR: Raquette gauche déplacée de 168 à 175
2025-05-03 16:09:44,986 - INFO - IA: Raquette droite déplacée de 147 à 154
2025-05-03 16:09:45,003 - INFO - JOUEUR: Raquette gauche déplacée de 175 à 182
2025-05-03 16:09:45,003 - INFO - IA: Raquette droite déplacée de 154 à 161
2025-05-03 16:09:45,020 - INFO - JOUEUR: Raquette gauche déplacée de 182 à 189
2025-05-03 16:09:45,038 - INFO - JOUEUR: Raquette gauche déplacée de 189 à 196
2025-05-03 16:09:45,039 - INFO - IA: Raquette droite déplacée de 161 à 168
2025-05-03 16:09:45,057 - INFO - JOUEUR: Raquette gauche déplacée de 196 à 203
2025-05-03 16:09:45,058 - INFO - IA: Raquette droite déplacée de 168 à 175
2025-05-03 16:09:45,076 - INFO - JOUEUR: Raquette gauche déplacée de 203 à 210
2025-05-03 16:09:45,077 - INFO - IA: Raquette droite déplacée de 175 à 182
2025-05-03 16:09:45,095 - INFO - JOUEUR: Raquette gauche déplacée de 210 à 217
2025-05-03 16:09:45,096 - INFO - IA: Raquette droite déplacée de 182 à 175
2025-05-03 16:09:45,115 - INFO - INPUT: Joueur relâche les touches directionnelles
2025-05-03 16:09:45,115 - INFO - IA: Raquette droite déplacée de 175 à 182
2025-05-03 16:09:45,133 - INFO - IA: Raquette droite déplacée de 182 à 189
2025-05-03 16:09:45,151 - INFO - IA: Raquette droite déplacée de 189 à 196
2025-05-03 16:09:45,170 - INFO - IA: Raquette droite déplacée de 196 à 203
2025-05-03 16:09:45,188 - INFO - IA: Raquette droite déplacée de 203 à 210
2025-05-03 16:09:45,206 - INFO - IA: Raquette droite déplacée de 210 à 217
2025-05-03 16:09:45,225 - INFO - IA: Raquette droite déplacée de 217 à 224
2025-05-03 16:09:45,243 - INFO - IA: Raquette droite déplacée de 224 à 231
2025-05-03 16:09:45,265 - INFO - IA: Raquette droite déplacée de 231 à 238
2025-05-03 16:09:45,283 - INFO - IA: Raquette droite déplacée de 238 à 231
2025-05-03 16:09:45,301 - INFO - IA: Raquette droite déplacée de 231 à 238
2025-05-03 16:09:45,318 - INFO - IA: Raquette droite déplacée de 238 à 245
2025-05-03 16:09:45,336 - INFO - IA: Raquette droite déplacée de 245 à 252
2025-05-03 16:09:45,354 - INFO - IA: Raquette droite déplacée de 252 à 259
2025-05-03 16:09:45,373 - INFO - IA: Raquette droite déplacée de 259 à 252
2025-05-03 16:09:45,374 - INFO - COLLISION: Balle a rebondi sur une raquette à la position (555, 318)
2025-05-03 16:09:45,392 - INFO - IA: Raquette droite déplacée de 252 à 259
2025-05-03 16:09:45,410 - INFO - IA: Raquette droite déplacée de 259 à 266
2025-05-03 16:09:45,430 - INFO - IA: Raquette droite déplacée de 266 à 273
2025-05-03 16:09:45,448 - INFO - IA: Raquette droite déplacée de 273 à 280
2025-05-03 16:09:45,466 - INFO - IA: Raquette droite déplacée de 280 à 287
2025-05-03 16:09:45,484 - INFO - IA: Raquette droite déplacée de 287 à 294
2025-05-03 16:09:45,501 - INFO - IA: Raquette droite déplacée de 294 à 301
2025-05-03 16:09:45,518 - INFO - INPUT: Joueur appuie sur la touche HAUT
2025-05-03 16:09:45,519 - INFO - JOUEUR: Raquette gauche déplacée de 217 à 210
2025-05-03 16:09:45,519 - INFO - IA: Raquette droite déplacée de 301 à 308
2025-05-03 16:09:45,537 - INFO - JOUEUR: Raquette gauche déplacée de 210 à 203
2025-05-03 16:09:45,537 - INFO - IA: Raquette droite déplacée de 308 à 315
2025-05-03 16:09:45,554 - INFO - JOUEUR: Raquette gauche déplacée de 203 à 196
2025-05-03 16:09:45,555 - INFO - IA: Raquette droite déplacée de 315 à 308
2025-05-03 16:09:45,573 - INFO - JOUEUR: Raquette gauche déplacée de 196 à 189
2025-05-03 16:09:45,573 - INFO - IA: Raquette droite déplacée de 308 à 315
2025-05-03 16:09:45,590 - INFO - JOUEUR: Raquette gauche déplacée de 189 à 182
2025-05-03 16:09:45,591 - INFO - IA: Raquette droite déplacée de 315 à 322
2025-05-03 16:09:45,609 - INFO - INPUT: Joueur relâche les touches directionnelles
2025-05-03 16:09:45,610 - INFO - IA: Raquette droite déplacée de 322 à 315
2025-05-03 16:09:45,628 - INFO - IA: Raquette droite déplacée de 315 à 322
2025-05-03 16:09:45,646 - INFO - IA: Raquette droite déplacée de 322 à 329
2025-05-03 16:09:45,665 - INFO - IA: Raquette droite déplacée de 329 à 336
2025-05-03 16:09:45,683 - INFO - INPUT: Joueur appuie sur la touche HAUT
2025-05-03 16:09:45,684 - INFO - JOUEUR: Raquette gauche déplacée de 182 à 175
2025-05-03 16:09:45,684 - INFO - IA: Raquette droite déplacée de 336 à 343
2025-05-03 16:09:45,701 - INFO - JOUEUR: Raquette gauche déplacée de 175 à 168
2025-05-03 16:09:45,701 - INFO - IA: Raquette droite déplacée de 343 à 350
2025-05-03 16:09:45,719 - INFO - JOUEUR: Raquette gauche déplacée de 168 à 161
2025-05-03 16:09:45,719 - INFO - IA: Raquette droite déplacée de 350 à 357
2025-05-03 16:09:45,736 - INFO - JOUEUR: Raquette gauche déplacée de 161 à 154
2025-05-03 16:09:45,737 - INFO - IA: Raquette droite déplacée de 357 à 364
2025-05-03 16:09:45,755 - INFO - JOUEUR: Raquette gauche déplacée de 154 à 147
2025-05-03 16:09:45,755 - INFO - IA: Raquette droite déplacée de 364 à 371
2025-05-03 16:09:45,774 - INFO - JOUEUR: Raquette gauche déplacée de 147 à 140
2025-05-03 16:09:45,775 - INFO - IA: Raquette droite déplacée de 371 à 364
2025-05-03 16:09:45,793 - INFO - INPUT: Joueur relâche les touches directionnelles
2025-05-03 16:09:45,794 - INFO - IA: Raquette droite déplacée de 364 à 371
2025-05-03 16:09:45,811 - INFO - IA: Raquette droite déplacée de 371 à 378
2025-05-03 16:09:45,828 - INFO - IA: Raquette droite déplacée de 378 à 385
2025-05-03 16:09:45,846 - INFO - IA: Raquette droite déplacée de 385 à 390
2025-05-03 16:09:45,915 - INFO - COLLISION: Balle a rebondi sur un mur à la position (315, 468)
2025-05-03 16:09:45,952 - INFO - INPUT: Joueur appuie sur la touche BAS
2025-05-03 16:09:45,953 - INFO - JOUEUR: Raquette gauche déplacée de 140 à 147
2025-05-03 16:09:45,970 - INFO - JOUEUR: Raquette gauche déplacée de 147 à 154
2025-05-03 16:09:45,988 - INFO - JOUEUR: Raquette gauche déplacée de 154 à 161
2025-05-03 16:09:46,006 - INFO - JOUEUR: Raquette gauche déplacée de 161 à 168
2025-05-03 16:09:46,006 - INFO - IA: Raquette droite déplacée de 390 à 383
2025-05-03 16:09:46,024 - INFO - JOUEUR: Raquette gauche déplacée de 168 à 175
2025-05-03 16:09:46,025 - INFO - IA: Raquette droite déplacée de 383 à 390
2025-05-03 16:09:46,044 - INFO - JOUEUR: Raquette gauche déplacée de 175 à 182
2025-05-03 16:09:46,044 - INFO - IA: Raquette droite déplacée de 390 à 383
2025-05-03 16:09:46,061 - INFO - JOUEUR: Raquette gauche déplacée de 182 à 189
2025-05-03 16:09:46,061 - INFO - IA: Raquette droite déplacée de 383 à 390
2025-05-03 16:09:46,079 - INFO - JOUEUR: Raquette gauche déplacée de 189 à 196
2025-05-03 16:09:46,079 - INFO - IA: Raquette droite déplacée de 390 à 383
2025-05-03 16:09:46,097 - INFO - JOUEUR: Raquette gauche déplacée de 196 à 203
2025-05-03 16:09:46,097 - INFO - IA: Raquette droite déplacée de 383 à 376
2025-05-03 16:09:46,114 - INFO - JOUEUR: Raquette gauche déplacée de 203 à 210
2025-05-03 16:09:46,115 - INFO - IA: Raquette droite déplacée de 376 à 369
2025-05-03 16:09:46,132 - INFO - JOUEUR: Raquette gauche déplacée de 210 à 217
2025-05-03 16:09:46,133 - INFO - IA: Raquette droite déplacée de 369 à 376
2025-05-03 16:09:46,151 - INFO - JOUEUR: Raquette gauche déplacée de 217 à 224
2025-05-03 16:09:46,151 - INFO - IA: Raquette droite déplacée de 376 à 369
2025-05-03 16:09:46,170 - INFO - JOUEUR: Raquette gauche déplacée de 224 à 231
2025-05-03 16:09:46,171 - INFO - IA: Raquette droite déplacée de 369 à 362
2025-05-03 16:09:46,189 - INFO - JOUEUR: Raquette gauche déplacée de 231 à 238
2025-05-03 16:09:46,190 - INFO - IA: Raquette droite déplacée de 362 à 369
2025-05-03 16:09:46,207 - INFO - JOUEUR: Raquette gauche déplacée de 238 à 245
2025-05-03 16:09:46,226 - INFO - JOUEUR: Raquette gauche déplacée de 245 à 252
2025-05-03 16:09:46,226 - INFO - IA: Raquette droite déplacée de 369 à 362
2025-05-03 16:09:46,244 - INFO - JOUEUR: Raquette gauche déplacée de 252 à 259
2025-05-03 16:09:46,245 - INFO - IA: Raquette droite déplacée de 362 à 355
2025-05-03 16:09:46,262 - INFO - INPUT: Joueur relâche les touches directionnelles
2025-05-03 16:09:46,263 - INFO - IA: Raquette droite déplacée de 355 à 362
2025-05-03 16:09:46,298 - INFO - IA: Raquette droite déplacée de 362 à 355
2025-05-03 16:09:46,316 - INFO - IA: Raquette droite déplacée de 355 à 348
2025-05-03 16:09:46,334 - INFO - IA: Raquette droite déplacée de 348 à 355
2025-05-03 16:09:46,352 - INFO - IA: Raquette droite déplacée de 355 à 348
2025-05-03 16:09:46,371 - INFO - IA: Raquette droite déplacée de 348 à 341
2025-05-03 16:09:46,389 - INFO - IA: Raquette droite déplacée de 341 à 334
2025-05-03 16:09:46,407 - INFO - IA: Raquette droite déplacée de 334 à 327
2025-05-03 16:09:46,425 - INFO - IA: Raquette droite déplacée de 327 à 320
2025-05-03 16:09:46,444 - INFO - IA: Raquette droite déplacée de 320 à 313
2025-05-03 16:09:46,463 - INFO - IA: Raquette droite déplacée de 313 à 306
2025-05-03 16:09:46,481 - INFO - IA: Raquette droite déplacée de 306 à 299
2025-05-03 16:09:46,500 - INFO - IA: Raquette droite déplacée de 299 à 292
2025-05-03 16:09:46,519 - INFO - IA: Raquette droite déplacée de 292 à 285
2025-05-03 16:09:46,537 - INFO - IA: Raquette droite déplacée de 285 à 292
2025-05-03 16:09:46,555 - INFO - INPUT: Joueur appuie sur la touche HAUT
2025-05-03 16:09:46,555 - INFO - JOUEUR: Raquette gauche déplacée de 259 à 252
2025-05-03 16:09:46,556 - INFO - IA: Raquette droite déplacée de 292 à 285
2025-05-03 16:09:46,574 - INFO - JOUEUR: Raquette gauche déplacée de 252 à 245
2025-05-03 16:09:46,574 - INFO - IA: Raquette droite déplacée de 285 à 278
2025-05-03 16:09:46,574 - INFO - COLLISION: Balle a rebondi sur une raquette à la position (27, 288)
2025-05-03 16:09:46,592 - INFO - JOUEUR: Raquette gauche déplacée de 245 à 238
2025-05-03 16:09:46,593 - INFO - IA: Raquette droite déplacée de 278 à 271
2025-05-03 16:09:46,611 - INFO - JOUEUR: Raquette gauche déplacée de 238 à 231
2025-05-03 16:09:46,611 - INFO - IA: Raquette droite déplacée de 271 à 264
2025-05-03 16:09:46,628 - INFO - JOUEUR: Raquette gauche déplacée de 231 à 224
2025-05-03 16:09:46,629 - INFO - IA: Raquette droite déplacée de 264 à 257
2025-05-03 16:09:46,645 - INFO - JOUEUR: Raquette gauche déplacée de 224 à 217
2025-05-03 16:09:46,646 - INFO - IA: Raquette droite déplacée de 257 à 250
2025-05-03 16:09:46,663 - INFO - JOUEUR: Raquette gauche déplacée de 217 à 210
2025-05-03 16:09:46,682 - INFO - INPUT: Joueur relâche les touches directionnelles
2025-05-03 16:09:46,683 - INFO - IA: Raquette droite déplacée de 250 à 243
2025-05-03 16:09:46,701 - INFO - IA: Raquette droite déplacée de 243 à 250
2025-05-03 16:09:46,718 - INFO - IA: Raquette droite déplacée de 250 à 243
2025-05-03 16:09:46,735 - INFO - IA: Raquette droite déplacée de 243 à 236
2025-05-03 16:09:46,753 - INFO - IA: Raquette droite déplacée de 236 à 229
2025-05-03 16:09:46,788 - INFO - IA: Raquette droite déplacée de 229 à 222
2025-05-03 16:09:46,807 - INFO - IA: Raquette droite déplacée de 222 à 215
2025-05-03 16:09:46,824 - INFO - IA: Raquette droite déplacée de 215 à 208
2025-05-03 16:09:46,842 - INFO - IA: Raquette droite déplacée de 208 à 201
2025-05-03 16:09:46,860 - INFO - IA: Raquette droite déplacée de 201 à 194
2025-05-03 16:09:46,878 - INFO - IA: Raquette droite déplacée de 194 à 187
2025-05-03 16:09:46,895 - INFO - IA: Raquette droite déplacée de 187 à 180
2025-05-03 16:09:46,913 - INFO - IA: Raquette droite déplacée de 180 à 173
2025-05-03 16:09:46,930 - INFO - IA: Raquette droite déplacée de 173 à 166
2025-05-03 16:09:46,948 - INFO - IA: Raquette droite déplacée de 166 à 159
2025-05-03 16:09:46,967 - INFO - IA: Raquette droite déplacée de 159 à 152
2025-05-03 16:09:46,985 - INFO - IA: Raquette droite déplacée de 152 à 145
2025-05-03 16:09:47,002 - INFO - IA: Raquette droite déplacée de 145 à 138
2025-05-03 16:09:47,020 - INFO - IA: Raquette droite déplacée de 138 à 145
2025-05-03 16:09:47,038 - INFO - IA: Raquette droite déplacée de 145 à 138
2025-05-03 16:09:47,057 - INFO - IA: Raquette droite déplacée de 138 à 145
2025-05-03 16:09:47,074 - INFO - INPUT: Joueur appuie sur la touche BAS
2025-05-03 16:09:47,075 - INFO - JOUEUR: Raquette gauche déplacée de 210 à 217
2025-05-03 16:09:47,075 - INFO - IA: Raquette droite déplacée de 145 à 138
2025-05-03 16:09:47,093 - INFO - JOUEUR: Raquette gauche déplacée de 217 à 224
2025-05-03 16:09:47,094 - INFO - IA: Raquette droite déplacée de 138 à 131
2025-05-03 16:09:47,111 - INFO - JOUEUR: Raquette gauche déplacée de 224 à 231
2025-05-03 16:09:47,111 - INFO - IA: Raquette droite déplacée de 131 à 124
2025-05-03 16:09:47,129 - INFO - JOUEUR: Raquette gauche déplacée de 231 à 238
2025-05-03 16:09:47,147 - INFO - JOUEUR: Raquette gauche déplacée de 238 à 245
2025-05-03 16:09:47,147 - INFO - IA: Raquette droite déplacée de 124 à 117
2025-05-03 16:09:47,164 - INFO - JOUEUR: Raquette gauche déplacée de 245 à 252
2025-05-03 16:09:47,164 - INFO - IA: Raquette droite déplacée de 117 à 110
2025-05-03 16:09:47,181 - INFO - JOUEUR: Raquette gauche déplacée de 252 à 259
2025-05-03 16:09:47,182 - INFO - IA: Raquette droite déplacée de 110 à 103
2025-05-03 16:09:47,199 - INFO - INPUT: Joueur relâche les touches directionnelles
2025-05-03 16:09:47,200 - INFO - IA: Raquette droite déplacée de 103 à 96
2025-05-03 16:09:47,218 - INFO - IA: Raquette droite déplacée de 96 à 103
2025-05-03 16:09:47,237 - INFO - IA: Raquette droite déplacée de 103 à 96
2025-05-03 16:09:47,256 - INFO - IA: Raquette droite déplacée de 96 à 89
2025-05-03 16:09:47,275 - INFO - IA: Raquette droite déplacée de 89 à 82
2025-05-03 16:09:47,293 - INFO - IA: Raquette droite déplacée de 82 à 75
2025-05-03 16:09:47,311 - INFO - IA: Raquette droite déplacée de 75 à 68
2025-05-03 16:09:47,329 - INFO - IA: Raquette droite déplacée de 68 à 75
2025-05-03 16:09:47,347 - INFO - IA: Raquette droite déplacée de 75 à 68
2025-05-03 16:09:47,364 - INFO - IA: Raquette droite déplacée de 68 à 61
2025-05-03 16:09:47,382 - INFO - IA: Raquette droite déplacée de 61 à 54
2025-05-03 16:09:47,399 - INFO - IA: Raquette droite déplacée de 54 à 47
2025-05-03 16:09:47,418 - INFO - IA: Raquette droite déplacée de 47 à 40
2025-05-03 16:09:47,435 - INFO - IA: Raquette droite déplacée de 40 à 33
2025-05-03 16:09:47,453 - INFO - IA: Raquette droite déplacée de 33 à 26
2025-05-03 16:09:47,473 - INFO - INPUT: Joueur appuie sur la touche HAUT
2025-05-03 16:09:47,474 - INFO - JOUEUR: Raquette gauche déplacée de 259 à 252
2025-05-03 16:09:47,474 - INFO - IA: Raquette droite déplacée de 26 à 19
2025-05-03 16:09:47,493 - INFO - JOUEUR: Raquette gauche déplacée de 252 à 245
2025-05-03 16:09:47,493 - INFO - IA: Raquette droite déplacée de 19 à 12
2025-05-03 16:09:47,512 - INFO - JOUEUR: Raquette gauche déplacée de 245 à 238
2025-05-03 16:09:47,512 - INFO - IA: Raquette droite déplacée de 12 à 5
2025-05-03 16:09:47,530 - INFO - JOUEUR: Raquette gauche déplacée de 238 à 231
2025-05-03 16:09:47,530 - INFO - IA: Raquette droite déplacée de 5 à 12
2025-05-03 16:09:47,547 - INFO - JOUEUR: Raquette gauche déplacée de 231 à 224
2025-05-03 16:09:47,564 - INFO - JOUEUR: Raquette gauche déplacée de 224 à 217
2025-05-03 16:09:47,565 - INFO - IA: Raquette droite déplacée de 12 à 5
2025-05-03 16:09:47,582 - INFO - JOUEUR: Raquette gauche déplacée de 217 à 210
2025-05-03 16:09:47,582 - INFO - IA: Raquette droite déplacée de 5 à 0
2025-05-03 16:09:47,600 - INFO - JOUEUR: Raquette gauche déplacée de 210 à 203
2025-05-03 16:09:47,617 - INFO - JOUEUR: Raquette gauche déplacée de 203 à 196
2025-05-03 16:09:47,618 - INFO - COLLISION: Balle a rebondi sur un mur à la position (549, -2)
2025-05-03 16:09:47,635 - INFO - JOUEUR: Raquette gauche déplacée de 196 à 189
2025-05-03 16:09:47,635 - INFO - COLLISION: Balle a rebondi sur une raquette à la position (558, 3)
2025-05-03 16:09:47,653 - INFO - JOUEUR: Raquette gauche déplacée de 189 à 182
2025-05-03 16:09:47,671 - INFO - JOUEUR: Raquette gauche déplacée de 182 à 175
2025-05-03 16:09:47,690 - INFO - INPUT: Joueur relâche les touches directionnelles
2025-05-03 16:09:47,724 - INFO - IA: Raquette droite déplacée de 0 à 7
2025-05-03 16:09:47,742 - INFO - IA: Raquette droite déplacée de 7 à 0
2025-05-03 16:09:47,778 - INFO - IA: Raquette droite déplacée de 0 à 7
2025-05-03 16:09:47,796 - INFO - IA: Raquette droite déplacée de 7 à 14
2025-05-03 16:09:47,814 - INFO - IA: Raquette droite déplacée de 14 à 21
2025-05-03 16:09:47,848 - INFO - IA: Raquette droite déplacée de 21 à 14
2025-05-03 16:09:47,865 - INFO - IA: Raquette droite déplacée de 14 à 21
2025-05-03 16:09:47,883 - INFO - IA: Raquette droite déplacée de 21 à 28
2025-05-03 16:09:47,900 - INFO - IA: Raquette droite déplacée de 28 à 35
2025-05-03 16:09:47,917 - INFO - IA: Raquette droite déplacée de 35 à 42
2025-05-03 16:09:47,934 - INFO - IA: Raquette droite déplacée de 42 à 49
2025-05-03 16:09:47,952 - INFO - IA: Raquette droite déplacée de 49 à 42
2025-05-03 16:09:47,970 - INFO - IA: Raquette droite déplacée de 42 à 49
2025-05-03 16:09:47,989 - INFO - IA: Raquette droite déplacée de 49 à 42
2025-05-03 16:09:48,009 - INFO - IA: Raquette droite déplacée de 42 à 35
2025-05-03 16:09:48,026 - INFO - IA: Raquette droite déplacée de 35 à 42
2025-05-03 16:09:48,045 - INFO - IA: Raquette droite déplacée de 42 à 49
2025-05-03 16:09:48,063 - INFO - IA: Raquette droite déplacée de 49 à 56
2025-05-03 16:09:48,097 - INFO - IA: Raquette droite déplacée de 56 à 63
2025-05-03 16:09:48,114 - INFO - INPUT: Joueur appuie sur la touche HAUT
2025-05-03 16:09:48,115 - INFO - JOUEUR: Raquette gauche déplacée de 175 à 168
2025-05-03 16:09:48,115 - INFO - IA: Raquette droite déplacée de 63 à 70
2025-05-03 16:09:48,132 - INFO - JOUEUR: Raquette gauche déplacée de 168 à 161
2025-05-03 16:09:48,133 - INFO - IA: Raquette droite déplacée de 70 à 77
2025-05-03 16:09:48,151 - INFO - JOUEUR: Raquette gauche déplacée de 161 à 154
2025-05-03 16:09:48,151 - INFO - IA: Raquette droite déplacée de 77 à 84
2025-05-03 16:09:48,169 - INFO - JOUEUR: Raquette gauche déplacée de 154 à 147
2025-05-03 16:09:48,169 - INFO - IA: Raquette droite déplacée de 84 à 91
2025-05-03 16:09:48,187 - INFO - JOUEUR: Raquette gauche déplacée de 147 à 140
2025-05-03 16:09:48,187 - INFO - IA: Raquette droite déplacée de 91 à 98
2025-05-03 16:09:48,206 - INFO - JOUEUR: Raquette gauche déplacée de 140 à 133
2025-05-03 16:09:48,206 - INFO - IA: Raquette droite déplacée de 98 à 105
2025-05-03 16:09:48,224 - INFO - JOUEUR: Raquette gauche déplacée de 133 à 126
2025-05-03 16:09:48,225 - INFO - IA: Raquette droite déplacée de 105 à 112
2025-05-03 16:09:48,242 - INFO - INPUT: Joueur relâche les touches directionnelles
2025-05-03 16:09:48,243 - INFO - IA: Raquette droite déplacée de 112 à 119
2025-05-03 16:09:48,261 - INFO - IA: Raquette droite déplacée de 119 à 126
2025-05-03 16:09:48,280 - INFO - IA: Raquette droite déplacée de 126 à 133
2025-05-03 16:09:48,298 - INFO - IA: Raquette droite déplacée de 133 à 140
2025-05-03 16:09:48,316 - INFO - IA: Raquette droite déplacée de 140 à 147
2025-05-03 16:09:48,334 - INFO - IA: Raquette droite déplacée de 147 à 154
2025-05-03 16:09:48,353 - INFO - IA: Raquette droite déplacée de 154 à 147
2025-05-03 16:09:48,372 - INFO - IA: Raquette droite déplacée de 147 à 140
2025-05-03 16:09:48,390 - INFO - IA: Raquette droite déplacée de 140 à 147
2025-05-03 16:09:48,409 - INFO - INPUT: Joueur appuie sur la touche BAS
2025-05-03 16:09:48,409 - INFO - JOUEUR: Raquette gauche déplacée de 126 à 133
2025-05-03 16:09:48,409 - INFO - IA: Raquette droite déplacée de 147 à 154
2025-05-03 16:09:48,427 - INFO - JOUEUR: Raquette gauche déplacée de 133 à 140
2025-05-03 16:09:48,428 - INFO - IA: Raquette droite déplacée de 154 à 161
2025-05-03 16:09:48,446 - INFO - JOUEUR: Raquette gauche déplacée de 140 à 147
2025-05-03 16:09:48,446 - INFO - IA: Raquette droite déplacée de 161 à 168
2025-05-03 16:09:48,464 - INFO - JOUEUR: Raquette gauche déplacée de 147 à 154
2025-05-03 16:09:48,465 - INFO - IA: Raquette droite déplacée de 168 à 161
2025-05-03 16:09:48,483 - INFO - JOUEUR: Raquette gauche déplacée de 154 à 161
2025-05-03 16:09:48,483 - INFO - IA: Raquette droite déplacée de 161 à 168
2025-05-03 16:09:48,501 - INFO - JOUEUR: Raquette gauche déplacée de 161 à 168
2025-05-03 16:09:48,501 - INFO - IA: Raquette droite déplacée de 168 à 175
2025-05-03 16:09:48,518 - INFO - JOUEUR: Raquette gauche déplacée de 168 à 175
2025-05-03 16:09:48,538 - INFO - JOUEUR: Raquette gauche déplacée de 175 à 182
2025-05-03 16:09:48,539 - INFO - IA: Raquette droite déplacée de 175 à 182
2025-05-03 16:09:48,558 - INFO - JOUEUR: Raquette gauche déplacée de 182 à 189
2025-05-03 16:09:48,558 - INFO - IA: Raquette droite déplacée de 182 à 189
2025-05-03 16:09:48,575 - INFO - JOUEUR: Raquette gauche déplacée de 189 à 196
2025-05-03 16:09:48,576 - INFO - IA: Raquette droite déplacée de 189 à 196
2025-05-03 16:09:48,593 - INFO - JOUEUR: Raquette gauche déplacée de 196 à 203
2025-05-03 16:09:48,593 - INFO - IA: Raquette droite déplacée de 196 à 203
2025-05-03 16:09:48,593 - INFO - COLLISION: Balle a rebondi sur une raquette à la position (28, 268)
2025-05-03 16:09:48,611 - INFO - JOUEUR: Raquette gauche déplacée de 203 à 210
2025-05-03 16:09:48,611 - INFO - IA: Raquette droite déplacée de 203 à 210
2025-05-03 16:09:48,628 - INFO - JOUEUR: Raquette gauche déplacée de 210 à 217
2025-05-03 16:09:48,628 - INFO - IA: Raquette droite déplacée de 210 à 217
2025-05-03 16:09:48,647 - INFO - JOUEUR: Raquette gauche déplacée de 217 à 224
2025-05-03 16:09:48,647 - INFO - IA: Raquette droite déplacée de 217 à 224
2025-05-03 16:09:48,664 - INFO - JOUEUR: Raquette gauche déplacée de 224 à 231
2025-05-03 16:09:48,665 - INFO - IA: Raquette droite déplacée de 224 à 231
2025-05-03 16:09:48,682 - INFO - INPUT: Joueur relâche les touches directionnelles
2025-05-03 16:09:48,683 - INFO - IA: Raquette droite déplacée de 231 à 238
2025-05-03 16:09:48,700 - INFO - IA: Raquette droite déplacée de 238 à 245
2025-05-03 16:09:48,718 - INFO - IA: Raquette droite déplacée de 245 à 252
2025-05-03 16:09:48,736 - INFO - IA: Raquette droite déplacée de 252 à 259
2025-05-03 16:09:48,754 - INFO - IA: Raquette droite déplacée de 259 à 266
2025-05-03 16:09:48,771 - INFO - IA: Raquette droite déplacée de 266 à 259
2025-05-03 16:09:48,790 - INFO - IA: Raquette droite déplacée de 259 à 266
2025-05-03 16:09:48,809 - INFO - IA: Raquette droite déplacée de 266 à 259
2025-05-03 16:09:48,827 - INFO - IA: Raquette droite déplacée de 259 à 266
2025-05-03 16:09:48,845 - INFO - IA: Raquette droite déplacée de 266 à 273
2025-05-03 16:09:48,863 - INFO - IA: Raquette droite déplacée de 273 à 280
2025-05-03 16:09:48,880 - INFO - IA: Raquette droite déplacée de 280 à 287
2025-05-03 16:09:48,898 - INFO - IA: Raquette droite déplacée de 287 à 294
2025-05-03 16:09:48,915 - INFO - IA: Raquette droite déplacée de 294 à 301
2025-05-03 16:09:48,932 - INFO - IA: Raquette droite déplacée de 301 à 294
2025-05-03 16:09:48,950 - INFO - IA: Raquette droite déplacée de 294 à 301
2025-05-03 16:09:48,967 - INFO - IA: Raquette droite déplacée de 301 à 308
2025-05-03 16:09:48,984 - INFO - IA: Raquette droite déplacée de 308 à 315
2025-05-03 16:09:49,002 - INFO - IA: Raquette droite déplacée de 315 à 322
2025-05-03 16:09:49,020 - INFO - IA: Raquette droite déplacée de 322 à 329
2025-05-03 16:09:49,038 - INFO - IA: Raquette droite déplacée de 329 à 322
2025-05-03 16:09:49,058 - INFO - IA: Raquette droite déplacée de 322 à 329
2025-05-03 16:09:49,076 - INFO - IA: Raquette droite déplacée de 329 à 336
2025-05-03 16:09:49,094 - INFO - IA: Raquette droite déplacée de 336 à 343
2025-05-03 16:09:49,113 - INFO - IA: Raquette droite déplacée de 343 à 350
2025-05-03 16:09:49,131 - INFO - IA: Raquette droite déplacée de 350 à 357
2025-05-03 16:09:49,148 - INFO - IA: Raquette droite déplacée de 357 à 364
2025-05-03 16:09:49,166 - INFO - IA: Raquette droite déplacée de 364 à 357
2025-05-03 16:09:49,183 - INFO - IA: Raquette droite déplacée de 357 à 364
2025-05-03 16:09:49,200 - INFO - IA: Raquette droite déplacée de 364 à 371
2025-05-03 16:09:49,218 - INFO - IA: Raquette droite déplacée de 371 à 378
2025-05-03 16:09:49,237 - INFO - IA: Raquette droite déplacée de 378 à 385
2025-05-03 16:09:49,254 - INFO - IA: Raquette droite déplacée de 385 à 390
2025-05-03 16:09:49,307 - INFO - COLLISION: Balle a rebondi sur un mur à la position (468, 468)
2025-05-03 16:09:49,379 - INFO - IA: Raquette droite déplacée de 390 à 383
2025-05-03 16:09:49,397 - INFO - IA: Raquette droite déplacée de 383 à 390
2025-05-03 16:09:49,416 - INFO - INPUT: Joueur appuie sur la touche HAUT
2025-05-03 16:09:49,416 - INFO - JOUEUR: Raquette gauche déplacée de 231 à 224
2025-05-03 16:09:49,434 - INFO - JOUEUR: Raquette gauche déplacée de 224 à 217
2025-05-03 16:09:49,434 - INFO - IA: Raquette droite déplacée de 390 à 383
2025-05-03 16:09:49,452 - INFO - JOUEUR: Raquette gauche déplacée de 217 à 210
2025-05-03 16:09:49,453 - INFO - IA: Raquette droite déplacée de 383 à 390
2025-05-03 16:09:49,454 - INFO - COLLISION: Balle a rebondi sur une raquette à la position (556, 428)
2025-05-03 16:09:49,472 - INFO - JOUEUR: Raquette gauche déplacée de 210 à 203
2025-05-03 16:09:49,490 - INFO - JOUEUR: Raquette gauche déplacée de 203 à 196
2025-05-03 16:09:49,490 - INFO - IA: Raquette droite déplacée de 390 à 383
2025-05-03 16:09:49,508 - INFO - JOUEUR: Raquette gauche déplacée de 196 à 189
2025-05-03 16:09:49,508 - INFO - IA: Raquette droite déplacée de 383 à 376
2025-05-03 16:09:49,525 - INFO - JOUEUR: Raquette gauche déplacée de 189 à 182
2025-05-03 16:09:49,543 - INFO - JOUEUR: Raquette gauche déplacée de 182 à 175
2025-05-03 16:09:49,544 - INFO - IA: Raquette droite déplacée de 376 à 369
2025-05-03 16:09:49,562 - INFO - INPUT: Joueur relâche les touches directionnelles
2025-05-03 16:09:49,563 - INFO - IA: Raquette droite déplacée de 369 à 362
2025-05-03 16:09:49,582 - INFO - IA: Raquette droite déplacée de 362 à 369
2025-05-03 16:09:49,601 - INFO - IA: Raquette droite déplacée de 369 à 376
2025-05-03 16:09:49,620 - INFO - IA: Raquette droite déplacée de 376 à 369
2025-05-03 16:09:49,637 - INFO - IA: Raquette droite déplacée de 369 à 362
2025-05-03 16:09:49,655 - INFO - IA: Raquette droite déplacée de 362 à 369
2025-05-03 16:09:49,672 - INFO - IA: Raquette droite déplacée de 369 à 362
2025-05-03 16:09:49,689 - INFO - IA: Raquette droite déplacée de 362 à 355
2025-05-03 16:09:49,707 - INFO - IA: Raquette droite déplacée de 355 à 348
2025-05-03 16:09:49,724 - INFO - IA: Raquette droite déplacée de 348 à 341
2025-05-03 16:09:49,742 - INFO - IA: Raquette droite déplacée de 341 à 348
2025-05-03 16:09:49,759 - INFO - IA: Raquette droite déplacée de 348 à 341
2025-05-03 16:09:49,776 - INFO - IA: Raquette droite déplacée de 341 à 334
2025-05-03 16:09:49,794 - INFO - IA: Raquette droite déplacée de 334 à 327
2025-05-03 16:09:49,811 - INFO - IA: Raquette droite déplacée de 327 à 320
2025-05-03 16:09:49,830 - INFO - IA: Raquette droite déplacée de 320 à 313
2025-05-03 16:09:49,848 - INFO - IA: Raquette droite déplacée de 313 à 306
2025-05-03 16:09:49,867 - INFO - IA: Raquette droite déplacée de 306 à 299
2025-05-03 16:09:49,885 - INFO - IA: Raquette droite déplacée de 299 à 292
2025-05-03 16:09:49,903 - INFO - IA: Raquette droite déplacée de 292 à 285
2025-05-03 16:09:49,922 - INFO - INPUT: Joueur appuie sur la touche BAS
2025-05-03 16:09:49,923 - INFO - JOUEUR: Raquette gauche déplacée de 175 à 182
2025-05-03 16:09:49,923 - INFO - IA: Raquette droite déplacée de 285 à 278
2025-05-03 16:09:49,940 - INFO - JOUEUR: Raquette gauche déplacée de 182 à 189
2025-05-03 16:09:49,941 - INFO - IA: Raquette droite déplacée de 278 à 271
2025-05-03 16:09:49,959 - INFO - JOUEUR: Raquette gauche déplacée de 189 à 196
2025-05-03 16:09:49,959 - INFO - IA: Raquette droite déplacée de 271 à 278
2025-05-03 16:09:49,976 - INFO - JOUEUR: Raquette gauche déplacée de 196 à 203
2025-05-03 16:09:49,977 - INFO - IA: Raquette droite déplacée de 278 à 271
2025-05-03 16:09:49,994 - INFO - JOUEUR: Raquette gauche déplacée de 203 à 210
2025-05-03 16:09:49,995 - INFO - IA: Raquette droite déplacée de 271 à 264
2025-05-03 16:09:50,013 - INFO - JOUEUR: Raquette gauche déplacée de 210 à 217
2025-05-03 16:09:50,013 - INFO - IA: Raquette droite déplacée de 264 à 257
2025-05-03 16:09:50,031 - INFO - INPUT: Joueur relâche les touches directionnelles
2025-05-03 16:09:50,032 - INFO - IA: Raquette droite déplacée de 257 à 250
2025-05-03 16:09:50,049 - INFO - IA: Raquette droite déplacée de 250 à 243
2025-05-03 16:09:50,067 - INFO - IA: Raquette droite déplacée de 243 à 236
2025-05-03 16:09:50,084 - INFO - IA: Raquette droite déplacée de 236 à 229
2025-05-03 16:09:50,102 - INFO - IA: Raquette droite déplacée de 229 à 222
2025-05-03 16:09:50,120 - INFO - IA: Raquette droite déplacée de 222 à 229
2025-05-03 16:09:50,138 - INFO - IA: Raquette droite déplacée de 229 à 222
2025-05-03 16:09:50,156 - INFO - IA: Raquette droite déplacée de 222 à 215
2025-05-03 16:09:50,174 - INFO - IA: Raquette droite déplacée de 215 à 208
2025-05-03 16:09:50,192 - INFO - IA: Raquette droite déplacée de 208 à 201
2025-05-03 16:09:50,209 - INFO - IA: Raquette droite déplacée de 201 à 194
2025-05-03 16:09:50,227 - INFO - IA: Raquette droite déplacée de 194 à 201
2025-05-03 16:09:50,244 - INFO - IA: Raquette droite déplacée de 201 à 194
2025-05-03 16:09:50,245 - INFO - COLLISION: Balle a rebondi sur une raquette à la position (28, 208)
2025-05-03 16:09:50,262 - INFO - INPUT: Joueur appuie sur la touche HAUT
2025-05-03 16:09:50,263 - INFO - JOUEUR: Raquette gauche déplacée de 217 à 210
2025-05-03 16:09:50,263 - INFO - IA: Raquette droite déplacée de 194 à 201
2025-05-03 16:09:50,281 - INFO - JOUEUR: Raquette gauche déplacée de 210 à 203
2025-05-03 16:09:50,282 - INFO - IA: Raquette droite déplacée de 201 à 194
2025-05-03 16:09:50,299 - INFO - JOUEUR: Raquette gauche déplacée de 203 à 196
2025-05-03 16:09:50,300 - INFO - IA: Raquette droite déplacée de 194 à 187
2025-05-03 16:09:50,317 - INFO - JOUEUR: Raquette gauche déplacée de 196 à 189
2025-05-03 16:09:50,318 - INFO - IA: Raquette droite déplacée de 187 à 180
2025-05-03 16:09:50,336 - INFO - JOUEUR: Raquette gauche déplacée de 189 à 182
2025-05-03 16:09:50,336 - INFO - IA: Raquette droite déplacée de 180 à 173
2025-05-03 16:09:50,353 - INFO - JOUEUR: Raquette gauche déplacée de 182 à 175
2025-05-03 16:09:50,354 - INFO - IA: Raquette droite déplacée de 173 à 166
2025-05-03 16:09:50,373 - INFO - INPUT: Joueur relâche les touches directionnelles
2025-05-03 16:09:50,374 - INFO - IA: Raquette droite déplacée de 166 à 173
2025-05-03 16:09:50,391 - INFO - IA: Raquette droite déplacée de 173 à 166
2025-05-03 16:09:50,409 - INFO - IA: Raquette droite déplacée de 166 à 159
2025-05-03 16:09:50,428 - INFO - IA: Raquette droite déplacée de 159 à 152
2025-05-03 16:09:50,448 - INFO - IA: Raquette droite déplacée de 152 à 145
2025-05-03 16:09:50,467 - INFO - IA: Raquette droite déplacée de 145 à 138
2025-05-03 16:09:50,485 - INFO - IA: Raquette droite déplacée de 138 à 131
2025-05-03 16:09:50,505 - INFO - IA: Raquette droite déplacée de 131 à 124
2025-05-03 16:09:50,524 - INFO - IA: Raquette droite déplacée de 124 à 117
2025-05-03 16:09:50,542 - INFO - IA: Raquette droite déplacée de 117 à 110
2025-05-03 16:09:50,560 - INFO - IA: Raquette droite déplacée de 110 à 103
2025-05-03 16:09:50,577 - INFO - IA: Raquette droite déplacée de 103 à 96
2025-05-03 16:09:50,595 - INFO - IA: Raquette droite déplacée de 96 à 103
2025-05-03 16:09:50,613 - INFO - IA: Raquette droite déplacée de 103 à 96
2025-05-03 16:09:50,631 - INFO - IA: Raquette droite déplacée de 96 à 89
2025-05-03 16:09:50,650 - INFO - IA: Raquette droite déplacée de 89 à 82
2025-05-03 16:09:50,669 - INFO - IA: Raquette droite déplacée de 82 à 75
2025-05-03 16:09:50,687 - INFO - IA: Raquette droite déplacée de 75 à 68
2025-05-03 16:09:50,704 - INFO - IA: Raquette droite déplacée de 68 à 61
2025-05-03 16:09:50,722 - INFO - IA: Raquette droite déplacée de 61 à 54
2025-05-03 16:09:50,739 - INFO - IA: Raquette droite déplacée de 54 à 47
2025-05-03 16:09:50,757 - INFO - IA: Raquette droite déplacée de 47 à 40
2025-05-03 16:09:50,775 - INFO - IA: Raquette droite déplacée de 40 à 33
2025-05-03 16:09:50,792 - INFO - IA: Raquette droite déplacée de 33 à 40
2025-05-03 16:09:50,810 - INFO - IA: Raquette droite déplacée de 40 à 33
2025-05-03 16:09:50,828 - INFO - IA: Raquette droite déplacée de 33 à 26
2025-05-03 16:09:50,846 - INFO - IA: Raquette droite déplacée de 26 à 19
2025-05-03 16:09:50,864 - INFO - IA: Raquette droite déplacée de 19 à 26
2025-05-03 16:09:50,882 - INFO - IA: Raquette droite déplacée de 26 à 19
2025-05-03 16:09:50,901 - INFO - IA: Raquette droite déplacée de 19 à 26
2025-05-03 16:09:50,919 - INFO - IA: Raquette droite déplacée de 26 à 19
2025-05-03 16:09:50,938 - INFO - IA: Raquette droite déplacée de 19 à 12
2025-05-03 16:09:50,956 - INFO - IA: Raquette droite déplacée de 12 à 5
2025-05-03 16:09:50,974 - INFO - IA: Raquette droite déplacée de 5 à 0
2025-05-03 16:09:50,992 - INFO - COLLISION: Balle a rebondi sur une raquette à la position (561, 3)
2025-05-03 16:09:51,009 - INFO - COLLISION: Balle a rebondi sur un mur à la position (547, -2)
2025-05-03 16:09:51,092 - INFO - IA: Raquette droite déplacée de 0 à 7
2025-05-03 16:09:51,110 - INFO - IA: Raquette droite déplacée de 7 à 0
2025-05-03 16:09:51,144 - INFO - IA: Raquette droite déplacée de 0 à 7
2025-05-03 16:09:51,163 - INFO - IA: Raquette droite déplacée de 7 à 14
2025-05-03 16:09:51,180 - INFO - IA: Raquette droite déplacée de 14 à 21
2025-05-03 16:09:51,198 - INFO - IA: Raquette droite déplacée de 21 à 14
2025-05-03 16:09:51,216 - INFO - IA: Raquette droite déplacée de 14 à 21
2025-05-03 16:09:51,234 - INFO - IA: Raquette droite déplacée de 21 à 14
2025-05-03 16:09:51,253 - INFO - IA: Raquette droite déplacée de 14 à 21
2025-05-03 16:09:51,271 - INFO - IA: Raquette droite déplacée de 21 à 28
2025-05-03 16:09:51,289 - INFO - IA: Raquette droite déplacée de 28 à 35
2025-05-03 16:09:51,307 - INFO - IA: Raquette droite déplacée de 35 à 42
2025-05-03 16:09:51,325 - INFO - IA: Raquette droite déplacée de 42 à 35
2025-05-03 16:09:51,343 - INFO - IA: Raquette droite déplacée de 35 à 42
2025-05-03 16:09:51,361 - INFO - IA: Raquette droite déplacée de 42 à 35
2025-05-03 16:09:51,379 - INFO - IA: Raquette droite déplacée de 35 à 42
2025-05-03 16:09:51,397 - INFO - IA: Raquette droite déplacée de 42 à 49
2025-05-03 16:09:51,414 - INFO - IA: Raquette droite déplacée de 49 à 56
2025-05-03 16:09:51,432 - INFO - IA: Raquette droite déplacée de 56 à 63
2025-05-03 16:09:51,450 - INFO - IA: Raquette droite déplacée de 63 à 70
2025-05-03 16:09:51,470 - INFO - IA: Raquette droite déplacée de 70 à 77
2025-05-03 16:09:51,488 - INFO - IA: Raquette droite déplacée de 77 à 70
2025-05-03 16:09:51,506 - INFO - IA: Raquette droite déplacée de 70 à 77
2025-05-03 16:09:51,524 - INFO - IA: Raquette droite déplacée de 77 à 84
2025-05-03 16:09:51,543 - INFO - IA: Raquette droite déplacée de 84 à 91
2025-05-03 16:09:51,561 - INFO - IA: Raquette droite déplacée de 91 à 98
2025-05-03 16:09:51,580 - INFO - INPUT: Joueur appuie sur la touche HAUT
2025-05-03 16:09:51,580 - INFO - JOUEUR: Raquette gauche déplacée de 175 à 168
2025-05-03 16:09:51,580 - INFO - IA: Raquette droite déplacée de 98 à 91
2025-05-03 16:09:51,599 - INFO - JOUEUR: Raquette gauche déplacée de 168 à 161
2025-05-03 16:09:51,599 - INFO - IA: Raquette droite déplacée de 91 à 98
2025-05-03 16:09:51,617 - INFO - JOUEUR: Raquette gauche déplacée de 161 à 154
2025-05-03 16:09:51,619 - INFO - IA: Raquette droite déplacée de 98 à 105
2025-05-03 16:09:51,636 - INFO - JOUEUR: Raquette gauche déplacée de 154 à 147
2025-05-03 16:09:51,637 - INFO - IA: Raquette droite déplacée de 105 à 112
2025-05-03 16:09:51,655 - INFO - JOUEUR: Raquette gauche déplacée de 147 à 140
2025-05-03 16:09:51,655 - INFO - IA: Raquette droite déplacée de 112 à 105
2025-05-03 16:09:51,674 - INFO - JOUEUR: Raquette gauche déplacée de 140 à 133
2025-05-03 16:09:51,674 - INFO - IA: Raquette droite déplacée de 105 à 112
2025-05-03 16:09:51,675 - INFO - COLLISION: Balle a rebondi sur une raquette à la position (29, 183)
2025-05-03 16:09:51,693 - INFO - INPUT: Joueur relâche les touches directionnelles
2025-05-03 16:09:51,693 - INFO - IA: Raquette droite déplacée de 112 à 119
2025-05-03 16:09:51,711 - INFO - IA: Raquette droite déplacée de 119 à 126
2025-05-03 16:09:51,728 - INFO - IA: Raquette droite déplacée de 126 à 133
2025-05-03 16:09:51,746 - INFO - IA: Raquette droite déplacée de 133 à 140
2025-05-03 16:09:51,763 - INFO - IA: Raquette droite déplacée de 140 à 147
2025-05-03 16:09:51,780 - INFO - IA: Raquette droite déplacée de 147 à 154
2025-05-03 16:09:51,798 - INFO - IA: Raquette droite déplacée de 154 à 161
2025-05-03 16:09:51,816 - INFO - IA: Raquette droite déplacée de 161 à 168
2025-05-03 16:09:51,834 - INFO - IA: Raquette droite déplacée de 168 à 175
2025-05-03 16:09:51,852 - INFO - IA: Raquette droite déplacée de 175 à 168
2025-05-03 16:09:51,870 - INFO - IA: Raquette droite déplacée de 168 à 175
2025-05-03 16:09:51,888 - INFO - IA: Raquette droite déplacée de 175 à 182
2025-05-03 16:09:51,905 - INFO - IA: Raquette droite déplacée de 182 à 189
2025-05-03 16:09:51,923 - INFO - IA: Raquette droite déplacée de 189 à 196
2025-05-03 16:09:51,942 - INFO - IA: Raquette droite déplacée de 196 à 203
2025-05-03 16:09:51,960 - INFO - IA: Raquette droite déplacée de 203 à 196
2025-05-03 16:09:51,977 - INFO - IA: Raquette droite déplacée de 196 à 203
2025-05-03 16:09:51,995 - INFO - IA: Raquette droite déplacée de 203 à 210
2025-05-03 16:09:52,012 - INFO - IA: Raquette droite déplacée de 210 à 203
2025-05-03 16:09:52,030 - INFO - IA: Raquette droite déplacée de 203 à 210
2025-05-03 16:09:52,048 - INFO - IA: Raquette droite déplacée de 210 à 217
2025-05-03 16:09:52,066 - INFO - IA: Raquette droite déplacée de 217 à 224
2025-05-03 16:09:52,084 - INFO - IA: Raquette droite déplacée de 224 à 231
2025-05-03 16:09:52,102 - INFO - IA: Raquette droite déplacée de 231 à 238
2025-05-03 16:09:52,119 - INFO - IA: Raquette droite déplacée de 238 à 245
2025-05-03 16:09:52,137 - INFO - IA: Raquette droite déplacée de 245 à 252
2025-05-03 16:09:52,155 - INFO - IA: Raquette droite déplacée de 252 à 259
2025-05-03 16:09:52,173 - INFO - IA: Raquette droite déplacée de 259 à 266
2025-05-03 16:09:52,191 - INFO - IA: Raquette droite déplacée de 266 à 273
2025-05-03 16:09:52,209 - INFO - IA: Raquette droite déplacée de 273 à 280
2025-05-03 16:09:52,227 - INFO - IA: Raquette droite déplacée de 280 à 287
2025-05-03 16:09:52,244 - INFO - IA: Raquette droite déplacée de 287 à 280
2025-05-03 16:09:52,262 - INFO - IA: Raquette droite déplacée de 280 à 287
2025-05-03 16:09:52,279 - INFO - IA: Raquette droite déplacée de 287 à 294
2025-05-03 16:09:52,298 - INFO - IA: Raquette droite déplacée de 294 à 287
2025-05-03 16:09:52,299 - INFO - COLLISION: Balle a rebondi sur une raquette à la position (554, 358)
2025-05-03 16:09:52,318 - INFO - INPUT: Joueur appuie sur la touche BAS
2025-05-03 16:09:52,319 - INFO - JOUEUR: Raquette gauche déplacée de 133 à 140
2025-05-03 16:09:52,319 - INFO - IA: Raquette droite déplacée de 287 à 294
2025-05-03 16:09:52,337 - INFO - JOUEUR: Raquette gauche déplacée de 140 à 147
2025-05-03 16:09:52,337 - INFO - IA: Raquette droite déplacée de 294 à 301
2025-05-03 16:09:52,355 - INFO - JOUEUR: Raquette gauche déplacée de 147 à 154
2025-05-03 16:09:52,356 - INFO - IA: Raquette droite déplacée de 301 à 308
2025-05-03 16:09:52,374 - INFO - JOUEUR: Raquette gauche déplacée de 154 à 161
2025-05-03 16:09:52,375 - INFO - IA: Raquette droite déplacée de 308 à 315
2025-05-03 16:09:52,392 - INFO - JOUEUR: Raquette gauche déplacée de 161 à 168
2025-05-03 16:09:52,393 - INFO - IA: Raquette droite déplacée de 315 à 322
2025-05-03 16:09:52,410 - INFO - JOUEUR: Raquette gauche déplacée de 168 à 175
2025-05-03 16:09:52,411 - INFO - IA: Raquette droite déplacée de 322 à 315
2025-05-03 16:09:52,431 - INFO - JOUEUR: Raquette gauche déplacée de 175 à 182
2025-05-03 16:09:52,431 - INFO - IA: Raquette droite déplacée de 315 à 322
2025-05-03 16:09:52,449 - INFO - JOUEUR: Raquette gauche déplacée de 182 à 189
2025-05-03 16:09:52,450 - INFO - IA: Raquette droite déplacée de 322 à 329
2025-05-03 16:09:52,469 - INFO - JOUEUR: Raquette gauche déplacée de 189 à 196
2025-05-03 16:09:52,470 - INFO - IA: Raquette droite déplacée de 329 à 336
2025-05-03 16:09:52,488 - INFO - JOUEUR: Raquette gauche déplacée de 196 à 203
2025-05-03 16:09:52,489 - INFO - IA: Raquette droite déplacée de 336 à 343
2025-05-03 16:09:52,507 - INFO - INPUT: Joueur relâche les touches directionnelles
2025-05-03 16:09:52,507 - INFO - IA: Raquette droite déplacée de 343 à 350
2025-05-03 16:09:52,526 - INFO - IA: Raquette droite déplacée de 350 à 357
2025-05-03 16:09:52,543 - INFO - IA: Raquette droite déplacée de 357 à 364
2025-05-03 16:09:52,561 - INFO - IA: Raquette droite déplacée de 364 à 371
2025-05-03 16:09:52,578 - INFO - IA: Raquette droite déplacée de 371 à 378
2025-05-03 16:09:52,595 - INFO - IA: Raquette droite déplacée de 378 à 385
2025-05-03 16:09:52,630 - INFO - IA: Raquette droite déplacée de 385 à 390
2025-05-03 16:09:52,699 - INFO - COLLISION: Balle a rebondi sur un mur à la position (224, 468)
2025-05-03 16:09:52,717 - INFO - INPUT: Joueur appuie sur la touche BAS
2025-05-03 16:09:52,717 - INFO - JOUEUR: Raquette gauche déplacée de 203 à 210
2025-05-03 16:09:52,735 - INFO - JOUEUR: Raquette gauche déplacée de 210 à 217
2025-05-03 16:09:52,753 - INFO - JOUEUR: Raquette gauche déplacée de 217 à 224
2025-05-03 16:09:52,771 - INFO - JOUEUR: Raquette gauche déplacée de 224 à 231
2025-05-03 16:09:52,772 - INFO - IA: Raquette droite déplacée de 390 à 383
2025-05-03 16:09:52,790 - INFO - JOUEUR: Raquette gauche déplacée de 231 à 238
2025-05-03 16:09:52,791 - INFO - IA: Raquette droite déplacée de 383 à 390
2025-05-03 16:09:52,809 - INFO - JOUEUR: Raquette gauche déplacée de 238 à 245
2025-05-03 16:09:52,826 - INFO - JOUEUR: Raquette gauche déplacée de 245 à 252
2025-05-03 16:09:52,845 - INFO - INPUT: Joueur relâche les touches directionnelles
2025-05-03 16:09:52,845 - INFO - IA: Raquette droite déplacée de 390 à 383
2025-05-03 16:09:52,863 - INFO - IA: Raquette droite déplacée de 383 à 376
2025-05-03 16:09:52,881 - INFO - IA: Raquette droite déplacée de 376 à 383
2025-05-03 16:09:52,899 - INFO - IA: Raquette droite déplacée de 383 à 390
2025-05-03 16:09:52,934 - INFO - IA: Raquette droite déplacée de 390 à 383
2025-05-03 16:09:52,952 - INFO - IA: Raquette droite déplacée de 383 à 390
2025-05-03 16:09:52,969 - INFO - IA: Raquette droite déplacée de 390 à 383
2025-05-03 16:09:52,970 - INFO - POINT: Joueur droite (IA) marque un point! Score: 0-2
2025-05-03 16:09:52,987 - INFO - INPUT: Joueur appuie sur la touche BAS
2025-05-03 16:09:52,988 - INFO - JOUEUR: Raquette gauche déplacée de 252 à 259
2025-05-03 16:09:52,988 - INFO - IA: Raquette droite déplacée de 383 à 376
2025-05-03 16:09:53,006 - INFO - JOUEUR: Raquette gauche déplacée de 259 à 266
2025-05-03 16:09:53,006 - INFO - IA: Raquette droite déplacée de 376 à 369
2025-05-03 16:09:53,025 - INFO - JOUEUR: Raquette gauche déplacée de 266 à 273
2025-05-03 16:09:53,025 - INFO - IA: Raquette droite déplacée de 369 à 362
2025-05-03 16:09:53,043 - INFO - JOUEUR: Raquette gauche déplacée de 273 à 280
2025-05-03 16:09:53,043 - INFO - IA: Raquette droite déplacée de 362 à 355
2025-05-03 16:09:53,062 - INFO - JOUEUR: Raquette gauche déplacée de 280 à 287
2025-05-03 16:09:53,063 - INFO - IA: Raquette droite déplacée de 355 à 348
2025-05-03 16:09:53,081 - INFO - JOUEUR: Raquette gauche déplacée de 287 à 294
2025-05-03 16:09:53,081 - INFO - IA: Raquette droite déplacée de 348 à 341
2025-05-03 16:09:53,098 - INFO - JOUEUR: Raquette gauche déplacée de 294 à 301
2025-05-03 16:09:53,098 - INFO - IA: Raquette droite déplacée de 341 à 334
2025-05-03 16:09:53,116 - INFO - INPUT: Joueur relâche les touches directionnelles
2025-05-03 16:09:53,116 - INFO - IA: Raquette droite déplacée de 334 à 327
2025-05-03 16:09:53,134 - INFO - IA: Raquette droite déplacée de 327 à 320
2025-05-03 16:09:53,152 - INFO - IA: Raquette droite déplacée de 320 à 313
2025-05-03 16:09:53,170 - INFO - IA: Raquette droite déplacée de 313 à 306
2025-05-03 16:09:53,187 - INFO - IA: Raquette droite déplacée de 306 à 299
2025-05-03 16:09:53,205 - INFO - IA: Raquette droite déplacée de 299 à 292
2025-05-03 16:09:53,223 - INFO - IA: Raquette droite déplacée de 292 à 285
2025-05-03 16:09:53,241 - INFO - IA: Raquette droite déplacée de 285 à 278
2025-05-03 16:09:53,259 - INFO - IA: Raquette droite déplacée de 278 à 271
2025-05-03 16:09:53,277 - INFO - IA: Raquette droite déplacée de 271 à 264
2025-05-03 16:09:53,295 - INFO - IA: Raquette droite déplacée de 264 à 257
2025-05-03 16:09:53,314 - INFO - IA: Raquette droite déplacée de 257 à 250
2025-05-03 16:09:53,332 - INFO - IA: Raquette droite déplacée de 250 à 243
2025-05-03 16:09:53,351 - INFO - IA: Raquette droite déplacée de 243 à 236
2025-05-03 16:09:53,370 - INFO - IA: Raquette droite déplacée de 236 à 229
2025-05-03 16:09:53,388 - INFO - IA: Raquette droite déplacée de 229 à 222
2025-05-03 16:09:53,407 - INFO - IA: Raquette droite déplacée de 222 à 215
2025-05-03 16:09:53,425 - INFO - IA: Raquette droite déplacée de 215 à 208
2025-05-03 16:09:53,443 - INFO - IA: Raquette droite déplacée de 208 à 201
2025-05-03 16:09:53,462 - INFO - IA: Raquette droite déplacée de 201 à 194
2025-05-03 16:09:53,479 - INFO - IA: Raquette droite déplacée de 194 à 187
2025-05-03 16:09:53,497 - INFO - IA: Raquette droite déplacée de 187 à 180
2025-05-03 16:09:53,514 - INFO - IA: Raquette droite déplacée de 180 à 173
2025-05-03 16:09:53,533 - INFO - IA: Raquette droite déplacée de 173 à 166
2025-05-03 16:09:53,552 - INFO - IA: Raquette droite déplacée de 166 à 159
2025-05-03 16:09:53,570 - INFO - IA: Raquette droite déplacée de 159 à 152
2025-05-03 16:09:53,589 - INFO - IA: Raquette droite déplacée de 152 à 145
2025-05-03 16:09:53,608 - INFO - IA: Raquette droite déplacée de 145 à 138
2025-05-03 16:09:53,626 - INFO - IA: Raquette droite déplacée de 138 à 131
2025-05-03 16:09:53,644 - INFO - IA: Raquette droite déplacée de 131 à 124
2025-05-03 16:09:53,662 - INFO - IA: Raquette droite déplacée de 124 à 117
2025-05-03 16:09:53,680 - INFO - IA: Raquette droite déplacée de 117 à 110
2025-05-03 16:09:53,697 - INFO - IA: Raquette droite déplacée de 110 à 103
2025-05-03 16:09:53,716 - INFO - IA: Raquette droite déplacée de 103 à 96
2025-05-03 16:09:53,734 - INFO - IA: Raquette droite déplacée de 96 à 89
2025-05-03 16:09:53,752 - INFO - IA: Raquette droite déplacée de 89 à 82
2025-05-03 16:09:53,771 - INFO - IA: Raquette droite déplacée de 82 à 75
2025-05-03 16:09:53,789 - INFO - IA: Raquette droite déplacée de 75 à 68
2025-05-03 16:09:53,805 - INFO - IA: Raquette droite déplacée de 68 à 61
2025-05-03 16:09:53,822 - INFO - IA: Raquette droite déplacée de 61 à 54
2025-05-03 16:09:53,823 - INFO - COLLISION: Balle a rebondi sur un mur à la position (58, -2)
2025-05-03 16:09:53,840 - INFO - IA: Raquette droite déplacée de 54 à 47
2025-05-03 16:09:53,858 - INFO - IA: Raquette droite déplacée de 47 à 40
2025-05-03 16:09:53,876 - INFO - IA: Raquette droite déplacée de 40 à 33
2025-05-03 16:09:53,894 - INFO - IA: Raquette droite déplacée de 33 à 26
2025-05-03 16:09:53,912 - INFO - IA: Raquette droite déplacée de 26 à 19
2025-05-03 16:09:53,930 - INFO - IA: Raquette droite déplacée de 19 à 12
2025-05-03 16:09:53,947 - INFO - IA: Raquette droite déplacée de 12 à 5
2025-05-03 16:09:53,965 - INFO - IA: Raquette droite déplacée de 5 à 0
2025-05-03 16:09:54,001 - INFO - IA: Raquette droite déplacée de 0 à 7
2025-05-03 16:09:54,019 - INFO - IA: Raquette droite déplacée de 7 à 14
2025-05-03 16:09:54,036 - INFO - IA: Raquette droite déplacée de 14 à 7
2025-05-03 16:09:54,037 - INFO - POINT: Joueur droite (IA) marque un point! Score: 0-3
2025-05-03 16:09:54,054 - INFO - IA: Raquette droite déplacée de 7 à 14
2025-05-03 16:09:54,072 - INFO - IA: Raquette droite déplacée de 14 à 21
2025-05-03 16:09:54,089 - INFO - IA: Raquette droite déplacée de 21 à 28
2025-05-03 16:09:54,108 - INFO - IA: Raquette droite déplacée de 28 à 35
2025-05-03 16:09:54,127 - INFO - IA: Raquette droite déplacée de 35 à 42
2025-05-03 16:09:54,145 - INFO - IA: Raquette droite déplacée de 42 à 49
2025-05-03 16:09:54,163 - INFO - IA: Raquette droite déplacée de 49 à 56
2025-05-03 16:09:54,181 - INFO - IA: Raquette droite déplacée de 56 à 63
2025-05-03 16:09:54,198 - INFO - IA: Raquette droite déplacée de 63 à 70
2025-05-03 16:09:54,217 - INFO - IA: Raquette droite déplacée de 70 à 77
2025-05-03 16:09:54,234 - INFO - IA: Raquette droite déplacée de 77 à 84
2025-05-03 16:09:54,253 - INFO - IA: Raquette droite déplacée de 84 à 91
2025-05-03 16:09:54,270 - INFO - IA: Raquette droite déplacée de 91 à 98
2025-05-03 16:09:54,288 - INFO - IA: Raquette droite déplacée de 98 à 105
2025-05-03 16:09:54,306 - INFO - IA: Raquette droite déplacée de 105 à 112
2025-05-03 16:09:54,324 - INFO - IA: Raquette droite déplacée de 112 à 119
2025-05-03 16:09:54,342 - INFO - IA: Raquette droite déplacée de 119 à 126
2025-05-03 16:09:54,360 - INFO - IA: Raquette droite déplacée de 126 à 133
2025-05-03 16:09:54,378 - INFO - IA: Raquette droite déplacée de 133 à 140
2025-05-03 16:09:54,397 - INFO - IA: Raquette droite déplacée de 140 à 147
2025-05-03 16:09:54,415 - INFO - IA: Raquette droite déplacée de 147 à 154
2025-05-03 16:09:54,433 - INFO - IA: Raquette droite déplacée de 154 à 161
2025-05-03 16:09:54,454 - INFO - IA: Raquette droite déplacée de 161 à 168
2025-05-03 16:09:54,472 - INFO - IA: Raquette droite déplacée de 168 à 175
2025-05-03 16:09:54,491 - INFO - IA: Raquette droite déplacée de 175 à 182
2025-05-03 16:09:54,509 - INFO - IA: Raquette droite déplacée de 182 à 189
2025-05-03 16:09:54,528 - INFO - IA: Raquette droite déplacée de 189 à 196
2025-05-03 16:09:54,546 - INFO - IA: Raquette droite déplacée de 196 à 203
2025-05-03 16:09:54,563 - INFO - IA: Raquette droite déplacée de 203 à 210
2025-05-03 16:09:54,581 - INFO - IA: Raquette droite déplacée de 210 à 217
2025-05-03 16:09:54,599 - INFO - IA: Raquette droite déplacée de 217 à 224
2025-05-03 16:09:54,618 - INFO - IA: Raquette droite déplacée de 224 à 231
2025-05-03 16:09:54,635 - INFO - IA: Raquette droite déplacée de 231 à 238
2025-05-03 16:09:54,653 - INFO - IA: Raquette droite déplacée de 238 à 245
2025-05-03 16:09:54,672 - INFO - IA: Raquette droite déplacée de 245 à 252
2025-05-03 16:09:54,689 - INFO - IA: Raquette droite déplacée de 252 à 259
2025-05-03 16:09:54,707 - INFO - IA: Raquette droite déplacée de 259 à 266
2025-05-03 16:09:54,724 - INFO - IA: Raquette droite déplacée de 266 à 273
2025-05-03 16:09:54,743 - INFO - IA: Raquette droite déplacée de 273 à 280
2025-05-03 16:09:54,761 - INFO - IA: Raquette droite déplacée de 280 à 287
2025-05-03 16:09:54,778 - INFO - IA: Raquette droite déplacée de 287 à 294
2025-05-03 16:09:54,798 - INFO - IA: Raquette droite déplacée de 294 à 301
2025-05-03 16:09:54,816 - INFO - IA: Raquette droite déplacée de 301 à 308
2025-05-03 16:09:54,834 - INFO - IA: Raquette droite déplacée de 308 à 315
2025-05-03 16:09:54,851 - INFO - IA: Raquette droite déplacée de 315 à 322
2025-05-03 16:09:54,869 - INFO - IA: Raquette droite déplacée de 322 à 329
2025-05-03 16:09:54,887 - INFO - IA: Raquette droite déplacée de 329 à 336
2025-05-03 16:09:54,888 - INFO - COLLISION: Balle a rebondi sur un mur à la position (58, 468)
2025-05-03 16:09:54,905 - INFO - IA: Raquette droite déplacée de 336 à 343
2025-05-03 16:09:54,924 - INFO - IA: Raquette droite déplacée de 343 à 350
2025-05-03 16:09:54,942 - INFO - IA: Raquette droite déplacée de 350 à 357
2025-05-03 16:09:54,959 - INFO - IA: Raquette droite déplacée de 357 à 364
2025-05-03 16:09:54,977 - INFO - IA: Raquette droite déplacée de 364 à 371
2025-05-03 16:09:54,994 - INFO - IA: Raquette droite déplacée de 371 à 378
2025-05-03 16:09:55,012 - INFO - IA: Raquette droite déplacée de 378 à 385
2025-05-03 16:09:55,029 - INFO - IA: Raquette droite déplacée de 385 à 390
2025-05-03 16:09:55,064 - INFO - IA: Raquette droite déplacée de 390 à 383
2025-05-03 16:09:55,083 - INFO - IA: Raquette droite déplacée de 383 à 376
2025-05-03 16:09:55,100 - INFO - IA: Raquette droite déplacée de 376 à 369
2025-05-03 16:09:55,101 - INFO - POINT: Joueur droite (IA) marque un point! Score: 0-4
2025-05-03 16:09:55,118 - INFO - IA: Raquette droite déplacée de 369 à 362
2025-05-03 16:09:55,137 - INFO - IA: Raquette droite déplacée de 362 à 355
2025-05-03 16:09:55,155 - INFO - IA: Raquette droite déplacée de 355 à 348
2025-05-03 16:09:55,173 - INFO - IA: Raquette droite déplacée de 348 à 341
2025-05-03 16:09:55,190 - INFO - IA: Raquette droite déplacée de 341 à 334
2025-05-03 16:09:55,207 - INFO - IA: Raquette droite déplacée de 334 à 327
2025-05-03 16:09:55,225 - INFO - IA: Raquette droite déplacée de 327 à 320
2025-05-03 16:09:55,243 - INFO - IA: Raquette droite déplacée de 320 à 313
2025-05-03 16:09:55,262 - INFO - IA: Raquette droite déplacée de 313 à 306
2025-05-03 16:09:55,280 - INFO - IA: Raquette droite déplacée de 306 à 299
2025-05-03 16:09:55,300 - INFO - IA: Raquette droite déplacée de 299 à 292
2025-05-03 16:09:55,319 - INFO - IA: Raquette droite déplacée de 292 à 285
2025-05-03 16:09:55,337 - INFO - IA: Raquette droite déplacée de 285 à 278
2025-05-03 16:09:55,355 - INFO - IA: Raquette droite déplacée de 278 à 271
2025-05-03 16:09:55,373 - INFO - IA: Raquette droite déplacée de 271 à 278
2025-05-03 16:09:55,392 - INFO - IA: Raquette droite déplacée de 278 à 271
2025-05-03 16:09:55,410 - INFO - IA: Raquette droite déplacée de 271 à 264
2025-05-03 16:09:55,429 - INFO - IA: Raquette droite déplacée de 264 à 271
2025-05-03 16:09:55,448 - INFO - IA: Raquette droite déplacée de 271 à 264
2025-05-03 16:09:55,468 - INFO - IA: Raquette droite déplacée de 264 à 271
2025-05-03 16:09:55,489 - INFO - IA: Raquette droite déplacée de 271 à 264
2025-05-03 16:09:55,508 - INFO - IA: Raquette droite déplacée de 264 à 271
2025-05-03 16:09:55,527 - INFO - IA: Raquette droite déplacée de 271 à 278
2025-05-03 16:09:55,545 - INFO - IA: Raquette droite déplacée de 278 à 285
2025-05-03 16:09:55,563 - INFO - IA: Raquette droite déplacée de 285 à 292
2025-05-03 16:09:55,582 - INFO - IA: Raquette droite déplacée de 292 à 299
2025-05-03 16:09:55,601 - INFO - IA: Raquette droite déplacée de 299 à 306
2025-05-03 16:09:55,619 - INFO - IA: Raquette droite déplacée de 306 à 313
2025-05-03 16:09:55,637 - INFO - IA: Raquette droite déplacée de 313 à 320
2025-05-03 16:09:55,656 - INFO - IA: Raquette droite déplacée de 320 à 327
2025-05-03 16:09:55,675 - INFO - IA: Raquette droite déplacée de 327 à 320
2025-05-03 16:09:55,694 - INFO - IA: Raquette droite déplacée de 320 à 327
2025-05-03 16:09:55,712 - INFO - IA: Raquette droite déplacée de 327 à 334
2025-05-03 16:09:55,730 - INFO - IA: Raquette droite déplacée de 334 à 341
2025-05-03 16:09:55,749 - INFO - IA: Raquette droite déplacée de 341 à 348
2025-05-03 16:09:55,767 - INFO - IA: Raquette droite déplacée de 348 à 355
2025-05-03 16:09:55,785 - INFO - IA: Raquette droite déplacée de 355 à 362
2025-05-03 16:09:55,802 - INFO - IA: Raquette droite déplacée de 362 à 369
2025-05-03 16:09:55,820 - INFO - IA: Raquette droite déplacée de 369 à 376
2025-05-03 16:09:55,838 - INFO - IA: Raquette droite déplacée de 376 à 383
2025-05-03 16:09:55,855 - INFO - IA: Raquette droite déplacée de 383 à 390
2025-05-03 16:09:55,891 - INFO - IA: Raquette droite déplacée de 390 à 383
2025-05-03 16:09:55,909 - INFO - IA: Raquette droite déplacée de 383 à 390
2025-05-03 16:09:55,965 - INFO - COLLISION: Balle a rebondi sur un mur à la position (58, 468)
2025-05-03 16:09:56,103 - INFO - IA: Raquette droite déplacée de 390 à 383
2025-05-03 16:09:56,121 - INFO - IA: Raquette droite déplacée de 383 à 376
2025-05-03 16:09:56,139 - INFO - IA: Raquette droite déplacée de 376 à 369
2025-05-03 16:09:56,158 - INFO - IA: Raquette droite déplacée de 369 à 376
2025-05-03 16:09:56,177 - INFO - IA: Raquette droite déplacée de 376 à 369
2025-05-03 16:09:56,178 - INFO - POINT: Joueur droite (IA) marque un point! Score: 0-5
2025-05-03 16:09:56,197 - INFO - IA: Raquette droite déplacée de 369 à 362
2025-05-03 16:09:56,216 - INFO - IA: Raquette droite déplacée de 362 à 355
2025-05-03 16:09:56,236 - INFO - IA: Raquette droite déplacée de 355 à 348
2025-05-03 16:09:56,254 - INFO - IA: Raquette droite déplacée de 348 à 341
2025-05-03 16:09:56,359 - INFO - IA: Raquette droite déplacée de 341 à 334
