2025-05-03 17:25:56,012 - INFO - IA: Raquette IA initialisée à la position (565, 195)
2025-05-03 17:25:56,013 - INFO - Jeu initialisé avec succès
2025-05-03 17:25:56,013 - INFO - Taille de l'écran: 600x480
2025-05-03 17:25:56,013 - INFO - Position initiale raquette gauche: <rect(20, 195, 15, 90)>
2025-05-03 17:25:56,013 - INFO - Position initiale raquette droite: <rect(565, 195, 15, 90)>
2025-05-03 17:25:56,014 - INFO - Position initiale balle: <rect(293, 233, 15, 15)>
2025-05-03 17:25:56,014 - INFO - IA: Raquette droite déplacée de 195 à 202
2025-05-03 17:25:56,032 - INFO - IA: Raquette droite déplacée de 202 à 195
2025-05-03 17:25:56,053 - INFO - IA: Raquette droite déplacée de 195 à 188
2025-05-03 17:25:56,070 - INFO - IA: Raquette droite déplacée de 188 à 195
2025-05-03 17:25:56,087 - INFO - IA: Raquette droite déplacée de 195 à 202
2025-05-03 17:25:56,105 - INFO - IA: Raquette droite déplacée de 202 à 209
2025-05-03 17:25:56,123 - INFO - IA: Raquette droite déplacée de 209 à 202
2025-05-03 17:25:56,140 - INFO - IA: Raquette droite déplacée de 202 à 209
2025-05-03 17:25:56,158 - INFO - IA: Raquette droite déplacée de 209 à 216
2025-05-03 17:25:56,175 - INFO - IA: Raquette droite déplacée de 216 à 223
2025-05-03 17:25:56,192 - INFO - IA: Raquette droite déplacée de 223 à 230
2025-05-03 17:25:56,209 - INFO - IA: Raquette droite déplacée de 230 à 223
2025-05-03 17:25:56,226 - INFO - IA: Raquette droite déplacée de 223 à 230
2025-05-03 17:25:56,244 - INFO - IA: Raquette droite déplacée de 230 à 237
2025-05-03 17:25:56,261 - INFO - IA: Raquette droite déplacée de 237 à 244
2025-05-03 17:25:56,279 - INFO - IA: Raquette droite déplacée de 244 à 251
2025-05-03 17:25:56,297 - INFO - IA: Raquette droite déplacée de 251 à 258
2025-05-03 17:25:56,314 - INFO - IA: Raquette droite déplacée de 258 à 251
2025-05-03 17:25:56,332 - INFO - IA: Raquette droite déplacée de 251 à 258
2025-05-03 17:25:56,349 - INFO - IA: Raquette droite déplacée de 258 à 265
2025-05-03 17:25:56,366 - INFO - IA: Raquette droite déplacée de 265 à 272
2025-05-03 17:25:56,383 - INFO - IA: Raquette droite déplacée de 272 à 279
2025-05-03 17:25:56,400 - INFO - IA: Raquette droite déplacée de 279 à 286
2025-05-03 17:25:56,417 - INFO - IA: Raquette droite déplacée de 286 à 293
2025-05-03 17:25:56,435 - INFO - IA: Raquette droite déplacée de 293 à 286
2025-05-03 17:25:56,452 - INFO - IA: Raquette droite déplacée de 286 à 293
2025-05-03 17:25:56,470 - INFO - IA: Raquette droite déplacée de 293 à 300
2025-05-03 17:25:56,487 - INFO - IA: Raquette droite déplacée de 300 à 307
2025-05-03 17:25:56,505 - INFO - IA: Raquette droite déplacée de 307 à 314
2025-05-03 17:25:56,522 - INFO - IA: Raquette droite déplacée de 314 à 321
2025-05-03 17:25:56,540 - INFO - IA: Raquette droite déplacée de 321 à 328
2025-05-03 17:25:56,557 - INFO - IA: Raquette droite déplacée de 328 à 321
2025-05-03 17:25:56,575 - INFO - IA: Raquette droite déplacée de 321 à 328
2025-05-03 17:25:56,592 - INFO - IA: Raquette droite déplacée de 328 à 335
2025-05-03 17:25:56,609 - INFO - IA: Raquette droite déplacée de 335 à 342
2025-05-03 17:25:56,626 - INFO - IA: Raquette droite déplacée de 342 à 349
2025-05-03 17:25:56,643 - INFO - IA: Raquette droite déplacée de 349 à 356
2025-05-03 17:25:56,661 - INFO - IA: Raquette droite déplacée de 356 à 363
2025-05-03 17:25:56,679 - INFO - IA: Raquette droite déplacée de 363 à 370
2025-05-03 17:25:56,697 - INFO - IA: Raquette droite déplacée de 370 à 377
2025-05-03 17:25:56,715 - INFO - IA: Raquette droite déplacée de 377 à 384
2025-05-03 17:25:56,733 - INFO - IA: Raquette droite déplacée de 384 à 390
2025-05-03 17:25:56,821 - INFO - COLLISION: Balle a rebondi sur un mur à la position (528, 468)
2025-05-03 17:25:56,907 - INFO - COLLISION: Balle a rebondi sur une raquette à la position (553, 443)
2025-05-03 17:25:56,958 - INFO - IA: Raquette droite déplacée de 390 à 383
2025-05-03 17:25:56,975 - INFO - IA: Raquette droite déplacée de 383 à 390
2025-05-03 17:25:56,993 - INFO - IA: Raquette droite déplacée de 390 à 383
2025-05-03 17:25:57,012 - INFO - IA: Raquette droite déplacée de 383 à 390
2025-05-03 17:25:57,031 - INFO - IA: Raquette droite déplacée de 390 à 383
2025-05-03 17:25:57,048 - INFO - IA: Raquette droite déplacée de 383 à 390
2025-05-03 17:25:57,066 - INFO - IA: Raquette droite déplacée de 390 à 383
2025-05-03 17:25:57,083 - INFO - IA: Raquette droite déplacée de 383 à 376
2025-05-03 17:25:57,101 - INFO - IA: Raquette droite déplacée de 376 à 369
2025-05-03 17:25:57,118 - INFO - IA: Raquette droite déplacée de 369 à 362
2025-05-03 17:25:57,135 - INFO - IA: Raquette droite déplacée de 362 à 355
2025-05-03 17:25:57,152 - INFO - IA: Raquette droite déplacée de 355 à 362
2025-05-03 17:25:57,169 - INFO - IA: Raquette droite déplacée de 362 à 355
2025-05-03 17:25:57,187 - INFO - IA: Raquette droite déplacée de 355 à 348
2025-05-03 17:25:57,205 - INFO - INPUT: Joueur appuie sur la touche BAS
2025-05-03 17:25:57,205 - INFO - JOUEUR: Raquette gauche déplacée de 195 à 202
2025-05-03 17:25:57,205 - INFO - IA: Raquette droite déplacée de 348 à 355
2025-05-03 17:25:57,222 - INFO - JOUEUR: Raquette gauche déplacée de 202 à 209
2025-05-03 17:25:57,223 - INFO - IA: Raquette droite déplacée de 355 à 348
2025-05-03 17:25:57,241 - INFO - JOUEUR: Raquette gauche déplacée de 209 à 216
2025-05-03 17:25:57,241 - INFO - IA: Raquette droite déplacée de 348 à 341
2025-05-03 17:25:57,259 - INFO - JOUEUR: Raquette gauche déplacée de 216 à 223
2025-05-03 17:25:57,260 - INFO - IA: Raquette droite déplacée de 341 à 334
2025-05-03 17:25:57,277 - INFO - JOUEUR: Raquette gauche déplacée de 223 à 230
2025-05-03 17:25:57,278 - INFO - IA: Raquette droite déplacée de 334 à 327
2025-05-03 17:25:57,295 - INFO - JOUEUR: Raquette gauche déplacée de 230 à 237
2025-05-03 17:25:57,295 - INFO - IA: Raquette droite déplacée de 327 à 320
2025-05-03 17:25:57,312 - INFO - INPUT: Joueur relâche les touches directionnelles
2025-05-03 17:25:57,313 - INFO - IA: Raquette droite déplacée de 320 à 313
2025-05-03 17:25:57,330 - INFO - IA: Raquette droite déplacée de 313 à 306
2025-05-03 17:25:57,348 - INFO - IA: Raquette droite déplacée de 306 à 299
2025-05-03 17:25:57,364 - INFO - IA: Raquette droite déplacée de 299 à 292
2025-05-03 17:25:57,382 - INFO - IA: Raquette droite déplacée de 292 à 285
2025-05-03 17:25:57,399 - INFO - IA: Raquette droite déplacée de 285 à 278
2025-05-03 17:25:57,416 - INFO - IA: Raquette droite déplacée de 278 à 271
2025-05-03 17:25:57,433 - INFO - IA: Raquette droite déplacée de 271 à 278
2025-05-03 17:25:57,450 - INFO - IA: Raquette droite déplacée de 278 à 271
2025-05-03 17:25:57,468 - INFO - IA: Raquette droite déplacée de 271 à 264
2025-05-03 17:25:57,486 - INFO - IA: Raquette droite déplacée de 264 à 257
2025-05-03 17:25:57,504 - INFO - IA: Raquette droite déplacée de 257 à 264
2025-05-03 17:25:57,521 - INFO - IA: Raquette droite déplacée de 264 à 257
2025-05-03 17:25:57,539 - INFO - IA: Raquette droite déplacée de 257 à 250
2025-05-03 17:25:57,557 - INFO - INPUT: Joueur appuie sur la touche HAUT
2025-05-03 17:25:57,557 - INFO - JOUEUR: Raquette gauche déplacée de 237 à 230
2025-05-03 17:25:57,557 - INFO - IA: Raquette droite déplacée de 250 à 243
2025-05-03 17:25:57,574 - INFO - JOUEUR: Raquette gauche déplacée de 230 à 223
2025-05-03 17:25:57,574 - INFO - IA: Raquette droite déplacée de 243 à 236
2025-05-03 17:25:57,591 - INFO - JOUEUR: Raquette gauche déplacée de 223 à 216
2025-05-03 17:25:57,591 - INFO - IA: Raquette droite déplacée de 236 à 229
2025-05-03 17:25:57,609 - INFO - JOUEUR: Raquette gauche déplacée de 216 à 209
2025-05-03 17:25:57,609 - INFO - IA: Raquette droite déplacée de 229 à 236
2025-05-03 17:25:57,626 - INFO - JOUEUR: Raquette gauche déplacée de 209 à 202
2025-05-03 17:25:57,626 - INFO - IA: Raquette droite déplacée de 236 à 229
2025-05-03 17:25:57,643 - INFO - JOUEUR: Raquette gauche déplacée de 202 à 195
2025-05-03 17:25:57,643 - INFO - IA: Raquette droite déplacée de 229 à 222
2025-05-03 17:25:57,661 - INFO - JOUEUR: Raquette gauche déplacée de 195 à 188
2025-05-03 17:25:57,661 - INFO - IA: Raquette droite déplacée de 222 à 215
2025-05-03 17:25:57,678 - INFO - JOUEUR: Raquette gauche déplacée de 188 à 181
2025-05-03 17:25:57,678 - INFO - IA: Raquette droite déplacée de 215 à 208
2025-05-03 17:25:57,696 - INFO - JOUEUR: Raquette gauche déplacée de 181 à 174
2025-05-03 17:25:57,696 - INFO - IA: Raquette droite déplacée de 208 à 201
2025-05-03 17:25:57,713 - INFO - JOUEUR: Raquette gauche déplacée de 174 à 167
2025-05-03 17:25:57,713 - INFO - IA: Raquette droite déplacée de 201 à 208
2025-05-03 17:25:57,730 - INFO - JOUEUR: Raquette gauche déplacée de 167 à 160
2025-05-03 17:25:57,730 - INFO - IA: Raquette droite déplacée de 208 à 201
2025-05-03 17:25:57,748 - INFO - JOUEUR: Raquette gauche déplacée de 160 à 153
2025-05-03 17:25:57,748 - INFO - IA: Raquette droite déplacée de 201 à 194
2025-05-03 17:25:57,765 - INFO - JOUEUR: Raquette gauche déplacée de 153 à 146
2025-05-03 17:25:57,766 - INFO - IA: Raquette droite déplacée de 194 à 201
2025-05-03 17:25:57,783 - INFO - JOUEUR: Raquette gauche déplacée de 146 à 139
2025-05-03 17:25:57,783 - INFO - IA: Raquette droite déplacée de 201 à 194
2025-05-03 17:25:57,801 - INFO - JOUEUR: Raquette gauche déplacée de 139 à 132
2025-05-03 17:25:57,801 - INFO - IA: Raquette droite déplacée de 194 à 187
2025-05-03 17:25:57,820 - INFO - JOUEUR: Raquette gauche déplacée de 132 à 125
2025-05-03 17:25:57,821 - INFO - IA: Raquette droite déplacée de 187 à 180
2025-05-03 17:25:57,839 - INFO - JOUEUR: Raquette gauche déplacée de 125 à 118
2025-05-03 17:25:57,839 - INFO - IA: Raquette droite déplacée de 180 à 173
2025-05-03 17:25:57,855 - INFO - JOUEUR: Raquette gauche déplacée de 118 à 111
2025-05-03 17:25:57,855 - INFO - IA: Raquette droite déplacée de 173 à 166
2025-05-03 17:25:57,873 - INFO - JOUEUR: Raquette gauche déplacée de 111 à 104
2025-05-03 17:25:57,873 - INFO - IA: Raquette droite déplacée de 166 à 159
2025-05-03 17:25:57,890 - INFO - JOUEUR: Raquette gauche déplacée de 104 à 97
2025-05-03 17:25:57,891 - INFO - IA: Raquette droite déplacée de 159 à 152
2025-05-03 17:25:57,908 - INFO - JOUEUR: Raquette gauche déplacée de 97 à 90
2025-05-03 17:25:57,925 - INFO - JOUEUR: Raquette gauche déplacée de 90 à 83
2025-05-03 17:25:57,926 - INFO - IA: Raquette droite déplacée de 152 à 145
2025-05-03 17:25:57,943 - INFO - JOUEUR: Raquette gauche déplacée de 83 à 76
2025-05-03 17:25:57,943 - INFO - IA: Raquette droite déplacée de 145 à 138
2025-05-03 17:25:57,961 - INFO - JOUEUR: Raquette gauche déplacée de 76 à 69
2025-05-03 17:25:57,961 - INFO - IA: Raquette droite déplacée de 138 à 131
2025-05-03 17:25:57,978 - INFO - JOUEUR: Raquette gauche déplacée de 69 à 62
2025-05-03 17:25:57,978 - INFO - IA: Raquette droite déplacée de 131 à 124
2025-05-03 17:25:57,995 - INFO - JOUEUR: Raquette gauche déplacée de 62 à 55
2025-05-03 17:25:57,995 - INFO - IA: Raquette droite déplacée de 124 à 117
2025-05-03 17:25:58,013 - INFO - JOUEUR: Raquette gauche déplacée de 55 à 48
2025-05-03 17:25:58,013 - INFO - IA: Raquette droite déplacée de 117 à 110
2025-05-03 17:25:58,031 - INFO - JOUEUR: Raquette gauche déplacée de 48 à 41
2025-05-03 17:25:58,031 - INFO - IA: Raquette droite déplacée de 110 à 117
2025-05-03 17:25:58,049 - INFO - JOUEUR: Raquette gauche déplacée de 41 à 34
2025-05-03 17:25:58,050 - INFO - IA: Raquette droite déplacée de 117 à 110
2025-05-03 17:25:58,068 - INFO - INPUT: Joueur relâche les touches directionnelles
2025-05-03 17:25:58,068 - INFO - IA: Raquette droite déplacée de 110 à 103
2025-05-03 17:25:58,085 - INFO - IA: Raquette droite déplacée de 103 à 96
2025-05-03 17:25:58,103 - INFO - IA: Raquette droite déplacée de 96 à 89
2025-05-03 17:25:58,120 - INFO - IA: Raquette droite déplacée de 89 à 82
2025-05-03 17:25:58,137 - INFO - IA: Raquette droite déplacée de 82 à 75
2025-05-03 17:25:58,154 - INFO - IA: Raquette droite déplacée de 75 à 68
2025-05-03 17:25:58,171 - INFO - IA: Raquette droite déplacée de 68 à 61
2025-05-03 17:25:58,188 - INFO - IA: Raquette droite déplacée de 61 à 68
2025-05-03 17:25:58,206 - INFO - IA: Raquette droite déplacée de 68 à 61
2025-05-03 17:25:58,223 - INFO - IA: Raquette droite déplacée de 61 à 68
2025-05-03 17:25:58,241 - INFO - IA: Raquette droite déplacée de 68 à 61
2025-05-03 17:25:58,258 - INFO - IA: Raquette droite déplacée de 61 à 54
2025-05-03 17:25:58,275 - INFO - IA: Raquette droite déplacée de 54 à 47
2025-05-03 17:25:58,292 - INFO - IA: Raquette droite déplacée de 47 à 40
2025-05-03 17:25:58,309 - INFO - IA: Raquette droite déplacée de 40 à 33
2025-05-03 17:25:58,327 - INFO - IA: Raquette droite déplacée de 33 à 26
2025-05-03 17:25:58,344 - INFO - IA: Raquette droite déplacée de 26 à 19
2025-05-03 17:25:58,362 - INFO - IA: Raquette droite déplacée de 19 à 12
2025-05-03 17:25:58,380 - INFO - IA: Raquette droite déplacée de 12 à 19
2025-05-03 17:25:58,397 - INFO - IA: Raquette droite déplacée de 19 à 12
2025-05-03 17:25:58,413 - INFO - IA: Raquette droite déplacée de 12 à 5
2025-05-03 17:25:58,430 - INFO - IA: Raquette droite déplacée de 5 à 0
2025-05-03 17:25:58,464 - INFO - COLLISION: Balle a rebondi sur un mur à la position (108, -2)
2025-05-03 17:25:58,603 - INFO - IA: Raquette droite déplacée de 0 à 7
2025-05-03 17:25:58,620 - INFO - IA: Raquette droite déplacée de 7 à 0
2025-05-03 17:25:58,689 - INFO - IA: Raquette droite déplacée de 0 à 7
2025-05-03 17:25:58,706 - INFO - IA: Raquette droite déplacée de 7 à 0
2025-05-03 17:25:58,723 - INFO - IA: Raquette droite déplacée de 0 à 7
2025-05-03 17:25:58,723 - INFO - COLLISION: Balle a rebondi sur une raquette à la position (33, 73)
2025-05-03 17:25:58,740 - INFO - IA: Raquette droite déplacée de 7 à 14
2025-05-03 17:25:58,757 - INFO - IA: Raquette droite déplacée de 14 à 21
2025-05-03 17:25:58,774 - INFO - IA: Raquette droite déplacée de 21 à 28
2025-05-03 17:25:58,792 - INFO - IA: Raquette droite déplacée de 28 à 35
2025-05-03 17:25:58,809 - INFO - IA: Raquette droite déplacée de 35 à 42
2025-05-03 17:25:58,826 - INFO - IA: Raquette droite déplacée de 42 à 49
2025-05-03 17:25:58,845 - INFO - IA: Raquette droite déplacée de 49 à 56
2025-05-03 17:25:58,863 - INFO - IA: Raquette droite déplacée de 56 à 63
2025-05-03 17:25:58,880 - INFO - IA: Raquette droite déplacée de 63 à 70
2025-05-03 17:25:58,898 - INFO - IA: Raquette droite déplacée de 70 à 77
2025-05-03 17:25:58,915 - INFO - IA: Raquette droite déplacée de 77 à 84
2025-05-03 17:25:58,933 - INFO - IA: Raquette droite déplacée de 84 à 91
2025-05-03 17:25:58,951 - INFO - IA: Raquette droite déplacée de 91 à 98
2025-05-03 17:25:58,969 - INFO - IA: Raquette droite déplacée de 98 à 91
2025-05-03 17:25:58,986 - INFO - IA: Raquette droite déplacée de 91 à 98
2025-05-03 17:25:59,003 - INFO - IA: Raquette droite déplacée de 98 à 105
2025-05-03 17:25:59,020 - INFO - IA: Raquette droite déplacée de 105 à 98
2025-05-03 17:25:59,037 - INFO - IA: Raquette droite déplacée de 98 à 91
2025-05-03 17:25:59,054 - INFO - IA: Raquette droite déplacée de 91 à 98
2025-05-03 17:25:59,071 - INFO - IA: Raquette droite déplacée de 98 à 105
2025-05-03 17:25:59,088 - INFO - IA: Raquette droite déplacée de 105 à 112
2025-05-03 17:25:59,106 - INFO - IA: Raquette droite déplacée de 112 à 119
2025-05-03 17:25:59,124 - INFO - IA: Raquette droite déplacée de 119 à 126
2025-05-03 17:25:59,142 - INFO - IA: Raquette droite déplacée de 126 à 133
2025-05-03 17:25:59,160 - INFO - INPUT: Joueur appuie sur la touche BAS
2025-05-03 17:25:59,160 - INFO - JOUEUR: Raquette gauche déplacée de 34 à 41
2025-05-03 17:25:59,160 - INFO - IA: Raquette droite déplacée de 133 à 126
2025-05-03 17:25:59,178 - INFO - JOUEUR: Raquette gauche déplacée de 41 à 48
2025-05-03 17:25:59,178 - INFO - IA: Raquette droite déplacée de 126 à 133
2025-05-03 17:25:59,195 - INFO - JOUEUR: Raquette gauche déplacée de 48 à 55
2025-05-03 17:25:59,195 - INFO - IA: Raquette droite déplacée de 133 à 140
2025-05-03 17:25:59,212 - INFO - JOUEUR: Raquette gauche déplacée de 55 à 62
2025-05-03 17:25:59,212 - INFO - IA: Raquette droite déplacée de 140 à 147
2025-05-03 17:25:59,229 - INFO - JOUEUR: Raquette gauche déplacée de 62 à 69
2025-05-03 17:25:59,230 - INFO - IA: Raquette droite déplacée de 147 à 154
2025-05-03 17:25:59,247 - INFO - JOUEUR: Raquette gauche déplacée de 69 à 76
2025-05-03 17:25:59,247 - INFO - IA: Raquette droite déplacée de 154 à 161
2025-05-03 17:25:59,265 - INFO - JOUEUR: Raquette gauche déplacée de 76 à 83
2025-05-03 17:25:59,265 - INFO - IA: Raquette droite déplacée de 161 à 168
2025-05-03 17:25:59,282 - INFO - JOUEUR: Raquette gauche déplacée de 83 à 90
2025-05-03 17:25:59,282 - INFO - IA: Raquette droite déplacée de 168 à 175
2025-05-03 17:25:59,299 - INFO - JOUEUR: Raquette gauche déplacée de 90 à 97
2025-05-03 17:25:59,299 - INFO - IA: Raquette droite déplacée de 175 à 182
2025-05-03 17:25:59,317 - INFO - JOUEUR: Raquette gauche déplacée de 97 à 104
2025-05-03 17:25:59,317 - INFO - IA: Raquette droite déplacée de 182 à 189
2025-05-03 17:25:59,334 - INFO - JOUEUR: Raquette gauche déplacée de 104 à 111
2025-05-03 17:25:59,334 - INFO - IA: Raquette droite déplacée de 189 à 196
2025-05-03 17:25:59,351 - INFO - JOUEUR: Raquette gauche déplacée de 111 à 118
2025-05-03 17:25:59,352 - INFO - IA: Raquette droite déplacée de 196 à 203
2025-05-03 17:25:59,369 - INFO - JOUEUR: Raquette gauche déplacée de 118 à 125
2025-05-03 17:25:59,369 - INFO - IA: Raquette droite déplacée de 203 à 210
2025-05-03 17:25:59,387 - INFO - JOUEUR: Raquette gauche déplacée de 125 à 132
2025-05-03 17:25:59,388 - INFO - IA: Raquette droite déplacée de 210 à 217
2025-05-03 17:25:59,405 - INFO - JOUEUR: Raquette gauche déplacée de 132 à 139
2025-05-03 17:25:59,405 - INFO - IA: Raquette droite déplacée de 217 à 210
2025-05-03 17:25:59,423 - INFO - JOUEUR: Raquette gauche déplacée de 139 à 146
2025-05-03 17:25:59,423 - INFO - IA: Raquette droite déplacée de 210 à 217
2025-05-03 17:25:59,440 - INFO - JOUEUR: Raquette gauche déplacée de 146 à 153
2025-05-03 17:25:59,441 - INFO - IA: Raquette droite déplacée de 217 à 224
2025-05-03 17:25:59,458 - INFO - JOUEUR: Raquette gauche déplacée de 153 à 160
2025-05-03 17:25:59,458 - INFO - IA: Raquette droite déplacée de 224 à 231
2025-05-03 17:25:59,475 - INFO - JOUEUR: Raquette gauche déplacée de 160 à 167
2025-05-03 17:25:59,475 - INFO - IA: Raquette droite déplacée de 231 à 238
2025-05-03 17:25:59,493 - INFO - JOUEUR: Raquette gauche déplacée de 167 à 174
2025-05-03 17:25:59,493 - INFO - IA: Raquette droite déplacée de 238 à 245
2025-05-03 17:25:59,511 - INFO - JOUEUR: Raquette gauche déplacée de 174 à 181
2025-05-03 17:25:59,511 - INFO - IA: Raquette droite déplacée de 245 à 238
2025-05-03 17:25:59,528 - INFO - JOUEUR: Raquette gauche déplacée de 181 à 188
2025-05-03 17:25:59,528 - INFO - IA: Raquette droite déplacée de 238 à 245
2025-05-03 17:25:59,545 - INFO - JOUEUR: Raquette gauche déplacée de 188 à 195
2025-05-03 17:25:59,545 - INFO - IA: Raquette droite déplacée de 245 à 252
2025-05-03 17:25:59,563 - INFO - JOUEUR: Raquette gauche déplacée de 195 à 202
2025-05-03 17:25:59,564 - INFO - IA: Raquette droite déplacée de 252 à 245
2025-05-03 17:25:59,580 - INFO - JOUEUR: Raquette gauche déplacée de 202 à 209
2025-05-03 17:25:59,581 - INFO - IA: Raquette droite déplacée de 245 à 252
2025-05-03 17:25:59,598 - INFO - JOUEUR: Raquette gauche déplacée de 209 à 216
2025-05-03 17:25:59,598 - INFO - IA: Raquette droite déplacée de 252 à 259
2025-05-03 17:25:59,615 - INFO - JOUEUR: Raquette gauche déplacée de 216 à 223
2025-05-03 17:25:59,615 - INFO - IA: Raquette droite déplacée de 259 à 266
2025-05-03 17:25:59,633 - INFO - INPUT: Joueur relâche les touches directionnelles
2025-05-03 17:25:59,634 - INFO - IA: Raquette droite déplacée de 266 à 273
2025-05-03 17:25:59,651 - INFO - IA: Raquette droite déplacée de 273 à 280
2025-05-03 17:25:59,669 - INFO - IA: Raquette droite déplacée de 280 à 287
2025-05-03 17:25:59,687 - INFO - IA: Raquette droite déplacée de 287 à 294
2025-05-03 17:25:59,704 - INFO - IA: Raquette droite déplacée de 294 à 301
2025-05-03 17:25:59,721 - INFO - IA: Raquette droite déplacée de 301 à 308
2025-05-03 17:25:59,737 - INFO - IA: Raquette droite déplacée de 308 à 315
2025-05-03 17:25:59,755 - INFO - IA: Raquette droite déplacée de 315 à 322
2025-05-03 17:25:59,772 - INFO - IA: Raquette droite déplacée de 322 à 329
2025-05-03 17:25:59,790 - INFO - IA: Raquette droite déplacée de 329 à 322
2025-05-03 17:25:59,808 - INFO - IA: Raquette droite déplacée de 322 à 329
2025-05-03 17:25:59,825 - INFO - IA: Raquette droite déplacée de 329 à 336
2025-05-03 17:25:59,842 - INFO - IA: Raquette droite déplacée de 336 à 343
2025-05-03 17:25:59,860 - INFO - IA: Raquette droite déplacée de 343 à 350
2025-05-03 17:25:59,878 - INFO - IA: Raquette droite déplacée de 350 à 357
2025-05-03 17:25:59,895 - INFO - IA: Raquette droite déplacée de 357 à 350
2025-05-03 17:25:59,913 - INFO - IA: Raquette droite déplacée de 350 à 357
2025-05-03 17:25:59,931 - INFO - IA: Raquette droite déplacée de 357 à 350
2025-05-03 17:25:59,948 - INFO - IA: Raquette droite déplacée de 350 à 357
2025-05-03 17:25:59,965 - INFO - IA: Raquette droite déplacée de 357 à 364
2025-05-03 17:25:59,982 - INFO - IA: Raquette droite déplacée de 364 à 371
2025-05-03 17:25:59,999 - INFO - IA: Raquette droite déplacée de 371 à 378
2025-05-03 17:26:00,016 - INFO - IA: Raquette droite déplacée de 378 à 371
2025-05-03 17:26:00,033 - INFO - IA: Raquette droite déplacée de 371 à 378
2025-05-03 17:26:00,050 - INFO - IA: Raquette droite déplacée de 378 à 385
2025-05-03 17:26:00,067 - INFO - IA: Raquette droite déplacée de 385 à 390
2025-05-03 17:26:00,102 - INFO - COLLISION: Balle a rebondi sur un mur à la position (507, 468)
2025-05-03 17:26:00,239 - INFO - COLLISION: Balle a rebondi sur une raquette à la position (555, 428)
2025-05-03 17:26:00,273 - INFO - IA: Raquette droite déplacée de 390 à 383
2025-05-03 17:26:00,291 - INFO - IA: Raquette droite déplacée de 383 à 390
2025-05-03 17:26:00,309 - INFO - IA: Raquette droite déplacée de 390 à 383
2025-05-03 17:26:00,326 - INFO - IA: Raquette droite déplacée de 383 à 390
2025-05-03 17:26:00,344 - INFO - IA: Raquette droite déplacée de 390 à 383
2025-05-03 17:26:00,361 - INFO - IA: Raquette droite déplacée de 383 à 376
2025-05-03 17:26:00,379 - INFO - IA: Raquette droite déplacée de 376 à 369
2025-05-03 17:26:00,396 - INFO - IA: Raquette droite déplacée de 369 à 362
2025-05-03 17:26:00,413 - INFO - IA: Raquette droite déplacée de 362 à 355
2025-05-03 17:26:00,430 - INFO - IA: Raquette droite déplacée de 355 à 362
2025-05-03 17:26:00,448 - INFO - IA: Raquette droite déplacée de 362 à 355
2025-05-03 17:26:00,465 - INFO - IA: Raquette droite déplacée de 355 à 348
2025-05-03 17:26:00,484 - INFO - IA: Raquette droite déplacée de 348 à 341
2025-05-03 17:26:00,501 - INFO - IA: Raquette droite déplacée de 341 à 334
2025-05-03 17:26:00,517 - INFO - IA: Raquette droite déplacée de 334 à 327
2025-05-03 17:26:00,534 - INFO - IA: Raquette droite déplacée de 327 à 334
2025-05-03 17:26:00,552 - INFO - IA: Raquette droite déplacée de 334 à 327
2025-05-03 17:26:00,569 - INFO - IA: Raquette droite déplacée de 327 à 320
2025-05-03 17:26:00,586 - INFO - IA: Raquette droite déplacée de 320 à 313
2025-05-03 17:26:00,603 - INFO - IA: Raquette droite déplacée de 313 à 306
2025-05-03 17:26:00,620 - INFO - IA: Raquette droite déplacée de 306 à 299
2025-05-03 17:26:00,638 - INFO - IA: Raquette droite déplacée de 299 à 292
2025-05-03 17:26:00,656 - INFO - IA: Raquette droite déplacée de 292 à 285
2025-05-03 17:26:00,673 - INFO - IA: Raquette droite déplacée de 285 à 278
2025-05-03 17:26:00,691 - INFO - IA: Raquette droite déplacée de 278 à 271
2025-05-03 17:26:00,709 - INFO - IA: Raquette droite déplacée de 271 à 278
2025-05-03 17:26:00,727 - INFO - IA: Raquette droite déplacée de 278 à 271
2025-05-03 17:26:00,744 - INFO - IA: Raquette droite déplacée de 271 à 264
2025-05-03 17:26:00,762 - INFO - IA: Raquette droite déplacée de 264 à 257
2025-05-03 17:26:00,779 - INFO - IA: Raquette droite déplacée de 257 à 250
2025-05-03 17:26:00,797 - INFO - IA: Raquette droite déplacée de 250 à 243
2025-05-03 17:26:00,814 - INFO - INPUT: Joueur appuie sur la touche HAUT
2025-05-03 17:26:00,815 - INFO - JOUEUR: Raquette gauche déplacée de 223 à 216
2025-05-03 17:26:00,815 - INFO - IA: Raquette droite déplacée de 243 à 236
2025-05-03 17:26:00,832 - INFO - JOUEUR: Raquette gauche déplacée de 216 à 209
2025-05-03 17:26:00,833 - INFO - IA: Raquette droite déplacée de 236 à 243
2025-05-03 17:26:00,850 - INFO - JOUEUR: Raquette gauche déplacée de 209 à 202
2025-05-03 17:26:00,850 - INFO - IA: Raquette droite déplacée de 243 à 236
2025-05-03 17:26:00,868 - INFO - JOUEUR: Raquette gauche déplacée de 202 à 195
2025-05-03 17:26:00,869 - INFO - IA: Raquette droite déplacée de 236 à 229
2025-05-03 17:26:00,886 - INFO - JOUEUR: Raquette gauche déplacée de 195 à 188
2025-05-03 17:26:00,886 - INFO - IA: Raquette droite déplacée de 229 à 222
2025-05-03 17:26:00,905 - INFO - JOUEUR: Raquette gauche déplacée de 188 à 181
2025-05-03 17:26:00,905 - INFO - IA: Raquette droite déplacée de 222 à 215
2025-05-03 17:26:00,922 - INFO - JOUEUR: Raquette gauche déplacée de 181 à 174
2025-05-03 17:26:00,922 - INFO - IA: Raquette droite déplacée de 215 à 208
2025-05-03 17:26:00,940 - INFO - JOUEUR: Raquette gauche déplacée de 174 à 167
2025-05-03 17:26:00,940 - INFO - IA: Raquette droite déplacée de 208 à 215
2025-05-03 17:26:00,959 - INFO - JOUEUR: Raquette gauche déplacée de 167 à 160
2025-05-03 17:26:00,959 - INFO - IA: Raquette droite déplacée de 215 à 208
2025-05-03 17:26:00,977 - INFO - JOUEUR: Raquette gauche déplacée de 160 à 153
2025-05-03 17:26:00,977 - INFO - IA: Raquette droite déplacée de 208 à 201
2025-05-03 17:26:00,996 - INFO - INPUT: Joueur relâche les touches directionnelles
2025-05-03 17:26:00,997 - INFO - IA: Raquette droite déplacée de 201 à 194
2025-05-03 17:26:01,014 - INFO - IA: Raquette droite déplacée de 194 à 187
2025-05-03 17:26:01,031 - INFO - IA: Raquette droite déplacée de 187 à 180
2025-05-03 17:26:01,049 - INFO - IA: Raquette droite déplacée de 180 à 187
2025-05-03 17:26:01,066 - INFO - IA: Raquette droite déplacée de 187 à 180
2025-05-03 17:26:01,085 - INFO - INPUT: Joueur appuie sur la touche HAUT
2025-05-03 17:26:01,085 - INFO - JOUEUR: Raquette gauche déplacée de 153 à 146
2025-05-03 17:26:01,085 - INFO - IA: Raquette droite déplacée de 180 à 187
2025-05-03 17:26:01,102 - INFO - JOUEUR: Raquette gauche déplacée de 146 à 139
2025-05-03 17:26:01,102 - INFO - IA: Raquette droite déplacée de 187 à 180
2025-05-03 17:26:01,120 - INFO - JOUEUR: Raquette gauche déplacée de 139 à 132
2025-05-03 17:26:01,120 - INFO - IA: Raquette droite déplacée de 180 à 173
2025-05-03 17:26:01,137 - INFO - JOUEUR: Raquette gauche déplacée de 132 à 125
2025-05-03 17:26:01,137 - INFO - IA: Raquette droite déplacée de 173 à 166
2025-05-03 17:26:01,154 - INFO - JOUEUR: Raquette gauche déplacée de 125 à 118
2025-05-03 17:26:01,154 - INFO - IA: Raquette droite déplacée de 166 à 159
2025-05-03 17:26:01,171 - INFO - JOUEUR: Raquette gauche déplacée de 118 à 111
2025-05-03 17:26:01,171 - INFO - IA: Raquette droite déplacée de 159 à 152
2025-05-03 17:26:01,188 - INFO - JOUEUR: Raquette gauche déplacée de 111 à 104
2025-05-03 17:26:01,188 - INFO - IA: Raquette droite déplacée de 152 à 145
2025-05-03 17:26:01,206 - INFO - JOUEUR: Raquette gauche déplacée de 104 à 97
2025-05-03 17:26:01,206 - INFO - IA: Raquette droite déplacée de 145 à 138
2025-05-03 17:26:01,224 - INFO - INPUT: Joueur relâche les touches directionnelles
2025-05-03 17:26:01,224 - INFO - IA: Raquette droite déplacée de 138 à 145
2025-05-03 17:26:01,242 - INFO - IA: Raquette droite déplacée de 145 à 138
2025-05-03 17:26:01,260 - INFO - IA: Raquette droite déplacée de 138 à 131
2025-05-03 17:26:01,277 - INFO - IA: Raquette droite déplacée de 131 à 124
2025-05-03 17:26:01,295 - INFO - IA: Raquette droite déplacée de 124 à 117
2025-05-03 17:26:01,312 - INFO - IA: Raquette droite déplacée de 117 à 110
2025-05-03 17:26:01,329 - INFO - IA: Raquette droite déplacée de 110 à 103
2025-05-03 17:26:01,346 - INFO - IA: Raquette droite déplacée de 103 à 96
2025-05-03 17:26:01,365 - INFO - INPUT: Joueur appuie sur la touche HAUT
2025-05-03 17:26:01,365 - INFO - JOUEUR: Raquette gauche déplacée de 97 à 90
2025-05-03 17:26:01,365 - INFO - IA: Raquette droite déplacée de 96 à 89
2025-05-03 17:26:01,383 - INFO - JOUEUR: Raquette gauche déplacée de 90 à 83
2025-05-03 17:26:01,383 - INFO - IA: Raquette droite déplacée de 89 à 82
2025-05-03 17:26:01,400 - INFO - JOUEUR: Raquette gauche déplacée de 83 à 76
2025-05-03 17:26:01,400 - INFO - IA: Raquette droite déplacée de 82 à 75
2025-05-03 17:26:01,417 - INFO - JOUEUR: Raquette gauche déplacée de 76 à 69
2025-05-03 17:26:01,417 - INFO - IA: Raquette droite déplacée de 75 à 68
2025-05-03 17:26:01,435 - INFO - JOUEUR: Raquette gauche déplacée de 69 à 62
2025-05-03 17:26:01,435 - INFO - IA: Raquette droite déplacée de 68 à 75
2025-05-03 17:26:01,452 - INFO - JOUEUR: Raquette gauche déplacée de 62 à 55
2025-05-03 17:26:01,452 - INFO - IA: Raquette droite déplacée de 75 à 68
2025-05-03 17:26:01,470 - INFO - JOUEUR: Raquette gauche déplacée de 55 à 48
2025-05-03 17:26:01,470 - INFO - IA: Raquette droite déplacée de 68 à 61
2025-05-03 17:26:01,487 - INFO - JOUEUR: Raquette gauche déplacée de 48 à 41
2025-05-03 17:26:01,488 - INFO - IA: Raquette droite déplacée de 61 à 54
2025-05-03 17:26:01,505 - INFO - JOUEUR: Raquette gauche déplacée de 41 à 34
2025-05-03 17:26:01,505 - INFO - IA: Raquette droite déplacée de 54 à 61
2025-05-03 17:26:01,523 - INFO - JOUEUR: Raquette gauche déplacée de 34 à 27
2025-05-03 17:26:01,523 - INFO - IA: Raquette droite déplacée de 61 à 54
2025-05-03 17:26:01,540 - INFO - JOUEUR: Raquette gauche déplacée de 27 à 20
2025-05-03 17:26:01,540 - INFO - IA: Raquette droite déplacée de 54 à 47
2025-05-03 17:26:01,558 - INFO - INPUT: Joueur relâche les touches directionnelles
2025-05-03 17:26:01,558 - INFO - IA: Raquette droite déplacée de 47 à 40
2025-05-03 17:26:01,558 - INFO - COLLISION: Balle a rebondi sur une raquette à la position (30, 53)
2025-05-03 17:26:01,576 - INFO - IA: Raquette droite déplacée de 40 à 33
2025-05-03 17:26:01,594 - INFO - IA: Raquette droite déplacée de 33 à 26
2025-05-03 17:26:01,612 - INFO - IA: Raquette droite déplacée de 26 à 19
2025-05-03 17:26:01,629 - INFO - IA: Raquette droite déplacée de 19 à 12
2025-05-03 17:26:01,645 - INFO - IA: Raquette droite déplacée de 12 à 5
2025-05-03 17:26:01,662 - INFO - IA: Raquette droite déplacée de 5 à 0
2025-05-03 17:26:01,749 - INFO - COLLISION: Balle a rebondi sur un mur à la position (107, -2)
2025-05-03 17:26:01,821 - INFO - IA: Raquette droite déplacée de 0 à 7
2025-05-03 17:26:01,839 - INFO - IA: Raquette droite déplacée de 7 à 0
2025-05-03 17:26:01,890 - INFO - IA: Raquette droite déplacée de 0 à 7
2025-05-03 17:26:01,908 - INFO - IA: Raquette droite déplacée de 7 à 14
2025-05-03 17:26:01,925 - INFO - IA: Raquette droite déplacée de 14 à 21
2025-05-03 17:26:01,943 - INFO - IA: Raquette droite déplacée de 21 à 14
2025-05-03 17:26:01,961 - INFO - IA: Raquette droite déplacée de 14 à 21
2025-05-03 17:26:01,978 - INFO - IA: Raquette droite déplacée de 21 à 28
2025-05-03 17:26:01,996 - INFO - INPUT: Joueur appuie sur la touche BAS
2025-05-03 17:26:01,996 - INFO - JOUEUR: Raquette gauche déplacée de 20 à 27
2025-05-03 17:26:01,997 - INFO - IA: Raquette droite déplacée de 28 à 21
2025-05-03 17:26:02,015 - INFO - JOUEUR: Raquette gauche déplacée de 27 à 34
2025-05-03 17:26:02,015 - INFO - IA: Raquette droite déplacée de 21 à 14
2025-05-03 17:26:02,034 - INFO - JOUEUR: Raquette gauche déplacée de 34 à 41
2025-05-03 17:26:02,034 - INFO - IA: Raquette droite déplacée de 14 à 21
2025-05-03 17:26:02,051 - INFO - JOUEUR: Raquette gauche déplacée de 41 à 48
2025-05-03 17:26:02,052 - INFO - IA: Raquette droite déplacée de 21 à 28
2025-05-03 17:26:02,068 - INFO - JOUEUR: Raquette gauche déplacée de 48 à 55
2025-05-03 17:26:02,069 - INFO - IA: Raquette droite déplacée de 28 à 21
2025-05-03 17:26:02,086 - INFO - JOUEUR: Raquette gauche déplacée de 55 à 62
2025-05-03 17:26:02,086 - INFO - IA: Raquette droite déplacée de 21 à 28
2025-05-03 17:26:02,103 - INFO - JOUEUR: Raquette gauche déplacée de 62 à 69
2025-05-03 17:26:02,103 - INFO - IA: Raquette droite déplacée de 28 à 35
2025-05-03 17:26:02,120 - INFO - JOUEUR: Raquette gauche déplacée de 69 à 76
2025-05-03 17:26:02,120 - INFO - IA: Raquette droite déplacée de 35 à 42
2025-05-03 17:26:02,138 - INFO - JOUEUR: Raquette gauche déplacée de 76 à 83
2025-05-03 17:26:02,138 - INFO - IA: Raquette droite déplacée de 42 à 49
2025-05-03 17:26:02,155 - INFO - JOUEUR: Raquette gauche déplacée de 83 à 90
2025-05-03 17:26:02,155 - INFO - IA: Raquette droite déplacée de 49 à 56
2025-05-03 17:26:02,173 - INFO - JOUEUR: Raquette gauche déplacée de 90 à 97
2025-05-03 17:26:02,173 - INFO - IA: Raquette droite déplacée de 56 à 63
2025-05-03 17:26:02,190 - INFO - JOUEUR: Raquette gauche déplacée de 97 à 104
2025-05-03 17:26:02,190 - INFO - IA: Raquette droite déplacée de 63 à 70
2025-05-03 17:26:02,209 - INFO - JOUEUR: Raquette gauche déplacée de 104 à 111
2025-05-03 17:26:02,209 - INFO - IA: Raquette droite déplacée de 70 à 77
2025-05-03 17:26:02,226 - INFO - JOUEUR: Raquette gauche déplacée de 111 à 118
2025-05-03 17:26:02,226 - INFO - IA: Raquette droite déplacée de 77 à 70
2025-05-03 17:26:02,244 - INFO - JOUEUR: Raquette gauche déplacée de 118 à 125
2025-05-03 17:26:02,245 - INFO - IA: Raquette droite déplacée de 70 à 77
2025-05-03 17:26:02,262 - INFO - JOUEUR: Raquette gauche déplacée de 125 à 132
2025-05-03 17:26:02,262 - INFO - IA: Raquette droite déplacée de 77 à 84
2025-05-03 17:26:02,279 - INFO - JOUEUR: Raquette gauche déplacée de 132 à 139
2025-05-03 17:26:02,280 - INFO - IA: Raquette droite déplacée de 84 à 91
2025-05-03 17:26:02,297 - INFO - JOUEUR: Raquette gauche déplacée de 139 à 146
2025-05-03 17:26:02,297 - INFO - IA: Raquette droite déplacée de 91 à 98
2025-05-03 17:26:02,315 - INFO - JOUEUR: Raquette gauche déplacée de 146 à 153
2025-05-03 17:26:02,315 - INFO - IA: Raquette droite déplacée de 98 à 91
2025-05-03 17:26:02,332 - INFO - JOUEUR: Raquette gauche déplacée de 153 à 160
2025-05-03 17:26:02,332 - INFO - IA: Raquette droite déplacée de 91 à 98
2025-05-03 17:26:02,349 - INFO - JOUEUR: Raquette gauche déplacée de 160 à 167
2025-05-03 17:26:02,349 - INFO - IA: Raquette droite déplacée de 98 à 105
2025-05-03 17:26:02,366 - INFO - JOUEUR: Raquette gauche déplacée de 167 à 174
2025-05-03 17:26:02,366 - INFO - IA: Raquette droite déplacée de 105 à 112
2025-05-03 17:26:02,383 - INFO - JOUEUR: Raquette gauche déplacée de 174 à 181
2025-05-03 17:26:02,383 - INFO - IA: Raquette droite déplacée de 112 à 119
2025-05-03 17:26:02,401 - INFO - JOUEUR: Raquette gauche déplacée de 181 à 188
2025-05-03 17:26:02,401 - INFO - IA: Raquette droite déplacée de 119 à 126
2025-05-03 17:26:02,418 - INFO - JOUEUR: Raquette gauche déplacée de 188 à 195
2025-05-03 17:26:02,418 - INFO - IA: Raquette droite déplacée de 126 à 133
2025-05-03 17:26:02,436 - INFO - JOUEUR: Raquette gauche déplacée de 195 à 202
2025-05-03 17:26:02,436 - INFO - IA: Raquette droite déplacée de 133 à 126
2025-05-03 17:26:02,453 - INFO - JOUEUR: Raquette gauche déplacée de 202 à 209
2025-05-03 17:26:02,453 - INFO - IA: Raquette droite déplacée de 126 à 133
2025-05-03 17:26:02,470 - INFO - JOUEUR: Raquette gauche déplacée de 209 à 216
2025-05-03 17:26:02,470 - INFO - IA: Raquette droite déplacée de 133 à 140
2025-05-03 17:26:02,487 - INFO - JOUEUR: Raquette gauche déplacée de 216 à 223
2025-05-03 17:26:02,487 - INFO - IA: Raquette droite déplacée de 140 à 147
2025-05-03 17:26:02,504 - INFO - JOUEUR: Raquette gauche déplacée de 223 à 230
2025-05-03 17:26:02,504 - INFO - IA: Raquette droite déplacée de 147 à 154
2025-05-03 17:26:02,521 - INFO - JOUEUR: Raquette gauche déplacée de 230 à 237
2025-05-03 17:26:02,521 - INFO - IA: Raquette droite déplacée de 154 à 161
2025-05-03 17:26:02,539 - INFO - JOUEUR: Raquette gauche déplacée de 237 à 244
2025-05-03 17:26:02,540 - INFO - IA: Raquette droite déplacée de 161 à 168
2025-05-03 17:26:02,557 - INFO - JOUEUR: Raquette gauche déplacée de 244 à 251
2025-05-03 17:26:02,557 - INFO - IA: Raquette droite déplacée de 168 à 175
2025-05-03 17:26:02,574 - INFO - JOUEUR: Raquette gauche déplacée de 251 à 258
2025-05-03 17:26:02,574 - INFO - IA: Raquette droite déplacée de 175 à 182
2025-05-03 17:26:02,592 - INFO - JOUEUR: Raquette gauche déplacée de 258 à 265
2025-05-03 17:26:02,592 - INFO - IA: Raquette droite déplacée de 182 à 189
2025-05-03 17:26:02,611 - INFO - INPUT: Joueur relâche les touches directionnelles
2025-05-03 17:26:02,611 - INFO - IA: Raquette droite déplacée de 189 à 182
2025-05-03 17:26:02,628 - INFO - IA: Raquette droite déplacée de 182 à 189
2025-05-03 17:26:02,645 - INFO - IA: Raquette droite déplacée de 189 à 196
2025-05-03 17:26:02,662 - INFO - IA: Raquette droite déplacée de 196 à 189
2025-05-03 17:26:02,679 - INFO - IA: Raquette droite déplacée de 189 à 196
2025-05-03 17:26:02,697 - INFO - IA: Raquette droite déplacée de 196 à 203
2025-05-03 17:26:02,714 - INFO - IA: Raquette droite déplacée de 203 à 210
2025-05-03 17:26:02,731 - INFO - IA: Raquette droite déplacée de 210 à 217
2025-05-03 17:26:02,748 - INFO - IA: Raquette droite déplacée de 217 à 224
2025-05-03 17:26:02,766 - INFO - IA: Raquette droite déplacée de 224 à 231
2025-05-03 17:26:02,783 - INFO - IA: Raquette droite déplacée de 231 à 238
2025-05-03 17:26:02,801 - INFO - IA: Raquette droite déplacée de 238 à 245
2025-05-03 17:26:02,818 - INFO - IA: Raquette droite déplacée de 245 à 252
2025-05-03 17:26:02,836 - INFO - IA: Raquette droite déplacée de 252 à 259
2025-05-03 17:26:02,853 - INFO - IA: Raquette droite déplacée de 259 à 252
2025-05-03 17:26:02,870 - INFO - IA: Raquette droite déplacée de 252 à 245
2025-05-03 17:26:02,870 - INFO - COLLISION: Balle a rebondi sur une raquette à la position (555, 318)
2025-05-03 17:26:02,887 - INFO - INPUT: Joueur appuie sur la touche HAUT
2025-05-03 17:26:02,888 - INFO - JOUEUR: Raquette gauche déplacée de 265 à 258
2025-05-03 17:26:02,888 - INFO - IA: Raquette droite déplacée de 245 à 252
2025-05-03 17:26:02,906 - INFO - JOUEUR: Raquette gauche déplacée de 258 à 251
2025-05-03 17:26:02,906 - INFO - IA: Raquette droite déplacée de 252 à 259
2025-05-03 17:26:02,923 - INFO - JOUEUR: Raquette gauche déplacée de 251 à 244
2025-05-03 17:26:02,923 - INFO - IA: Raquette droite déplacée de 259 à 266
2025-05-03 17:26:02,941 - INFO - JOUEUR: Raquette gauche déplacée de 244 à 237
2025-05-03 17:26:02,941 - INFO - IA: Raquette droite déplacée de 266 à 273
2025-05-03 17:26:02,958 - INFO - JOUEUR: Raquette gauche déplacée de 237 à 230
2025-05-03 17:26:02,958 - INFO - IA: Raquette droite déplacée de 273 à 280
2025-05-03 17:26:02,975 - INFO - JOUEUR: Raquette gauche déplacée de 230 à 223
2025-05-03 17:26:02,975 - INFO - IA: Raquette droite déplacée de 280 à 287
2025-05-03 17:26:02,993 - INFO - JOUEUR: Raquette gauche déplacée de 223 à 216
2025-05-03 17:26:02,993 - INFO - IA: Raquette droite déplacée de 287 à 294
2025-05-03 17:26:03,011 - INFO - JOUEUR: Raquette gauche déplacée de 216 à 209
2025-05-03 17:26:03,011 - INFO - IA: Raquette droite déplacée de 294 à 301
2025-05-03 17:26:03,029 - INFO - JOUEUR: Raquette gauche déplacée de 209 à 202
2025-05-03 17:26:03,029 - INFO - IA: Raquette droite déplacée de 301 à 308
2025-05-03 17:26:03,047 - INFO - INPUT: Joueur relâche les touches directionnelles
2025-05-03 17:26:03,048 - INFO - IA: Raquette droite déplacée de 308 à 315
2025-05-03 17:26:03,066 - INFO - IA: Raquette droite déplacée de 315 à 322
2025-05-03 17:26:03,084 - INFO - IA: Raquette droite déplacée de 322 à 329
2025-05-03 17:26:03,102 - INFO - IA: Raquette droite déplacée de 329 à 336
2025-05-03 17:26:03,119 - INFO - IA: Raquette droite déplacée de 336 à 343
2025-05-03 17:26:03,136 - INFO - IA: Raquette droite déplacée de 343 à 336
2025-05-03 17:26:03,153 - INFO - IA: Raquette droite déplacée de 336 à 343
2025-05-03 17:26:03,170 - INFO - IA: Raquette droite déplacée de 343 à 350
2025-05-03 17:26:03,187 - INFO - IA: Raquette droite déplacée de 350 à 357
2025-05-03 17:26:03,205 - INFO - IA: Raquette droite déplacée de 357 à 364
2025-05-03 17:26:03,222 - INFO - IA: Raquette droite déplacée de 364 à 371
2025-05-03 17:26:03,239 - INFO - IA: Raquette droite déplacée de 371 à 378
2025-05-03 17:26:03,257 - INFO - IA: Raquette droite déplacée de 378 à 371
2025-05-03 17:26:03,274 - INFO - IA: Raquette droite déplacée de 371 à 378
2025-05-03 17:26:03,292 - INFO - IA: Raquette droite déplacée de 378 à 385
2025-05-03 17:26:03,309 - INFO - IA: Raquette droite déplacée de 385 à 390
2025-05-03 17:26:03,326 - INFO - IA: Raquette droite déplacée de 390 à 383
2025-05-03 17:26:03,343 - INFO - IA: Raquette droite déplacée de 383 à 390
2025-05-03 17:26:03,361 - INFO - INPUT: Joueur appuie sur la touche BAS
2025-05-03 17:26:03,361 - INFO - JOUEUR: Raquette gauche déplacée de 202 à 209
2025-05-03 17:26:03,379 - INFO - JOUEUR: Raquette gauche déplacée de 209 à 216
2025-05-03 17:26:03,396 - INFO - JOUEUR: Raquette gauche déplacée de 216 à 223
2025-05-03 17:26:03,396 - INFO - COLLISION: Balle a rebondi sur un mur à la position (315, 468)
2025-05-03 17:26:03,413 - INFO - JOUEUR: Raquette gauche déplacée de 223 à 230
2025-05-03 17:26:03,430 - INFO - JOUEUR: Raquette gauche déplacée de 230 à 237
2025-05-03 17:26:03,447 - INFO - JOUEUR: Raquette gauche déplacée de 237 à 244
2025-05-03 17:26:03,464 - INFO - JOUEUR: Raquette gauche déplacée de 244 à 251
2025-05-03 17:26:03,464 - INFO - IA: Raquette droite déplacée de 390 à 383
2025-05-03 17:26:03,481 - INFO - JOUEUR: Raquette gauche déplacée de 251 à 258
2025-05-03 17:26:03,481 - INFO - IA: Raquette droite déplacée de 383 à 390
2025-05-03 17:26:03,498 - INFO - JOUEUR: Raquette gauche déplacée de 258 à 265
2025-05-03 17:26:03,515 - INFO - JOUEUR: Raquette gauche déplacée de 265 à 272
2025-05-03 17:26:03,515 - INFO - IA: Raquette droite déplacée de 390 à 383
2025-05-03 17:26:03,533 - INFO - JOUEUR: Raquette gauche déplacée de 272 à 279
2025-05-03 17:26:03,533 - INFO - IA: Raquette droite déplacée de 383 à 390
2025-05-03 17:26:03,551 - INFO - JOUEUR: Raquette gauche déplacée de 279 à 286
2025-05-03 17:26:03,569 - INFO - JOUEUR: Raquette gauche déplacée de 286 à 293
2025-05-03 17:26:03,569 - INFO - IA: Raquette droite déplacée de 390 à 383
2025-05-03 17:26:03,587 - INFO - JOUEUR: Raquette gauche déplacée de 293 à 300
2025-05-03 17:26:03,587 - INFO - IA: Raquette droite déplacée de 383 à 390
2025-05-03 17:26:03,604 - INFO - JOUEUR: Raquette gauche déplacée de 300 à 307
2025-05-03 17:26:03,604 - INFO - IA: Raquette droite déplacée de 390 à 383
2025-05-03 17:26:03,622 - INFO - JOUEUR: Raquette gauche déplacée de 307 à 314
2025-05-03 17:26:03,622 - INFO - IA: Raquette droite déplacée de 383 à 376
2025-05-03 17:26:03,640 - INFO - JOUEUR: Raquette gauche déplacée de 314 à 321
2025-05-03 17:26:03,640 - INFO - IA: Raquette droite déplacée de 376 à 383
2025-05-03 17:26:03,658 - INFO - INPUT: Joueur relâche les touches directionnelles
2025-05-03 17:26:03,658 - INFO - IA: Raquette droite déplacée de 383 à 376
2025-05-03 17:26:03,675 - INFO - IA: Raquette droite déplacée de 376 à 369
2025-05-03 17:26:03,693 - INFO - IA: Raquette droite déplacée de 369 à 362
2025-05-03 17:26:03,710 - INFO - IA: Raquette droite déplacée de 362 à 369
2025-05-03 17:26:03,728 - INFO - IA: Raquette droite déplacée de 369 à 362
2025-05-03 17:26:03,745 - INFO - IA: Raquette droite déplacée de 362 à 355
2025-05-03 17:26:03,762 - INFO - IA: Raquette droite déplacée de 355 à 348
2025-05-03 17:26:03,779 - INFO - IA: Raquette droite déplacée de 348 à 341
2025-05-03 17:26:03,797 - INFO - IA: Raquette droite déplacée de 341 à 334
2025-05-03 17:26:03,815 - INFO - IA: Raquette droite déplacée de 334 à 327
2025-05-03 17:26:03,833 - INFO - INPUT: Joueur appuie sur la touche HAUT
2025-05-03 17:26:03,833 - INFO - JOUEUR: Raquette gauche déplacée de 321 à 314
2025-05-03 17:26:03,833 - INFO - IA: Raquette droite déplacée de 327 à 320
2025-05-03 17:26:03,851 - INFO - JOUEUR: Raquette gauche déplacée de 314 à 307
2025-05-03 17:26:03,851 - INFO - IA: Raquette droite déplacée de 320 à 313
2025-05-03 17:26:03,868 - INFO - JOUEUR: Raquette gauche déplacée de 307 à 300
2025-05-03 17:26:03,868 - INFO - IA: Raquette droite déplacée de 313 à 306
2025-05-03 17:26:03,886 - INFO - JOUEUR: Raquette gauche déplacée de 300 à 293
2025-05-03 17:26:03,886 - INFO - IA: Raquette droite déplacée de 306 à 299
2025-05-03 17:26:03,904 - INFO - JOUEUR: Raquette gauche déplacée de 293 à 286
2025-05-03 17:26:03,904 - INFO - IA: Raquette droite déplacée de 299 à 306
2025-05-03 17:26:03,921 - INFO - JOUEUR: Raquette gauche déplacée de 286 à 279
2025-05-03 17:26:03,921 - INFO - IA: Raquette droite déplacée de 306 à 299
2025-05-03 17:26:03,940 - INFO - JOUEUR: Raquette gauche déplacée de 279 à 272
2025-05-03 17:26:03,941 - INFO - IA: Raquette droite déplacée de 299 à 292
2025-05-03 17:26:03,959 - INFO - JOUEUR: Raquette gauche déplacée de 272 à 265
2025-05-03 17:26:03,959 - INFO - IA: Raquette droite déplacée de 292 à 285
2025-05-03 17:26:03,976 - INFO - JOUEUR: Raquette gauche déplacée de 265 à 258
2025-05-03 17:26:03,977 - INFO - IA: Raquette droite déplacée de 285 à 278
2025-05-03 17:26:03,994 - INFO - INPUT: Joueur relâche les touches directionnelles
2025-05-03 17:26:03,994 - INFO - IA: Raquette droite déplacée de 278 à 271
2025-05-03 17:26:04,012 - INFO - IA: Raquette droite déplacée de 271 à 264
2025-05-03 17:26:04,029 - INFO - INPUT: Joueur appuie sur la touche HAUT
2025-05-03 17:26:04,030 - INFO - JOUEUR: Raquette gauche déplacée de 258 à 251
2025-05-03 17:26:04,030 - INFO - IA: Raquette droite déplacée de 264 à 257
2025-05-03 17:26:04,030 - INFO - COLLISION: Balle a rebondi sur une raquette à la position (27, 288)
2025-05-03 17:26:04,048 - INFO - JOUEUR: Raquette gauche déplacée de 251 à 244
2025-05-03 17:26:04,048 - INFO - IA: Raquette droite déplacée de 257 à 264
2025-05-03 17:26:04,066 - INFO - JOUEUR: Raquette gauche déplacée de 244 à 237
2025-05-03 17:26:04,066 - INFO - IA: Raquette droite déplacée de 264 à 271
2025-05-03 17:26:04,083 - INFO - JOUEUR: Raquette gauche déplacée de 237 à 230
2025-05-03 17:26:04,083 - INFO - IA: Raquette droite déplacée de 271 à 264
2025-05-03 17:26:04,100 - INFO - JOUEUR: Raquette gauche déplacée de 230 à 223
2025-05-03 17:26:04,100 - INFO - IA: Raquette droite déplacée de 264 à 257
2025-05-03 17:26:04,118 - INFO - JOUEUR: Raquette gauche déplacée de 223 à 216
2025-05-03 17:26:04,118 - INFO - IA: Raquette droite déplacée de 257 à 250
2025-05-03 17:26:04,135 - INFO - JOUEUR: Raquette gauche déplacée de 216 à 209
2025-05-03 17:26:04,135 - INFO - IA: Raquette droite déplacée de 250 à 243
2025-05-03 17:26:04,153 - INFO - JOUEUR: Raquette gauche déplacée de 209 à 202
2025-05-03 17:26:04,153 - INFO - IA: Raquette droite déplacée de 243 à 236
2025-05-03 17:26:04,171 - INFO - JOUEUR: Raquette gauche déplacée de 202 à 195
2025-05-03 17:26:04,171 - INFO - IA: Raquette droite déplacée de 236 à 229
2025-05-03 17:26:04,188 - INFO - JOUEUR: Raquette gauche déplacée de 195 à 188
2025-05-03 17:26:04,188 - INFO - IA: Raquette droite déplacée de 229 à 222
2025-05-03 17:26:04,205 - INFO - JOUEUR: Raquette gauche déplacée de 188 à 181
2025-05-03 17:26:04,205 - INFO - IA: Raquette droite déplacée de 222 à 215
2025-05-03 17:26:04,223 - INFO - INPUT: Joueur relâche les touches directionnelles
2025-05-03 17:26:04,223 - INFO - IA: Raquette droite déplacée de 215 à 208
2025-05-03 17:26:04,240 - INFO - IA: Raquette droite déplacée de 208 à 201
2025-05-03 17:26:04,258 - INFO - IA: Raquette droite déplacée de 201 à 194
2025-05-03 17:26:04,275 - INFO - IA: Raquette droite déplacée de 194 à 201
2025-05-03 17:26:04,293 - INFO - IA: Raquette droite déplacée de 201 à 194
2025-05-03 17:26:04,309 - INFO - IA: Raquette droite déplacée de 194 à 187
2025-05-03 17:26:04,327 - INFO - IA: Raquette droite déplacée de 187 à 180
2025-05-03 17:26:04,344 - INFO - IA: Raquette droite déplacée de 180 à 173
2025-05-03 17:26:04,361 - INFO - IA: Raquette droite déplacée de 173 à 166
2025-05-03 17:26:04,378 - INFO - IA: Raquette droite déplacée de 166 à 159
2025-05-03 17:26:04,395 - INFO - IA: Raquette droite déplacée de 159 à 152
2025-05-03 17:26:04,413 - INFO - IA: Raquette droite déplacée de 152 à 159
2025-05-03 17:26:04,431 - INFO - IA: Raquette droite déplacée de 159 à 152
2025-05-03 17:26:04,448 - INFO - IA: Raquette droite déplacée de 152 à 145
2025-05-03 17:26:04,465 - INFO - IA: Raquette droite déplacée de 145 à 138
2025-05-03 17:26:04,483 - INFO - IA: Raquette droite déplacée de 138 à 131
2025-05-03 17:26:04,500 - INFO - IA: Raquette droite déplacée de 131 à 124
2025-05-03 17:26:04,518 - INFO - INPUT: Joueur appuie sur la touche BAS
2025-05-03 17:26:04,518 - INFO - JOUEUR: Raquette gauche déplacée de 181 à 188
2025-05-03 17:26:04,518 - INFO - IA: Raquette droite déplacée de 124 à 131
2025-05-03 17:26:04,536 - INFO - INPUT: Joueur relâche les touches directionnelles
2025-05-03 17:26:04,536 - INFO - IA: Raquette droite déplacée de 131 à 124
2025-05-03 17:26:04,553 - INFO - IA: Raquette droite déplacée de 124 à 117
2025-05-03 17:26:04,571 - INFO - IA: Raquette droite déplacée de 117 à 124
2025-05-03 17:26:04,588 - INFO - IA: Raquette droite déplacée de 124 à 117
2025-05-03 17:26:04,606 - INFO - IA: Raquette droite déplacée de 117 à 110
2025-05-03 17:26:04,623 - INFO - IA: Raquette droite déplacée de 110 à 103
2025-05-03 17:26:04,640 - INFO - IA: Raquette droite déplacée de 103 à 110
2025-05-03 17:26:04,657 - INFO - IA: Raquette droite déplacée de 110 à 103
2025-05-03 17:26:04,674 - INFO - IA: Raquette droite déplacée de 103 à 96
2025-05-03 17:26:04,692 - INFO - IA: Raquette droite déplacée de 96 à 89
2025-05-03 17:26:04,710 - INFO - IA: Raquette droite déplacée de 89 à 82
2025-05-03 17:26:04,728 - INFO - IA: Raquette droite déplacée de 82 à 75
2025-05-03 17:26:04,745 - INFO - IA: Raquette droite déplacée de 75 à 68
2025-05-03 17:26:04,763 - INFO - INPUT: Joueur appuie sur la touche HAUT
2025-05-03 17:26:04,764 - INFO - JOUEUR: Raquette gauche déplacée de 188 à 181
2025-05-03 17:26:04,781 - INFO - JOUEUR: Raquette gauche déplacée de 181 à 174
2025-05-03 17:26:04,781 - INFO - IA: Raquette droite déplacée de 68 à 75
2025-05-03 17:26:04,798 - INFO - JOUEUR: Raquette gauche déplacée de 174 à 167
2025-05-03 17:26:04,799 - INFO - IA: Raquette droite déplacée de 75 à 68
2025-05-03 17:26:04,816 - INFO - JOUEUR: Raquette gauche déplacée de 167 à 160
2025-05-03 17:26:04,816 - INFO - IA: Raquette droite déplacée de 68 à 61
2025-05-03 17:26:04,834 - INFO - JOUEUR: Raquette gauche déplacée de 160 à 153
2025-05-03 17:26:04,834 - INFO - IA: Raquette droite déplacée de 61 à 54
2025-05-03 17:26:04,851 - INFO - JOUEUR: Raquette gauche déplacée de 153 à 146
2025-05-03 17:26:04,852 - INFO - IA: Raquette droite déplacée de 54 à 47
2025-05-03 17:26:04,869 - INFO - JOUEUR: Raquette gauche déplacée de 146 à 139
2025-05-03 17:26:04,870 - INFO - IA: Raquette droite déplacée de 47 à 40
2025-05-03 17:26:04,887 - INFO - JOUEUR: Raquette gauche déplacée de 139 à 132
2025-05-03 17:26:04,888 - INFO - IA: Raquette droite déplacée de 40 à 33
2025-05-03 17:26:04,905 - INFO - JOUEUR: Raquette gauche déplacée de 132 à 125
2025-05-03 17:26:04,906 - INFO - IA: Raquette droite déplacée de 33 à 26
2025-05-03 17:26:04,923 - INFO - JOUEUR: Raquette gauche déplacée de 125 à 118
2025-05-03 17:26:04,923 - INFO - IA: Raquette droite déplacée de 26 à 19
2025-05-03 17:26:04,941 - INFO - INPUT: Joueur relâche les touches directionnelles
2025-05-03 17:26:04,942 - INFO - IA: Raquette droite déplacée de 19 à 12
2025-05-03 17:26:04,959 - INFO - IA: Raquette droite déplacée de 12 à 5
2025-05-03 17:26:04,977 - INFO - IA: Raquette droite déplacée de 5 à 0
2025-05-03 17:26:05,046 - INFO - COLLISION: Balle a rebondi sur un mur à la position (549, -2)
2025-05-03 17:26:05,063 - INFO - COLLISION: Balle a rebondi sur une raquette à la position (558, 3)
2025-05-03 17:26:05,116 - INFO - INPUT: Joueur appuie sur la touche BAS
2025-05-03 17:26:05,116 - INFO - JOUEUR: Raquette gauche déplacée de 118 à 125
2025-05-03 17:26:05,133 - INFO - JOUEUR: Raquette gauche déplacée de 125 à 132
2025-05-03 17:26:05,152 - INFO - JOUEUR: Raquette gauche déplacée de 132 à 139
2025-05-03 17:26:05,152 - INFO - IA: Raquette droite déplacée de 0 à 7
2025-05-03 17:26:05,168 - INFO - JOUEUR: Raquette gauche déplacée de 139 à 146
2025-05-03 17:26:05,168 - INFO - IA: Raquette droite déplacée de 7 à 0
2025-05-03 17:26:05,186 - INFO - JOUEUR: Raquette gauche déplacée de 146 à 153
2025-05-03 17:26:05,186 - INFO - IA: Raquette droite déplacée de 0 à 7
2025-05-03 17:26:05,203 - INFO - JOUEUR: Raquette gauche déplacée de 153 à 160
2025-05-03 17:26:05,203 - INFO - IA: Raquette droite déplacée de 7 à 14
2025-05-03 17:26:05,222 - INFO - JOUEUR: Raquette gauche déplacée de 160 à 167
2025-05-03 17:26:05,222 - INFO - IA: Raquette droite déplacée de 14 à 7
2025-05-03 17:26:05,239 - INFO - JOUEUR: Raquette gauche déplacée de 167 à 174
2025-05-03 17:26:05,240 - INFO - IA: Raquette droite déplacée de 7 à 14
2025-05-03 17:26:05,257 - INFO - JOUEUR: Raquette gauche déplacée de 174 à 181
2025-05-03 17:26:05,257 - INFO - IA: Raquette droite déplacée de 14 à 7
2025-05-03 17:26:05,275 - INFO - JOUEUR: Raquette gauche déplacée de 181 à 188
2025-05-03 17:26:05,275 - INFO - IA: Raquette droite déplacée de 7 à 14
2025-05-03 17:26:05,292 - INFO - JOUEUR: Raquette gauche déplacée de 188 à 195
2025-05-03 17:26:05,292 - INFO - IA: Raquette droite déplacée de 14 à 21
2025-05-03 17:26:05,309 - INFO - JOUEUR: Raquette gauche déplacée de 195 à 202
2025-05-03 17:26:05,310 - INFO - IA: Raquette droite déplacée de 21 à 14
2025-05-03 17:26:05,327 - INFO - JOUEUR: Raquette gauche déplacée de 202 à 209
2025-05-03 17:26:05,327 - INFO - IA: Raquette droite déplacée de 14 à 21
2025-05-03 17:26:05,343 - INFO - JOUEUR: Raquette gauche déplacée de 209 à 216
2025-05-03 17:26:05,344 - INFO - IA: Raquette droite déplacée de 21 à 28
2025-05-03 17:26:05,361 - INFO - JOUEUR: Raquette gauche déplacée de 216 à 223
2025-05-03 17:26:05,361 - INFO - IA: Raquette droite déplacée de 28 à 21
2025-05-03 17:26:05,378 - INFO - JOUEUR: Raquette gauche déplacée de 223 à 230
2025-05-03 17:26:05,378 - INFO - IA: Raquette droite déplacée de 21 à 28
2025-05-03 17:26:05,395 - INFO - JOUEUR: Raquette gauche déplacée de 230 à 237
2025-05-03 17:26:05,395 - INFO - IA: Raquette droite déplacée de 28 à 21
2025-05-03 17:26:05,413 - INFO - INPUT: Joueur relâche les touches directionnelles
2025-05-03 17:26:05,413 - INFO - IA: Raquette droite déplacée de 21 à 28
2025-05-03 17:26:05,431 - INFO - IA: Raquette droite déplacée de 28 à 35
2025-05-03 17:26:05,448 - INFO - IA: Raquette droite déplacée de 35 à 42
2025-05-03 17:26:05,465 - INFO - IA: Raquette droite déplacée de 42 à 49
2025-05-03 17:26:05,483 - INFO - IA: Raquette droite déplacée de 49 à 56
2025-05-03 17:26:05,500 - INFO - IA: Raquette droite déplacée de 56 à 63
2025-05-03 17:26:05,517 - INFO - IA: Raquette droite déplacée de 63 à 70
2025-05-03 17:26:05,534 - INFO - IA: Raquette droite déplacée de 70 à 63
2025-05-03 17:26:05,551 - INFO - IA: Raquette droite déplacée de 63 à 70
2025-05-03 17:26:05,568 - INFO - IA: Raquette droite déplacée de 70 à 77
2025-05-03 17:26:05,585 - INFO - IA: Raquette droite déplacée de 77 à 84
2025-05-03 17:26:05,604 - INFO - INPUT: Joueur appuie sur la touche HAUT
2025-05-03 17:26:05,604 - INFO - JOUEUR: Raquette gauche déplacée de 237 à 230
2025-05-03 17:26:05,604 - INFO - IA: Raquette droite déplacée de 84 à 91
2025-05-03 17:26:05,622 - INFO - JOUEUR: Raquette gauche déplacée de 230 à 223
2025-05-03 17:26:05,639 - INFO - INPUT: Joueur relâche les touches directionnelles
2025-05-03 17:26:05,640 - INFO - IA: Raquette droite déplacée de 91 à 98
2025-05-03 17:26:05,656 - INFO - IA: Raquette droite déplacée de 98 à 105
2025-05-03 17:26:05,673 - INFO - IA: Raquette droite déplacée de 105 à 112
2025-05-03 17:26:05,690 - INFO - IA: Raquette droite déplacée de 112 à 119
2025-05-03 17:26:05,708 - INFO - INPUT: Joueur appuie sur la touche HAUT
2025-05-03 17:26:05,708 - INFO - JOUEUR: Raquette gauche déplacée de 223 à 216
2025-05-03 17:26:05,708 - INFO - IA: Raquette droite déplacée de 119 à 126
2025-05-03 17:26:05,726 - INFO - JOUEUR: Raquette gauche déplacée de 216 à 209
2025-05-03 17:26:05,726 - INFO - IA: Raquette droite déplacée de 126 à 133
2025-05-03 17:26:05,743 - INFO - JOUEUR: Raquette gauche déplacée de 209 à 202
2025-05-03 17:26:05,744 - INFO - IA: Raquette droite déplacée de 133 à 140
2025-05-03 17:26:05,761 - INFO - JOUEUR: Raquette gauche déplacée de 202 à 195
2025-05-03 17:26:05,761 - INFO - IA: Raquette droite déplacée de 140 à 147
2025-05-03 17:26:05,779 - INFO - JOUEUR: Raquette gauche déplacée de 195 à 188
2025-05-03 17:26:05,779 - INFO - IA: Raquette droite déplacée de 147 à 154
2025-05-03 17:26:05,797 - INFO - JOUEUR: Raquette gauche déplacée de 188 à 181
2025-05-03 17:26:05,797 - INFO - IA: Raquette droite déplacée de 154 à 161
2025-05-03 17:26:05,814 - INFO - INPUT: Joueur relâche les touches directionnelles
2025-05-03 17:26:05,815 - INFO - IA: Raquette droite déplacée de 161 à 168
2025-05-03 17:26:05,832 - INFO - IA: Raquette droite déplacée de 168 à 175
2025-05-03 17:26:05,849 - INFO - IA: Raquette droite déplacée de 175 à 168
2025-05-03 17:26:05,866 - INFO - IA: Raquette droite déplacée de 168 à 175
2025-05-03 17:26:05,884 - INFO - IA: Raquette droite déplacée de 175 à 182
2025-05-03 17:26:05,902 - INFO - IA: Raquette droite déplacée de 182 à 189
2025-05-03 17:26:05,919 - INFO - IA: Raquette droite déplacée de 189 à 196
2025-05-03 17:26:05,937 - INFO - IA: Raquette droite déplacée de 196 à 203
2025-05-03 17:26:05,955 - INFO - IA: Raquette droite déplacée de 203 à 210
2025-05-03 17:26:05,973 - INFO - IA: Raquette droite déplacée de 210 à 203
2025-05-03 17:26:05,991 - INFO - IA: Raquette droite déplacée de 203 à 210
2025-05-03 17:26:05,991 - INFO - COLLISION: Balle a rebondi sur une raquette à la position (28, 268)
2025-05-03 17:26:06,009 - INFO - IA: Raquette droite déplacée de 210 à 217
2025-05-03 17:26:06,027 - INFO - IA: Raquette droite déplacée de 217 à 224
2025-05-03 17:26:06,045 - INFO - IA: Raquette droite déplacée de 224 à 231
2025-05-03 17:26:06,063 - INFO - IA: Raquette droite déplacée de 231 à 224
2025-05-03 17:26:06,081 - INFO - INPUT: Joueur appuie sur la touche BAS
2025-05-03 17:26:06,081 - INFO - JOUEUR: Raquette gauche déplacée de 181 à 188
2025-05-03 17:26:06,081 - INFO - IA: Raquette droite déplacée de 224 à 231
2025-05-03 17:26:06,099 - INFO - JOUEUR: Raquette gauche déplacée de 188 à 195
2025-05-03 17:26:06,099 - INFO - IA: Raquette droite déplacée de 231 à 238
2025-05-03 17:26:06,116 - INFO - JOUEUR: Raquette gauche déplacée de 195 à 202
2025-05-03 17:26:06,117 - INFO - IA: Raquette droite déplacée de 238 à 245
2025-05-03 17:26:06,134 - INFO - JOUEUR: Raquette gauche déplacée de 202 à 209
2025-05-03 17:26:06,135 - INFO - IA: Raquette droite déplacée de 245 à 252
2025-05-03 17:26:06,152 - INFO - JOUEUR: Raquette gauche déplacée de 209 à 216
2025-05-03 17:26:06,152 - INFO - IA: Raquette droite déplacée de 252 à 259
2025-05-03 17:26:06,169 - INFO - JOUEUR: Raquette gauche déplacée de 216 à 223
2025-05-03 17:26:06,170 - INFO - IA: Raquette droite déplacée de 259 à 266
2025-05-03 17:26:06,187 - INFO - JOUEUR: Raquette gauche déplacée de 223 à 230
2025-05-03 17:26:06,188 - INFO - IA: Raquette droite déplacée de 266 à 259
2025-05-03 17:26:06,206 - INFO - JOUEUR: Raquette gauche déplacée de 230 à 237
2025-05-03 17:26:06,206 - INFO - IA: Raquette droite déplacée de 259 à 266
2025-05-03 17:26:06,223 - INFO - JOUEUR: Raquette gauche déplacée de 237 à 244
2025-05-03 17:26:06,224 - INFO - IA: Raquette droite déplacée de 266 à 273
2025-05-03 17:26:06,241 - INFO - JOUEUR: Raquette gauche déplacée de 244 à 251
2025-05-03 17:26:06,241 - INFO - IA: Raquette droite déplacée de 273 à 280
2025-05-03 17:26:06,258 - INFO - JOUEUR: Raquette gauche déplacée de 251 à 258
2025-05-03 17:26:06,258 - INFO - IA: Raquette droite déplacée de 280 à 287
2025-05-03 17:26:06,275 - INFO - JOUEUR: Raquette gauche déplacée de 258 à 265
2025-05-03 17:26:06,276 - INFO - IA: Raquette droite déplacée de 287 à 280
2025-05-03 17:26:06,293 - INFO - JOUEUR: Raquette gauche déplacée de 265 à 272
2025-05-03 17:26:06,293 - INFO - IA: Raquette droite déplacée de 280 à 287
2025-05-03 17:26:06,310 - INFO - JOUEUR: Raquette gauche déplacée de 272 à 279
2025-05-03 17:26:06,310 - INFO - IA: Raquette droite déplacée de 287 à 294
2025-05-03 17:26:06,328 - INFO - JOUEUR: Raquette gauche déplacée de 279 à 286
2025-05-03 17:26:06,328 - INFO - IA: Raquette droite déplacée de 294 à 301
2025-05-03 17:26:06,346 - INFO - JOUEUR: Raquette gauche déplacée de 286 à 293
2025-05-03 17:26:06,346 - INFO - IA: Raquette droite déplacée de 301 à 308
2025-05-03 17:26:06,363 - INFO - JOUEUR: Raquette gauche déplacée de 293 à 300
2025-05-03 17:26:06,363 - INFO - IA: Raquette droite déplacée de 308 à 315
2025-05-03 17:26:06,380 - INFO - JOUEUR: Raquette gauche déplacée de 300 à 307
2025-05-03 17:26:06,380 - INFO - IA: Raquette droite déplacée de 315 à 308
2025-05-03 17:26:06,397 - INFO - JOUEUR: Raquette gauche déplacée de 307 à 314
2025-05-03 17:26:06,397 - INFO - IA: Raquette droite déplacée de 308 à 315
2025-05-03 17:26:06,414 - INFO - JOUEUR: Raquette gauche déplacée de 314 à 321
2025-05-03 17:26:06,414 - INFO - IA: Raquette droite déplacée de 315 à 322
2025-05-03 17:26:06,432 - INFO - JOUEUR: Raquette gauche déplacée de 321 à 328
2025-05-03 17:26:06,432 - INFO - IA: Raquette droite déplacée de 322 à 329
2025-05-03 17:26:06,449 - INFO - JOUEUR: Raquette gauche déplacée de 328 à 335
2025-05-03 17:26:06,449 - INFO - IA: Raquette droite déplacée de 329 à 336
2025-05-03 17:26:06,466 - INFO - JOUEUR: Raquette gauche déplacée de 335 à 342
2025-05-03 17:26:06,466 - INFO - IA: Raquette droite déplacée de 336 à 343
2025-05-03 17:26:06,484 - INFO - INPUT: Joueur relâche les touches directionnelles
2025-05-03 17:26:06,484 - INFO - IA: Raquette droite déplacée de 343 à 350
2025-05-03 17:26:06,501 - INFO - IA: Raquette droite déplacée de 350 à 357
2025-05-03 17:26:06,519 - INFO - IA: Raquette droite déplacée de 357 à 364
2025-05-03 17:26:06,537 - INFO - IA: Raquette droite déplacée de 364 à 357
2025-05-03 17:26:06,554 - INFO - IA: Raquette droite déplacée de 357 à 364
2025-05-03 17:26:06,572 - INFO - IA: Raquette droite déplacée de 364 à 371
2025-05-03 17:26:06,589 - INFO - IA: Raquette droite déplacée de 371 à 378
2025-05-03 17:26:06,606 - INFO - IA: Raquette droite déplacée de 378 à 371
2025-05-03 17:26:06,623 - INFO - IA: Raquette droite déplacée de 371 à 378
2025-05-03 17:26:06,640 - INFO - IA: Raquette droite déplacée de 378 à 385
2025-05-03 17:26:06,657 - INFO - IA: Raquette droite déplacée de 385 à 390
2025-05-03 17:26:06,691 - INFO - COLLISION: Balle a rebondi sur un mur à la position (468, 468)
2025-05-03 17:26:06,709 - INFO - INPUT: Joueur appuie sur la touche HAUT
2025-05-03 17:26:06,710 - INFO - JOUEUR: Raquette gauche déplacée de 342 à 335
2025-05-03 17:26:06,726 - INFO - JOUEUR: Raquette gauche déplacée de 335 à 328
2025-05-03 17:26:06,744 - INFO - JOUEUR: Raquette gauche déplacée de 328 à 321
2025-05-03 17:26:06,761 - INFO - JOUEUR: Raquette gauche déplacée de 321 à 314
2025-05-03 17:26:06,780 - INFO - JOUEUR: Raquette gauche déplacée de 314 à 307
2025-05-03 17:26:06,798 - INFO - JOUEUR: Raquette gauche déplacée de 307 à 300
2025-05-03 17:26:06,798 - INFO - IA: Raquette droite déplacée de 390 à 383
2025-05-03 17:26:06,816 - INFO - JOUEUR: Raquette gauche déplacée de 300 à 293
2025-05-03 17:26:06,817 - INFO - IA: Raquette droite déplacée de 383 à 390
2025-05-03 17:26:06,834 - INFO - JOUEUR: Raquette gauche déplacée de 293 à 286
2025-05-03 17:26:06,834 - INFO - IA: Raquette droite déplacée de 390 à 383
2025-05-03 17:26:06,834 - INFO - COLLISION: Balle a rebondi sur une raquette à la position (556, 428)
2025-05-03 17:26:06,852 - INFO - JOUEUR: Raquette gauche déplacée de 286 à 279
2025-05-03 17:26:06,852 - INFO - IA: Raquette droite déplacée de 383 à 390
2025-05-03 17:26:06,870 - INFO - JOUEUR: Raquette gauche déplacée de 279 à 272
2025-05-03 17:26:06,887 - INFO - JOUEUR: Raquette gauche déplacée de 272 à 265
2025-05-03 17:26:06,887 - INFO - IA: Raquette droite déplacée de 390 à 383
2025-05-03 17:26:06,905 - INFO - JOUEUR: Raquette gauche déplacée de 265 à 258
2025-05-03 17:26:06,906 - INFO - IA: Raquette droite déplacée de 383 à 390
2025-05-03 17:26:06,923 - INFO - JOUEUR: Raquette gauche déplacée de 258 à 251
2025-05-03 17:26:06,923 - INFO - IA: Raquette droite déplacée de 390 à 383
2025-05-03 17:26:06,941 - INFO - JOUEUR: Raquette gauche déplacée de 251 à 244
2025-05-03 17:26:06,941 - INFO - IA: Raquette droite déplacée de 383 à 390
2025-05-03 17:26:06,959 - INFO - JOUEUR: Raquette gauche déplacée de 244 à 237
2025-05-03 17:26:06,959 - INFO - IA: Raquette droite déplacée de 390 à 383
2025-05-03 17:26:06,977 - INFO - INPUT: Joueur relâche les touches directionnelles
2025-05-03 17:26:06,977 - INFO - IA: Raquette droite déplacée de 383 à 376
2025-05-03 17:26:06,995 - INFO - IA: Raquette droite déplacée de 376 à 369
2025-05-03 17:26:07,013 - INFO - IA: Raquette droite déplacée de 369 à 362
2025-05-03 17:26:07,031 - INFO - IA: Raquette droite déplacée de 362 à 355
2025-05-03 17:26:07,050 - INFO - IA: Raquette droite déplacée de 355 à 348
2025-05-03 17:26:07,067 - INFO - IA: Raquette droite déplacée de 348 à 355
2025-05-03 17:26:07,085 - INFO - IA: Raquette droite déplacée de 355 à 348
2025-05-03 17:26:07,103 - INFO - IA: Raquette droite déplacée de 348 à 341
2025-05-03 17:26:07,121 - INFO - IA: Raquette droite déplacée de 341 à 334
2025-05-03 17:26:07,139 - INFO - IA: Raquette droite déplacée de 334 à 327
2025-05-03 17:26:07,156 - INFO - IA: Raquette droite déplacée de 327 à 320
2025-05-03 17:26:07,173 - INFO - IA: Raquette droite déplacée de 320 à 313
2025-05-03 17:26:07,191 - INFO - IA: Raquette droite déplacée de 313 à 306
2025-05-03 17:26:07,208 - INFO - IA: Raquette droite déplacée de 306 à 299
2025-05-03 17:26:07,226 - INFO - IA: Raquette droite déplacée de 299 à 306
2025-05-03 17:26:07,243 - INFO - IA: Raquette droite déplacée de 306 à 299
2025-05-03 17:26:07,276 - INFO - IA: Raquette droite déplacée de 299 à 292
2025-05-03 17:26:07,294 - INFO - IA: Raquette droite déplacée de 292 à 285
2025-05-03 17:26:07,312 - INFO - IA: Raquette droite déplacée de 285 à 278
2025-05-03 17:26:07,329 - INFO - IA: Raquette droite déplacée de 278 à 271
2025-05-03 17:26:07,347 - INFO - IA: Raquette droite déplacée de 271 à 264
2025-05-03 17:26:07,365 - INFO - IA: Raquette droite déplacée de 264 à 257
2025-05-03 17:26:07,383 - INFO - IA: Raquette droite déplacée de 257 à 250
2025-05-03 17:26:07,401 - INFO - IA: Raquette droite déplacée de 250 à 257
2025-05-03 17:26:07,419 - INFO - IA: Raquette droite déplacée de 257 à 250
2025-05-03 17:26:07,436 - INFO - IA: Raquette droite déplacée de 250 à 243
2025-05-03 17:26:07,453 - INFO - IA: Raquette droite déplacée de 243 à 236
2025-05-03 17:26:07,470 - INFO - IA: Raquette droite déplacée de 236 à 229
2025-05-03 17:26:07,488 - INFO - IA: Raquette droite déplacée de 229 à 222
2025-05-03 17:26:07,505 - INFO - IA: Raquette droite déplacée de 222 à 215
2025-05-03 17:26:07,522 - INFO - INPUT: Joueur appuie sur la touche HAUT
2025-05-03 17:26:07,523 - INFO - JOUEUR: Raquette gauche déplacée de 237 à 230
2025-05-03 17:26:07,523 - INFO - IA: Raquette droite déplacée de 215 à 208
2025-05-03 17:26:07,540 - INFO - JOUEUR: Raquette gauche déplacée de 230 à 223
2025-05-03 17:26:07,540 - INFO - IA: Raquette droite déplacée de 208 à 201
2025-05-03 17:26:07,557 - INFO - JOUEUR: Raquette gauche déplacée de 223 à 216
2025-05-03 17:26:07,558 - INFO - IA: Raquette droite déplacée de 201 à 194
2025-05-03 17:26:07,575 - INFO - JOUEUR: Raquette gauche déplacée de 216 à 209
2025-05-03 17:26:07,576 - INFO - IA: Raquette droite déplacée de 194 à 187
2025-05-03 17:26:07,592 - INFO - JOUEUR: Raquette gauche déplacée de 209 à 202
2025-05-03 17:26:07,593 - INFO - IA: Raquette droite déplacée de 187 à 180
2025-05-03 17:26:07,610 - INFO - JOUEUR: Raquette gauche déplacée de 202 à 195
2025-05-03 17:26:07,610 - INFO - IA: Raquette droite déplacée de 180 à 187
2025-05-03 17:26:07,610 - INFO - COLLISION: Balle a rebondi sur une raquette à la position (28, 208)
2025-05-03 17:26:07,627 - INFO - JOUEUR: Raquette gauche déplacée de 195 à 188
2025-05-03 17:26:07,627 - INFO - IA: Raquette droite déplacée de 187 à 180
2025-05-03 17:26:07,645 - INFO - JOUEUR: Raquette gauche déplacée de 188 à 181
2025-05-03 17:26:07,645 - INFO - IA: Raquette droite déplacée de 180 à 173
2025-05-03 17:26:07,662 - INFO - JOUEUR: Raquette gauche déplacée de 181 à 174
2025-05-03 17:26:07,662 - INFO - IA: Raquette droite déplacée de 173 à 180
2025-05-03 17:26:07,679 - INFO - JOUEUR: Raquette gauche déplacée de 174 à 167
2025-05-03 17:26:07,680 - INFO - IA: Raquette droite déplacée de 180 à 173
2025-05-03 17:26:07,697 - INFO - JOUEUR: Raquette gauche déplacée de 167 à 160
2025-05-03 17:26:07,697 - INFO - IA: Raquette droite déplacée de 173 à 166
2025-05-03 17:26:07,714 - INFO - JOUEUR: Raquette gauche déplacée de 160 à 153
2025-05-03 17:26:07,714 - INFO - IA: Raquette droite déplacée de 166 à 159
2025-05-03 17:26:07,732 - INFO - JOUEUR: Raquette gauche déplacée de 153 à 146
2025-05-03 17:26:07,732 - INFO - IA: Raquette droite déplacée de 159 à 152
2025-05-03 17:26:07,749 - INFO - JOUEUR: Raquette gauche déplacée de 146 à 139
2025-05-03 17:26:07,749 - INFO - IA: Raquette droite déplacée de 152 à 145
2025-05-03 17:26:07,766 - INFO - JOUEUR: Raquette gauche déplacée de 139 à 132
2025-05-03 17:26:07,766 - INFO - IA: Raquette droite déplacée de 145 à 152
2025-05-03 17:26:07,784 - INFO - INPUT: Joueur relâche les touches directionnelles
2025-05-03 17:26:07,785 - INFO - IA: Raquette droite déplacée de 152 à 145
2025-05-03 17:26:07,803 - INFO - IA: Raquette droite déplacée de 145 à 138
2025-05-03 17:26:07,821 - INFO - IA: Raquette droite déplacée de 138 à 131
2025-05-03 17:26:07,838 - INFO - IA: Raquette droite déplacée de 131 à 124
2025-05-03 17:26:07,855 - INFO - IA: Raquette droite déplacée de 124 à 117
2025-05-03 17:26:07,874 - INFO - IA: Raquette droite déplacée de 117 à 110
2025-05-03 17:26:07,908 - INFO - IA: Raquette droite déplacée de 110 à 103
2025-05-03 17:26:07,926 - INFO - IA: Raquette droite déplacée de 103 à 110
2025-05-03 17:26:07,943 - INFO - IA: Raquette droite déplacée de 110 à 103
2025-05-03 17:26:07,960 - INFO - IA: Raquette droite déplacée de 103 à 96
2025-05-03 17:26:07,977 - INFO - IA: Raquette droite déplacée de 96 à 89
2025-05-03 17:26:07,995 - INFO - IA: Raquette droite déplacée de 89 à 82
2025-05-03 17:26:08,013 - INFO - IA: Raquette droite déplacée de 82 à 75
2025-05-03 17:26:08,031 - INFO - IA: Raquette droite déplacée de 75 à 82
2025-05-03 17:26:08,048 - INFO - IA: Raquette droite déplacée de 82 à 75
2025-05-03 17:26:08,066 - INFO - IA: Raquette droite déplacée de 75 à 68
2025-05-03 17:26:08,083 - INFO - IA: Raquette droite déplacée de 68 à 61
2025-05-03 17:26:08,101 - INFO - IA: Raquette droite déplacée de 61 à 54
2025-05-03 17:26:08,119 - INFO - IA: Raquette droite déplacée de 54 à 61
2025-05-03 17:26:08,137 - INFO - IA: Raquette droite déplacée de 61 à 54
2025-05-03 17:26:08,154 - INFO - IA: Raquette droite déplacée de 54 à 47
2025-05-03 17:26:08,171 - INFO - IA: Raquette droite déplacée de 47 à 40
2025-05-03 17:26:08,189 - INFO - IA: Raquette droite déplacée de 40 à 33
2025-05-03 17:26:08,206 - INFO - IA: Raquette droite déplacée de 33 à 26
2025-05-03 17:26:08,223 - INFO - IA: Raquette droite déplacée de 26 à 33
2025-05-03 17:26:08,240 - INFO - IA: Raquette droite déplacée de 33 à 26
2025-05-03 17:26:08,257 - INFO - IA: Raquette droite déplacée de 26 à 19
2025-05-03 17:26:08,274 - INFO - IA: Raquette droite déplacée de 19 à 12
2025-05-03 17:26:08,292 - INFO - INPUT: Joueur appuie sur la touche HAUT
2025-05-03 17:26:08,292 - INFO - JOUEUR: Raquette gauche déplacée de 132 à 125
2025-05-03 17:26:08,292 - INFO - IA: Raquette droite déplacée de 12 à 5
2025-05-03 17:26:08,309 - INFO - JOUEUR: Raquette gauche déplacée de 125 à 118
2025-05-03 17:26:08,310 - INFO - IA: Raquette droite déplacée de 5 à 0
2025-05-03 17:26:08,326 - INFO - JOUEUR: Raquette gauche déplacée de 118 à 111
2025-05-03 17:26:08,327 - INFO - COLLISION: Balle a rebondi sur une raquette à la position (561, 3)
2025-05-03 17:26:08,344 - INFO - JOUEUR: Raquette gauche déplacée de 111 à 104
2025-05-03 17:26:08,345 - INFO - COLLISION: Balle a rebondi sur un mur à la position (547, -2)
2025-05-03 17:26:08,362 - INFO - JOUEUR: Raquette gauche déplacée de 104 à 97
2025-05-03 17:26:08,380 - INFO - JOUEUR: Raquette gauche déplacée de 97 à 90
2025-05-03 17:26:08,397 - INFO - JOUEUR: Raquette gauche déplacée de 90 à 83
2025-05-03 17:26:08,414 - INFO - JOUEUR: Raquette gauche déplacée de 83 à 76
2025-05-03 17:26:08,431 - INFO - JOUEUR: Raquette gauche déplacée de 76 à 69
2025-05-03 17:26:08,448 - INFO - INPUT: Joueur relâche les touches directionnelles
2025-05-03 17:26:08,448 - INFO - IA: Raquette droite déplacée de 0 à 7
2025-05-03 17:26:08,465 - INFO - IA: Raquette droite déplacée de 7 à 0
2025-05-03 17:26:08,483 - INFO - IA: Raquette droite déplacée de 0 à 7
2025-05-03 17:26:08,501 - INFO - IA: Raquette droite déplacée de 7 à 0
2025-05-03 17:26:08,519 - INFO - IA: Raquette droite déplacée de 0 à 7
2025-05-03 17:26:08,536 - INFO - IA: Raquette droite déplacée de 7 à 14
2025-05-03 17:26:08,553 - INFO - IA: Raquette droite déplacée de 14 à 7
2025-05-03 17:26:08,570 - INFO - IA: Raquette droite déplacée de 7 à 14
2025-05-03 17:26:08,588 - INFO - IA: Raquette droite déplacée de 14 à 21
2025-05-03 17:26:08,606 - INFO - IA: Raquette droite déplacée de 21 à 14
2025-05-03 17:26:08,624 - INFO - INPUT: Joueur appuie sur la touche BAS
2025-05-03 17:26:08,624 - INFO - JOUEUR: Raquette gauche déplacée de 69 à 76
2025-05-03 17:26:08,624 - INFO - IA: Raquette droite déplacée de 14 à 21
2025-05-03 17:26:08,641 - INFO - JOUEUR: Raquette gauche déplacée de 76 à 83
2025-05-03 17:26:08,641 - INFO - IA: Raquette droite déplacée de 21 à 28
2025-05-03 17:26:08,658 - INFO - JOUEUR: Raquette gauche déplacée de 83 à 90
2025-05-03 17:26:08,658 - INFO - IA: Raquette droite déplacée de 28 à 35
2025-05-03 17:26:08,676 - INFO - JOUEUR: Raquette gauche déplacée de 90 à 97
2025-05-03 17:26:08,676 - INFO - IA: Raquette droite déplacée de 35 à 28
2025-05-03 17:26:08,694 - INFO - JOUEUR: Raquette gauche déplacée de 97 à 104
2025-05-03 17:26:08,694 - INFO - IA: Raquette droite déplacée de 28 à 35
2025-05-03 17:26:08,712 - INFO - JOUEUR: Raquette gauche déplacée de 104 à 111
2025-05-03 17:26:08,712 - INFO - IA: Raquette droite déplacée de 35 à 42
2025-05-03 17:26:08,729 - INFO - JOUEUR: Raquette gauche déplacée de 111 à 118
2025-05-03 17:26:08,729 - INFO - IA: Raquette droite déplacée de 42 à 49
2025-05-03 17:26:08,746 - INFO - JOUEUR: Raquette gauche déplacée de 118 à 125
2025-05-03 17:26:08,746 - INFO - IA: Raquette droite déplacée de 49 à 56
2025-05-03 17:26:08,763 - INFO - JOUEUR: Raquette gauche déplacée de 125 à 132
2025-05-03 17:26:08,763 - INFO - IA: Raquette droite déplacée de 56 à 63
2025-05-03 17:26:08,780 - INFO - JOUEUR: Raquette gauche déplacée de 132 à 139
2025-05-03 17:26:08,780 - INFO - IA: Raquette droite déplacée de 63 à 70
2025-05-03 17:26:08,798 - INFO - JOUEUR: Raquette gauche déplacée de 139 à 146
2025-05-03 17:26:08,798 - INFO - IA: Raquette droite déplacée de 70 à 63
2025-05-03 17:26:08,815 - INFO - JOUEUR: Raquette gauche déplacée de 146 à 153
2025-05-03 17:26:08,816 - INFO - IA: Raquette droite déplacée de 63 à 70
2025-05-03 17:26:08,833 - INFO - JOUEUR: Raquette gauche déplacée de 153 à 160
2025-05-03 17:26:08,833 - INFO - IA: Raquette droite déplacée de 70 à 77
2025-05-03 17:26:08,852 - INFO - INPUT: Joueur relâche les touches directionnelles
2025-05-03 17:26:08,853 - INFO - IA: Raquette droite déplacée de 77 à 84
2025-05-03 17:26:08,871 - INFO - IA: Raquette droite déplacée de 84 à 91
2025-05-03 17:26:08,888 - INFO - IA: Raquette droite déplacée de 91 à 98
2025-05-03 17:26:08,905 - INFO - IA: Raquette droite déplacée de 98 à 105
2025-05-03 17:26:08,923 - INFO - IA: Raquette droite déplacée de 105 à 112
2025-05-03 17:26:08,941 - INFO - IA: Raquette droite déplacée de 112 à 119
2025-05-03 17:26:08,958 - INFO - IA: Raquette droite déplacée de 119 à 126
2025-05-03 17:26:08,976 - INFO - IA: Raquette droite déplacée de 126 à 133
2025-05-03 17:26:08,993 - INFO - IA: Raquette droite déplacée de 133 à 140
2025-05-03 17:26:08,993 - INFO - COLLISION: Balle a rebondi sur une raquette à la position (29, 183)
2025-05-03 17:26:09,011 - INFO - IA: Raquette droite déplacée de 140 à 147
2025-05-03 17:26:09,029 - INFO - INPUT: Joueur appuie sur la touche HAUT
2025-05-03 17:26:09,029 - INFO - JOUEUR: Raquette gauche déplacée de 160 à 153
2025-05-03 17:26:09,029 - INFO - IA: Raquette droite déplacée de 147 à 154
2025-05-03 17:26:09,047 - INFO - JOUEUR: Raquette gauche déplacée de 153 à 146
2025-05-03 17:26:09,047 - INFO - IA: Raquette droite déplacée de 154 à 147
2025-05-03 17:26:09,064 - INFO - JOUEUR: Raquette gauche déplacée de 146 à 139
2025-05-03 17:26:09,065 - INFO - IA: Raquette droite déplacée de 147 à 154
2025-05-03 17:26:09,082 - INFO - JOUEUR: Raquette gauche déplacée de 139 à 132
2025-05-03 17:26:09,082 - INFO - IA: Raquette droite déplacée de 154 à 161
2025-05-03 17:26:09,100 - INFO - JOUEUR: Raquette gauche déplacée de 132 à 125
2025-05-03 17:26:09,101 - INFO - IA: Raquette droite déplacée de 161 à 154
2025-05-03 17:26:09,119 - INFO - JOUEUR: Raquette gauche déplacée de 125 à 118
2025-05-03 17:26:09,119 - INFO - IA: Raquette droite déplacée de 154 à 161
2025-05-03 17:26:09,137 - INFO - JOUEUR: Raquette gauche déplacée de 118 à 111
2025-05-03 17:26:09,137 - INFO - IA: Raquette droite déplacée de 161 à 168
2025-05-03 17:26:09,155 - INFO - JOUEUR: Raquette gauche déplacée de 111 à 104
2025-05-03 17:26:09,156 - INFO - IA: Raquette droite déplacée de 168 à 175
2025-05-03 17:26:09,173 - INFO - INPUT: Joueur relâche les touches directionnelles
2025-05-03 17:26:09,174 - INFO - IA: Raquette droite déplacée de 175 à 168
2025-05-03 17:26:09,191 - INFO - IA: Raquette droite déplacée de 168 à 175
2025-05-03 17:26:09,207 - INFO - IA: Raquette droite déplacée de 175 à 182
2025-05-03 17:26:09,225 - INFO - IA: Raquette droite déplacée de 182 à 175
2025-05-03 17:26:09,242 - INFO - IA: Raquette droite déplacée de 175 à 182
2025-05-03 17:26:09,259 - INFO - IA: Raquette droite déplacée de 182 à 189
2025-05-03 17:26:09,276 - INFO - IA: Raquette droite déplacée de 189 à 196
2025-05-03 17:26:09,294 - INFO - IA: Raquette droite déplacée de 196 à 203
2025-05-03 17:26:09,311 - INFO - IA: Raquette droite déplacée de 203 à 210
2025-05-03 17:26:09,328 - INFO - IA: Raquette droite déplacée de 210 à 217
2025-05-03 17:26:09,344 - INFO - IA: Raquette droite déplacée de 217 à 224
2025-05-03 17:26:09,361 - INFO - IA: Raquette droite déplacée de 224 à 231
2025-05-03 17:26:09,379 - INFO - IA: Raquette droite déplacée de 231 à 224
2025-05-03 17:26:09,396 - INFO - IA: Raquette droite déplacée de 224 à 231
2025-05-03 17:26:09,414 - INFO - IA: Raquette droite déplacée de 231 à 238
2025-05-03 17:26:09,431 - INFO - IA: Raquette droite déplacée de 238 à 231
2025-05-03 17:26:09,449 - INFO - IA: Raquette droite déplacée de 231 à 238
2025-05-03 17:26:09,467 - INFO - INPUT: Joueur appuie sur la touche BAS
2025-05-03 17:26:09,467 - INFO - JOUEUR: Raquette gauche déplacée de 104 à 111
2025-05-03 17:26:09,467 - INFO - IA: Raquette droite déplacée de 238 à 245
2025-05-03 17:26:09,486 - INFO - JOUEUR: Raquette gauche déplacée de 111 à 118
2025-05-03 17:26:09,486 - INFO - IA: Raquette droite déplacée de 245 à 252
2025-05-03 17:26:09,503 - INFO - JOUEUR: Raquette gauche déplacée de 118 à 125
2025-05-03 17:26:09,503 - INFO - IA: Raquette droite déplacée de 252 à 259
2025-05-03 17:26:09,520 - INFO - JOUEUR: Raquette gauche déplacée de 125 à 132
2025-05-03 17:26:09,521 - INFO - IA: Raquette droite déplacée de 259 à 266
2025-05-03 17:26:09,538 - INFO - JOUEUR: Raquette gauche déplacée de 132 à 139
2025-05-03 17:26:09,538 - INFO - IA: Raquette droite déplacée de 266 à 273
2025-05-03 17:26:09,556 - INFO - JOUEUR: Raquette gauche déplacée de 139 à 146
2025-05-03 17:26:09,556 - INFO - IA: Raquette droite déplacée de 273 à 280
2025-05-03 17:26:09,573 - INFO - JOUEUR: Raquette gauche déplacée de 146 à 153
2025-05-03 17:26:09,573 - INFO - IA: Raquette droite déplacée de 280 à 273
2025-05-03 17:26:09,589 - INFO - JOUEUR: Raquette gauche déplacée de 153 à 160
2025-05-03 17:26:09,590 - INFO - IA: Raquette droite déplacée de 273 à 280
2025-05-03 17:26:09,607 - INFO - JOUEUR: Raquette gauche déplacée de 160 à 167
2025-05-03 17:26:09,607 - INFO - IA: Raquette droite déplacée de 280 à 287
2025-05-03 17:26:09,607 - INFO - COLLISION: Balle a rebondi sur une raquette à la position (554, 358)
2025-05-03 17:26:09,624 - INFO - JOUEUR: Raquette gauche déplacée de 167 à 174
2025-05-03 17:26:09,624 - INFO - IA: Raquette droite déplacée de 287 à 294
2025-05-03 17:26:09,642 - INFO - JOUEUR: Raquette gauche déplacée de 174 à 181
2025-05-03 17:26:09,642 - INFO - IA: Raquette droite déplacée de 294 à 301
2025-05-03 17:26:09,659 - INFO - JOUEUR: Raquette gauche déplacée de 181 à 188
2025-05-03 17:26:09,659 - INFO - IA: Raquette droite déplacée de 301 à 308
2025-05-03 17:26:09,676 - INFO - JOUEUR: Raquette gauche déplacée de 188 à 195
2025-05-03 17:26:09,676 - INFO - IA: Raquette droite déplacée de 308 à 315
2025-05-03 17:26:09,693 - INFO - JOUEUR: Raquette gauche déplacée de 195 à 202
2025-05-03 17:26:09,693 - INFO - IA: Raquette droite déplacée de 315 à 322
2025-05-03 17:26:09,710 - INFO - JOUEUR: Raquette gauche déplacée de 202 à 209
2025-05-03 17:26:09,710 - INFO - IA: Raquette droite déplacée de 322 à 329
2025-05-03 17:26:09,727 - INFO - JOUEUR: Raquette gauche déplacée de 209 à 216
2025-05-03 17:26:09,727 - INFO - IA: Raquette droite déplacée de 329 à 336
2025-05-03 17:26:09,744 - INFO - JOUEUR: Raquette gauche déplacée de 216 à 223
2025-05-03 17:26:09,744 - INFO - IA: Raquette droite déplacée de 336 à 343
2025-05-03 17:26:09,762 - INFO - JOUEUR: Raquette gauche déplacée de 223 à 230
2025-05-03 17:26:09,762 - INFO - IA: Raquette droite déplacée de 343 à 336
2025-05-03 17:26:09,779 - INFO - JOUEUR: Raquette gauche déplacée de 230 à 237
2025-05-03 17:26:09,779 - INFO - IA: Raquette droite déplacée de 336 à 343
2025-05-03 17:26:09,796 - INFO - JOUEUR: Raquette gauche déplacée de 237 à 244
2025-05-03 17:26:09,813 - INFO - JOUEUR: Raquette gauche déplacée de 244 à 251
2025-05-03 17:26:09,813 - INFO - IA: Raquette droite déplacée de 343 à 350
2025-05-03 17:26:09,830 - INFO - JOUEUR: Raquette gauche déplacée de 251 à 258
2025-05-03 17:26:09,831 - INFO - IA: Raquette droite déplacée de 350 à 357
2025-05-03 17:26:09,848 - INFO - JOUEUR: Raquette gauche déplacée de 258 à 265
2025-05-03 17:26:09,848 - INFO - IA: Raquette droite déplacée de 357 à 364
2025-05-03 17:26:09,865 - INFO - JOUEUR: Raquette gauche déplacée de 265 à 272
2025-05-03 17:26:09,865 - INFO - IA: Raquette droite déplacée de 364 à 371
2025-05-03 17:26:09,883 - INFO - JOUEUR: Raquette gauche déplacée de 272 à 279
2025-05-03 17:26:09,883 - INFO - IA: Raquette droite déplacée de 371 à 378
2025-05-03 17:26:09,901 - INFO - JOUEUR: Raquette gauche déplacée de 279 à 286
2025-05-03 17:26:09,901 - INFO - IA: Raquette droite déplacée de 378 à 385
2025-05-03 17:26:09,920 - INFO - JOUEUR: Raquette gauche déplacée de 286 à 293
2025-05-03 17:26:09,920 - INFO - IA: Raquette droite déplacée de 385 à 390
2025-05-03 17:26:09,938 - INFO - JOUEUR: Raquette gauche déplacée de 293 à 300
2025-05-03 17:26:09,955 - INFO - JOUEUR: Raquette gauche déplacée de 300 à 307
2025-05-03 17:26:09,956 - INFO - IA: Raquette droite déplacée de 390 à 383
2025-05-03 17:26:09,974 - INFO - JOUEUR: Raquette gauche déplacée de 307 à 314
2025-05-03 17:26:09,974 - INFO - IA: Raquette droite déplacée de 383 à 390
2025-05-03 17:26:09,991 - INFO - JOUEUR: Raquette gauche déplacée de 314 à 321
2025-05-03 17:26:09,991 - INFO - COLLISION: Balle a rebondi sur un mur à la position (224, 468)
2025-05-03 17:26:10,009 - INFO - JOUEUR: Raquette gauche déplacée de 321 à 328
2025-05-03 17:26:10,027 - INFO - JOUEUR: Raquette gauche déplacée de 328 à 335
2025-05-03 17:26:10,044 - INFO - JOUEUR: Raquette gauche déplacée de 335 à 342
2025-05-03 17:26:10,062 - INFO - JOUEUR: Raquette gauche déplacée de 342 à 349
2025-05-03 17:26:10,080 - INFO - JOUEUR: Raquette gauche déplacée de 349 à 356
2025-05-03 17:26:10,080 - INFO - IA: Raquette droite déplacée de 390 à 383
2025-05-03 17:26:10,098 - INFO - JOUEUR: Raquette gauche déplacée de 356 à 363
2025-05-03 17:26:10,098 - INFO - IA: Raquette droite déplacée de 383 à 390
2025-05-03 17:26:10,118 - INFO - JOUEUR: Raquette gauche déplacée de 363 à 370
2025-05-03 17:26:10,136 - INFO - JOUEUR: Raquette gauche déplacée de 370 à 377
2025-05-03 17:26:10,154 - INFO - JOUEUR: Raquette gauche déplacée de 377 à 384
2025-05-03 17:26:10,174 - INFO - JOUEUR: Raquette gauche déplacée de 384 à 390
2025-05-03 17:26:10,175 - INFO - IA: Raquette droite déplacée de 390 à 383
2025-05-03 17:26:10,192 - INFO - IA: Raquette droite déplacée de 383 à 390
2025-05-03 17:26:10,211 - INFO - IA: Raquette droite déplacée de 390 à 383
2025-05-03 17:26:10,228 - INFO - IA: Raquette droite déplacée de 383 à 376
2025-05-03 17:26:10,228 - INFO - COLLISION: Balle a rebondi sur une raquette à la position (29, 403)
2025-05-03 17:26:10,246 - INFO - IA: Raquette droite déplacée de 376 à 369
2025-05-03 17:26:10,263 - INFO - IA: Raquette droite déplacée de 369 à 362
2025-05-03 17:26:10,281 - INFO - INPUT: Joueur relâche les touches directionnelles
2025-05-03 17:26:10,282 - INFO - IA: Raquette droite déplacée de 362 à 355
2025-05-03 17:26:10,299 - INFO - IA: Raquette droite déplacée de 355 à 348
2025-05-03 17:26:10,316 - INFO - IA: Raquette droite déplacée de 348 à 341
2025-05-03 17:26:10,333 - INFO - IA: Raquette droite déplacée de 341 à 334
2025-05-03 17:26:10,351 - INFO - IA: Raquette droite déplacée de 334 à 341
2025-05-03 17:26:10,368 - INFO - IA: Raquette droite déplacée de 341 à 334
2025-05-03 17:26:10,386 - INFO - IA: Raquette droite déplacée de 334 à 341
2025-05-03 17:26:10,403 - INFO - IA: Raquette droite déplacée de 341 à 334
2025-05-03 17:26:10,421 - INFO - IA: Raquette droite déplacée de 334 à 327
2025-05-03 17:26:10,439 - INFO - IA: Raquette droite déplacée de 327 à 334
2025-05-03 17:26:10,457 - INFO - IA: Raquette droite déplacée de 334 à 327
2025-05-03 17:26:10,474 - INFO - IA: Raquette droite déplacée de 327 à 320
2025-05-03 17:26:10,491 - INFO - IA: Raquette droite déplacée de 320 à 313
2025-05-03 17:26:10,525 - INFO - IA: Raquette droite déplacée de 313 à 306
2025-05-03 17:26:10,543 - INFO - IA: Raquette droite déplacée de 306 à 299
2025-05-03 17:26:10,560 - INFO - IA: Raquette droite déplacée de 299 à 292
2025-05-03 17:26:10,578 - INFO - INPUT: Joueur appuie sur la touche HAUT
2025-05-03 17:26:10,579 - INFO - JOUEUR: Raquette gauche déplacée de 390 à 383
2025-05-03 17:26:10,579 - INFO - IA: Raquette droite déplacée de 292 à 285
2025-05-03 17:26:10,597 - INFO - JOUEUR: Raquette gauche déplacée de 383 à 376
2025-05-03 17:26:10,597 - INFO - IA: Raquette droite déplacée de 285 à 278
2025-05-03 17:26:10,615 - INFO - JOUEUR: Raquette gauche déplacée de 376 à 369
2025-05-03 17:26:10,615 - INFO - IA: Raquette droite déplacée de 278 à 285
2025-05-03 17:26:10,632 - INFO - JOUEUR: Raquette gauche déplacée de 369 à 362
2025-05-03 17:26:10,633 - INFO - IA: Raquette droite déplacée de 285 à 278
2025-05-03 17:26:10,650 - INFO - JOUEUR: Raquette gauche déplacée de 362 à 355
2025-05-03 17:26:10,650 - INFO - IA: Raquette droite déplacée de 278 à 271
2025-05-03 17:26:10,666 - INFO - JOUEUR: Raquette gauche déplacée de 355 à 348
2025-05-03 17:26:10,667 - INFO - IA: Raquette droite déplacée de 271 à 264
2025-05-03 17:26:10,684 - INFO - JOUEUR: Raquette gauche déplacée de 348 à 341
2025-05-03 17:26:10,685 - INFO - IA: Raquette droite déplacée de 264 à 257
2025-05-03 17:26:10,703 - INFO - JOUEUR: Raquette gauche déplacée de 341 à 334
2025-05-03 17:26:10,703 - INFO - IA: Raquette droite déplacée de 257 à 250
2025-05-03 17:26:10,720 - INFO - JOUEUR: Raquette gauche déplacée de 334 à 327
2025-05-03 17:26:10,721 - INFO - IA: Raquette droite déplacée de 250 à 257
2025-05-03 17:26:10,738 - INFO - JOUEUR: Raquette gauche déplacée de 327 à 320
2025-05-03 17:26:10,738 - INFO - IA: Raquette droite déplacée de 257 à 250
2025-05-03 17:26:10,755 - INFO - JOUEUR: Raquette gauche déplacée de 320 à 313
2025-05-03 17:26:10,755 - INFO - IA: Raquette droite déplacée de 250 à 243
2025-05-03 17:26:10,773 - INFO - JOUEUR: Raquette gauche déplacée de 313 à 306
2025-05-03 17:26:10,773 - INFO - IA: Raquette droite déplacée de 243 à 236
2025-05-03 17:26:10,790 - INFO - JOUEUR: Raquette gauche déplacée de 306 à 299
2025-05-03 17:26:10,790 - INFO - IA: Raquette droite déplacée de 236 à 229
2025-05-03 17:26:10,806 - INFO - JOUEUR: Raquette gauche déplacée de 299 à 292
2025-05-03 17:26:10,807 - INFO - IA: Raquette droite déplacée de 229 à 222
2025-05-03 17:26:10,824 - INFO - JOUEUR: Raquette gauche déplacée de 292 à 285
2025-05-03 17:26:10,824 - INFO - IA: Raquette droite déplacée de 222 à 215
2025-05-03 17:26:10,841 - INFO - JOUEUR: Raquette gauche déplacée de 285 à 278
2025-05-03 17:26:10,841 - INFO - IA: Raquette droite déplacée de 215 à 208
2025-05-03 17:26:10,841 - INFO - COLLISION: Balle a rebondi sur une raquette à la position (554, 228)
2025-05-03 17:26:10,859 - INFO - JOUEUR: Raquette gauche déplacée de 278 à 271
2025-05-03 17:26:10,859 - INFO - IA: Raquette droite déplacée de 208 à 201
2025-05-03 17:26:10,876 - INFO - JOUEUR: Raquette gauche déplacée de 271 à 264
2025-05-03 17:26:10,876 - INFO - IA: Raquette droite déplacée de 201 à 194
2025-05-03 17:26:10,893 - INFO - JOUEUR: Raquette gauche déplacée de 264 à 257
2025-05-03 17:26:10,893 - INFO - IA: Raquette droite déplacée de 194 à 187
2025-05-03 17:26:10,910 - INFO - JOUEUR: Raquette gauche déplacée de 257 à 250
2025-05-03 17:26:10,911 - INFO - IA: Raquette droite déplacée de 187 à 194
2025-05-03 17:26:10,928 - INFO - JOUEUR: Raquette gauche déplacée de 250 à 243
2025-05-03 17:26:10,929 - INFO - IA: Raquette droite déplacée de 194 à 187
2025-05-03 17:26:10,947 - INFO - JOUEUR: Raquette gauche déplacée de 243 à 236
2025-05-03 17:26:10,947 - INFO - IA: Raquette droite déplacée de 187 à 180
2025-05-03 17:26:10,965 - INFO - JOUEUR: Raquette gauche déplacée de 236 à 229
2025-05-03 17:26:10,966 - INFO - IA: Raquette droite déplacée de 180 à 173
2025-05-03 17:26:10,984 - INFO - JOUEUR: Raquette gauche déplacée de 229 à 222
2025-05-03 17:26:10,984 - INFO - IA: Raquette droite déplacée de 173 à 166
2025-05-03 17:26:11,001 - INFO - JOUEUR: Raquette gauche déplacée de 222 à 215
2025-05-03 17:26:11,001 - INFO - IA: Raquette droite déplacée de 166 à 159
2025-05-03 17:26:11,018 - INFO - JOUEUR: Raquette gauche déplacée de 215 à 208
2025-05-03 17:26:11,018 - INFO - IA: Raquette droite déplacée de 159 à 166
2025-05-03 17:26:11,036 - INFO - JOUEUR: Raquette gauche déplacée de 208 à 201
2025-05-03 17:26:11,036 - INFO - IA: Raquette droite déplacée de 166 à 159
2025-05-03 17:26:11,054 - INFO - JOUEUR: Raquette gauche déplacée de 201 à 194
2025-05-03 17:26:11,054 - INFO - IA: Raquette droite déplacée de 159 à 152
2025-05-03 17:26:11,071 - INFO - JOUEUR: Raquette gauche déplacée de 194 à 187
2025-05-03 17:26:11,089 - INFO - JOUEUR: Raquette gauche déplacée de 187 à 180
2025-05-03 17:26:11,089 - INFO - IA: Raquette droite déplacée de 152 à 145
2025-05-03 17:26:11,106 - INFO - JOUEUR: Raquette gauche déplacée de 180 à 173
2025-05-03 17:26:11,106 - INFO - IA: Raquette droite déplacée de 145 à 138
2025-05-03 17:26:11,123 - INFO - JOUEUR: Raquette gauche déplacée de 173 à 166
2025-05-03 17:26:11,123 - INFO - IA: Raquette droite déplacée de 138 à 131
2025-05-03 17:26:11,141 - INFO - JOUEUR: Raquette gauche déplacée de 166 à 159
2025-05-03 17:26:11,141 - INFO - IA: Raquette droite déplacée de 131 à 124
2025-05-03 17:26:11,159 - INFO - JOUEUR: Raquette gauche déplacée de 159 à 152
2025-05-03 17:26:11,159 - INFO - IA: Raquette droite déplacée de 124 à 117
2025-05-03 17:26:11,177 - INFO - JOUEUR: Raquette gauche déplacée de 152 à 145
2025-05-03 17:26:11,177 - INFO - IA: Raquette droite déplacée de 117 à 110
2025-05-03 17:26:11,195 - INFO - JOUEUR: Raquette gauche déplacée de 145 à 138
2025-05-03 17:26:11,195 - INFO - IA: Raquette droite déplacée de 110 à 103
2025-05-03 17:26:11,214 - INFO - JOUEUR: Raquette gauche déplacée de 138 à 131
2025-05-03 17:26:11,214 - INFO - IA: Raquette droite déplacée de 103 à 96
2025-05-03 17:26:11,232 - INFO - JOUEUR: Raquette gauche déplacée de 131 à 124
2025-05-03 17:26:11,232 - INFO - IA: Raquette droite déplacée de 96 à 89
2025-05-03 17:26:11,250 - INFO - JOUEUR: Raquette gauche déplacée de 124 à 117
2025-05-03 17:26:11,250 - INFO - IA: Raquette droite déplacée de 89 à 96
2025-05-03 17:26:11,269 - INFO - JOUEUR: Raquette gauche déplacée de 117 à 110
2025-05-03 17:26:11,269 - INFO - IA: Raquette droite déplacée de 96 à 89
2025-05-03 17:26:11,286 - INFO - JOUEUR: Raquette gauche déplacée de 110 à 103
2025-05-03 17:26:11,286 - INFO - IA: Raquette droite déplacée de 89 à 82
2025-05-03 17:26:11,303 - INFO - JOUEUR: Raquette gauche déplacée de 103 à 96
2025-05-03 17:26:11,303 - INFO - IA: Raquette droite déplacée de 82 à 75
2025-05-03 17:26:11,321 - INFO - JOUEUR: Raquette gauche déplacée de 96 à 89
2025-05-03 17:26:11,321 - INFO - IA: Raquette droite déplacée de 75 à 68
2025-05-03 17:26:11,338 - INFO - JOUEUR: Raquette gauche déplacée de 89 à 82
2025-05-03 17:26:11,339 - INFO - IA: Raquette droite déplacée de 68 à 75
2025-05-03 17:26:11,357 - INFO - JOUEUR: Raquette gauche déplacée de 82 à 75
2025-05-03 17:26:11,357 - INFO - IA: Raquette droite déplacée de 75 à 68
2025-05-03 17:26:11,374 - INFO - JOUEUR: Raquette gauche déplacée de 75 à 68
2025-05-03 17:26:11,375 - INFO - IA: Raquette droite déplacée de 68 à 61
2025-05-03 17:26:11,392 - INFO - JOUEUR: Raquette gauche déplacée de 68 à 61
2025-05-03 17:26:11,393 - INFO - IA: Raquette droite déplacée de 61 à 54
2025-05-03 17:26:11,410 - INFO - JOUEUR: Raquette gauche déplacée de 61 à 54
2025-05-03 17:26:11,410 - INFO - IA: Raquette droite déplacée de 54 à 47
2025-05-03 17:26:11,427 - INFO - JOUEUR: Raquette gauche déplacée de 54 à 47
2025-05-03 17:26:11,427 - INFO - IA: Raquette droite déplacée de 47 à 40
2025-05-03 17:26:11,445 - INFO - JOUEUR: Raquette gauche déplacée de 47 à 40
2025-05-03 17:26:11,445 - INFO - IA: Raquette droite déplacée de 40 à 33
2025-05-03 17:26:11,463 - INFO - JOUEUR: Raquette gauche déplacée de 40 à 33
2025-05-03 17:26:11,464 - INFO - IA: Raquette droite déplacée de 33 à 26
2025-05-03 17:26:11,464 - INFO - COLLISION: Balle a rebondi sur une raquette à la position (29, 53)
2025-05-03 17:26:11,483 - INFO - JOUEUR: Raquette gauche déplacée de 33 à 26
2025-05-03 17:26:11,484 - INFO - IA: Raquette droite déplacée de 26 à 19
2025-05-03 17:26:11,501 - INFO - JOUEUR: Raquette gauche déplacée de 26 à 19
2025-05-03 17:26:11,502 - INFO - IA: Raquette droite déplacée de 19 à 12
2025-05-03 17:26:11,519 - INFO - JOUEUR: Raquette gauche déplacée de 19 à 12
2025-05-03 17:26:11,519 - INFO - IA: Raquette droite déplacée de 12 à 5
2025-05-03 17:26:11,537 - INFO - JOUEUR: Raquette gauche déplacée de 12 à 5
2025-05-03 17:26:11,537 - INFO - IA: Raquette droite déplacée de 5 à 12
2025-05-03 17:26:11,555 - INFO - INPUT: Joueur relâche les touches directionnelles
2025-05-03 17:26:11,572 - INFO - IA: Raquette droite déplacée de 12 à 5
2025-05-03 17:26:11,590 - INFO - IA: Raquette droite déplacée de 5 à 0
2025-05-03 17:26:11,659 - INFO - COLLISION: Balle a rebondi sur un mur à la position (194, -2)
2025-05-03 17:26:11,728 - INFO - INPUT: Joueur appuie sur la touche BAS
2025-05-03 17:26:11,728 - INFO - JOUEUR: Raquette gauche déplacée de 5 à 12
2025-05-03 17:26:11,746 - INFO - JOUEUR: Raquette gauche déplacée de 12 à 19
2025-05-03 17:26:11,764 - INFO - JOUEUR: Raquette gauche déplacée de 19 à 26
2025-05-03 17:26:11,784 - INFO - JOUEUR: Raquette gauche déplacée de 26 à 33
2025-05-03 17:26:11,784 - INFO - IA: Raquette droite déplacée de 0 à 7
2025-05-03 17:26:11,802 - INFO - JOUEUR: Raquette gauche déplacée de 33 à 40
2025-05-03 17:26:11,802 - INFO - IA: Raquette droite déplacée de 7 à 0
2025-05-03 17:26:11,819 - INFO - JOUEUR: Raquette gauche déplacée de 40 à 47
2025-05-03 17:26:11,837 - INFO - JOUEUR: Raquette gauche déplacée de 47 à 54
2025-05-03 17:26:11,854 - INFO - JOUEUR: Raquette gauche déplacée de 54 à 61
2025-05-03 17:26:11,854 - INFO - IA: Raquette droite déplacée de 0 à 7
2025-05-03 17:26:11,872 - INFO - JOUEUR: Raquette gauche déplacée de 61 à 68
2025-05-03 17:26:11,872 - INFO - IA: Raquette droite déplacée de 7 à 14
2025-05-03 17:26:11,889 - INFO - JOUEUR: Raquette gauche déplacée de 68 à 75
2025-05-03 17:26:11,890 - INFO - IA: Raquette droite déplacée de 14 à 21
2025-05-03 17:26:11,908 - INFO - JOUEUR: Raquette gauche déplacée de 75 à 82
2025-05-03 17:26:11,908 - INFO - IA: Raquette droite déplacée de 21 à 28
2025-05-03 17:26:11,925 - INFO - JOUEUR: Raquette gauche déplacée de 82 à 89
2025-05-03 17:26:11,925 - INFO - IA: Raquette droite déplacée de 28 à 21
2025-05-03 17:26:11,943 - INFO - JOUEUR: Raquette gauche déplacée de 89 à 96
2025-05-03 17:26:11,943 - INFO - IA: Raquette droite déplacée de 21 à 14
2025-05-03 17:26:11,961 - INFO - JOUEUR: Raquette gauche déplacée de 96 à 103
2025-05-03 17:26:11,961 - INFO - IA: Raquette droite déplacée de 14 à 21
2025-05-03 17:26:11,978 - INFO - JOUEUR: Raquette gauche déplacée de 103 à 110
2025-05-03 17:26:11,978 - INFO - IA: Raquette droite déplacée de 21 à 28
2025-05-03 17:26:11,996 - INFO - JOUEUR: Raquette gauche déplacée de 110 à 117
2025-05-03 17:26:11,997 - INFO - IA: Raquette droite déplacée de 28 à 35
2025-05-03 17:26:12,014 - INFO - JOUEUR: Raquette gauche déplacée de 117 à 124
2025-05-03 17:26:12,015 - INFO - IA: Raquette droite déplacée de 35 à 42
2025-05-03 17:26:12,033 - INFO - JOUEUR: Raquette gauche déplacée de 124 à 131
2025-05-03 17:26:12,033 - INFO - IA: Raquette droite déplacée de 42 à 49
2025-05-03 17:26:12,051 - INFO - JOUEUR: Raquette gauche déplacée de 131 à 138
2025-05-03 17:26:12,051 - INFO - IA: Raquette droite déplacée de 49 à 56
2025-05-03 17:26:12,069 - INFO - JOUEUR: Raquette gauche déplacée de 138 à 145
2025-05-03 17:26:12,069 - INFO - IA: Raquette droite déplacée de 56 à 63
2025-05-03 17:26:12,087 - INFO - JOUEUR: Raquette gauche déplacée de 145 à 152
2025-05-03 17:26:12,087 - INFO - IA: Raquette droite déplacée de 63 à 70
2025-05-03 17:26:12,087 - INFO - COLLISION: Balle a rebondi sur une raquette à la position (554, 118)
2025-05-03 17:26:12,104 - INFO - JOUEUR: Raquette gauche déplacée de 152 à 159
2025-05-03 17:26:12,104 - INFO - IA: Raquette droite déplacée de 70 à 63
2025-05-03 17:26:12,121 - INFO - JOUEUR: Raquette gauche déplacée de 159 à 166
2025-05-03 17:26:12,122 - INFO - IA: Raquette droite déplacée de 63 à 70
2025-05-03 17:26:12,139 - INFO - JOUEUR: Raquette gauche déplacée de 166 à 173
2025-05-03 17:26:12,139 - INFO - IA: Raquette droite déplacée de 70 à 77
2025-05-03 17:26:12,157 - INFO - INPUT: Joueur relâche les touches directionnelles
2025-05-03 17:26:12,157 - INFO - IA: Raquette droite déplacée de 77 à 84
2025-05-03 17:26:12,174 - INFO - IA: Raquette droite déplacée de 84 à 77
2025-05-03 17:26:12,191 - INFO - IA: Raquette droite déplacée de 77 à 84
2025-05-03 17:26:12,208 - INFO - IA: Raquette droite déplacée de 84 à 91
2025-05-03 17:26:12,225 - INFO - IA: Raquette droite déplacée de 91 à 98
2025-05-03 17:26:12,242 - INFO - IA: Raquette droite déplacée de 98 à 105
2025-05-03 17:26:12,259 - INFO - IA: Raquette droite déplacée de 105 à 112
2025-05-03 17:26:12,277 - INFO - IA: Raquette droite déplacée de 112 à 105
2025-05-03 17:26:12,294 - INFO - IA: Raquette droite déplacée de 105 à 112
2025-05-03 17:26:12,312 - INFO - IA: Raquette droite déplacée de 112 à 119
2025-05-03 17:26:12,329 - INFO - IA: Raquette droite déplacée de 119 à 126
2025-05-03 17:26:12,346 - INFO - IA: Raquette droite déplacée de 126 à 133
2025-05-03 17:26:12,363 - INFO - IA: Raquette droite déplacée de 133 à 140
2025-05-03 17:26:12,380 - INFO - IA: Raquette droite déplacée de 140 à 147
2025-05-03 17:26:12,397 - INFO - IA: Raquette droite déplacée de 147 à 140
2025-05-03 17:26:12,414 - INFO - IA: Raquette droite déplacée de 140 à 147
2025-05-03 17:26:12,433 - INFO - IA: Raquette droite déplacée de 147 à 154
2025-05-03 17:26:12,451 - INFO - IA: Raquette droite déplacée de 154 à 161
2025-05-03 17:26:12,468 - INFO - IA: Raquette droite déplacée de 161 à 168
2025-05-03 17:26:12,484 - INFO - IA: Raquette droite déplacée de 168 à 175
2025-05-03 17:26:12,501 - INFO - IA: Raquette droite déplacée de 175 à 182
2025-05-03 17:26:12,518 - INFO - IA: Raquette droite déplacée de 182 à 189
2025-05-03 17:26:12,536 - INFO - IA: Raquette droite déplacée de 189 à 196
2025-05-03 17:26:12,553 - INFO - IA: Raquette droite déplacée de 196 à 203
2025-05-03 17:26:12,571 - INFO - IA: Raquette droite déplacée de 203 à 210
2025-05-03 17:26:12,588 - INFO - IA: Raquette droite déplacée de 210 à 203
2025-05-03 17:26:12,605 - INFO - IA: Raquette droite déplacée de 203 à 210
2025-05-03 17:26:12,623 - INFO - IA: Raquette droite déplacée de 210 à 217
2025-05-03 17:26:12,640 - INFO - IA: Raquette droite déplacée de 217 à 224
2025-05-03 17:26:12,657 - INFO - IA: Raquette droite déplacée de 224 à 231
2025-05-03 17:26:12,675 - INFO - INPUT: Joueur appuie sur la touche BAS
2025-05-03 17:26:12,675 - INFO - JOUEUR: Raquette gauche déplacée de 173 à 180
2025-05-03 17:26:12,675 - INFO - IA: Raquette droite déplacée de 231 à 238
2025-05-03 17:26:12,694 - INFO - JOUEUR: Raquette gauche déplacée de 180 à 187
2025-05-03 17:26:12,694 - INFO - IA: Raquette droite déplacée de 238 à 245
2025-05-03 17:26:12,711 - INFO - JOUEUR: Raquette gauche déplacée de 187 à 194
2025-05-03 17:26:12,712 - INFO - IA: Raquette droite déplacée de 245 à 238
2025-05-03 17:26:12,729 - INFO - JOUEUR: Raquette gauche déplacée de 194 à 201
2025-05-03 17:26:12,729 - INFO - IA: Raquette droite déplacée de 238 à 245
2025-05-03 17:26:12,729 - INFO - POINT: Joueur droite (IA) marque un point! Score: 0-1
2025-05-03 17:26:12,746 - INFO - JOUEUR: Raquette gauche déplacée de 201 à 208
2025-05-03 17:26:12,746 - INFO - IA: Raquette droite déplacée de 245 à 238
2025-05-03 17:26:12,763 - INFO - JOUEUR: Raquette gauche déplacée de 208 à 215
2025-05-03 17:26:12,763 - INFO - IA: Raquette droite déplacée de 238 à 231
2025-05-03 17:26:12,780 - INFO - JOUEUR: Raquette gauche déplacée de 215 à 222
2025-05-03 17:26:12,780 - INFO - IA: Raquette droite déplacée de 231 à 224
2025-05-03 17:26:12,799 - INFO - JOUEUR: Raquette gauche déplacée de 222 à 229
2025-05-03 17:26:12,799 - INFO - IA: Raquette droite déplacée de 224 à 217
2025-05-03 17:26:12,816 - INFO - JOUEUR: Raquette gauche déplacée de 229 à 236
2025-05-03 17:26:12,816 - INFO - IA: Raquette droite déplacée de 217 à 210
2025-05-03 17:26:12,834 - INFO - JOUEUR: Raquette gauche déplacée de 236 à 243
2025-05-03 17:26:12,835 - INFO - IA: Raquette droite déplacée de 210 à 203
2025-05-03 17:26:12,853 - INFO - JOUEUR: Raquette gauche déplacée de 243 à 250
2025-05-03 17:26:12,853 - INFO - IA: Raquette droite déplacée de 203 à 196
2025-05-03 17:26:12,870 - INFO - JOUEUR: Raquette gauche déplacée de 250 à 257
2025-05-03 17:26:12,870 - INFO - IA: Raquette droite déplacée de 196 à 189
2025-05-03 17:26:12,888 - INFO - JOUEUR: Raquette gauche déplacée de 257 à 264
2025-05-03 17:26:12,888 - INFO - IA: Raquette droite déplacée de 189 à 182
2025-05-03 17:26:12,906 - INFO - JOUEUR: Raquette gauche déplacée de 264 à 271
2025-05-03 17:26:12,906 - INFO - IA: Raquette droite déplacée de 182 à 175
2025-05-03 17:26:12,923 - INFO - JOUEUR: Raquette gauche déplacée de 271 à 278
2025-05-03 17:26:12,923 - INFO - IA: Raquette droite déplacée de 175 à 168
2025-05-03 17:26:12,940 - INFO - JOUEUR: Raquette gauche déplacée de 278 à 285
2025-05-03 17:26:12,941 - INFO - IA: Raquette droite déplacée de 168 à 161
2025-05-03 17:26:12,958 - INFO - JOUEUR: Raquette gauche déplacée de 285 à 292
2025-05-03 17:26:12,958 - INFO - IA: Raquette droite déplacée de 161 à 154
2025-05-03 17:26:12,975 - INFO - JOUEUR: Raquette gauche déplacée de 292 à 299
2025-05-03 17:26:12,975 - INFO - IA: Raquette droite déplacée de 154 à 147
2025-05-03 17:26:12,993 - INFO - INPUT: Joueur relâche les touches directionnelles
2025-05-03 17:26:12,993 - INFO - IA: Raquette droite déplacée de 147 à 154
2025-05-03 17:26:13,011 - INFO - IA: Raquette droite déplacée de 154 à 147
2025-05-03 17:26:13,028 - INFO - IA: Raquette droite déplacée de 147 à 140
2025-05-03 17:26:13,046 - INFO - IA: Raquette droite déplacée de 140 à 133
2025-05-03 17:26:13,063 - INFO - IA: Raquette droite déplacée de 133 à 126
2025-05-03 17:26:13,081 - INFO - IA: Raquette droite déplacée de 126 à 133
2025-05-03 17:26:13,099 - INFO - IA: Raquette droite déplacée de 133 à 126
2025-05-03 17:26:13,117 - INFO - IA: Raquette droite déplacée de 126 à 119
2025-05-03 17:26:13,134 - INFO - IA: Raquette droite déplacée de 119 à 112
2025-05-03 17:26:13,151 - INFO - IA: Raquette droite déplacée de 112 à 105
2025-05-03 17:26:13,168 - INFO - IA: Raquette droite déplacée de 105 à 98
2025-05-03 17:26:13,185 - INFO - IA: Raquette droite déplacée de 98 à 91
2025-05-03 17:26:13,202 - INFO - IA: Raquette droite déplacée de 91 à 84
2025-05-03 17:26:13,219 - INFO - IA: Raquette droite déplacée de 84 à 77
2025-05-03 17:26:13,236 - INFO - IA: Raquette droite déplacée de 77 à 70
2025-05-03 17:26:13,253 - INFO - IA: Raquette droite déplacée de 70 à 63
2025-05-03 17:26:13,270 - INFO - IA: Raquette droite déplacée de 63 à 70
2025-05-03 17:26:13,287 - INFO - IA: Raquette droite déplacée de 70 à 63
2025-05-03 17:26:13,304 - INFO - IA: Raquette droite déplacée de 63 à 56
2025-05-03 17:26:13,322 - INFO - INPUT: Joueur appuie sur la touche HAUT
2025-05-03 17:26:13,322 - INFO - JOUEUR: Raquette gauche déplacée de 299 à 292
2025-05-03 17:26:13,322 - INFO - IA: Raquette droite déplacée de 56 à 49
2025-05-03 17:26:13,341 - INFO - JOUEUR: Raquette gauche déplacée de 292 à 285
2025-05-03 17:26:13,341 - INFO - IA: Raquette droite déplacée de 49 à 42
2025-05-03 17:26:13,359 - INFO - JOUEUR: Raquette gauche déplacée de 285 à 278
2025-05-03 17:26:13,359 - INFO - IA: Raquette droite déplacée de 42 à 35
2025-05-03 17:26:13,377 - INFO - JOUEUR: Raquette gauche déplacée de 278 à 271
2025-05-03 17:26:13,377 - INFO - IA: Raquette droite déplacée de 35 à 28
2025-05-03 17:26:13,394 - INFO - JOUEUR: Raquette gauche déplacée de 271 à 264
2025-05-03 17:26:13,394 - INFO - IA: Raquette droite déplacée de 28 à 35
2025-05-03 17:26:13,412 - INFO - JOUEUR: Raquette gauche déplacée de 264 à 257
2025-05-03 17:26:13,412 - INFO - IA: Raquette droite déplacée de 35 à 28
2025-05-03 17:26:13,429 - INFO - JOUEUR: Raquette gauche déplacée de 257 à 250
2025-05-03 17:26:13,429 - INFO - IA: Raquette droite déplacée de 28 à 21
2025-05-03 17:26:13,446 - INFO - JOUEUR: Raquette gauche déplacée de 250 à 243
2025-05-03 17:26:13,446 - INFO - IA: Raquette droite déplacée de 21 à 28
2025-05-03 17:26:13,463 - INFO - JOUEUR: Raquette gauche déplacée de 243 à 236
2025-05-03 17:26:13,463 - INFO - IA: Raquette droite déplacée de 28 à 21
2025-05-03 17:26:13,480 - INFO - JOUEUR: Raquette gauche déplacée de 236 à 229
2025-05-03 17:26:13,480 - INFO - IA: Raquette droite déplacée de 21 à 14
2025-05-03 17:26:13,497 - INFO - JOUEUR: Raquette gauche déplacée de 229 à 222
2025-05-03 17:26:13,497 - INFO - IA: Raquette droite déplacée de 14 à 7
2025-05-03 17:26:13,515 - INFO - JOUEUR: Raquette gauche déplacée de 222 à 215
2025-05-03 17:26:13,515 - INFO - IA: Raquette droite déplacée de 7 à 0
2025-05-03 17:26:13,532 - INFO - JOUEUR: Raquette gauche déplacée de 215 à 208
2025-05-03 17:26:13,549 - INFO - JOUEUR: Raquette gauche déplacée de 208 à 201
2025-05-03 17:26:13,550 - INFO - COLLISION: Balle a rebondi sur un mur à la position (528, -2)
2025-05-03 17:26:13,567 - INFO - JOUEUR: Raquette gauche déplacée de 201 à 194
2025-05-03 17:26:13,585 - INFO - JOUEUR: Raquette gauche déplacée de 194 à 187
2025-05-03 17:26:13,603 - INFO - JOUEUR: Raquette gauche déplacée de 187 à 180
2025-05-03 17:26:13,621 - INFO - JOUEUR: Raquette gauche déplacée de 180 à 173
2025-05-03 17:26:13,621 - INFO - IA: Raquette droite déplacée de 0 à 7
2025-05-03 17:26:13,638 - INFO - JOUEUR: Raquette gauche déplacée de 173 à 166
2025-05-03 17:26:13,638 - INFO - IA: Raquette droite déplacée de 7 à 0
2025-05-03 17:26:13,638 - INFO - COLLISION: Balle a rebondi sur une raquette à la position (553, 23)
2025-05-03 17:26:13,656 - INFO - JOUEUR: Raquette gauche déplacée de 166 à 159
2025-05-03 17:26:13,673 - INFO - JOUEUR: Raquette gauche déplacée de 159 à 152
2025-05-03 17:26:13,673 - INFO - IA: Raquette droite déplacée de 0 à 7
2025-05-03 17:26:13,690 - INFO - JOUEUR: Raquette gauche déplacée de 152 à 145
2025-05-03 17:26:13,690 - INFO - IA: Raquette droite déplacée de 7 à 0
2025-05-03 17:26:13,707 - INFO - JOUEUR: Raquette gauche déplacée de 145 à 138
2025-05-03 17:26:13,724 - INFO - JOUEUR: Raquette gauche déplacée de 138 à 131
2025-05-03 17:26:13,741 - INFO - JOUEUR: Raquette gauche déplacée de 131 à 124
2025-05-03 17:26:13,741 - INFO - IA: Raquette droite déplacée de 0 à 7
2025-05-03 17:26:13,758 - INFO - JOUEUR: Raquette gauche déplacée de 124 à 117
2025-05-03 17:26:13,758 - INFO - IA: Raquette droite déplacée de 7 à 14
2025-05-03 17:26:13,775 - INFO - JOUEUR: Raquette gauche déplacée de 117 à 110
2025-05-03 17:26:13,792 - INFO - INPUT: Joueur relâche les touches directionnelles
2025-05-03 17:26:13,792 - INFO - IA: Raquette droite déplacée de 14 à 21
2025-05-03 17:26:13,809 - INFO - IA: Raquette droite déplacée de 21 à 28
2025-05-03 17:26:13,826 - INFO - IA: Raquette droite déplacée de 28 à 35
2025-05-03 17:26:13,843 - INFO - IA: Raquette droite déplacée de 35 à 28
2025-05-03 17:26:13,861 - INFO - IA: Raquette droite déplacée de 28 à 35
2025-05-03 17:26:13,878 - INFO - IA: Raquette droite déplacée de 35 à 42
2025-05-03 17:26:13,896 - INFO - IA: Raquette droite déplacée de 42 à 35
2025-05-03 17:26:13,914 - INFO - IA: Raquette droite déplacée de 35 à 28
2025-05-03 17:26:13,931 - INFO - IA: Raquette droite déplacée de 28 à 35
2025-05-03 17:26:13,949 - INFO - IA: Raquette droite déplacée de 35 à 42
2025-05-03 17:26:13,967 - INFO - INPUT: Joueur appuie sur la touche BAS
2025-05-03 17:26:13,967 - INFO - JOUEUR: Raquette gauche déplacée de 110 à 117
2025-05-03 17:26:13,967 - INFO - IA: Raquette droite déplacée de 42 à 49
2025-05-03 17:26:13,984 - INFO - JOUEUR: Raquette gauche déplacée de 117 à 124
2025-05-03 17:26:13,985 - INFO - IA: Raquette droite déplacée de 49 à 56
2025-05-03 17:26:14,001 - INFO - JOUEUR: Raquette gauche déplacée de 124 à 131
2025-05-03 17:26:14,002 - INFO - IA: Raquette droite déplacée de 56 à 63
2025-05-03 17:26:14,018 - INFO - JOUEUR: Raquette gauche déplacée de 131 à 138
2025-05-03 17:26:14,019 - INFO - IA: Raquette droite déplacée de 63 à 70
2025-05-03 17:26:14,035 - INFO - JOUEUR: Raquette gauche déplacée de 138 à 145
2025-05-03 17:26:14,036 - INFO - IA: Raquette droite déplacée de 70 à 77
2025-05-03 17:26:14,053 - INFO - JOUEUR: Raquette gauche déplacée de 145 à 152
2025-05-03 17:26:14,053 - INFO - IA: Raquette droite déplacée de 77 à 84
2025-05-03 17:26:14,070 - INFO - JOUEUR: Raquette gauche déplacée de 152 à 159
2025-05-03 17:26:14,070 - INFO - IA: Raquette droite déplacée de 84 à 91
2025-05-03 17:26:14,087 - INFO - JOUEUR: Raquette gauche déplacée de 159 à 166
2025-05-03 17:26:14,087 - INFO - IA: Raquette droite déplacée de 91 à 98
2025-05-03 17:26:14,104 - INFO - JOUEUR: Raquette gauche déplacée de 166 à 173
2025-05-03 17:26:14,105 - INFO - IA: Raquette droite déplacée de 98 à 105
2025-05-03 17:26:14,123 - INFO - JOUEUR: Raquette gauche déplacée de 173 à 180
2025-05-03 17:26:14,123 - INFO - IA: Raquette droite déplacée de 105 à 112
2025-05-03 17:26:14,141 - INFO - JOUEUR: Raquette gauche déplacée de 180 à 187
2025-05-03 17:26:14,141 - INFO - IA: Raquette droite déplacée de 112 à 119
2025-05-03 17:26:14,158 - INFO - JOUEUR: Raquette gauche déplacée de 187 à 194
2025-05-03 17:26:14,158 - INFO - IA: Raquette droite déplacée de 119 à 126
2025-05-03 17:26:14,176 - INFO - JOUEUR: Raquette gauche déplacée de 194 à 201
2025-05-03 17:26:14,177 - INFO - IA: Raquette droite déplacée de 126 à 133
2025-05-03 17:26:14,194 - INFO - JOUEUR: Raquette gauche déplacée de 201 à 208
2025-05-03 17:26:14,194 - INFO - IA: Raquette droite déplacée de 133 à 126
2025-05-03 17:26:14,211 - INFO - JOUEUR: Raquette gauche déplacée de 208 à 215
2025-05-03 17:26:14,211 - INFO - IA: Raquette droite déplacée de 126 à 119
2025-05-03 17:26:14,228 - INFO - JOUEUR: Raquette gauche déplacée de 215 à 222
2025-05-03 17:26:14,228 - INFO - IA: Raquette droite déplacée de 119 à 126
2025-05-03 17:26:14,245 - INFO - JOUEUR: Raquette gauche déplacée de 222 à 229
2025-05-03 17:26:14,245 - INFO - IA: Raquette droite déplacée de 126 à 133
2025-05-03 17:26:14,262 - INFO - JOUEUR: Raquette gauche déplacée de 229 à 236
2025-05-03 17:26:14,262 - INFO - IA: Raquette droite déplacée de 133 à 140
2025-05-03 17:26:14,279 - INFO - JOUEUR: Raquette gauche déplacée de 236 à 243
2025-05-03 17:26:14,279 - INFO - IA: Raquette droite déplacée de 140 à 147
2025-05-03 17:26:14,297 - INFO - JOUEUR: Raquette gauche déplacée de 243 à 250
2025-05-03 17:26:14,297 - INFO - IA: Raquette droite déplacée de 147 à 154
2025-05-03 17:26:14,315 - INFO - JOUEUR: Raquette gauche déplacée de 250 à 257
2025-05-03 17:26:14,315 - INFO - IA: Raquette droite déplacée de 154 à 161
2025-05-03 17:26:14,333 - INFO - JOUEUR: Raquette gauche déplacée de 257 à 264
2025-05-03 17:26:14,333 - INFO - IA: Raquette droite déplacée de 161 à 168
2025-05-03 17:26:14,351 - INFO - JOUEUR: Raquette gauche déplacée de 264 à 271
2025-05-03 17:26:14,351 - INFO - IA: Raquette droite déplacée de 168 à 175
2025-05-03 17:26:14,368 - INFO - JOUEUR: Raquette gauche déplacée de 271 à 278
2025-05-03 17:26:14,386 - INFO - JOUEUR: Raquette gauche déplacée de 278 à 285
2025-05-03 17:26:14,386 - INFO - IA: Raquette droite déplacée de 175 à 182
2025-05-03 17:26:14,404 - INFO - JOUEUR: Raquette gauche déplacée de 285 à 292
2025-05-03 17:26:14,404 - INFO - IA: Raquette droite déplacée de 182 à 189
2025-05-03 17:26:14,421 - INFO - JOUEUR: Raquette gauche déplacée de 292 à 299
2025-05-03 17:26:14,421 - INFO - IA: Raquette droite déplacée de 189 à 196
2025-05-03 17:26:14,439 - INFO - JOUEUR: Raquette gauche déplacée de 299 à 306
2025-05-03 17:26:14,439 - INFO - IA: Raquette droite déplacée de 196 à 189
2025-05-03 17:26:14,456 - INFO - JOUEUR: Raquette gauche déplacée de 306 à 313
2025-05-03 17:26:14,456 - INFO - IA: Raquette droite déplacée de 189 à 196
2025-05-03 17:26:14,472 - INFO - JOUEUR: Raquette gauche déplacée de 313 à 320
2025-05-03 17:26:14,472 - INFO - IA: Raquette droite déplacée de 196 à 203
2025-05-03 17:26:14,489 - INFO - JOUEUR: Raquette gauche déplacée de 320 à 327
2025-05-03 17:26:14,489 - INFO - IA: Raquette droite déplacée de 203 à 196
2025-05-03 17:26:14,507 - INFO - JOUEUR: Raquette gauche déplacée de 327 à 334
2025-05-03 17:26:14,507 - INFO - IA: Raquette droite déplacée de 196 à 203
2025-05-03 17:26:14,524 - INFO - JOUEUR: Raquette gauche déplacée de 334 à 341
2025-05-03 17:26:14,524 - INFO - IA: Raquette droite déplacée de 203 à 210
2025-05-03 17:26:14,542 - INFO - JOUEUR: Raquette gauche déplacée de 341 à 348
2025-05-03 17:26:14,559 - INFO - JOUEUR: Raquette gauche déplacée de 348 à 355
2025-05-03 17:26:14,559 - INFO - IA: Raquette droite déplacée de 210 à 217
2025-05-03 17:26:14,577 - INFO - JOUEUR: Raquette gauche déplacée de 355 à 362
2025-05-03 17:26:14,577 - INFO - IA: Raquette droite déplacée de 217 à 224
2025-05-03 17:26:14,594 - INFO - INPUT: Joueur relâche les touches directionnelles
2025-05-03 17:26:14,594 - INFO - IA: Raquette droite déplacée de 224 à 231
2025-05-03 17:26:14,611 - INFO - IA: Raquette droite déplacée de 231 à 224
2025-05-03 17:26:14,628 - INFO - IA: Raquette droite déplacée de 224 à 231
2025-05-03 17:26:14,645 - INFO - IA: Raquette droite déplacée de 231 à 238
2025-05-03 17:26:14,662 - INFO - IA: Raquette droite déplacée de 238 à 245
2025-05-03 17:26:14,680 - INFO - IA: Raquette droite déplacée de 245 à 252
2025-05-03 17:26:14,697 - INFO - IA: Raquette droite déplacée de 252 à 259
2025-05-03 17:26:14,715 - INFO - IA: Raquette droite déplacée de 259 à 266
2025-05-03 17:26:14,732 - INFO - IA: Raquette droite déplacée de 266 à 273
2025-05-03 17:26:14,749 - INFO - IA: Raquette droite déplacée de 273 à 280
2025-05-03 17:26:14,766 - INFO - IA: Raquette droite déplacée de 280 à 287
2025-05-03 17:26:14,783 - INFO - IA: Raquette droite déplacée de 287 à 294
2025-05-03 17:26:14,800 - INFO - IA: Raquette droite déplacée de 294 à 301
2025-05-03 17:26:14,817 - INFO - IA: Raquette droite déplacée de 301 à 308
2025-05-03 17:26:14,834 - INFO - IA: Raquette droite déplacée de 308 à 301
2025-05-03 17:26:14,851 - INFO - IA: Raquette droite déplacée de 301 à 308
2025-05-03 17:26:14,868 - INFO - IA: Raquette droite déplacée de 308 à 315
2025-05-03 17:26:14,886 - INFO - IA: Raquette droite déplacée de 315 à 322
2025-05-03 17:26:14,904 - INFO - IA: Raquette droite déplacée de 322 à 329
2025-05-03 17:26:14,922 - INFO - IA: Raquette droite déplacée de 329 à 322
2025-05-03 17:26:14,940 - INFO - IA: Raquette droite déplacée de 322 à 329
2025-05-03 17:26:14,957 - INFO - IA: Raquette droite déplacée de 329 à 336
2025-05-03 17:26:14,975 - INFO - IA: Raquette droite déplacée de 336 à 343
2025-05-03 17:26:14,993 - INFO - IA: Raquette droite déplacée de 343 à 350
2025-05-03 17:26:15,011 - INFO - IA: Raquette droite déplacée de 350 à 357
2025-05-03 17:26:15,028 - INFO - IA: Raquette droite déplacée de 357 à 364
2025-05-03 17:26:15,046 - INFO - IA: Raquette droite déplacée de 364 à 371
2025-05-03 17:26:15,064 - INFO - IA: Raquette droite déplacée de 371 à 378
2025-05-03 17:26:15,082 - INFO - IA: Raquette droite déplacée de 378 à 385
2025-05-03 17:26:15,099 - INFO - IA: Raquette droite déplacée de 385 à 390
2025-05-03 17:26:15,151 - INFO - IA: Raquette droite déplacée de 390 à 383
2025-05-03 17:26:15,169 - INFO - IA: Raquette droite déplacée de 383 à 390
2025-05-03 17:26:15,186 - INFO - COLLISION: Balle a rebondi sur un mur à la position (108, 468)
2025-05-03 17:26:15,306 - INFO - IA: Raquette droite déplacée de 390 à 383
2025-05-03 17:26:15,323 - INFO - IA: Raquette droite déplacée de 383 à 376
2025-05-03 17:26:15,340 - INFO - IA: Raquette droite déplacée de 376 à 383
2025-05-03 17:26:15,357 - INFO - IA: Raquette droite déplacée de 383 à 390
2025-05-03 17:26:15,391 - INFO - IA: Raquette droite déplacée de 390 à 383
2025-05-03 17:26:15,408 - INFO - IA: Raquette droite déplacée de 383 à 390
2025-05-03 17:26:15,425 - INFO - IA: Raquette droite déplacée de 390 à 383
2025-05-03 17:26:15,443 - INFO - IA: Raquette droite déplacée de 383 à 376
2025-05-03 17:26:15,443 - INFO - COLLISION: Balle a rebondi sur une raquette à la position (33, 393)
2025-05-03 17:26:15,461 - INFO - IA: Raquette droite déplacée de 376 à 369
2025-05-03 17:26:15,479 - INFO - IA: Raquette droite déplacée de 369 à 362
2025-05-03 17:26:15,497 - INFO - IA: Raquette droite déplacée de 362 à 355
2025-05-03 17:26:15,514 - INFO - IA: Raquette droite déplacée de 355 à 348
2025-05-03 17:26:15,532 - INFO - INPUT: Joueur appuie sur la touche HAUT
2025-05-03 17:26:15,532 - INFO - JOUEUR: Raquette gauche déplacée de 362 à 355
2025-05-03 17:26:15,532 - INFO - IA: Raquette droite déplacée de 348 à 341
2025-05-03 17:26:15,550 - INFO - JOUEUR: Raquette gauche déplacée de 355 à 348
2025-05-03 17:26:15,550 - INFO - IA: Raquette droite déplacée de 341 à 348
2025-05-03 17:26:15,567 - INFO - JOUEUR: Raquette gauche déplacée de 348 à 341
2025-05-03 17:26:15,567 - INFO - IA: Raquette droite déplacée de 348 à 341
2025-05-03 17:26:15,584 - INFO - JOUEUR: Raquette gauche déplacée de 341 à 334
2025-05-03 17:26:15,584 - INFO - IA: Raquette droite déplacée de 341 à 334
2025-05-03 17:26:15,601 - INFO - JOUEUR: Raquette gauche déplacée de 334 à 327
2025-05-03 17:26:15,601 - INFO - IA: Raquette droite déplacée de 334 à 327
2025-05-03 17:26:15,618 - INFO - JOUEUR: Raquette gauche déplacée de 327 à 320
2025-05-03 17:26:15,619 - INFO - IA: Raquette droite déplacée de 327 à 320
2025-05-03 17:26:15,636 - INFO - JOUEUR: Raquette gauche déplacée de 320 à 313
2025-05-03 17:26:15,636 - INFO - IA: Raquette droite déplacée de 320 à 327
2025-05-03 17:26:15,654 - INFO - JOUEUR: Raquette gauche déplacée de 313 à 306
2025-05-03 17:26:15,654 - INFO - IA: Raquette droite déplacée de 327 à 320
2025-05-03 17:26:15,671 - INFO - JOUEUR: Raquette gauche déplacée de 306 à 299
2025-05-03 17:26:15,671 - INFO - IA: Raquette droite déplacée de 320 à 313
2025-05-03 17:26:15,688 - INFO - JOUEUR: Raquette gauche déplacée de 299 à 292
2025-05-03 17:26:15,688 - INFO - IA: Raquette droite déplacée de 313 à 306
2025-05-03 17:26:15,705 - INFO - JOUEUR: Raquette gauche déplacée de 292 à 285
2025-05-03 17:26:15,705 - INFO - IA: Raquette droite déplacée de 306 à 299
2025-05-03 17:26:15,723 - INFO - JOUEUR: Raquette gauche déplacée de 285 à 278
2025-05-03 17:26:15,723 - INFO - IA: Raquette droite déplacée de 299 à 292
2025-05-03 17:26:15,741 - INFO - JOUEUR: Raquette gauche déplacée de 278 à 271
2025-05-03 17:26:15,741 - INFO - IA: Raquette droite déplacée de 292 à 285
2025-05-03 17:26:15,759 - INFO - JOUEUR: Raquette gauche déplacée de 271 à 264
2025-05-03 17:26:15,759 - INFO - IA: Raquette droite déplacée de 285 à 278
2025-05-03 17:26:15,776 - INFO - JOUEUR: Raquette gauche déplacée de 264 à 257
2025-05-03 17:26:15,794 - INFO - JOUEUR: Raquette gauche déplacée de 257 à 250
2025-05-03 17:26:15,794 - INFO - IA: Raquette droite déplacée de 278 à 271
2025-05-03 17:26:15,811 - INFO - JOUEUR: Raquette gauche déplacée de 250 à 243
2025-05-03 17:26:15,811 - INFO - IA: Raquette droite déplacée de 271 à 264
2025-05-03 17:26:15,829 - INFO - JOUEUR: Raquette gauche déplacée de 243 à 236
2025-05-03 17:26:15,829 - INFO - IA: Raquette droite déplacée de 264 à 257
2025-05-03 17:26:15,846 - INFO - JOUEUR: Raquette gauche déplacée de 236 à 229
2025-05-03 17:26:15,846 - INFO - IA: Raquette droite déplacée de 257 à 250
2025-05-03 17:26:15,863 - INFO - JOUEUR: Raquette gauche déplacée de 229 à 222
2025-05-03 17:26:15,864 - INFO - IA: Raquette droite déplacée de 250 à 257
2025-05-03 17:26:15,881 - INFO - JOUEUR: Raquette gauche déplacée de 222 à 215
2025-05-03 17:26:15,881 - INFO - IA: Raquette droite déplacée de 257 à 250
2025-05-03 17:26:15,899 - INFO - JOUEUR: Raquette gauche déplacée de 215 à 208
2025-05-03 17:26:15,899 - INFO - IA: Raquette droite déplacée de 250 à 243
2025-05-03 17:26:15,916 - INFO - JOUEUR: Raquette gauche déplacée de 208 à 201
2025-05-03 17:26:15,917 - INFO - IA: Raquette droite déplacée de 243 à 236
2025-05-03 17:26:15,934 - INFO - JOUEUR: Raquette gauche déplacée de 201 à 194
2025-05-03 17:26:15,934 - INFO - IA: Raquette droite déplacée de 236 à 229
2025-05-03 17:26:15,950 - INFO - JOUEUR: Raquette gauche déplacée de 194 à 187
2025-05-03 17:26:15,951 - INFO - IA: Raquette droite déplacée de 229 à 222
2025-05-03 17:26:15,968 - INFO - JOUEUR: Raquette gauche déplacée de 187 à 180
2025-05-03 17:26:15,968 - INFO - IA: Raquette droite déplacée de 222 à 229
2025-05-03 17:26:15,986 - INFO - JOUEUR: Raquette gauche déplacée de 180 à 173
2025-05-03 17:26:15,986 - INFO - IA: Raquette droite déplacée de 229 à 236
2025-05-03 17:26:16,004 - INFO - JOUEUR: Raquette gauche déplacée de 173 à 166
2025-05-03 17:26:16,004 - INFO - IA: Raquette droite déplacée de 236 à 229
2025-05-03 17:26:16,023 - INFO - JOUEUR: Raquette gauche déplacée de 166 à 159
2025-05-03 17:26:16,023 - INFO - IA: Raquette droite déplacée de 229 à 222
2025-05-03 17:26:16,041 - INFO - JOUEUR: Raquette gauche déplacée de 159 à 152
2025-05-03 17:26:16,042 - INFO - IA: Raquette droite déplacée de 222 à 215
2025-05-03 17:26:16,058 - INFO - JOUEUR: Raquette gauche déplacée de 152 à 145
2025-05-03 17:26:16,059 - INFO - IA: Raquette droite déplacée de 215 à 208
2025-05-03 17:26:16,075 - INFO - JOUEUR: Raquette gauche déplacée de 145 à 138
2025-05-03 17:26:16,076 - INFO - IA: Raquette droite déplacée de 208 à 201
2025-05-03 17:26:16,092 - INFO - JOUEUR: Raquette gauche déplacée de 138 à 131
2025-05-03 17:26:16,093 - INFO - IA: Raquette droite déplacée de 201 à 194
2025-05-03 17:26:16,110 - INFO - JOUEUR: Raquette gauche déplacée de 131 à 124
2025-05-03 17:26:16,110 - INFO - IA: Raquette droite déplacée de 194 à 187
2025-05-03 17:26:16,128 - INFO - JOUEUR: Raquette gauche déplacée de 124 à 117
2025-05-03 17:26:16,128 - INFO - IA: Raquette droite déplacée de 187 à 180
2025-05-03 17:26:16,145 - INFO - JOUEUR: Raquette gauche déplacée de 117 à 110
2025-05-03 17:26:16,145 - INFO - IA: Raquette droite déplacée de 180 à 187
2025-05-03 17:26:16,163 - INFO - JOUEUR: Raquette gauche déplacée de 110 à 103
2025-05-03 17:26:16,163 - INFO - IA: Raquette droite déplacée de 187 à 180
2025-05-03 17:26:16,182 - INFO - JOUEUR: Raquette gauche déplacée de 103 à 96
2025-05-03 17:26:16,182 - INFO - IA: Raquette droite déplacée de 180 à 173
2025-05-03 17:26:16,200 - INFO - JOUEUR: Raquette gauche déplacée de 96 à 89
2025-05-03 17:26:16,200 - INFO - IA: Raquette droite déplacée de 173 à 166
2025-05-03 17:26:16,218 - INFO - JOUEUR: Raquette gauche déplacée de 89 à 82
2025-05-03 17:26:16,218 - INFO - IA: Raquette droite déplacée de 166 à 159
2025-05-03 17:26:16,236 - INFO - JOUEUR: Raquette gauche déplacée de 82 à 75
2025-05-03 17:26:16,253 - INFO - JOUEUR: Raquette gauche déplacée de 75 à 68
2025-05-03 17:26:16,253 - INFO - IA: Raquette droite déplacée de 159 à 152
2025-05-03 17:26:16,271 - INFO - JOUEUR: Raquette gauche déplacée de 68 à 61
2025-05-03 17:26:16,272 - INFO - IA: Raquette droite déplacée de 152 à 145
2025-05-03 17:26:16,289 - INFO - INPUT: Joueur relâche les touches directionnelles
2025-05-03 17:26:16,290 - INFO - IA: Raquette droite déplacée de 145 à 138
2025-05-03 17:26:16,307 - INFO - IA: Raquette droite déplacée de 138 à 131
2025-05-03 17:26:16,325 - INFO - IA: Raquette droite déplacée de 131 à 124
2025-05-03 17:26:16,342 - INFO - IA: Raquette droite déplacée de 124 à 117
2025-05-03 17:26:16,359 - INFO - IA: Raquette droite déplacée de 117 à 110
2025-05-03 17:26:16,376 - INFO - IA: Raquette droite déplacée de 110 à 103
2025-05-03 17:26:16,394 - INFO - IA: Raquette droite déplacée de 103 à 96
2025-05-03 17:26:16,411 - INFO - IA: Raquette droite déplacée de 96 à 103
2025-05-03 17:26:16,428 - INFO - IA: Raquette droite déplacée de 103 à 96
2025-05-03 17:26:16,446 - INFO - IA: Raquette droite déplacée de 96 à 89
2025-05-03 17:26:16,463 - INFO - IA: Raquette droite déplacée de 89 à 82
2025-05-03 17:26:16,480 - INFO - IA: Raquette droite déplacée de 82 à 75
2025-05-03 17:26:16,498 - INFO - IA: Raquette droite déplacée de 75 à 82
2025-05-03 17:26:16,515 - INFO - IA: Raquette droite déplacée de 82 à 75
2025-05-03 17:26:16,533 - INFO - IA: Raquette droite déplacée de 75 à 68
2025-05-03 17:26:16,551 - INFO - IA: Raquette droite déplacée de 68 à 61
2025-05-03 17:26:16,569 - INFO - IA: Raquette droite déplacée de 61 à 54
2025-05-03 17:26:16,587 - INFO - IA: Raquette droite déplacée de 54 à 47
2025-05-03 17:26:16,604 - INFO - IA: Raquette droite déplacée de 47 à 40
2025-05-03 17:26:16,621 - INFO - IA: Raquette droite déplacée de 40 à 33
2025-05-03 17:26:16,638 - INFO - IA: Raquette droite déplacée de 33 à 26
2025-05-03 17:26:16,656 - INFO - IA: Raquette droite déplacée de 26 à 19
2025-05-03 17:26:16,673 - INFO - IA: Raquette droite déplacée de 19 à 26
2025-05-03 17:26:16,691 - INFO - IA: Raquette droite déplacée de 26 à 19
2025-05-03 17:26:16,708 - INFO - IA: Raquette droite déplacée de 19 à 12
2025-05-03 17:26:16,726 - INFO - IA: Raquette droite déplacée de 12 à 5
2025-05-03 17:26:16,743 - INFO - IA: Raquette droite déplacée de 5 à 0
2025-05-03 17:26:16,777 - INFO - IA: Raquette droite déplacée de 0 à 7
2025-05-03 17:26:16,794 - INFO - IA: Raquette droite déplacée de 7 à 0
2025-05-03 17:26:16,831 - INFO - COLLISION: Balle a rebondi sur un mur à la position (507, -2)
2025-05-03 17:26:16,917 - INFO - IA: Raquette droite déplacée de 0 à 7
2025-05-03 17:26:16,952 - INFO - IA: Raquette droite déplacée de 7 à 0
2025-05-03 17:26:16,969 - INFO - COLLISION: Balle a rebondi sur une raquette à la position (555, 38)
2025-05-03 17:26:16,986 - INFO - IA: Raquette droite déplacée de 0 à 7
2025-05-03 17:26:17,004 - INFO - IA: Raquette droite déplacée de 7 à 0
2025-05-03 17:26:17,022 - INFO - IA: Raquette droite déplacée de 0 à 7
2025-05-03 17:26:17,039 - INFO - IA: Raquette droite déplacée de 7 à 0
2025-05-03 17:26:17,074 - INFO - IA: Raquette droite déplacée de 0 à 7
2025-05-03 17:26:17,093 - INFO - IA: Raquette droite déplacée de 7 à 14
2025-05-03 17:26:17,111 - INFO - IA: Raquette droite déplacée de 14 à 21
2025-05-03 17:26:17,129 - INFO - IA: Raquette droite déplacée de 21 à 28
2025-05-03 17:26:17,146 - INFO - IA: Raquette droite déplacée de 28 à 21
2025-05-03 17:26:17,164 - INFO - IA: Raquette droite déplacée de 21 à 28
2025-05-03 17:26:17,181 - INFO - IA: Raquette droite déplacée de 28 à 35
2025-05-03 17:26:17,198 - INFO - INPUT: Joueur appuie sur la touche BAS
2025-05-03 17:26:17,198 - INFO - JOUEUR: Raquette gauche déplacée de 61 à 68
2025-05-03 17:26:17,198 - INFO - IA: Raquette droite déplacée de 35 à 42
2025-05-03 17:26:17,217 - INFO - JOUEUR: Raquette gauche déplacée de 68 à 75
2025-05-03 17:26:17,219 - INFO - IA: Raquette droite déplacée de 42 à 35
2025-05-03 17:26:17,236 - INFO - JOUEUR: Raquette gauche déplacée de 75 à 82
2025-05-03 17:26:17,236 - INFO - IA: Raquette droite déplacée de 35 à 42
2025-05-03 17:26:17,252 - INFO - JOUEUR: Raquette gauche déplacée de 82 à 89
2025-05-03 17:26:17,252 - INFO - IA: Raquette droite déplacée de 42 à 49
2025-05-03 17:26:17,268 - INFO - JOUEUR: Raquette gauche déplacée de 89 à 96
2025-05-03 17:26:17,269 - INFO - IA: Raquette droite déplacée de 49 à 56
2025-05-03 17:26:17,285 - INFO - JOUEUR: Raquette gauche déplacée de 96 à 103
2025-05-03 17:26:17,285 - INFO - IA: Raquette droite déplacée de 56 à 63
2025-05-03 17:26:17,302 - INFO - JOUEUR: Raquette gauche déplacée de 103 à 110
2025-05-03 17:26:17,302 - INFO - IA: Raquette droite déplacée de 63 à 70
2025-05-03 17:26:17,319 - INFO - JOUEUR: Raquette gauche déplacée de 110 à 117
2025-05-03 17:26:17,320 - INFO - IA: Raquette droite déplacée de 70 à 77
2025-05-03 17:26:17,338 - INFO - JOUEUR: Raquette gauche déplacée de 117 à 124
2025-05-03 17:26:17,338 - INFO - IA: Raquette droite déplacée de 77 à 84
2025-05-03 17:26:17,355 - INFO - JOUEUR: Raquette gauche déplacée de 124 à 131
2025-05-03 17:26:17,355 - INFO - IA: Raquette droite déplacée de 84 à 91
2025-05-03 17:26:17,373 - INFO - JOUEUR: Raquette gauche déplacée de 131 à 138
2025-05-03 17:26:17,373 - INFO - IA: Raquette droite déplacée de 91 à 98
2025-05-03 17:26:17,390 - INFO - JOUEUR: Raquette gauche déplacée de 138 à 145
2025-05-03 17:26:17,391 - INFO - IA: Raquette droite déplacée de 98 à 91
2025-05-03 17:26:17,407 - INFO - JOUEUR: Raquette gauche déplacée de 145 à 152
2025-05-03 17:26:17,407 - INFO - IA: Raquette droite déplacée de 91 à 98
2025-05-03 17:26:17,425 - INFO - JOUEUR: Raquette gauche déplacée de 152 à 159
2025-05-03 17:26:17,425 - INFO - IA: Raquette droite déplacée de 98 à 105
2025-05-03 17:26:17,442 - INFO - JOUEUR: Raquette gauche déplacée de 159 à 166
2025-05-03 17:26:17,442 - INFO - IA: Raquette droite déplacée de 105 à 98
2025-05-03 17:26:17,459 - INFO - JOUEUR: Raquette gauche déplacée de 166 à 173
2025-05-03 17:26:17,459 - INFO - IA: Raquette droite déplacée de 98 à 105
2025-05-03 17:26:17,476 - INFO - JOUEUR: Raquette gauche déplacée de 173 à 180
2025-05-03 17:26:17,476 - INFO - IA: Raquette droite déplacée de 105 à 112
2025-05-03 17:26:17,493 - INFO - JOUEUR: Raquette gauche déplacée de 180 à 187
2025-05-03 17:26:17,493 - INFO - IA: Raquette droite déplacée de 112 à 119
2025-05-03 17:26:17,510 - INFO - JOUEUR: Raquette gauche déplacée de 187 à 194
2025-05-03 17:26:17,510 - INFO - IA: Raquette droite déplacée de 119 à 126
2025-05-03 17:26:17,527 - INFO - JOUEUR: Raquette gauche déplacée de 194 à 201
2025-05-03 17:26:17,527 - INFO - IA: Raquette droite déplacée de 126 à 133
2025-05-03 17:26:17,545 - INFO - JOUEUR: Raquette gauche déplacée de 201 à 208
2025-05-03 17:26:17,545 - INFO - IA: Raquette droite déplacée de 133 à 140
2025-05-03 17:26:17,563 - INFO - JOUEUR: Raquette gauche déplacée de 208 à 215
2025-05-03 17:26:17,563 - INFO - IA: Raquette droite déplacée de 140 à 147
2025-05-03 17:26:17,581 - INFO - JOUEUR: Raquette gauche déplacée de 215 à 222
2025-05-03 17:26:17,581 - INFO - IA: Raquette droite déplacée de 147 à 140
2025-05-03 17:26:17,598 - INFO - JOUEUR: Raquette gauche déplacée de 222 à 229
2025-05-03 17:26:17,599 - INFO - IA: Raquette droite déplacée de 140 à 147
2025-05-03 17:26:17,616 - INFO - JOUEUR: Raquette gauche déplacée de 229 à 236
2025-05-03 17:26:17,616 - INFO - IA: Raquette droite déplacée de 147 à 154
2025-05-03 17:26:17,633 - INFO - JOUEUR: Raquette gauche déplacée de 236 à 243
2025-05-03 17:26:17,633 - INFO - IA: Raquette droite déplacée de 154 à 161
2025-05-03 17:26:17,650 - INFO - JOUEUR: Raquette gauche déplacée de 243 à 250
2025-05-03 17:26:17,650 - INFO - IA: Raquette droite déplacée de 161 à 168
2025-05-03 17:26:17,667 - INFO - JOUEUR: Raquette gauche déplacée de 250 à 257
2025-05-03 17:26:17,667 - INFO - IA: Raquette droite déplacée de 168 à 175
2025-05-03 17:26:17,684 - INFO - JOUEUR: Raquette gauche déplacée de 257 à 264
2025-05-03 17:26:17,684 - INFO - IA: Raquette droite déplacée de 175 à 182
2025-05-03 17:26:17,702 - INFO - JOUEUR: Raquette gauche déplacée de 264 à 271
2025-05-03 17:26:17,702 - INFO - IA: Raquette droite déplacée de 182 à 189
2025-05-03 17:26:17,720 - INFO - JOUEUR: Raquette gauche déplacée de 271 à 278
2025-05-03 17:26:17,720 - INFO - IA: Raquette droite déplacée de 189 à 196
2025-05-03 17:26:17,736 - INFO - JOUEUR: Raquette gauche déplacée de 278 à 285
2025-05-03 17:26:17,737 - INFO - IA: Raquette droite déplacée de 196 à 203
2025-05-03 17:26:17,754 - INFO - JOUEUR: Raquette gauche déplacée de 285 à 292
2025-05-03 17:26:17,754 - INFO - IA: Raquette droite déplacée de 203 à 210
2025-05-03 17:26:17,771 - INFO - JOUEUR: Raquette gauche déplacée de 292 à 299
2025-05-03 17:26:17,771 - INFO - IA: Raquette droite déplacée de 210 à 217
2025-05-03 17:26:17,789 - INFO - JOUEUR: Raquette gauche déplacée de 299 à 306
2025-05-03 17:26:17,789 - INFO - IA: Raquette droite déplacée de 217 à 224
2025-05-03 17:26:17,807 - INFO - JOUEUR: Raquette gauche déplacée de 306 à 313
2025-05-03 17:26:17,807 - INFO - IA: Raquette droite déplacée de 224 à 217
2025-05-03 17:26:17,826 - INFO - JOUEUR: Raquette gauche déplacée de 313 à 320
2025-05-03 17:26:17,827 - INFO - IA: Raquette droite déplacée de 217 à 224
2025-05-03 17:26:17,844 - INFO - JOUEUR: Raquette gauche déplacée de 320 à 327
2025-05-03 17:26:17,845 - INFO - IA: Raquette droite déplacée de 224 à 231
2025-05-03 17:26:17,862 - INFO - JOUEUR: Raquette gauche déplacée de 327 à 334
2025-05-03 17:26:17,862 - INFO - IA: Raquette droite déplacée de 231 à 238
2025-05-03 17:26:17,880 - INFO - INPUT: Joueur relâche les touches directionnelles
2025-05-03 17:26:17,880 - INFO - IA: Raquette droite déplacée de 238 à 245
2025-05-03 17:26:17,897 - INFO - IA: Raquette droite déplacée de 245 à 252
2025-05-03 17:26:17,915 - INFO - IA: Raquette droite déplacée de 252 à 259
2025-05-03 17:26:17,932 - INFO - IA: Raquette droite déplacée de 259 à 252
2025-05-03 17:26:17,950 - INFO - IA: Raquette droite déplacée de 252 à 259
2025-05-03 17:26:17,967 - INFO - IA: Raquette droite déplacée de 259 à 252
2025-05-03 17:26:17,983 - INFO - IA: Raquette droite déplacée de 252 à 259
2025-05-03 17:26:18,001 - INFO - IA: Raquette droite déplacée de 259 à 266
2025-05-03 17:26:18,018 - INFO - IA: Raquette droite déplacée de 266 à 273
2025-05-03 17:26:18,035 - INFO - IA: Raquette droite déplacée de 273 à 280
2025-05-03 17:26:18,053 - INFO - IA: Raquette droite déplacée de 280 à 287
2025-05-03 17:26:18,071 - INFO - IA: Raquette droite déplacée de 287 à 294
2025-05-03 17:26:18,089 - INFO - IA: Raquette droite déplacée de 294 à 301
2025-05-03 17:26:18,107 - INFO - IA: Raquette droite déplacée de 301 à 308
2025-05-03 17:26:18,125 - INFO - IA: Raquette droite déplacée de 308 à 315
2025-05-03 17:26:18,142 - INFO - IA: Raquette droite déplacée de 315 à 322
2025-05-03 17:26:18,160 - INFO - IA: Raquette droite déplacée de 322 à 329
2025-05-03 17:26:18,178 - INFO - IA: Raquette droite déplacée de 329 à 336
2025-05-03 17:26:18,195 - INFO - IA: Raquette droite déplacée de 336 à 329
2025-05-03 17:26:18,213 - INFO - IA: Raquette droite déplacée de 329 à 336
2025-05-03 17:26:18,231 - INFO - IA: Raquette droite déplacée de 336 à 343
2025-05-03 17:26:18,248 - INFO - IA: Raquette droite déplacée de 343 à 350
2025-05-03 17:26:18,266 - INFO - IA: Raquette droite déplacée de 350 à 357
2025-05-03 17:26:18,284 - INFO - IA: Raquette droite déplacée de 357 à 364
2025-05-03 17:26:18,284 - INFO - COLLISION: Balle a rebondi sur une raquette à la position (30, 413)
2025-05-03 17:26:18,301 - INFO - IA: Raquette droite déplacée de 364 à 371
2025-05-03 17:26:18,318 - INFO - IA: Raquette droite déplacée de 371 à 378
2025-05-03 17:26:18,336 - INFO - IA: Raquette droite déplacée de 378 à 371
2025-05-03 17:26:18,353 - INFO - IA: Raquette droite déplacée de 371 à 378
2025-05-03 17:26:18,371 - INFO - IA: Raquette droite déplacée de 378 à 385
2025-05-03 17:26:18,389 - INFO - IA: Raquette droite déplacée de 385 à 378
2025-05-03 17:26:18,406 - INFO - IA: Raquette droite déplacée de 378 à 385
2025-05-03 17:26:18,423 - INFO - IA: Raquette droite déplacée de 385 à 390
2025-05-03 17:26:18,473 - INFO - COLLISION: Balle a rebondi sur un mur à la position (107, 468)
2025-05-03 17:26:18,543 - INFO - IA: Raquette droite déplacée de 390 à 383
2025-05-03 17:26:18,561 - INFO - IA: Raquette droite déplacée de 383 à 390
2025-05-03 17:26:18,630 - INFO - IA: Raquette droite déplacée de 390 à 383
2025-05-03 17:26:18,648 - INFO - IA: Raquette droite déplacée de 383 à 390
2025-05-03 17:26:18,666 - INFO - IA: Raquette droite déplacée de 390 à 383
2025-05-03 17:26:18,683 - INFO - IA: Raquette droite déplacée de 383 à 376
2025-05-03 17:26:18,701 - INFO - IA: Raquette droite déplacée de 376 à 369
2025-05-03 17:26:18,718 - INFO - IA: Raquette droite déplacée de 369 à 362
2025-05-03 17:26:18,735 - INFO - IA: Raquette droite déplacée de 362 à 369
2025-05-03 17:26:18,752 - INFO - INPUT: Joueur appuie sur la touche HAUT
2025-05-03 17:26:18,752 - INFO - JOUEUR: Raquette gauche déplacée de 334 à 327
2025-05-03 17:26:18,752 - INFO - IA: Raquette droite déplacée de 369 à 362
2025-05-03 17:26:18,770 - INFO - JOUEUR: Raquette gauche déplacée de 327 à 320
2025-05-03 17:26:18,770 - INFO - IA: Raquette droite déplacée de 362 à 355
2025-05-03 17:26:18,787 - INFO - JOUEUR: Raquette gauche déplacée de 320 à 313
2025-05-03 17:26:18,787 - INFO - IA: Raquette droite déplacée de 355 à 348
2025-05-03 17:26:18,804 - INFO - JOUEUR: Raquette gauche déplacée de 313 à 306
2025-05-03 17:26:18,805 - INFO - IA: Raquette droite déplacée de 348 à 341
2025-05-03 17:26:18,822 - INFO - JOUEUR: Raquette gauche déplacée de 306 à 299
2025-05-03 17:26:18,822 - INFO - IA: Raquette droite déplacée de 341 à 334
2025-05-03 17:26:18,839 - INFO - JOUEUR: Raquette gauche déplacée de 299 à 292
2025-05-03 17:26:18,839 - INFO - IA: Raquette droite déplacée de 334 à 341
2025-05-03 17:26:18,856 - INFO - JOUEUR: Raquette gauche déplacée de 292 à 285
2025-05-03 17:26:18,856 - INFO - IA: Raquette droite déplacée de 341 à 334
2025-05-03 17:26:18,873 - INFO - JOUEUR: Raquette gauche déplacée de 285 à 278
2025-05-03 17:26:18,874 - INFO - IA: Raquette droite déplacée de 334 à 341
2025-05-03 17:26:18,891 - INFO - JOUEUR: Raquette gauche déplacée de 278 à 271
2025-05-03 17:26:18,891 - INFO - IA: Raquette droite déplacée de 341 à 334
2025-05-03 17:26:18,908 - INFO - JOUEUR: Raquette gauche déplacée de 271 à 264
2025-05-03 17:26:18,909 - INFO - IA: Raquette droite déplacée de 334 à 327
2025-05-03 17:26:18,927 - INFO - JOUEUR: Raquette gauche déplacée de 264 à 257
2025-05-03 17:26:18,927 - INFO - IA: Raquette droite déplacée de 327 à 320
2025-05-03 17:26:18,944 - INFO - JOUEUR: Raquette gauche déplacée de 257 à 250
2025-05-03 17:26:18,944 - INFO - IA: Raquette droite déplacée de 320 à 313
2025-05-03 17:26:18,961 - INFO - JOUEUR: Raquette gauche déplacée de 250 à 243
2025-05-03 17:26:18,962 - INFO - IA: Raquette droite déplacée de 313 à 306
2025-05-03 17:26:18,979 - INFO - JOUEUR: Raquette gauche déplacée de 243 à 236
2025-05-03 17:26:18,979 - INFO - IA: Raquette droite déplacée de 306 à 299
2025-05-03 17:26:18,996 - INFO - JOUEUR: Raquette gauche déplacée de 236 à 229
2025-05-03 17:26:18,997 - INFO - IA: Raquette droite déplacée de 299 à 292
2025-05-03 17:26:19,014 - INFO - JOUEUR: Raquette gauche déplacée de 229 à 222
2025-05-03 17:26:19,014 - INFO - IA: Raquette droite déplacée de 292 à 299
2025-05-03 17:26:19,032 - INFO - JOUEUR: Raquette gauche déplacée de 222 à 215
2025-05-03 17:26:19,032 - INFO - IA: Raquette droite déplacée de 299 à 292
2025-05-03 17:26:19,050 - INFO - JOUEUR: Raquette gauche déplacée de 215 à 208
2025-05-03 17:26:19,050 - INFO - IA: Raquette droite déplacée de 292 à 285
2025-05-03 17:26:19,067 - INFO - JOUEUR: Raquette gauche déplacée de 208 à 201
2025-05-03 17:26:19,067 - INFO - IA: Raquette droite déplacée de 285 à 278
2025-05-03 17:26:19,084 - INFO - JOUEUR: Raquette gauche déplacée de 201 à 194
2025-05-03 17:26:19,084 - INFO - IA: Raquette droite déplacée de 278 à 271
2025-05-03 17:26:19,102 - INFO - JOUEUR: Raquette gauche déplacée de 194 à 187
2025-05-03 17:26:19,103 - INFO - IA: Raquette droite déplacée de 271 à 264
2025-05-03 17:26:19,121 - INFO - JOUEUR: Raquette gauche déplacée de 187 à 180
2025-05-03 17:26:19,121 - INFO - IA: Raquette droite déplacée de 264 à 257
2025-05-03 17:26:19,139 - INFO - JOUEUR: Raquette gauche déplacée de 180 à 173
2025-05-03 17:26:19,139 - INFO - IA: Raquette droite déplacée de 257 à 264
2025-05-03 17:26:19,156 - INFO - JOUEUR: Raquette gauche déplacée de 173 à 166
2025-05-03 17:26:19,157 - INFO - IA: Raquette droite déplacée de 264 à 257
2025-05-03 17:26:19,174 - INFO - JOUEUR: Raquette gauche déplacée de 166 à 159
2025-05-03 17:26:19,192 - INFO - JOUEUR: Raquette gauche déplacée de 159 à 152
2025-05-03 17:26:19,192 - INFO - IA: Raquette droite déplacée de 257 à 250
2025-05-03 17:26:19,209 - INFO - JOUEUR: Raquette gauche déplacée de 152 à 145
2025-05-03 17:26:19,210 - INFO - IA: Raquette droite déplacée de 250 à 243
2025-05-03 17:26:19,228 - INFO - JOUEUR: Raquette gauche déplacée de 145 à 138
2025-05-03 17:26:19,228 - INFO - IA: Raquette droite déplacée de 243 à 236
2025-05-03 17:26:19,245 - INFO - JOUEUR: Raquette gauche déplacée de 138 à 131
2025-05-03 17:26:19,245 - INFO - IA: Raquette droite déplacée de 236 à 229
2025-05-03 17:26:19,262 - INFO - INPUT: Joueur relâche les touches directionnelles
2025-05-03 17:26:19,263 - INFO - IA: Raquette droite déplacée de 229 à 222
2025-05-03 17:26:19,280 - INFO - IA: Raquette droite déplacée de 222 à 215
2025-05-03 17:26:19,297 - INFO - IA: Raquette droite déplacée de 215 à 208
2025-05-03 17:26:19,315 - INFO - IA: Raquette droite déplacée de 208 à 201
2025-05-03 17:26:19,333 - INFO - IA: Raquette droite déplacée de 201 à 194
2025-05-03 17:26:19,350 - INFO - IA: Raquette droite déplacée de 194 à 201
2025-05-03 17:26:19,367 - INFO - IA: Raquette droite déplacée de 201 à 194
2025-05-03 17:26:19,385 - INFO - IA: Raquette droite déplacée de 194 à 187
2025-05-03 17:26:19,403 - INFO - IA: Raquette droite déplacée de 187 à 180
2025-05-03 17:26:19,421 - INFO - IA: Raquette droite déplacée de 180 à 173
2025-05-03 17:26:19,438 - INFO - IA: Raquette droite déplacée de 173 à 180
2025-05-03 17:26:19,457 - INFO - INPUT: Joueur appuie sur la touche HAUT
2025-05-03 17:26:19,457 - INFO - JOUEUR: Raquette gauche déplacée de 131 à 124
2025-05-03 17:26:19,457 - INFO - IA: Raquette droite déplacée de 180 à 173
2025-05-03 17:26:19,475 - INFO - JOUEUR: Raquette gauche déplacée de 124 à 117
2025-05-03 17:26:19,475 - INFO - IA: Raquette droite déplacée de 173 à 166
2025-05-03 17:26:19,493 - INFO - JOUEUR: Raquette gauche déplacée de 117 à 110
2025-05-03 17:26:19,493 - INFO - IA: Raquette droite déplacée de 166 à 159
2025-05-03 17:26:19,510 - INFO - JOUEUR: Raquette gauche déplacée de 110 à 103
2025-05-03 17:26:19,511 - INFO - IA: Raquette droite déplacée de 159 à 152
2025-05-03 17:26:19,528 - INFO - JOUEUR: Raquette gauche déplacée de 103 à 96
2025-05-03 17:26:19,528 - INFO - IA: Raquette droite déplacée de 152 à 145
2025-05-03 17:26:19,546 - INFO - INPUT: Joueur relâche les touches directionnelles
2025-05-03 17:26:19,546 - INFO - IA: Raquette droite déplacée de 145 à 138
2025-05-03 17:26:19,563 - INFO - IA: Raquette droite déplacée de 138 à 131
2025-05-03 17:26:19,581 - INFO - IA: Raquette droite déplacée de 131 à 138
2025-05-03 17:26:19,598 - INFO - IA: Raquette droite déplacée de 138 à 131
2025-05-03 17:26:19,598 - INFO - COLLISION: Balle a rebondi sur une raquette à la position (555, 148)
2025-05-03 17:26:19,615 - INFO - IA: Raquette droite déplacée de 131 à 138
2025-05-03 17:26:19,633 - INFO - IA: Raquette droite déplacée de 138 à 131
2025-05-03 17:26:19,650 - INFO - IA: Raquette droite déplacée de 131 à 124
2025-05-03 17:26:19,668 - INFO - IA: Raquette droite déplacée de 124 à 117
2025-05-03 17:26:19,685 - INFO - IA: Raquette droite déplacée de 117 à 110
2025-05-03 17:26:19,702 - INFO - IA: Raquette droite déplacée de 110 à 103
2025-05-03 17:26:19,720 - INFO - IA: Raquette droite déplacée de 103 à 96
2025-05-03 17:26:19,737 - INFO - IA: Raquette droite déplacée de 96 à 89
2025-05-03 17:26:19,755 - INFO - IA: Raquette droite déplacée de 89 à 82
2025-05-03 17:26:19,772 - INFO - IA: Raquette droite déplacée de 82 à 75
2025-05-03 17:26:19,789 - INFO - IA: Raquette droite déplacée de 75 à 68
2025-05-03 17:26:19,806 - INFO - IA: Raquette droite déplacée de 68 à 61
2025-05-03 17:26:19,823 - INFO - IA: Raquette droite déplacée de 61 à 54
2025-05-03 17:26:19,840 - INFO - IA: Raquette droite déplacée de 54 à 47
2025-05-03 17:26:19,858 - INFO - IA: Raquette droite déplacée de 47 à 40
2025-05-03 17:26:19,877 - INFO - IA: Raquette droite déplacée de 40 à 47
2025-05-03 17:26:19,894 - INFO - IA: Raquette droite déplacée de 47 à 40
2025-05-03 17:26:19,911 - INFO - IA: Raquette droite déplacée de 40 à 33
2025-05-03 17:26:19,929 - INFO - IA: Raquette droite déplacée de 33 à 26
2025-05-03 17:26:19,947 - INFO - IA: Raquette droite déplacée de 26 à 19
2025-05-03 17:26:19,964 - INFO - IA: Raquette droite déplacée de 19 à 12
2025-05-03 17:26:19,982 - INFO - IA: Raquette droite déplacée de 12 à 5
2025-05-03 17:26:20,001 - INFO - IA: Raquette droite déplacée de 5 à 0
2025-05-03 17:26:20,018 - INFO - IA: Raquette droite déplacée de 0 à 7
2025-05-03 17:26:20,036 - INFO - IA: Raquette droite déplacée de 7 à 0
2025-05-03 17:26:20,122 - INFO - COLLISION: Balle a rebondi sur un mur à la position (315, -2)
2025-05-03 17:26:20,210 - INFO - IA: Raquette droite déplacée de 0 à 7
2025-05-03 17:26:20,227 - INFO - IA: Raquette droite déplacée de 7 à 14
2025-05-03 17:26:20,244 - INFO - IA: Raquette droite déplacée de 14 à 7
2025-05-03 17:26:20,261 - INFO - IA: Raquette droite déplacée de 7 à 0
2025-05-03 17:26:20,279 - INFO - IA: Raquette droite déplacée de 0 à 7
2025-05-03 17:26:20,296 - INFO - IA: Raquette droite déplacée de 7 à 0
2025-05-03 17:26:20,313 - INFO - IA: Raquette droite déplacée de 0 à 7
2025-05-03 17:26:20,330 - INFO - IA: Raquette droite déplacée de 7 à 14
2025-05-03 17:26:20,346 - INFO - IA: Raquette droite déplacée de 14 à 21
2025-05-03 17:26:20,364 - INFO - IA: Raquette droite déplacée de 21 à 28
2025-05-03 17:26:20,381 - INFO - IA: Raquette droite déplacée de 28 à 21
2025-05-03 17:26:20,398 - INFO - IA: Raquette droite déplacée de 21 à 14
2025-05-03 17:26:20,416 - INFO - IA: Raquette droite déplacée de 14 à 21
2025-05-03 17:26:20,450 - INFO - IA: Raquette droite déplacée de 21 à 28
2025-05-03 17:26:20,467 - INFO - IA: Raquette droite déplacée de 28 à 35
2025-05-03 17:26:20,485 - INFO - IA: Raquette droite déplacée de 35 à 42
2025-05-03 17:26:20,503 - INFO - IA: Raquette droite déplacée de 42 à 49
2025-05-03 17:26:20,520 - INFO - IA: Raquette droite déplacée de 49 à 56
2025-05-03 17:26:20,538 - INFO - IA: Raquette droite déplacée de 56 à 63
2025-05-03 17:26:20,555 - INFO - IA: Raquette droite déplacée de 63 à 70
2025-05-03 17:26:20,572 - INFO - IA: Raquette droite déplacée de 70 à 77
2025-05-03 17:26:20,590 - INFO - IA: Raquette droite déplacée de 77 à 84
2025-05-03 17:26:20,607 - INFO - IA: Raquette droite déplacée de 84 à 91
2025-05-03 17:26:20,623 - INFO - IA: Raquette droite déplacée de 91 à 98
2025-05-03 17:26:20,640 - INFO - IA: Raquette droite déplacée de 98 à 105
2025-05-03 17:26:20,657 - INFO - IA: Raquette droite déplacée de 105 à 112
2025-05-03 17:26:20,674 - INFO - IA: Raquette droite déplacée de 112 à 105
2025-05-03 17:26:20,692 - INFO - IA: Raquette droite déplacée de 105 à 112
2025-05-03 17:26:20,709 - INFO - IA: Raquette droite déplacée de 112 à 119
2025-05-03 17:26:20,727 - INFO - IA: Raquette droite déplacée de 119 à 126
2025-05-03 17:26:20,744 - INFO - IA: Raquette droite déplacée de 126 à 119
2025-05-03 17:26:20,744 - INFO - COLLISION: Balle a rebondi sur une raquette à la position (27, 178)
2025-05-03 17:26:20,762 - INFO - IA: Raquette droite déplacée de 119 à 126
2025-05-03 17:26:20,779 - INFO - IA: Raquette droite déplacée de 126 à 133
2025-05-03 17:26:20,797 - INFO - IA: Raquette droite déplacée de 133 à 140
2025-05-03 17:26:20,814 - INFO - IA: Raquette droite déplacée de 140 à 147
2025-05-03 17:26:20,831 - INFO - IA: Raquette droite déplacée de 147 à 154
2025-05-03 17:26:20,848 - INFO - IA: Raquette droite déplacée de 154 à 161
2025-05-03 17:26:20,866 - INFO - IA: Raquette droite déplacée de 161 à 154
2025-05-03 17:26:20,882 - INFO - IA: Raquette droite déplacée de 154 à 161
2025-05-03 17:26:20,899 - INFO - IA: Raquette droite déplacée de 161 à 168
2025-05-03 17:26:20,916 - INFO - IA: Raquette droite déplacée de 168 à 161
2025-05-03 17:26:20,950 - INFO - IA: Raquette droite déplacée de 161 à 168
2025-05-03 17:26:20,968 - INFO - IA: Raquette droite déplacée de 168 à 175
2025-05-03 17:26:20,986 - INFO - IA: Raquette droite déplacée de 175 à 182
2025-05-03 17:26:21,004 - INFO - IA: Raquette droite déplacée de 182 à 189
2025-05-03 17:26:21,023 - INFO - IA: Raquette droite déplacée de 189 à 196
2025-05-03 17:26:21,040 - INFO - IA: Raquette droite déplacée de 196 à 189
2025-05-03 17:26:21,058 - INFO - IA: Raquette droite déplacée de 189 à 196
2025-05-03 17:26:21,075 - INFO - IA: Raquette droite déplacée de 196 à 203
2025-05-03 17:26:21,092 - INFO - IA: Raquette droite déplacée de 203 à 210
2025-05-03 17:26:21,109 - INFO - IA: Raquette droite déplacée de 210 à 217
2025-05-03 17:26:21,126 - INFO - IA: Raquette droite déplacée de 217 à 224
2025-05-03 17:26:21,144 - INFO - IA: Raquette droite déplacée de 224 à 231
2025-05-03 17:26:21,161 - INFO - IA: Raquette droite déplacée de 231 à 238
2025-05-03 17:26:21,179 - INFO - IA: Raquette droite déplacée de 238 à 245
2025-05-03 17:26:21,196 - INFO - IA: Raquette droite déplacée de 245 à 252
2025-05-03 17:26:21,214 - INFO - IA: Raquette droite déplacée de 252 à 259
2025-05-03 17:26:21,231 - INFO - IA: Raquette droite déplacée de 259 à 252
2025-05-03 17:26:21,250 - INFO - IA: Raquette droite déplacée de 252 à 259
2025-05-03 17:26:21,269 - INFO - IA: Raquette droite déplacée de 259 à 266
2025-05-03 17:26:21,287 - INFO - IA: Raquette droite déplacée de 266 à 273
2025-05-03 17:26:21,304 - INFO - IA: Raquette droite déplacée de 273 à 280
2025-05-03 17:26:21,322 - INFO - IA: Raquette droite déplacée de 280 à 287
2025-05-03 17:26:21,340 - INFO - IA: Raquette droite déplacée de 287 à 280
2025-05-03 17:26:21,357 - INFO - IA: Raquette droite déplacée de 280 à 287
2025-05-03 17:26:21,374 - INFO - IA: Raquette droite déplacée de 287 à 294
2025-05-03 17:26:21,391 - INFO - IA: Raquette droite déplacée de 294 à 301
2025-05-03 17:26:21,409 - INFO - IA: Raquette droite déplacée de 301 à 308
2025-05-03 17:26:21,427 - INFO - IA: Raquette droite déplacée de 308 à 315
2025-05-03 17:26:21,445 - INFO - IA: Raquette droite déplacée de 315 à 322
2025-05-03 17:26:21,462 - INFO - IA: Raquette droite déplacée de 322 à 329
2025-05-03 17:26:21,479 - INFO - IA: Raquette droite déplacée de 329 à 336
2025-05-03 17:26:21,496 - INFO - IA: Raquette droite déplacée de 336 à 343
2025-05-03 17:26:21,513 - INFO - IA: Raquette droite déplacée de 343 à 350
2025-05-03 17:26:21,530 - INFO - IA: Raquette droite déplacée de 350 à 357
2025-05-03 17:26:21,548 - INFO - IA: Raquette droite déplacée de 357 à 364
2025-05-03 17:26:21,565 - INFO - IA: Raquette droite déplacée de 364 à 371
2025-05-03 17:26:21,582 - INFO - IA: Raquette droite déplacée de 371 à 378
2025-05-03 17:26:21,600 - INFO - IA: Raquette droite déplacée de 378 à 385
2025-05-03 17:26:21,617 - INFO - IA: Raquette droite déplacée de 385 à 378
2025-05-03 17:26:21,634 - INFO - IA: Raquette droite déplacée de 378 à 371
2025-05-03 17:26:21,651 - INFO - IA: Raquette droite déplacée de 371 à 378
2025-05-03 17:26:21,668 - INFO - IA: Raquette droite déplacée de 378 à 385
2025-05-03 17:26:21,685 - INFO - IA: Raquette droite déplacée de 385 à 378
2025-05-03 17:26:21,702 - INFO - IA: Raquette droite déplacée de 378 à 385
2025-05-03 17:26:21,719 - INFO - IA: Raquette droite déplacée de 385 à 390
2025-05-03 17:26:21,754 - INFO - COLLISION: Balle a rebondi sur un mur à la position (549, 468)
2025-05-03 17:26:21,772 - INFO - COLLISION: Balle a rebondi sur une raquette à la position (558, 463)
2025-05-03 17:26:21,841 - INFO - IA: Raquette droite déplacée de 390 à 383
2025-05-03 17:26:21,876 - INFO - IA: Raquette droite déplacée de 383 à 390
2025-05-03 17:26:21,893 - INFO - IA: Raquette droite déplacée de 390 à 383
2025-05-03 17:26:21,910 - INFO - IA: Raquette droite déplacée de 383 à 376
2025-05-03 17:26:21,927 - INFO - IA: Raquette droite déplacée de 376 à 383
2025-05-03 17:26:21,945 - INFO - IA: Raquette droite déplacée de 383 à 376
2025-05-03 17:26:21,963 - INFO - IA: Raquette droite déplacée de 376 à 369
2025-05-03 17:26:21,980 - INFO - IA: Raquette droite déplacée de 369 à 362
2025-05-03 17:26:21,997 - INFO - IA: Raquette droite déplacée de 362 à 369
2025-05-03 17:26:22,014 - INFO - IA: Raquette droite déplacée de 369 à 376
2025-05-03 17:26:22,032 - INFO - IA: Raquette droite déplacée de 376 à 383
2025-05-03 17:26:22,049 - INFO - IA: Raquette droite déplacée de 383 à 376
2025-05-03 17:26:22,068 - INFO - IA: Raquette droite déplacée de 376 à 369
2025-05-03 17:26:22,086 - INFO - IA: Raquette droite déplacée de 369 à 362
2025-05-03 17:26:22,104 - INFO - IA: Raquette droite déplacée de 362 à 355
2025-05-03 17:26:22,122 - INFO - IA: Raquette droite déplacée de 355 à 348
2025-05-03 17:26:22,139 - INFO - IA: Raquette droite déplacée de 348 à 341
2025-05-03 17:26:22,157 - INFO - IA: Raquette droite déplacée de 341 à 348
2025-05-03 17:26:22,174 - INFO - IA: Raquette droite déplacée de 348 à 341
2025-05-03 17:26:22,191 - INFO - IA: Raquette droite déplacée de 341 à 334
2025-05-03 17:26:22,208 - INFO - IA: Raquette droite déplacée de 334 à 341
2025-05-03 17:26:22,226 - INFO - IA: Raquette droite déplacée de 341 à 334
2025-05-03 17:26:22,245 - INFO - IA: Raquette droite déplacée de 334 à 327
2025-05-03 17:26:22,263 - INFO - INPUT: Joueur appuie sur la touche BAS
2025-05-03 17:26:22,263 - INFO - JOUEUR: Raquette gauche déplacée de 96 à 103
2025-05-03 17:26:22,263 - INFO - IA: Raquette droite déplacée de 327 à 320
2025-05-03 17:26:22,281 - INFO - JOUEUR: Raquette gauche déplacée de 103 à 110
2025-05-03 17:26:22,281 - INFO - IA: Raquette droite déplacée de 320 à 313
2025-05-03 17:26:22,298 - INFO - JOUEUR: Raquette gauche déplacée de 110 à 117
2025-05-03 17:26:22,298 - INFO - IA: Raquette droite déplacée de 313 à 306
2025-05-03 17:26:22,315 - INFO - JOUEUR: Raquette gauche déplacée de 117 à 124
2025-05-03 17:26:22,316 - INFO - IA: Raquette droite déplacée de 306 à 299
2025-05-03 17:26:22,333 - INFO - JOUEUR: Raquette gauche déplacée de 124 à 131
2025-05-03 17:26:22,333 - INFO - IA: Raquette droite déplacée de 299 à 292
2025-05-03 17:26:22,350 - INFO - JOUEUR: Raquette gauche déplacée de 131 à 138
2025-05-03 17:26:22,350 - INFO - IA: Raquette droite déplacée de 292 à 285
2025-05-03 17:26:22,366 - INFO - JOUEUR: Raquette gauche déplacée de 138 à 145
2025-05-03 17:26:22,366 - INFO - IA: Raquette droite déplacée de 285 à 278
2025-05-03 17:26:22,384 - INFO - JOUEUR: Raquette gauche déplacée de 145 à 152
2025-05-03 17:26:22,384 - INFO - IA: Raquette droite déplacée de 278 à 271
2025-05-03 17:26:22,401 - INFO - JOUEUR: Raquette gauche déplacée de 152 à 159
2025-05-03 17:26:22,402 - INFO - IA: Raquette droite déplacée de 271 à 264
2025-05-03 17:26:22,419 - INFO - JOUEUR: Raquette gauche déplacée de 159 à 166
2025-05-03 17:26:22,419 - INFO - IA: Raquette droite déplacée de 264 à 257
2025-05-03 17:26:22,436 - INFO - JOUEUR: Raquette gauche déplacée de 166 à 173
2025-05-03 17:26:22,436 - INFO - IA: Raquette droite déplacée de 257 à 264
2025-05-03 17:26:22,453 - INFO - JOUEUR: Raquette gauche déplacée de 173 à 180
2025-05-03 17:26:22,453 - INFO - IA: Raquette droite déplacée de 264 à 257
2025-05-03 17:26:22,471 - INFO - JOUEUR: Raquette gauche déplacée de 180 à 187
2025-05-03 17:26:22,471 - INFO - IA: Raquette droite déplacée de 257 à 250
2025-05-03 17:26:22,488 - INFO - JOUEUR: Raquette gauche déplacée de 187 à 194
2025-05-03 17:26:22,488 - INFO - IA: Raquette droite déplacée de 250 à 257
2025-05-03 17:26:22,506 - INFO - JOUEUR: Raquette gauche déplacée de 194 à 201
2025-05-03 17:26:22,506 - INFO - IA: Raquette droite déplacée de 257 à 250
2025-05-03 17:26:22,524 - INFO - JOUEUR: Raquette gauche déplacée de 201 à 208
2025-05-03 17:26:22,524 - INFO - IA: Raquette droite déplacée de 250 à 243
2025-05-03 17:26:22,542 - INFO - JOUEUR: Raquette gauche déplacée de 208 à 215
2025-05-03 17:26:22,542 - INFO - IA: Raquette droite déplacée de 243 à 236
2025-05-03 17:26:22,559 - INFO - JOUEUR: Raquette gauche déplacée de 215 à 222
2025-05-03 17:26:22,560 - INFO - IA: Raquette droite déplacée de 236 à 229
2025-05-03 17:26:22,577 - INFO - JOUEUR: Raquette gauche déplacée de 222 à 229
2025-05-03 17:26:22,578 - INFO - IA: Raquette droite déplacée de 229 à 222
2025-05-03 17:26:22,595 - INFO - JOUEUR: Raquette gauche déplacée de 229 à 236
2025-05-03 17:26:22,595 - INFO - IA: Raquette droite déplacée de 222 à 215
2025-05-03 17:26:22,612 - INFO - INPUT: Joueur relâche les touches directionnelles
2025-05-03 17:26:22,613 - INFO - IA: Raquette droite déplacée de 215 à 208
2025-05-03 17:26:22,630 - INFO - IA: Raquette droite déplacée de 208 à 215
2025-05-03 17:26:22,647 - INFO - IA: Raquette droite déplacée de 215 à 208
2025-05-03 17:26:22,664 - INFO - IA: Raquette droite déplacée de 208 à 201
2025-05-03 17:26:22,681 - INFO - IA: Raquette droite déplacée de 201 à 194
2025-05-03 17:26:22,698 - INFO - IA: Raquette droite déplacée de 194 à 187
2025-05-03 17:26:22,716 - INFO - IA: Raquette droite déplacée de 187 à 180
2025-05-03 17:26:22,733 - INFO - IA: Raquette droite déplacée de 180 à 173
2025-05-03 17:26:22,751 - INFO - IA: Raquette droite déplacée de 173 à 166
2025-05-03 17:26:22,751 - INFO - POINT: Joueur droite (IA) marque un point! Score: 0-2
2025-05-03 17:26:22,768 - INFO - IA: Raquette droite déplacée de 166 à 173
2025-05-03 17:26:22,786 - INFO - IA: Raquette droite déplacée de 173 à 180
2025-05-03 17:26:22,804 - INFO - INPUT: Joueur appuie sur la touche HAUT
2025-05-03 17:26:22,804 - INFO - JOUEUR: Raquette gauche déplacée de 236 à 229
2025-05-03 17:26:22,804 - INFO - IA: Raquette droite déplacée de 180 à 187
2025-05-03 17:26:22,822 - INFO - JOUEUR: Raquette gauche déplacée de 229 à 222
2025-05-03 17:26:22,822 - INFO - IA: Raquette droite déplacée de 187 à 180
2025-05-03 17:26:22,839 - INFO - JOUEUR: Raquette gauche déplacée de 222 à 215
2025-05-03 17:26:22,840 - INFO - IA: Raquette droite déplacée de 180 à 187
2025-05-03 17:26:22,859 - INFO - JOUEUR: Raquette gauche déplacée de 215 à 208
2025-05-03 17:26:22,859 - INFO - IA: Raquette droite déplacée de 187 à 180
2025-05-03 17:26:22,877 - INFO - JOUEUR: Raquette gauche déplacée de 208 à 201
2025-05-03 17:26:22,877 - INFO - IA: Raquette droite déplacée de 180 à 187
2025-05-03 17:26:22,894 - INFO - JOUEUR: Raquette gauche déplacée de 201 à 194
2025-05-03 17:26:22,894 - INFO - IA: Raquette droite déplacée de 187 à 180
2025-05-03 17:26:22,911 - INFO - JOUEUR: Raquette gauche déplacée de 194 à 187
2025-05-03 17:26:22,911 - INFO - IA: Raquette droite déplacée de 180 à 173
2025-05-03 17:26:22,929 - INFO - JOUEUR: Raquette gauche déplacée de 187 à 180
2025-05-03 17:26:22,929 - INFO - IA: Raquette droite déplacée de 173 à 166
2025-05-03 17:26:22,947 - INFO - JOUEUR: Raquette gauche déplacée de 180 à 173
2025-05-03 17:26:22,947 - INFO - IA: Raquette droite déplacée de 166 à 159
2025-05-03 17:26:22,965 - INFO - JOUEUR: Raquette gauche déplacée de 173 à 166
2025-05-03 17:26:22,965 - INFO - IA: Raquette droite déplacée de 159 à 152
2025-05-03 17:26:22,983 - INFO - JOUEUR: Raquette gauche déplacée de 166 à 159
2025-05-03 17:26:22,983 - INFO - IA: Raquette droite déplacée de 152 à 159
2025-05-03 17:26:23,000 - INFO - JOUEUR: Raquette gauche déplacée de 159 à 152
2025-05-03 17:26:23,001 - INFO - IA: Raquette droite déplacée de 159 à 152
2025-05-03 17:26:23,018 - INFO - JOUEUR: Raquette gauche déplacée de 152 à 145
2025-05-03 17:26:23,018 - INFO - IA: Raquette droite déplacée de 152 à 145
2025-05-03 17:26:23,035 - INFO - JOUEUR: Raquette gauche déplacée de 145 à 138
2025-05-03 17:26:23,035 - INFO - IA: Raquette droite déplacée de 145 à 138
2025-05-03 17:26:23,052 - INFO - JOUEUR: Raquette gauche déplacée de 138 à 131
2025-05-03 17:26:23,052 - INFO - IA: Raquette droite déplacée de 138 à 131
2025-05-03 17:26:23,070 - INFO - JOUEUR: Raquette gauche déplacée de 131 à 124
2025-05-03 17:26:23,070 - INFO - IA: Raquette droite déplacée de 131 à 124
2025-05-03 17:26:23,087 - INFO - JOUEUR: Raquette gauche déplacée de 124 à 117
2025-05-03 17:26:23,087 - INFO - IA: Raquette droite déplacée de 124 à 117
2025-05-03 17:26:23,106 - INFO - JOUEUR: Raquette gauche déplacée de 117 à 110
2025-05-03 17:26:23,106 - INFO - IA: Raquette droite déplacée de 117 à 110
2025-05-03 17:26:23,124 - INFO - JOUEUR: Raquette gauche déplacée de 110 à 103
2025-05-03 17:26:23,124 - INFO - IA: Raquette droite déplacée de 110 à 103
2025-05-03 17:26:23,142 - INFO - JOUEUR: Raquette gauche déplacée de 103 à 96
2025-05-03 17:26:23,142 - INFO - IA: Raquette droite déplacée de 103 à 96
2025-05-03 17:26:23,159 - INFO - JOUEUR: Raquette gauche déplacée de 96 à 89
2025-05-03 17:26:23,160 - INFO - IA: Raquette droite déplacée de 96 à 103
2025-05-03 17:26:23,179 - INFO - INPUT: Joueur relâche les touches directionnelles
2025-05-03 17:26:23,179 - INFO - IA: Raquette droite déplacée de 103 à 96
2025-05-03 17:26:23,197 - INFO - IA: Raquette droite déplacée de 96 à 89
2025-05-03 17:26:23,214 - INFO - IA: Raquette droite déplacée de 89 à 82
2025-05-03 17:26:23,232 - INFO - IA: Raquette droite déplacée de 82 à 75
2025-05-03 17:26:23,266 - INFO - IA: Raquette droite déplacée de 75 à 68
2025-05-03 17:26:23,283 - INFO - IA: Raquette droite déplacée de 68 à 75
2025-05-03 17:26:23,300 - INFO - IA: Raquette droite déplacée de 75 à 68
2025-05-03 17:26:23,317 - INFO - IA: Raquette droite déplacée de 68 à 61
2025-05-03 17:26:23,334 - INFO - IA: Raquette droite déplacée de 61 à 54
2025-05-03 17:26:23,352 - INFO - IA: Raquette droite déplacée de 54 à 47
2025-05-03 17:26:23,370 - INFO - IA: Raquette droite déplacée de 47 à 40
2025-05-03 17:26:23,388 - INFO - IA: Raquette droite déplacée de 40 à 33
2025-05-03 17:26:23,405 - INFO - IA: Raquette droite déplacée de 33 à 26
2025-05-03 17:26:23,423 - INFO - IA: Raquette droite déplacée de 26 à 19
2025-05-03 17:26:23,440 - INFO - IA: Raquette droite déplacée de 19 à 12
2025-05-03 17:26:23,458 - INFO - IA: Raquette droite déplacée de 12 à 5
2025-05-03 17:26:23,475 - INFO - IA: Raquette droite déplacée de 5 à 0
2025-05-03 17:26:23,492 - INFO - IA: Raquette droite déplacée de 0 à 7
2025-05-03 17:26:23,509 - INFO - IA: Raquette droite déplacée de 7 à 0
2025-05-03 17:26:23,544 - INFO - IA: Raquette droite déplacée de 0 à 7
2025-05-03 17:26:23,561 - INFO - IA: Raquette droite déplacée de 7 à 0
2025-05-03 17:26:23,578 - INFO - COLLISION: Balle a rebondi sur un mur à la position (528, -2)
2025-05-03 17:26:23,665 - INFO - COLLISION: Balle a rebondi sur une raquette à la position (553, 23)
2025-05-03 17:26:23,683 - INFO - IA: Raquette droite déplacée de 0 à 7
2025-05-03 17:26:23,699 - INFO - IA: Raquette droite déplacée de 7 à 0
2025-05-03 17:26:23,717 - INFO - IA: Raquette droite déplacée de 0 à 7
2025-05-03 17:26:23,734 - INFO - IA: Raquette droite déplacée de 7 à 14
2025-05-03 17:26:23,751 - INFO - IA: Raquette droite déplacée de 14 à 21
2025-05-03 17:26:23,768 - INFO - IA: Raquette droite déplacée de 21 à 28
2025-05-03 17:26:23,784 - INFO - IA: Raquette droite déplacée de 28 à 21
2025-05-03 17:26:23,802 - INFO - IA: Raquette droite déplacée de 21 à 28
2025-05-03 17:26:23,820 - INFO - IA: Raquette droite déplacée de 28 à 21
2025-05-03 17:26:23,837 - INFO - IA: Raquette droite déplacée de 21 à 14
2025-05-03 17:26:23,854 - INFO - IA: Raquette droite déplacée de 14 à 21
2025-05-03 17:26:23,872 - INFO - IA: Raquette droite déplacée de 21 à 28
2025-05-03 17:26:23,890 - INFO - IA: Raquette droite déplacée de 28 à 21
2025-05-03 17:26:23,908 - INFO - IA: Raquette droite déplacée de 21 à 28
2025-05-03 17:26:23,925 - INFO - IA: Raquette droite déplacée de 28 à 35
2025-05-03 17:26:23,943 - INFO - IA: Raquette droite déplacée de 35 à 42
2025-05-03 17:26:23,961 - INFO - IA: Raquette droite déplacée de 42 à 49
2025-05-03 17:26:23,979 - INFO - IA: Raquette droite déplacée de 49 à 56
2025-05-03 17:26:23,996 - INFO - IA: Raquette droite déplacée de 56 à 63
2025-05-03 17:26:24,013 - INFO - IA: Raquette droite déplacée de 63 à 56
2025-05-03 17:26:24,030 - INFO - IA: Raquette droite déplacée de 56 à 63
2025-05-03 17:26:24,048 - INFO - IA: Raquette droite déplacée de 63 à 70
2025-05-03 17:26:24,065 - INFO - IA: Raquette droite déplacée de 70 à 77
2025-05-03 17:26:24,083 - INFO - IA: Raquette droite déplacée de 77 à 84
2025-05-03 17:26:24,100 - INFO - IA: Raquette droite déplacée de 84 à 77
2025-05-03 17:26:24,116 - INFO - IA: Raquette droite déplacée de 77 à 84
2025-05-03 17:26:24,134 - INFO - IA: Raquette droite déplacée de 84 à 91
2025-05-03 17:26:24,153 - INFO - IA: Raquette droite déplacée de 91 à 98
2025-05-03 17:26:24,171 - INFO - IA: Raquette droite déplacée de 98 à 105
2025-05-03 17:26:24,189 - INFO - IA: Raquette droite déplacée de 105 à 112
2025-05-03 17:26:24,208 - INFO - IA: Raquette droite déplacée de 112 à 119
2025-05-03 17:26:24,226 - INFO - IA: Raquette droite déplacée de 119 à 126
2025-05-03 17:26:24,244 - INFO - IA: Raquette droite déplacée de 126 à 133
2025-05-03 17:26:24,261 - INFO - IA: Raquette droite déplacée de 133 à 126
2025-05-03 17:26:24,279 - INFO - IA: Raquette droite déplacée de 126 à 133
2025-05-03 17:26:24,296 - INFO - IA: Raquette droite déplacée de 133 à 140
2025-05-03 17:26:24,314 - INFO - IA: Raquette droite déplacée de 140 à 147
2025-05-03 17:26:24,331 - INFO - IA: Raquette droite déplacée de 147 à 154
2025-05-03 17:26:24,348 - INFO - IA: Raquette droite déplacée de 154 à 161
2025-05-03 17:26:24,365 - INFO - IA: Raquette droite déplacée de 161 à 168
2025-05-03 17:26:24,383 - INFO - IA: Raquette droite déplacée de 168 à 175
2025-05-03 17:26:24,400 - INFO - IA: Raquette droite déplacée de 175 à 168
2025-05-03 17:26:24,418 - INFO - IA: Raquette droite déplacée de 168 à 175
2025-05-03 17:26:24,436 - INFO - IA: Raquette droite déplacée de 175 à 182
2025-05-03 17:26:24,454 - INFO - IA: Raquette droite déplacée de 182 à 189
2025-05-03 17:26:24,472 - INFO - IA: Raquette droite déplacée de 189 à 196
2025-05-03 17:26:24,490 - INFO - IA: Raquette droite déplacée de 196 à 203
2025-05-03 17:26:24,508 - INFO - IA: Raquette droite déplacée de 203 à 210
2025-05-03 17:26:24,525 - INFO - IA: Raquette droite déplacée de 210 à 203
2025-05-03 17:26:24,559 - INFO - IA: Raquette droite déplacée de 203 à 210
2025-05-03 17:26:24,577 - INFO - IA: Raquette droite déplacée de 210 à 217
2025-05-03 17:26:24,594 - INFO - IA: Raquette droite déplacée de 217 à 224
2025-05-03 17:26:24,611 - INFO - IA: Raquette droite déplacée de 224 à 231
2025-05-03 17:26:24,627 - INFO - IA: Raquette droite déplacée de 231 à 238
2025-05-03 17:26:24,645 - INFO - IA: Raquette droite déplacée de 238 à 245
2025-05-03 17:26:24,664 - INFO - IA: Raquette droite déplacée de 245 à 252
2025-05-03 17:26:24,684 - INFO - IA: Raquette droite déplacée de 252 à 259
2025-05-03 17:26:24,702 - INFO - IA: Raquette droite déplacée de 259 à 266
2025-05-03 17:26:24,720 - INFO - IA: Raquette droite déplacée de 266 à 259
2025-05-03 17:26:24,738 - INFO - IA: Raquette droite déplacée de 259 à 266
2025-05-03 17:26:24,756 - INFO - IA: Raquette droite déplacée de 266 à 273
2025-05-03 17:26:24,774 - INFO - IA: Raquette droite déplacée de 273 à 280
2025-05-03 17:26:24,791 - INFO - IA: Raquette droite déplacée de 280 à 287
2025-05-03 17:26:24,808 - INFO - IA: Raquette droite déplacée de 287 à 294
2025-05-03 17:26:24,827 - INFO - IA: Raquette droite déplacée de 294 à 301
2025-05-03 17:26:24,862 - INFO - IA: Raquette droite déplacée de 301 à 294
2025-05-03 17:26:24,996 - INFO - IA: Raquette droite déplacée de 294 à 301
