2025-05-03 17:23:08,313 - INFO - IA: Raquette IA initialisée à la position (565, 195)
2025-05-03 17:23:08,314 - INFO - Jeu initialisé avec succès
2025-05-03 17:23:08,314 - INFO - Taille de l'écran: 600x480
2025-05-03 17:23:08,315 - INFO - Position initiale raquette gauche: <rect(20, 195, 15, 90)>
2025-05-03 17:23:08,315 - INFO - Position initiale raquette droite: <rect(565, 195, 15, 90)>
2025-05-03 17:23:08,315 - INFO - Position initiale balle: <rect(293, 233, 15, 15)>
2025-05-03 17:23:08,315 - INFO - IA: Raquette droite déplacée de 195 à 188
2025-05-03 17:23:08,334 - INFO - IA: Raquette droite déplacée de 188 à 181
2025-05-03 17:23:08,356 - INFO - IA: Raquette droite déplacée de 181 à 174
2025-05-03 17:23:08,373 - INFO - IA: Raquette droite déplacée de 174 à 181
2025-05-03 17:23:08,391 - INFO - IA: Raquette droite déplacée de 181 à 188
2025-05-03 17:23:08,409 - INFO - IA: Raquette droite déplacée de 188 à 195
2025-05-03 17:23:08,426 - INFO - IA: Raquette droite déplacée de 195 à 202
2025-05-03 17:23:08,444 - INFO - IA: Raquette droite déplacée de 202 à 209
2025-05-03 17:23:08,461 - INFO - IA: Raquette droite déplacée de 209 à 216
2025-05-03 17:23:08,478 - INFO - IA: Raquette droite déplacée de 216 à 223
2025-05-03 17:23:08,495 - INFO - IA: Raquette droite déplacée de 223 à 230
2025-05-03 17:23:08,512 - INFO - IA: Raquette droite déplacée de 230 à 237
2025-05-03 17:23:08,529 - INFO - IA: Raquette droite déplacée de 237 à 244
2025-05-03 17:23:08,547 - INFO - IA: Raquette droite déplacée de 244 à 237
2025-05-03 17:23:08,565 - INFO - IA: Raquette droite déplacée de 237 à 244
2025-05-03 17:23:08,583 - INFO - IA: Raquette droite déplacée de 244 à 251
2025-05-03 17:23:08,600 - INFO - IA: Raquette droite déplacée de 251 à 244
2025-05-03 17:23:08,617 - INFO - IA: Raquette droite déplacée de 244 à 251
2025-05-03 17:23:08,634 - INFO - IA: Raquette droite déplacée de 251 à 258
2025-05-03 17:23:08,651 - INFO - IA: Raquette droite déplacée de 258 à 265
2025-05-03 17:23:08,668 - INFO - IA: Raquette droite déplacée de 265 à 272
2025-05-03 17:23:08,686 - INFO - IA: Raquette droite déplacée de 272 à 279
2025-05-03 17:23:08,703 - INFO - IA: Raquette droite déplacée de 279 à 286
2025-05-03 17:23:08,720 - INFO - IA: Raquette droite déplacée de 286 à 293
2025-05-03 17:23:08,737 - INFO - IA: Raquette droite déplacée de 293 à 300
2025-05-03 17:23:08,755 - INFO - IA: Raquette droite déplacée de 300 à 307
2025-05-03 17:23:08,772 - INFO - IA: Raquette droite déplacée de 307 à 314
2025-05-03 17:23:08,789 - INFO - IA: Raquette droite déplacée de 314 à 307
2025-05-03 17:23:08,806 - INFO - IA: Raquette droite déplacée de 307 à 314
2025-05-03 17:23:08,824 - INFO - IA: Raquette droite déplacée de 314 à 321
2025-05-03 17:23:08,841 - INFO - IA: Raquette droite déplacée de 321 à 328
2025-05-03 17:23:08,859 - INFO - IA: Raquette droite déplacée de 328 à 335
2025-05-03 17:23:08,877 - INFO - IA: Raquette droite déplacée de 335 à 342
2025-05-03 17:23:08,894 - INFO - IA: Raquette droite déplacée de 342 à 349
2025-05-03 17:23:08,911 - INFO - IA: Raquette droite déplacée de 349 à 356
2025-05-03 17:23:08,928 - INFO - IA: Raquette droite déplacée de 356 à 349
2025-05-03 17:23:08,946 - INFO - IA: Raquette droite déplacée de 349 à 356
2025-05-03 17:23:08,963 - INFO - IA: Raquette droite déplacée de 356 à 363
2025-05-03 17:23:08,980 - INFO - IA: Raquette droite déplacée de 363 à 370
2025-05-03 17:23:08,997 - INFO - IA: Raquette droite déplacée de 370 à 377
2025-05-03 17:23:09,014 - INFO - IA: Raquette droite déplacée de 377 à 384
2025-05-03 17:23:09,031 - INFO - IA: Raquette droite déplacée de 384 à 377
2025-05-03 17:23:09,049 - INFO - IA: Raquette droite déplacée de 377 à 384
2025-05-03 17:23:09,067 - INFO - IA: Raquette droite déplacée de 384 à 390
2025-05-03 17:23:09,119 - INFO - COLLISION: Balle a rebondi sur un mur à la position (528, 468)
2025-05-03 17:23:09,204 - INFO - COLLISION: Balle a rebondi sur une raquette à la position (553, 443)
2025-05-03 17:23:09,344 - INFO - IA: Raquette droite déplacée de 390 à 383
2025-05-03 17:23:09,361 - INFO - IA: Raquette droite déplacée de 383 à 376
2025-05-03 17:23:09,379 - INFO - IA: Raquette droite déplacée de 376 à 369
2025-05-03 17:23:09,397 - INFO - IA: Raquette droite déplacée de 369 à 362
2025-05-03 17:23:09,414 - INFO - IA: Raquette droite déplacée de 362 à 369
2025-05-03 17:23:09,432 - INFO - IA: Raquette droite déplacée de 369 à 362
2025-05-03 17:23:09,451 - INFO - IA: Raquette droite déplacée de 362 à 369
2025-05-03 17:23:09,469 - INFO - IA: Raquette droite déplacée de 369 à 362
2025-05-03 17:23:09,486 - INFO - IA: Raquette droite déplacée de 362 à 355
2025-05-03 17:23:09,503 - INFO - IA: Raquette droite déplacée de 355 à 348
2025-05-03 17:23:09,521 - INFO - IA: Raquette droite déplacée de 348 à 341
2025-05-03 17:23:09,537 - INFO - IA: Raquette droite déplacée de 341 à 334
2025-05-03 17:23:09,555 - INFO - IA: Raquette droite déplacée de 334 à 327
2025-05-03 17:23:09,573 - INFO - IA: Raquette droite déplacée de 327 à 320
2025-05-03 17:23:09,591 - INFO - IA: Raquette droite déplacée de 320 à 313
2025-05-03 17:23:09,609 - INFO - IA: Raquette droite déplacée de 313 à 306
2025-05-03 17:23:09,627 - INFO - IA: Raquette droite déplacée de 306 à 299
2025-05-03 17:23:09,644 - INFO - IA: Raquette droite déplacée de 299 à 292
2025-05-03 17:23:09,662 - INFO - IA: Raquette droite déplacée de 292 à 285
2025-05-03 17:23:09,680 - INFO - IA: Raquette droite déplacée de 285 à 278
2025-05-03 17:23:09,697 - INFO - IA: Raquette droite déplacée de 278 à 285
2025-05-03 17:23:09,715 - INFO - IA: Raquette droite déplacée de 285 à 278
2025-05-03 17:23:09,732 - INFO - IA: Raquette droite déplacée de 278 à 271
2025-05-03 17:23:09,749 - INFO - IA: Raquette droite déplacée de 271 à 264
2025-05-03 17:23:09,766 - INFO - IA: Raquette droite déplacée de 264 à 257
2025-05-03 17:23:09,783 - INFO - IA: Raquette droite déplacée de 257 à 250
2025-05-03 17:23:09,801 - INFO - IA: Raquette droite déplacée de 250 à 243
2025-05-03 17:23:09,818 - INFO - IA: Raquette droite déplacée de 243 à 250
2025-05-03 17:23:09,834 - INFO - IA: Raquette droite déplacée de 250 à 257
2025-05-03 17:23:09,852 - INFO - IA: Raquette droite déplacée de 257 à 250
2025-05-03 17:23:09,870 - INFO - IA: Raquette droite déplacée de 250 à 243
2025-05-03 17:23:09,888 - INFO - IA: Raquette droite déplacée de 243 à 236
2025-05-03 17:23:09,904 - INFO - IA: Raquette droite déplacée de 236 à 229
2025-05-03 17:23:09,921 - INFO - IA: Raquette droite déplacée de 229 à 222
2025-05-03 17:23:09,938 - INFO - IA: Raquette droite déplacée de 222 à 215
2025-05-03 17:23:09,955 - INFO - IA: Raquette droite déplacée de 215 à 208
2025-05-03 17:23:09,972 - INFO - IA: Raquette droite déplacée de 208 à 201
2025-05-03 17:23:09,989 - INFO - IA: Raquette droite déplacée de 201 à 194
2025-05-03 17:23:10,006 - INFO - IA: Raquette droite déplacée de 194 à 187
2025-05-03 17:23:10,024 - INFO - IA: Raquette droite déplacée de 187 à 180
2025-05-03 17:23:10,041 - INFO - IA: Raquette droite déplacée de 180 à 173
2025-05-03 17:23:10,058 - INFO - IA: Raquette droite déplacée de 173 à 166
2025-05-03 17:23:10,075 - INFO - IA: Raquette droite déplacée de 166 à 159
2025-05-03 17:23:10,093 - INFO - IA: Raquette droite déplacée de 159 à 166
2025-05-03 17:23:10,110 - INFO - IA: Raquette droite déplacée de 166 à 159
2025-05-03 17:23:10,128 - INFO - IA: Raquette droite déplacée de 159 à 166
2025-05-03 17:23:10,146 - INFO - INPUT: Joueur appuie sur la touche HAUT
2025-05-03 17:23:10,146 - INFO - JOUEUR: Raquette gauche déplacée de 195 à 188
2025-05-03 17:23:10,146 - INFO - IA: Raquette droite déplacée de 166 à 159
2025-05-03 17:23:10,164 - INFO - JOUEUR: Raquette gauche déplacée de 188 à 181
2025-05-03 17:23:10,165 - INFO - IA: Raquette droite déplacée de 159 à 152
2025-05-03 17:23:10,182 - INFO - JOUEUR: Raquette gauche déplacée de 181 à 174
2025-05-03 17:23:10,182 - INFO - IA: Raquette droite déplacée de 152 à 145
2025-05-03 17:23:10,200 - INFO - JOUEUR: Raquette gauche déplacée de 174 à 167
2025-05-03 17:23:10,200 - INFO - IA: Raquette droite déplacée de 145 à 152
2025-05-03 17:23:10,217 - INFO - JOUEUR: Raquette gauche déplacée de 167 à 160
2025-05-03 17:23:10,217 - INFO - IA: Raquette droite déplacée de 152 à 145
2025-05-03 17:23:10,234 - INFO - JOUEUR: Raquette gauche déplacée de 160 à 153
2025-05-03 17:23:10,251 - INFO - JOUEUR: Raquette gauche déplacée de 153 à 146
2025-05-03 17:23:10,251 - INFO - IA: Raquette droite déplacée de 145 à 138
2025-05-03 17:23:10,269 - INFO - JOUEUR: Raquette gauche déplacée de 146 à 139
2025-05-03 17:23:10,269 - INFO - IA: Raquette droite déplacée de 138 à 131
2025-05-03 17:23:10,287 - INFO - JOUEUR: Raquette gauche déplacée de 139 à 132
2025-05-03 17:23:10,287 - INFO - IA: Raquette droite déplacée de 131 à 124
2025-05-03 17:23:10,304 - INFO - JOUEUR: Raquette gauche déplacée de 132 à 125
2025-05-03 17:23:10,305 - INFO - IA: Raquette droite déplacée de 124 à 117
2025-05-03 17:23:10,322 - INFO - JOUEUR: Raquette gauche déplacée de 125 à 118
2025-05-03 17:23:10,339 - INFO - JOUEUR: Raquette gauche déplacée de 118 à 111
2025-05-03 17:23:10,339 - INFO - IA: Raquette droite déplacée de 117 à 110
2025-05-03 17:23:10,356 - INFO - JOUEUR: Raquette gauche déplacée de 111 à 104
2025-05-03 17:23:10,357 - INFO - IA: Raquette droite déplacée de 110 à 103
2025-05-03 17:23:10,375 - INFO - JOUEUR: Raquette gauche déplacée de 104 à 97
2025-05-03 17:23:10,375 - INFO - IA: Raquette droite déplacée de 103 à 96
2025-05-03 17:23:10,392 - INFO - JOUEUR: Raquette gauche déplacée de 97 à 90
2025-05-03 17:23:10,393 - INFO - IA: Raquette droite déplacée de 96 à 89
2025-05-03 17:23:10,411 - INFO - JOUEUR: Raquette gauche déplacée de 90 à 83
2025-05-03 17:23:10,411 - INFO - IA: Raquette droite déplacée de 89 à 96
2025-05-03 17:23:10,428 - INFO - JOUEUR: Raquette gauche déplacée de 83 à 76
2025-05-03 17:23:10,428 - INFO - IA: Raquette droite déplacée de 96 à 89
2025-05-03 17:23:10,446 - INFO - JOUEUR: Raquette gauche déplacée de 76 à 69
2025-05-03 17:23:10,446 - INFO - IA: Raquette droite déplacée de 89 à 82
2025-05-03 17:23:10,464 - INFO - JOUEUR: Raquette gauche déplacée de 69 à 62
2025-05-03 17:23:10,464 - INFO - IA: Raquette droite déplacée de 82 à 75
2025-05-03 17:23:10,481 - INFO - JOUEUR: Raquette gauche déplacée de 62 à 55
2025-05-03 17:23:10,482 - INFO - IA: Raquette droite déplacée de 75 à 68
2025-05-03 17:23:10,499 - INFO - JOUEUR: Raquette gauche déplacée de 55 à 48
2025-05-03 17:23:10,499 - INFO - IA: Raquette droite déplacée de 68 à 61
2025-05-03 17:23:10,517 - INFO - JOUEUR: Raquette gauche déplacée de 48 à 41
2025-05-03 17:23:10,517 - INFO - IA: Raquette droite déplacée de 61 à 54
2025-05-03 17:23:10,535 - INFO - JOUEUR: Raquette gauche déplacée de 41 à 34
2025-05-03 17:23:10,535 - INFO - IA: Raquette droite déplacée de 54 à 47
2025-05-03 17:23:10,551 - INFO - JOUEUR: Raquette gauche déplacée de 34 à 27
2025-05-03 17:23:10,552 - INFO - IA: Raquette droite déplacée de 47 à 40
2025-05-03 17:23:10,569 - INFO - JOUEUR: Raquette gauche déplacée de 27 à 20
2025-05-03 17:23:10,569 - INFO - IA: Raquette droite déplacée de 40 à 33
2025-05-03 17:23:10,587 - INFO - JOUEUR: Raquette gauche déplacée de 20 à 13
2025-05-03 17:23:10,587 - INFO - IA: Raquette droite déplacée de 33 à 26
2025-05-03 17:23:10,604 - INFO - JOUEUR: Raquette gauche déplacée de 13 à 6
2025-05-03 17:23:10,604 - INFO - IA: Raquette droite déplacée de 26 à 19
2025-05-03 17:23:10,621 - INFO - JOUEUR: Raquette gauche déplacée de 6 à 0
2025-05-03 17:23:10,621 - INFO - IA: Raquette droite déplacée de 19 à 26
2025-05-03 17:23:10,639 - INFO - IA: Raquette droite déplacée de 26 à 19
2025-05-03 17:23:10,657 - INFO - IA: Raquette droite déplacée de 19 à 26
2025-05-03 17:23:10,674 - INFO - IA: Raquette droite déplacée de 26 à 19
2025-05-03 17:23:10,691 - INFO - IA: Raquette droite déplacée de 19 à 12
2025-05-03 17:23:10,708 - INFO - IA: Raquette droite déplacée de 12 à 5
2025-05-03 17:23:10,725 - INFO - IA: Raquette droite déplacée de 5 à 0
2025-05-03 17:23:10,762 - INFO - INPUT: Joueur relâche les touches directionnelles
2025-05-03 17:23:10,762 - INFO - COLLISION: Balle a rebondi sur un mur à la position (108, -2)
2025-05-03 17:23:10,882 - INFO - IA: Raquette droite déplacée de 0 à 7
2025-05-03 17:23:10,901 - INFO - IA: Raquette droite déplacée de 7 à 0
2025-05-03 17:23:10,969 - INFO - IA: Raquette droite déplacée de 0 à 7
2025-05-03 17:23:10,986 - INFO - IA: Raquette droite déplacée de 7 à 14
2025-05-03 17:23:11,003 - INFO - IA: Raquette droite déplacée de 14 à 7
2025-05-03 17:23:11,020 - INFO - IA: Raquette droite déplacée de 7 à 14
2025-05-03 17:23:11,021 - INFO - COLLISION: Balle a rebondi sur une raquette à la position (33, 73)
2025-05-03 17:23:11,039 - INFO - INPUT: Joueur appuie sur la touche BAS
2025-05-03 17:23:11,039 - INFO - JOUEUR: Raquette gauche déplacée de 0 à 7
2025-05-03 17:23:11,039 - INFO - IA: Raquette droite déplacée de 14 à 21
2025-05-03 17:23:11,056 - INFO - JOUEUR: Raquette gauche déplacée de 7 à 14
2025-05-03 17:23:11,056 - INFO - IA: Raquette droite déplacée de 21 à 28
2025-05-03 17:23:11,073 - INFO - JOUEUR: Raquette gauche déplacée de 14 à 21
2025-05-03 17:23:11,073 - INFO - IA: Raquette droite déplacée de 28 à 35
2025-05-03 17:23:11,090 - INFO - JOUEUR: Raquette gauche déplacée de 21 à 28
2025-05-03 17:23:11,107 - INFO - JOUEUR: Raquette gauche déplacée de 28 à 35
2025-05-03 17:23:11,108 - INFO - IA: Raquette droite déplacée de 35 à 42
2025-05-03 17:23:11,124 - INFO - JOUEUR: Raquette gauche déplacée de 35 à 42
2025-05-03 17:23:11,124 - INFO - IA: Raquette droite déplacée de 42 à 49
2025-05-03 17:23:11,141 - INFO - JOUEUR: Raquette gauche déplacée de 42 à 49
2025-05-03 17:23:11,141 - INFO - IA: Raquette droite déplacée de 49 à 56
2025-05-03 17:23:11,159 - INFO - JOUEUR: Raquette gauche déplacée de 49 à 56
2025-05-03 17:23:11,159 - INFO - IA: Raquette droite déplacée de 56 à 63
2025-05-03 17:23:11,177 - INFO - JOUEUR: Raquette gauche déplacée de 56 à 63
2025-05-03 17:23:11,177 - INFO - IA: Raquette droite déplacée de 63 à 70
2025-05-03 17:23:11,194 - INFO - JOUEUR: Raquette gauche déplacée de 63 à 70
2025-05-03 17:23:11,194 - INFO - IA: Raquette droite déplacée de 70 à 77
2025-05-03 17:23:11,212 - INFO - JOUEUR: Raquette gauche déplacée de 70 à 77
2025-05-03 17:23:11,212 - INFO - IA: Raquette droite déplacée de 77 à 84
2025-05-03 17:23:11,230 - INFO - JOUEUR: Raquette gauche déplacée de 77 à 84
2025-05-03 17:23:11,230 - INFO - IA: Raquette droite déplacée de 84 à 91
2025-05-03 17:23:11,247 - INFO - JOUEUR: Raquette gauche déplacée de 84 à 91
2025-05-03 17:23:11,248 - INFO - IA: Raquette droite déplacée de 91 à 84
2025-05-03 17:23:11,265 - INFO - JOUEUR: Raquette gauche déplacée de 91 à 98
2025-05-03 17:23:11,265 - INFO - IA: Raquette droite déplacée de 84 à 91
2025-05-03 17:23:11,283 - INFO - JOUEUR: Raquette gauche déplacée de 98 à 105
2025-05-03 17:23:11,283 - INFO - IA: Raquette droite déplacée de 91 à 98
2025-05-03 17:23:11,300 - INFO - JOUEUR: Raquette gauche déplacée de 105 à 112
2025-05-03 17:23:11,300 - INFO - IA: Raquette droite déplacée de 98 à 91
2025-05-03 17:23:11,318 - INFO - JOUEUR: Raquette gauche déplacée de 112 à 119
2025-05-03 17:23:11,318 - INFO - IA: Raquette droite déplacée de 91 à 98
2025-05-03 17:23:11,336 - INFO - JOUEUR: Raquette gauche déplacée de 119 à 126
2025-05-03 17:23:11,336 - INFO - IA: Raquette droite déplacée de 98 à 105
2025-05-03 17:23:11,353 - INFO - JOUEUR: Raquette gauche déplacée de 126 à 133
2025-05-03 17:23:11,354 - INFO - IA: Raquette droite déplacée de 105 à 112
2025-05-03 17:23:11,371 - INFO - JOUEUR: Raquette gauche déplacée de 133 à 140
2025-05-03 17:23:11,372 - INFO - IA: Raquette droite déplacée de 112 à 119
2025-05-03 17:23:11,389 - INFO - JOUEUR: Raquette gauche déplacée de 140 à 147
2025-05-03 17:23:11,389 - INFO - IA: Raquette droite déplacée de 119 à 126
2025-05-03 17:23:11,407 - INFO - JOUEUR: Raquette gauche déplacée de 147 à 154
2025-05-03 17:23:11,407 - INFO - IA: Raquette droite déplacée de 126 à 133
2025-05-03 17:23:11,425 - INFO - JOUEUR: Raquette gauche déplacée de 154 à 161
2025-05-03 17:23:11,425 - INFO - IA: Raquette droite déplacée de 133 à 140
2025-05-03 17:23:11,442 - INFO - JOUEUR: Raquette gauche déplacée de 161 à 168
2025-05-03 17:23:11,443 - INFO - IA: Raquette droite déplacée de 140 à 147
2025-05-03 17:23:11,461 - INFO - JOUEUR: Raquette gauche déplacée de 168 à 175
2025-05-03 17:23:11,461 - INFO - IA: Raquette droite déplacée de 147 à 140
2025-05-03 17:23:11,479 - INFO - JOUEUR: Raquette gauche déplacée de 175 à 182
2025-05-03 17:23:11,479 - INFO - IA: Raquette droite déplacée de 140 à 147
2025-05-03 17:23:11,496 - INFO - JOUEUR: Raquette gauche déplacée de 182 à 189
2025-05-03 17:23:11,497 - INFO - IA: Raquette droite déplacée de 147 à 154
2025-05-03 17:23:11,515 - INFO - JOUEUR: Raquette gauche déplacée de 189 à 196
2025-05-03 17:23:11,515 - INFO - IA: Raquette droite déplacée de 154 à 161
2025-05-03 17:23:11,532 - INFO - JOUEUR: Raquette gauche déplacée de 196 à 203
2025-05-03 17:23:11,533 - INFO - IA: Raquette droite déplacée de 161 à 168
2025-05-03 17:23:11,550 - INFO - JOUEUR: Raquette gauche déplacée de 203 à 210
2025-05-03 17:23:11,551 - INFO - IA: Raquette droite déplacée de 168 à 175
2025-05-03 17:23:11,568 - INFO - JOUEUR: Raquette gauche déplacée de 210 à 217
2025-05-03 17:23:11,568 - INFO - IA: Raquette droite déplacée de 175 à 182
2025-05-03 17:23:11,586 - INFO - JOUEUR: Raquette gauche déplacée de 217 à 224
2025-05-03 17:23:11,586 - INFO - IA: Raquette droite déplacée de 182 à 175
2025-05-03 17:23:11,603 - INFO - JOUEUR: Raquette gauche déplacée de 224 à 231
2025-05-03 17:23:11,603 - INFO - IA: Raquette droite déplacée de 175 à 182
2025-05-03 17:23:11,620 - INFO - JOUEUR: Raquette gauche déplacée de 231 à 238
2025-05-03 17:23:11,620 - INFO - IA: Raquette droite déplacée de 182 à 189
2025-05-03 17:23:11,638 - INFO - JOUEUR: Raquette gauche déplacée de 238 à 245
2025-05-03 17:23:11,638 - INFO - IA: Raquette droite déplacée de 189 à 196
2025-05-03 17:23:11,656 - INFO - JOUEUR: Raquette gauche déplacée de 245 à 252
2025-05-03 17:23:11,656 - INFO - IA: Raquette droite déplacée de 196 à 189
2025-05-03 17:23:11,672 - INFO - JOUEUR: Raquette gauche déplacée de 252 à 259
2025-05-03 17:23:11,673 - INFO - IA: Raquette droite déplacée de 189 à 196
2025-05-03 17:23:11,691 - INFO - JOUEUR: Raquette gauche déplacée de 259 à 266
2025-05-03 17:23:11,691 - INFO - IA: Raquette droite déplacée de 196 à 203
2025-05-03 17:23:11,708 - INFO - JOUEUR: Raquette gauche déplacée de 266 à 273
2025-05-03 17:23:11,709 - INFO - IA: Raquette droite déplacée de 203 à 210
2025-05-03 17:23:11,726 - INFO - JOUEUR: Raquette gauche déplacée de 273 à 280
2025-05-03 17:23:11,727 - INFO - IA: Raquette droite déplacée de 210 à 203
2025-05-03 17:23:11,744 - INFO - JOUEUR: Raquette gauche déplacée de 280 à 287
2025-05-03 17:23:11,745 - INFO - IA: Raquette droite déplacée de 203 à 210
2025-05-03 17:23:11,761 - INFO - JOUEUR: Raquette gauche déplacée de 287 à 294
2025-05-03 17:23:11,762 - INFO - IA: Raquette droite déplacée de 210 à 217
2025-05-03 17:23:11,779 - INFO - JOUEUR: Raquette gauche déplacée de 294 à 301
2025-05-03 17:23:11,780 - INFO - IA: Raquette droite déplacée de 217 à 224
2025-05-03 17:23:11,798 - INFO - JOUEUR: Raquette gauche déplacée de 301 à 308
2025-05-03 17:23:11,798 - INFO - IA: Raquette droite déplacée de 224 à 231
2025-05-03 17:23:11,815 - INFO - JOUEUR: Raquette gauche déplacée de 308 à 315
2025-05-03 17:23:11,816 - INFO - IA: Raquette droite déplacée de 231 à 238
2025-05-03 17:23:11,833 - INFO - JOUEUR: Raquette gauche déplacée de 315 à 322
2025-05-03 17:23:11,833 - INFO - IA: Raquette droite déplacée de 238 à 245
2025-05-03 17:23:11,851 - INFO - JOUEUR: Raquette gauche déplacée de 322 à 329
2025-05-03 17:23:11,851 - INFO - IA: Raquette droite déplacée de 245 à 252
2025-05-03 17:23:11,868 - INFO - JOUEUR: Raquette gauche déplacée de 329 à 336
2025-05-03 17:23:11,868 - INFO - IA: Raquette droite déplacée de 252 à 259
2025-05-03 17:23:11,885 - INFO - JOUEUR: Raquette gauche déplacée de 336 à 343
2025-05-03 17:23:11,885 - INFO - IA: Raquette droite déplacée de 259 à 252
2025-05-03 17:23:11,903 - INFO - JOUEUR: Raquette gauche déplacée de 343 à 350
2025-05-03 17:23:11,903 - INFO - IA: Raquette droite déplacée de 252 à 259
2025-05-03 17:23:11,921 - INFO - JOUEUR: Raquette gauche déplacée de 350 à 357
2025-05-03 17:23:11,921 - INFO - IA: Raquette droite déplacée de 259 à 266
2025-05-03 17:23:11,939 - INFO - JOUEUR: Raquette gauche déplacée de 357 à 364
2025-05-03 17:23:11,940 - INFO - IA: Raquette droite déplacée de 266 à 273
2025-05-03 17:23:11,958 - INFO - JOUEUR: Raquette gauche déplacée de 364 à 371
2025-05-03 17:23:11,958 - INFO - IA: Raquette droite déplacée de 273 à 280
2025-05-03 17:23:11,976 - INFO - JOUEUR: Raquette gauche déplacée de 371 à 378
2025-05-03 17:23:11,976 - INFO - IA: Raquette droite déplacée de 280 à 287
2025-05-03 17:23:11,994 - INFO - JOUEUR: Raquette gauche déplacée de 378 à 385
2025-05-03 17:23:11,994 - INFO - IA: Raquette droite déplacée de 287 à 294
2025-05-03 17:23:12,011 - INFO - JOUEUR: Raquette gauche déplacée de 385 à 390
2025-05-03 17:23:12,012 - INFO - IA: Raquette droite déplacée de 294 à 301
2025-05-03 17:23:12,029 - INFO - IA: Raquette droite déplacée de 301 à 294
2025-05-03 17:23:12,048 - INFO - IA: Raquette droite déplacée de 294 à 301
2025-05-03 17:23:12,066 - INFO - IA: Raquette droite déplacée de 301 à 308
2025-05-03 17:23:12,084 - INFO - IA: Raquette droite déplacée de 308 à 315
2025-05-03 17:23:12,102 - INFO - IA: Raquette droite déplacée de 315 à 322
2025-05-03 17:23:12,120 - INFO - INPUT: Joueur relâche les touches directionnelles
2025-05-03 17:23:12,120 - INFO - IA: Raquette droite déplacée de 322 à 315
2025-05-03 17:23:12,138 - INFO - IA: Raquette droite déplacée de 315 à 322
2025-05-03 17:23:12,155 - INFO - IA: Raquette droite déplacée de 322 à 329
2025-05-03 17:23:12,172 - INFO - IA: Raquette droite déplacée de 329 à 336
2025-05-03 17:23:12,190 - INFO - IA: Raquette droite déplacée de 336 à 343
2025-05-03 17:23:12,207 - INFO - IA: Raquette droite déplacée de 343 à 350
2025-05-03 17:23:12,224 - INFO - IA: Raquette droite déplacée de 350 à 357
2025-05-03 17:23:12,242 - INFO - IA: Raquette droite déplacée de 357 à 364
2025-05-03 17:23:12,260 - INFO - IA: Raquette droite déplacée de 364 à 357
2025-05-03 17:23:12,277 - INFO - IA: Raquette droite déplacée de 357 à 364
2025-05-03 17:23:12,295 - INFO - IA: Raquette droite déplacée de 364 à 371
2025-05-03 17:23:12,315 - INFO - IA: Raquette droite déplacée de 371 à 364
2025-05-03 17:23:12,332 - INFO - IA: Raquette droite déplacée de 364 à 371
2025-05-03 17:23:12,349 - INFO - IA: Raquette droite déplacée de 371 à 378
2025-05-03 17:23:12,368 - INFO - INPUT: Joueur appuie sur la touche HAUT
2025-05-03 17:23:12,368 - INFO - JOUEUR: Raquette gauche déplacée de 390 à 383
2025-05-03 17:23:12,368 - INFO - IA: Raquette droite déplacée de 378 à 385
2025-05-03 17:23:12,386 - INFO - JOUEUR: Raquette gauche déplacée de 383 à 376
2025-05-03 17:23:12,387 - INFO - IA: Raquette droite déplacée de 385 à 390
2025-05-03 17:23:12,404 - INFO - JOUEUR: Raquette gauche déplacée de 376 à 369
2025-05-03 17:23:12,421 - INFO - JOUEUR: Raquette gauche déplacée de 369 à 362
2025-05-03 17:23:12,421 - INFO - COLLISION: Balle a rebondi sur un mur à la position (507, 468)
2025-05-03 17:23:12,438 - INFO - JOUEUR: Raquette gauche déplacée de 362 à 355
2025-05-03 17:23:12,455 - INFO - JOUEUR: Raquette gauche déplacée de 355 à 348
2025-05-03 17:23:12,473 - INFO - JOUEUR: Raquette gauche déplacée de 348 à 341
2025-05-03 17:23:12,491 - INFO - INPUT: Joueur relâche les touches directionnelles
2025-05-03 17:23:12,562 - INFO - IA: Raquette droite déplacée de 390 à 383
2025-05-03 17:23:12,562 - INFO - COLLISION: Balle a rebondi sur une raquette à la position (555, 428)
2025-05-03 17:23:12,579 - INFO - IA: Raquette droite déplacée de 383 à 390
2025-05-03 17:23:12,630 - INFO - IA: Raquette droite déplacée de 390 à 383
2025-05-03 17:23:12,647 - INFO - INPUT: Joueur appuie sur la touche HAUT
2025-05-03 17:23:12,647 - INFO - JOUEUR: Raquette gauche déplacée de 341 à 334
2025-05-03 17:23:12,647 - INFO - IA: Raquette droite déplacée de 383 à 376
2025-05-03 17:23:12,665 - INFO - JOUEUR: Raquette gauche déplacée de 334 à 327
2025-05-03 17:23:12,665 - INFO - IA: Raquette droite déplacée de 376 à 369
2025-05-03 17:23:12,683 - INFO - JOUEUR: Raquette gauche déplacée de 327 à 320
2025-05-03 17:23:12,683 - INFO - IA: Raquette droite déplacée de 369 à 362
2025-05-03 17:23:12,701 - INFO - INPUT: Joueur relâche les touches directionnelles
2025-05-03 17:23:12,701 - INFO - IA: Raquette droite déplacée de 362 à 355
2025-05-03 17:23:12,719 - INFO - IA: Raquette droite déplacée de 355 à 348
2025-05-03 17:23:12,737 - INFO - IA: Raquette droite déplacée de 348 à 355
2025-05-03 17:23:12,756 - INFO - IA: Raquette droite déplacée de 355 à 362
2025-05-03 17:23:12,773 - INFO - IA: Raquette droite déplacée de 362 à 355
2025-05-03 17:23:12,791 - INFO - IA: Raquette droite déplacée de 355 à 348
2025-05-03 17:23:12,808 - INFO - IA: Raquette droite déplacée de 348 à 341
2025-05-03 17:23:12,826 - INFO - IA: Raquette droite déplacée de 341 à 348
2025-05-03 17:23:12,843 - INFO - IA: Raquette droite déplacée de 348 à 341
2025-05-03 17:23:12,860 - INFO - IA: Raquette droite déplacée de 341 à 334
2025-05-03 17:23:12,877 - INFO - IA: Raquette droite déplacée de 334 à 327
2025-05-03 17:23:12,895 - INFO - IA: Raquette droite déplacée de 327 à 320
2025-05-03 17:23:12,928 - INFO - IA: Raquette droite déplacée de 320 à 313
2025-05-03 17:23:12,963 - INFO - IA: Raquette droite déplacée de 313 à 306
2025-05-03 17:23:12,980 - INFO - IA: Raquette droite déplacée de 306 à 299
2025-05-03 17:23:12,998 - INFO - IA: Raquette droite déplacée de 299 à 292
2025-05-03 17:23:13,015 - INFO - INPUT: Joueur appuie sur la touche HAUT
2025-05-03 17:23:13,016 - INFO - JOUEUR: Raquette gauche déplacée de 320 à 313
2025-05-03 17:23:13,016 - INFO - IA: Raquette droite déplacée de 292 à 285
2025-05-03 17:23:13,033 - INFO - JOUEUR: Raquette gauche déplacée de 313 à 306
2025-05-03 17:23:13,033 - INFO - IA: Raquette droite déplacée de 285 à 278
2025-05-03 17:23:13,050 - INFO - JOUEUR: Raquette gauche déplacée de 306 à 299
2025-05-03 17:23:13,051 - INFO - IA: Raquette droite déplacée de 278 à 271
2025-05-03 17:23:13,067 - INFO - JOUEUR: Raquette gauche déplacée de 299 à 292
2025-05-03 17:23:13,068 - INFO - IA: Raquette droite déplacée de 271 à 264
2025-05-03 17:23:13,084 - INFO - JOUEUR: Raquette gauche déplacée de 292 à 285
2025-05-03 17:23:13,085 - INFO - IA: Raquette droite déplacée de 264 à 257
2025-05-03 17:23:13,102 - INFO - JOUEUR: Raquette gauche déplacée de 285 à 278
2025-05-03 17:23:13,102 - INFO - IA: Raquette droite déplacée de 257 à 264
2025-05-03 17:23:13,119 - INFO - JOUEUR: Raquette gauche déplacée de 278 à 271
2025-05-03 17:23:13,119 - INFO - IA: Raquette droite déplacée de 264 à 257
2025-05-03 17:23:13,136 - INFO - JOUEUR: Raquette gauche déplacée de 271 à 264
2025-05-03 17:23:13,137 - INFO - IA: Raquette droite déplacée de 257 à 250
2025-05-03 17:23:13,154 - INFO - JOUEUR: Raquette gauche déplacée de 264 à 257
2025-05-03 17:23:13,154 - INFO - IA: Raquette droite déplacée de 250 à 243
2025-05-03 17:23:13,171 - INFO - JOUEUR: Raquette gauche déplacée de 257 à 250
2025-05-03 17:23:13,171 - INFO - IA: Raquette droite déplacée de 243 à 236
2025-05-03 17:23:13,189 - INFO - JOUEUR: Raquette gauche déplacée de 250 à 243
2025-05-03 17:23:13,189 - INFO - IA: Raquette droite déplacée de 236 à 229
2025-05-03 17:23:13,206 - INFO - JOUEUR: Raquette gauche déplacée de 243 à 236
2025-05-03 17:23:13,206 - INFO - IA: Raquette droite déplacée de 229 à 222
2025-05-03 17:23:13,223 - INFO - JOUEUR: Raquette gauche déplacée de 236 à 229
2025-05-03 17:23:13,223 - INFO - IA: Raquette droite déplacée de 222 à 215
2025-05-03 17:23:13,240 - INFO - JOUEUR: Raquette gauche déplacée de 229 à 222
2025-05-03 17:23:13,241 - INFO - IA: Raquette droite déplacée de 215 à 208
2025-05-03 17:23:13,258 - INFO - JOUEUR: Raquette gauche déplacée de 222 à 215
2025-05-03 17:23:13,258 - INFO - IA: Raquette droite déplacée de 208 à 215
2025-05-03 17:23:13,275 - INFO - JOUEUR: Raquette gauche déplacée de 215 à 208
2025-05-03 17:23:13,276 - INFO - IA: Raquette droite déplacée de 215 à 222
2025-05-03 17:23:13,293 - INFO - JOUEUR: Raquette gauche déplacée de 208 à 201
2025-05-03 17:23:13,293 - INFO - IA: Raquette droite déplacée de 222 à 215
2025-05-03 17:23:13,310 - INFO - JOUEUR: Raquette gauche déplacée de 201 à 194
2025-05-03 17:23:13,311 - INFO - IA: Raquette droite déplacée de 215 à 208
2025-05-03 17:23:13,328 - INFO - JOUEUR: Raquette gauche déplacée de 194 à 187
2025-05-03 17:23:13,328 - INFO - IA: Raquette droite déplacée de 208 à 201
2025-05-03 17:23:13,345 - INFO - JOUEUR: Raquette gauche déplacée de 187 à 180
2025-05-03 17:23:13,345 - INFO - IA: Raquette droite déplacée de 201 à 194
2025-05-03 17:23:13,363 - INFO - JOUEUR: Raquette gauche déplacée de 180 à 173
2025-05-03 17:23:13,364 - INFO - IA: Raquette droite déplacée de 194 à 187
2025-05-03 17:23:13,381 - INFO - JOUEUR: Raquette gauche déplacée de 173 à 166
2025-05-03 17:23:13,381 - INFO - IA: Raquette droite déplacée de 187 à 180
2025-05-03 17:23:13,399 - INFO - JOUEUR: Raquette gauche déplacée de 166 à 159
2025-05-03 17:23:13,399 - INFO - IA: Raquette droite déplacée de 180 à 173
2025-05-03 17:23:13,417 - INFO - JOUEUR: Raquette gauche déplacée de 159 à 152
2025-05-03 17:23:13,417 - INFO - IA: Raquette droite déplacée de 173 à 166
2025-05-03 17:23:13,435 - INFO - JOUEUR: Raquette gauche déplacée de 152 à 145
2025-05-03 17:23:13,435 - INFO - IA: Raquette droite déplacée de 166 à 159
2025-05-03 17:23:13,452 - INFO - JOUEUR: Raquette gauche déplacée de 145 à 138
2025-05-03 17:23:13,452 - INFO - IA: Raquette droite déplacée de 159 à 152
2025-05-03 17:23:13,469 - INFO - JOUEUR: Raquette gauche déplacée de 138 à 131
2025-05-03 17:23:13,470 - INFO - IA: Raquette droite déplacée de 152 à 145
2025-05-03 17:23:13,486 - INFO - JOUEUR: Raquette gauche déplacée de 131 à 124
2025-05-03 17:23:13,486 - INFO - IA: Raquette droite déplacée de 145 à 138
2025-05-03 17:23:13,504 - INFO - JOUEUR: Raquette gauche déplacée de 124 à 117
2025-05-03 17:23:13,504 - INFO - IA: Raquette droite déplacée de 138 à 131
2025-05-03 17:23:13,522 - INFO - JOUEUR: Raquette gauche déplacée de 117 à 110
2025-05-03 17:23:13,522 - INFO - IA: Raquette droite déplacée de 131 à 124
2025-05-03 17:23:13,540 - INFO - JOUEUR: Raquette gauche déplacée de 110 à 103
2025-05-03 17:23:13,540 - INFO - IA: Raquette droite déplacée de 124 à 117
2025-05-03 17:23:13,559 - INFO - JOUEUR: Raquette gauche déplacée de 103 à 96
2025-05-03 17:23:13,559 - INFO - IA: Raquette droite déplacée de 117 à 110
2025-05-03 17:23:13,576 - INFO - JOUEUR: Raquette gauche déplacée de 96 à 89
2025-05-03 17:23:13,576 - INFO - IA: Raquette droite déplacée de 110 à 103
2025-05-03 17:23:13,594 - INFO - JOUEUR: Raquette gauche déplacée de 89 à 82
2025-05-03 17:23:13,594 - INFO - IA: Raquette droite déplacée de 103 à 110
2025-05-03 17:23:13,611 - INFO - JOUEUR: Raquette gauche déplacée de 82 à 75
2025-05-03 17:23:13,611 - INFO - IA: Raquette droite déplacée de 110 à 117
2025-05-03 17:23:13,628 - INFO - JOUEUR: Raquette gauche déplacée de 75 à 68
2025-05-03 17:23:13,628 - INFO - IA: Raquette droite déplacée de 117 à 110
2025-05-03 17:23:13,645 - INFO - JOUEUR: Raquette gauche déplacée de 68 à 61
2025-05-03 17:23:13,646 - INFO - IA: Raquette droite déplacée de 110 à 117
2025-05-03 17:23:13,663 - INFO - JOUEUR: Raquette gauche déplacée de 61 à 54
2025-05-03 17:23:13,663 - INFO - IA: Raquette droite déplacée de 117 à 110
2025-05-03 17:23:13,680 - INFO - JOUEUR: Raquette gauche déplacée de 54 à 47
2025-05-03 17:23:13,680 - INFO - IA: Raquette droite déplacée de 110 à 103
2025-05-03 17:23:13,698 - INFO - JOUEUR: Raquette gauche déplacée de 47 à 40
2025-05-03 17:23:13,698 - INFO - IA: Raquette droite déplacée de 103 à 96
2025-05-03 17:23:13,715 - INFO - JOUEUR: Raquette gauche déplacée de 40 à 33
2025-05-03 17:23:13,715 - INFO - IA: Raquette droite déplacée de 96 à 89
2025-05-03 17:23:13,733 - INFO - JOUEUR: Raquette gauche déplacée de 33 à 26
2025-05-03 17:23:13,733 - INFO - IA: Raquette droite déplacée de 89 à 82
2025-05-03 17:23:13,752 - INFO - INPUT: Joueur relâche les touches directionnelles
2025-05-03 17:23:13,752 - INFO - IA: Raquette droite déplacée de 82 à 75
2025-05-03 17:23:13,769 - INFO - IA: Raquette droite déplacée de 75 à 68
2025-05-03 17:23:13,786 - INFO - IA: Raquette droite déplacée de 68 à 61
2025-05-03 17:23:13,804 - INFO - IA: Raquette droite déplacée de 61 à 54
2025-05-03 17:23:13,822 - INFO - IA: Raquette droite déplacée de 54 à 47
2025-05-03 17:23:13,840 - INFO - IA: Raquette droite déplacée de 47 à 40
2025-05-03 17:23:13,857 - INFO - IA: Raquette droite déplacée de 40 à 47
2025-05-03 17:23:13,874 - INFO - IA: Raquette droite déplacée de 47 à 40
2025-05-03 17:23:13,874 - INFO - COLLISION: Balle a rebondi sur une raquette à la position (30, 53)
2025-05-03 17:23:13,892 - INFO - IA: Raquette droite déplacée de 40 à 33
2025-05-03 17:23:13,910 - INFO - IA: Raquette droite déplacée de 33 à 26
2025-05-03 17:23:13,927 - INFO - IA: Raquette droite déplacée de 26 à 19
2025-05-03 17:23:13,944 - INFO - IA: Raquette droite déplacée de 19 à 26
2025-05-03 17:23:13,962 - INFO - IA: Raquette droite déplacée de 26 à 19
2025-05-03 17:23:13,979 - INFO - IA: Raquette droite déplacée de 19 à 12
2025-05-03 17:23:13,996 - INFO - IA: Raquette droite déplacée de 12 à 5
2025-05-03 17:23:14,013 - INFO - IA: Raquette droite déplacée de 5 à 0
2025-05-03 17:23:14,063 - INFO - COLLISION: Balle a rebondi sur un mur à la position (107, -2)
2025-05-03 17:23:14,133 - INFO - INPUT: Joueur appuie sur la touche BAS
2025-05-03 17:23:14,133 - INFO - JOUEUR: Raquette gauche déplacée de 26 à 33
2025-05-03 17:23:14,151 - INFO - JOUEUR: Raquette gauche déplacée de 33 à 40
2025-05-03 17:23:14,168 - INFO - JOUEUR: Raquette gauche déplacée de 40 à 47
2025-05-03 17:23:14,185 - INFO - JOUEUR: Raquette gauche déplacée de 47 à 54
2025-05-03 17:23:14,202 - INFO - JOUEUR: Raquette gauche déplacée de 54 à 61
2025-05-03 17:23:14,219 - INFO - JOUEUR: Raquette gauche déplacée de 61 à 68
2025-05-03 17:23:14,219 - INFO - IA: Raquette droite déplacée de 0 à 7
2025-05-03 17:23:14,236 - INFO - JOUEUR: Raquette gauche déplacée de 68 à 75
2025-05-03 17:23:14,236 - INFO - IA: Raquette droite déplacée de 7 à 14
2025-05-03 17:23:14,253 - INFO - JOUEUR: Raquette gauche déplacée de 75 à 82
2025-05-03 17:23:14,253 - INFO - IA: Raquette droite déplacée de 14 à 7
2025-05-03 17:23:14,270 - INFO - JOUEUR: Raquette gauche déplacée de 82 à 89
2025-05-03 17:23:14,271 - INFO - IA: Raquette droite déplacée de 7 à 0
2025-05-03 17:23:14,288 - INFO - JOUEUR: Raquette gauche déplacée de 89 à 96
2025-05-03 17:23:14,288 - INFO - IA: Raquette droite déplacée de 0 à 7
2025-05-03 17:23:14,305 - INFO - JOUEUR: Raquette gauche déplacée de 96 à 103
2025-05-03 17:23:14,305 - INFO - IA: Raquette droite déplacée de 7 à 14
2025-05-03 17:23:14,322 - INFO - JOUEUR: Raquette gauche déplacée de 103 à 110
2025-05-03 17:23:14,323 - INFO - IA: Raquette droite déplacée de 14 à 21
2025-05-03 17:23:14,340 - INFO - JOUEUR: Raquette gauche déplacée de 110 à 117
2025-05-03 17:23:14,340 - INFO - IA: Raquette droite déplacée de 21 à 28
2025-05-03 17:23:14,357 - INFO - JOUEUR: Raquette gauche déplacée de 117 à 124
2025-05-03 17:23:14,358 - INFO - IA: Raquette droite déplacée de 28 à 21
2025-05-03 17:23:14,375 - INFO - JOUEUR: Raquette gauche déplacée de 124 à 131
2025-05-03 17:23:14,375 - INFO - IA: Raquette droite déplacée de 21 à 28
2025-05-03 17:23:14,393 - INFO - JOUEUR: Raquette gauche déplacée de 131 à 138
2025-05-03 17:23:14,394 - INFO - IA: Raquette droite déplacée de 28 à 35
2025-05-03 17:23:14,412 - INFO - JOUEUR: Raquette gauche déplacée de 138 à 145
2025-05-03 17:23:14,412 - INFO - IA: Raquette droite déplacée de 35 à 42
2025-05-03 17:23:14,430 - INFO - JOUEUR: Raquette gauche déplacée de 145 à 152
2025-05-03 17:23:14,430 - INFO - IA: Raquette droite déplacée de 42 à 35
2025-05-03 17:23:14,448 - INFO - JOUEUR: Raquette gauche déplacée de 152 à 159
2025-05-03 17:23:14,448 - INFO - IA: Raquette droite déplacée de 35 à 42
2025-05-03 17:23:14,465 - INFO - JOUEUR: Raquette gauche déplacée de 159 à 166
2025-05-03 17:23:14,466 - INFO - IA: Raquette droite déplacée de 42 à 49
2025-05-03 17:23:14,483 - INFO - JOUEUR: Raquette gauche déplacée de 166 à 173
2025-05-03 17:23:14,483 - INFO - IA: Raquette droite déplacée de 49 à 56
2025-05-03 17:23:14,500 - INFO - JOUEUR: Raquette gauche déplacée de 173 à 180
2025-05-03 17:23:14,500 - INFO - IA: Raquette droite déplacée de 56 à 63
2025-05-03 17:23:14,517 - INFO - JOUEUR: Raquette gauche déplacée de 180 à 187
2025-05-03 17:23:14,517 - INFO - IA: Raquette droite déplacée de 63 à 70
2025-05-03 17:23:14,533 - INFO - JOUEUR: Raquette gauche déplacée de 187 à 194
2025-05-03 17:23:14,534 - INFO - IA: Raquette droite déplacée de 70 à 77
2025-05-03 17:23:14,551 - INFO - JOUEUR: Raquette gauche déplacée de 194 à 201
2025-05-03 17:23:14,551 - INFO - IA: Raquette droite déplacée de 77 à 84
2025-05-03 17:23:14,569 - INFO - JOUEUR: Raquette gauche déplacée de 201 à 208
2025-05-03 17:23:14,569 - INFO - IA: Raquette droite déplacée de 84 à 91
2025-05-03 17:23:14,586 - INFO - JOUEUR: Raquette gauche déplacée de 208 à 215
2025-05-03 17:23:14,586 - INFO - IA: Raquette droite déplacée de 91 à 98
2025-05-03 17:23:14,604 - INFO - JOUEUR: Raquette gauche déplacée de 215 à 222
2025-05-03 17:23:14,604 - INFO - IA: Raquette droite déplacée de 98 à 91
2025-05-03 17:23:14,622 - INFO - JOUEUR: Raquette gauche déplacée de 222 à 229
2025-05-03 17:23:14,622 - INFO - IA: Raquette droite déplacée de 91 à 98
2025-05-03 17:23:14,639 - INFO - JOUEUR: Raquette gauche déplacée de 229 à 236
2025-05-03 17:23:14,640 - INFO - IA: Raquette droite déplacée de 98 à 105
2025-05-03 17:23:14,657 - INFO - JOUEUR: Raquette gauche déplacée de 236 à 243
2025-05-03 17:23:14,657 - INFO - IA: Raquette droite déplacée de 105 à 112
2025-05-03 17:23:14,676 - INFO - JOUEUR: Raquette gauche déplacée de 243 à 250
2025-05-03 17:23:14,676 - INFO - IA: Raquette droite déplacée de 112 à 119
2025-05-03 17:23:14,693 - INFO - JOUEUR: Raquette gauche déplacée de 250 à 257
2025-05-03 17:23:14,693 - INFO - IA: Raquette droite déplacée de 119 à 126
2025-05-03 17:23:14,710 - INFO - JOUEUR: Raquette gauche déplacée de 257 à 264
2025-05-03 17:23:14,711 - INFO - IA: Raquette droite déplacée de 126 à 133
2025-05-03 17:23:14,728 - INFO - JOUEUR: Raquette gauche déplacée de 264 à 271
2025-05-03 17:23:14,728 - INFO - IA: Raquette droite déplacée de 133 à 140
2025-05-03 17:23:14,746 - INFO - INPUT: Joueur relâche les touches directionnelles
2025-05-03 17:23:14,746 - INFO - IA: Raquette droite déplacée de 140 à 147
2025-05-03 17:23:14,764 - INFO - IA: Raquette droite déplacée de 147 à 154
2025-05-03 17:23:14,781 - INFO - IA: Raquette droite déplacée de 154 à 147
2025-05-03 17:23:14,798 - INFO - IA: Raquette droite déplacée de 147 à 140
2025-05-03 17:23:14,814 - INFO - IA: Raquette droite déplacée de 140 à 147
2025-05-03 17:23:14,832 - INFO - IA: Raquette droite déplacée de 147 à 154
2025-05-03 17:23:14,849 - INFO - IA: Raquette droite déplacée de 154 à 161
2025-05-03 17:23:14,866 - INFO - IA: Raquette droite déplacée de 161 à 154
2025-05-03 17:23:14,884 - INFO - IA: Raquette droite déplacée de 154 à 161
2025-05-03 17:23:14,900 - INFO - IA: Raquette droite déplacée de 161 à 168
2025-05-03 17:23:14,918 - INFO - IA: Raquette droite déplacée de 168 à 175
2025-05-03 17:23:14,935 - INFO - IA: Raquette droite déplacée de 175 à 182
2025-05-03 17:23:14,952 - INFO - IA: Raquette droite déplacée de 182 à 189
2025-05-03 17:23:14,969 - INFO - IA: Raquette droite déplacée de 189 à 196
2025-05-03 17:23:14,986 - INFO - IA: Raquette droite déplacée de 196 à 203
2025-05-03 17:23:15,003 - INFO - IA: Raquette droite déplacée de 203 à 196
2025-05-03 17:23:15,020 - INFO - IA: Raquette droite déplacée de 196 à 203
2025-05-03 17:23:15,037 - INFO - IA: Raquette droite déplacée de 203 à 210
2025-05-03 17:23:15,055 - INFO - IA: Raquette droite déplacée de 210 à 217
2025-05-03 17:23:15,071 - INFO - IA: Raquette droite déplacée de 217 à 224
2025-05-03 17:23:15,089 - INFO - IA: Raquette droite déplacée de 224 à 217
2025-05-03 17:23:15,106 - INFO - IA: Raquette droite déplacée de 217 à 224
2025-05-03 17:23:15,123 - INFO - IA: Raquette droite déplacée de 224 à 231
2025-05-03 17:23:15,141 - INFO - IA: Raquette droite déplacée de 231 à 238
2025-05-03 17:23:15,158 - INFO - IA: Raquette droite déplacée de 238 à 245
2025-05-03 17:23:15,176 - INFO - IA: Raquette droite déplacée de 245 à 252
2025-05-03 17:23:15,176 - INFO - COLLISION: Balle a rebondi sur une raquette à la position (555, 318)
2025-05-03 17:23:15,193 - INFO - IA: Raquette droite déplacée de 252 à 259
2025-05-03 17:23:15,210 - INFO - INPUT: Joueur appuie sur la touche BAS
2025-05-03 17:23:15,210 - INFO - JOUEUR: Raquette gauche déplacée de 271 à 278
2025-05-03 17:23:15,210 - INFO - IA: Raquette droite déplacée de 259 à 266
2025-05-03 17:23:15,228 - INFO - JOUEUR: Raquette gauche déplacée de 278 à 285
2025-05-03 17:23:15,228 - INFO - IA: Raquette droite déplacée de 266 à 273
2025-05-03 17:23:15,246 - INFO - JOUEUR: Raquette gauche déplacée de 285 à 292
2025-05-03 17:23:15,246 - INFO - IA: Raquette droite déplacée de 273 à 280
2025-05-03 17:23:15,263 - INFO - JOUEUR: Raquette gauche déplacée de 292 à 299
2025-05-03 17:23:15,263 - INFO - IA: Raquette droite déplacée de 280 à 287
2025-05-03 17:23:15,280 - INFO - JOUEUR: Raquette gauche déplacée de 299 à 306
2025-05-03 17:23:15,280 - INFO - IA: Raquette droite déplacée de 287 à 280
2025-05-03 17:23:15,297 - INFO - JOUEUR: Raquette gauche déplacée de 306 à 313
2025-05-03 17:23:15,297 - INFO - IA: Raquette droite déplacée de 280 à 287
2025-05-03 17:23:15,315 - INFO - JOUEUR: Raquette gauche déplacée de 313 à 320
2025-05-03 17:23:15,315 - INFO - IA: Raquette droite déplacée de 287 à 294
2025-05-03 17:23:15,332 - INFO - JOUEUR: Raquette gauche déplacée de 320 à 327
2025-05-03 17:23:15,332 - INFO - IA: Raquette droite déplacée de 294 à 301
2025-05-03 17:23:15,349 - INFO - JOUEUR: Raquette gauche déplacée de 327 à 334
2025-05-03 17:23:15,349 - INFO - IA: Raquette droite déplacée de 301 à 308
2025-05-03 17:23:15,367 - INFO - JOUEUR: Raquette gauche déplacée de 334 à 341
2025-05-03 17:23:15,367 - INFO - IA: Raquette droite déplacée de 308 à 301
2025-05-03 17:23:15,384 - INFO - JOUEUR: Raquette gauche déplacée de 341 à 348
2025-05-03 17:23:15,384 - INFO - IA: Raquette droite déplacée de 301 à 308
2025-05-03 17:23:15,401 - INFO - JOUEUR: Raquette gauche déplacée de 348 à 355
2025-05-03 17:23:15,401 - INFO - IA: Raquette droite déplacée de 308 à 315
2025-05-03 17:23:15,419 - INFO - JOUEUR: Raquette gauche déplacée de 355 à 362
2025-05-03 17:23:15,420 - INFO - IA: Raquette droite déplacée de 315 à 322
2025-05-03 17:23:15,440 - INFO - INPUT: Joueur relâche les touches directionnelles
2025-05-03 17:23:15,441 - INFO - IA: Raquette droite déplacée de 322 à 329
2025-05-03 17:23:15,460 - INFO - IA: Raquette droite déplacée de 329 à 336
2025-05-03 17:23:15,478 - INFO - IA: Raquette droite déplacée de 336 à 343
2025-05-03 17:23:15,496 - INFO - IA: Raquette droite déplacée de 343 à 350
2025-05-03 17:23:15,513 - INFO - IA: Raquette droite déplacée de 350 à 357
2025-05-03 17:23:15,530 - INFO - IA: Raquette droite déplacée de 357 à 364
2025-05-03 17:23:15,548 - INFO - IA: Raquette droite déplacée de 364 à 371
2025-05-03 17:23:15,565 - INFO - IA: Raquette droite déplacée de 371 à 378
2025-05-03 17:23:15,582 - INFO - IA: Raquette droite déplacée de 378 à 371
2025-05-03 17:23:15,599 - INFO - IA: Raquette droite déplacée de 371 à 378
2025-05-03 17:23:15,616 - INFO - IA: Raquette droite déplacée de 378 à 385
2025-05-03 17:23:15,633 - INFO - IA: Raquette droite déplacée de 385 à 390
2025-05-03 17:23:15,650 - INFO - IA: Raquette droite déplacée de 390 à 383
2025-05-03 17:23:15,667 - INFO - IA: Raquette droite déplacée de 383 à 390
2025-05-03 17:23:15,703 - INFO - COLLISION: Balle a rebondi sur un mur à la position (315, 468)
2025-05-03 17:23:15,858 - INFO - INPUT: Joueur appuie sur la touche HAUT
2025-05-03 17:23:15,858 - INFO - JOUEUR: Raquette gauche déplacée de 362 à 355
2025-05-03 17:23:15,875 - INFO - JOUEUR: Raquette gauche déplacée de 355 à 348
2025-05-03 17:23:15,875 - INFO - IA: Raquette droite déplacée de 390 à 383
2025-05-03 17:23:15,892 - INFO - JOUEUR: Raquette gauche déplacée de 348 à 341
2025-05-03 17:23:15,893 - INFO - IA: Raquette droite déplacée de 383 à 390
2025-05-03 17:23:15,910 - INFO - JOUEUR: Raquette gauche déplacée de 341 à 334
2025-05-03 17:23:15,927 - INFO - JOUEUR: Raquette gauche déplacée de 334 à 327
2025-05-03 17:23:15,927 - INFO - IA: Raquette droite déplacée de 390 à 383
2025-05-03 17:23:15,945 - INFO - JOUEUR: Raquette gauche déplacée de 327 à 320
2025-05-03 17:23:15,945 - INFO - IA: Raquette droite déplacée de 383 à 376
2025-05-03 17:23:15,964 - INFO - JOUEUR: Raquette gauche déplacée de 320 à 313
2025-05-03 17:23:15,964 - INFO - IA: Raquette droite déplacée de 376 à 369
2025-05-03 17:23:15,983 - INFO - INPUT: Joueur relâche les touches directionnelles
2025-05-03 17:23:15,983 - INFO - IA: Raquette droite déplacée de 369 à 362
2025-05-03 17:23:16,002 - INFO - IA: Raquette droite déplacée de 362 à 355
2025-05-03 17:23:16,019 - INFO - IA: Raquette droite déplacée de 355 à 362
2025-05-03 17:23:16,036 - INFO - IA: Raquette droite déplacée de 362 à 355
2025-05-03 17:23:16,053 - INFO - IA: Raquette droite déplacée de 355 à 348
2025-05-03 17:23:16,070 - INFO - IA: Raquette droite déplacée de 348 à 341
2025-05-03 17:23:16,087 - INFO - IA: Raquette droite déplacée de 341 à 334
2025-05-03 17:23:16,105 - INFO - INPUT: Joueur appuie sur la touche HAUT
2025-05-03 17:23:16,105 - INFO - JOUEUR: Raquette gauche déplacée de 313 à 306
2025-05-03 17:23:16,105 - INFO - IA: Raquette droite déplacée de 334 à 327
2025-05-03 17:23:16,123 - INFO - JOUEUR: Raquette gauche déplacée de 306 à 299
2025-05-03 17:23:16,123 - INFO - IA: Raquette droite déplacée de 327 à 334
2025-05-03 17:23:16,141 - INFO - JOUEUR: Raquette gauche déplacée de 299 à 292
2025-05-03 17:23:16,141 - INFO - IA: Raquette droite déplacée de 334 à 327
2025-05-03 17:23:16,158 - INFO - JOUEUR: Raquette gauche déplacée de 292 à 285
2025-05-03 17:23:16,158 - INFO - IA: Raquette droite déplacée de 327 à 320
2025-05-03 17:23:16,175 - INFO - JOUEUR: Raquette gauche déplacée de 285 à 278
2025-05-03 17:23:16,176 - INFO - IA: Raquette droite déplacée de 320 à 327
2025-05-03 17:23:16,193 - INFO - JOUEUR: Raquette gauche déplacée de 278 à 271
2025-05-03 17:23:16,193 - INFO - IA: Raquette droite déplacée de 327 à 320
2025-05-03 17:23:16,211 - INFO - INPUT: Joueur relâche les touches directionnelles
2025-05-03 17:23:16,211 - INFO - IA: Raquette droite déplacée de 320 à 313
2025-05-03 17:23:16,229 - INFO - IA: Raquette droite déplacée de 313 à 306
2025-05-03 17:23:16,264 - INFO - IA: Raquette droite déplacée de 306 à 299
2025-05-03 17:23:16,281 - INFO - IA: Raquette droite déplacée de 299 à 292
2025-05-03 17:23:16,299 - INFO - IA: Raquette droite déplacée de 292 à 285
2025-05-03 17:23:16,316 - INFO - IA: Raquette droite déplacée de 285 à 278
2025-05-03 17:23:16,333 - INFO - IA: Raquette droite déplacée de 278 à 271
2025-05-03 17:23:16,333 - INFO - COLLISION: Balle a rebondi sur une raquette à la position (27, 288)
2025-05-03 17:23:16,350 - INFO - IA: Raquette droite déplacée de 271 à 264
2025-05-03 17:23:16,368 - INFO - IA: Raquette droite déplacée de 264 à 257
2025-05-03 17:23:16,385 - INFO - IA: Raquette droite déplacée de 257 à 250
2025-05-03 17:23:16,402 - INFO - INPUT: Joueur appuie sur la touche HAUT
2025-05-03 17:23:16,402 - INFO - JOUEUR: Raquette gauche déplacée de 271 à 264
2025-05-03 17:23:16,402 - INFO - IA: Raquette droite déplacée de 250 à 243
2025-05-03 17:23:16,421 - INFO - JOUEUR: Raquette gauche déplacée de 264 à 257
2025-05-03 17:23:16,421 - INFO - IA: Raquette droite déplacée de 243 à 236
2025-05-03 17:23:16,439 - INFO - JOUEUR: Raquette gauche déplacée de 257 à 250
2025-05-03 17:23:16,439 - INFO - IA: Raquette droite déplacée de 236 à 229
2025-05-03 17:23:16,457 - INFO - JOUEUR: Raquette gauche déplacée de 250 à 243
2025-05-03 17:23:16,457 - INFO - IA: Raquette droite déplacée de 229 à 236
2025-05-03 17:23:16,474 - INFO - JOUEUR: Raquette gauche déplacée de 243 à 236
2025-05-03 17:23:16,475 - INFO - IA: Raquette droite déplacée de 236 à 243
2025-05-03 17:23:16,492 - INFO - JOUEUR: Raquette gauche déplacée de 236 à 229
2025-05-03 17:23:16,492 - INFO - IA: Raquette droite déplacée de 243 à 236
2025-05-03 17:23:16,510 - INFO - JOUEUR: Raquette gauche déplacée de 229 à 222
2025-05-03 17:23:16,510 - INFO - IA: Raquette droite déplacée de 236 à 229
2025-05-03 17:23:16,527 - INFO - JOUEUR: Raquette gauche déplacée de 222 à 215
2025-05-03 17:23:16,528 - INFO - IA: Raquette droite déplacée de 229 à 222
2025-05-03 17:23:16,545 - INFO - JOUEUR: Raquette gauche déplacée de 215 à 208
2025-05-03 17:23:16,545 - INFO - IA: Raquette droite déplacée de 222 à 215
2025-05-03 17:23:16,562 - INFO - JOUEUR: Raquette gauche déplacée de 208 à 201
2025-05-03 17:23:16,562 - INFO - IA: Raquette droite déplacée de 215 à 208
2025-05-03 17:23:16,579 - INFO - JOUEUR: Raquette gauche déplacée de 201 à 194
2025-05-03 17:23:16,579 - INFO - IA: Raquette droite déplacée de 208 à 201
2025-05-03 17:23:16,596 - INFO - JOUEUR: Raquette gauche déplacée de 194 à 187
2025-05-03 17:23:16,597 - INFO - IA: Raquette droite déplacée de 201 à 194
2025-05-03 17:23:16,614 - INFO - JOUEUR: Raquette gauche déplacée de 187 à 180
2025-05-03 17:23:16,614 - INFO - IA: Raquette droite déplacée de 194 à 187
2025-05-03 17:23:16,632 - INFO - JOUEUR: Raquette gauche déplacée de 180 à 173
2025-05-03 17:23:16,632 - INFO - IA: Raquette droite déplacée de 187 à 194
2025-05-03 17:23:16,649 - INFO - JOUEUR: Raquette gauche déplacée de 173 à 166
2025-05-03 17:23:16,649 - INFO - IA: Raquette droite déplacée de 194 à 187
2025-05-03 17:23:16,666 - INFO - JOUEUR: Raquette gauche déplacée de 166 à 159
2025-05-03 17:23:16,666 - INFO - IA: Raquette droite déplacée de 187 à 180
2025-05-03 17:23:16,683 - INFO - JOUEUR: Raquette gauche déplacée de 159 à 152
2025-05-03 17:23:16,683 - INFO - IA: Raquette droite déplacée de 180 à 173
2025-05-03 17:23:16,700 - INFO - JOUEUR: Raquette gauche déplacée de 152 à 145
2025-05-03 17:23:16,700 - INFO - IA: Raquette droite déplacée de 173 à 166
2025-05-03 17:23:16,718 - INFO - JOUEUR: Raquette gauche déplacée de 145 à 138
2025-05-03 17:23:16,718 - INFO - IA: Raquette droite déplacée de 166 à 159
2025-05-03 17:23:16,735 - INFO - JOUEUR: Raquette gauche déplacée de 138 à 131
2025-05-03 17:23:16,735 - INFO - IA: Raquette droite déplacée de 159 à 152
2025-05-03 17:23:16,753 - INFO - JOUEUR: Raquette gauche déplacée de 131 à 124
2025-05-03 17:23:16,753 - INFO - IA: Raquette droite déplacée de 152 à 159
2025-05-03 17:23:16,770 - INFO - JOUEUR: Raquette gauche déplacée de 124 à 117
2025-05-03 17:23:16,770 - INFO - IA: Raquette droite déplacée de 159 à 152
2025-05-03 17:23:16,788 - INFO - JOUEUR: Raquette gauche déplacée de 117 à 110
2025-05-03 17:23:16,788 - INFO - IA: Raquette droite déplacée de 152 à 145
2025-05-03 17:23:16,805 - INFO - JOUEUR: Raquette gauche déplacée de 110 à 103
2025-05-03 17:23:16,805 - INFO - IA: Raquette droite déplacée de 145 à 138
2025-05-03 17:23:16,822 - INFO - JOUEUR: Raquette gauche déplacée de 103 à 96
2025-05-03 17:23:16,822 - INFO - IA: Raquette droite déplacée de 138 à 145
2025-05-03 17:23:16,839 - INFO - JOUEUR: Raquette gauche déplacée de 96 à 89
2025-05-03 17:23:16,839 - INFO - IA: Raquette droite déplacée de 145 à 138
2025-05-03 17:23:16,856 - INFO - JOUEUR: Raquette gauche déplacée de 89 à 82
2025-05-03 17:23:16,856 - INFO - IA: Raquette droite déplacée de 138 à 131
2025-05-03 17:23:16,873 - INFO - JOUEUR: Raquette gauche déplacée de 82 à 75
2025-05-03 17:23:16,873 - INFO - IA: Raquette droite déplacée de 131 à 124
2025-05-03 17:23:16,889 - INFO - JOUEUR: Raquette gauche déplacée de 75 à 68
2025-05-03 17:23:16,889 - INFO - IA: Raquette droite déplacée de 124 à 117
2025-05-03 17:23:16,907 - INFO - JOUEUR: Raquette gauche déplacée de 68 à 61
2025-05-03 17:23:16,907 - INFO - IA: Raquette droite déplacée de 117 à 110
2025-05-03 17:23:16,924 - INFO - JOUEUR: Raquette gauche déplacée de 61 à 54
2025-05-03 17:23:16,924 - INFO - IA: Raquette droite déplacée de 110 à 117
2025-05-03 17:23:16,942 - INFO - JOUEUR: Raquette gauche déplacée de 54 à 47
2025-05-03 17:23:16,942 - INFO - IA: Raquette droite déplacée de 117 à 110
2025-05-03 17:23:16,959 - INFO - JOUEUR: Raquette gauche déplacée de 47 à 40
2025-05-03 17:23:16,959 - INFO - IA: Raquette droite déplacée de 110 à 103
2025-05-03 17:23:16,977 - INFO - JOUEUR: Raquette gauche déplacée de 40 à 33
2025-05-03 17:23:16,977 - INFO - IA: Raquette droite déplacée de 103 à 96
2025-05-03 17:23:16,994 - INFO - JOUEUR: Raquette gauche déplacée de 33 à 26
2025-05-03 17:23:16,994 - INFO - IA: Raquette droite déplacée de 96 à 89
2025-05-03 17:23:17,012 - INFO - JOUEUR: Raquette gauche déplacée de 26 à 19
2025-05-03 17:23:17,012 - INFO - IA: Raquette droite déplacée de 89 à 82
2025-05-03 17:23:17,029 - INFO - JOUEUR: Raquette gauche déplacée de 19 à 12
2025-05-03 17:23:17,029 - INFO - IA: Raquette droite déplacée de 82 à 75
2025-05-03 17:23:17,048 - INFO - INPUT: Joueur relâche les touches directionnelles
2025-05-03 17:23:17,048 - INFO - IA: Raquette droite déplacée de 75 à 82
2025-05-03 17:23:17,065 - INFO - IA: Raquette droite déplacée de 82 à 75
2025-05-03 17:23:17,081 - INFO - IA: Raquette droite déplacée de 75 à 68
2025-05-03 17:23:17,099 - INFO - IA: Raquette droite déplacée de 68 à 61
2025-05-03 17:23:17,116 - INFO - IA: Raquette droite déplacée de 61 à 54
2025-05-03 17:23:17,133 - INFO - IA: Raquette droite déplacée de 54 à 47
2025-05-03 17:23:17,150 - INFO - IA: Raquette droite déplacée de 47 à 40
2025-05-03 17:23:17,167 - INFO - IA: Raquette droite déplacée de 40 à 33
2025-05-03 17:23:17,184 - INFO - IA: Raquette droite déplacée de 33 à 26
2025-05-03 17:23:17,200 - INFO - IA: Raquette droite déplacée de 26 à 19
2025-05-03 17:23:17,217 - INFO - IA: Raquette droite déplacée de 19 à 26
2025-05-03 17:23:17,235 - INFO - IA: Raquette droite déplacée de 26 à 19
2025-05-03 17:23:17,252 - INFO - IA: Raquette droite déplacée de 19 à 12
2025-05-03 17:23:17,271 - INFO - INPUT: Joueur appuie sur la touche BAS
2025-05-03 17:23:17,271 - INFO - JOUEUR: Raquette gauche déplacée de 12 à 19
2025-05-03 17:23:17,271 - INFO - IA: Raquette droite déplacée de 12 à 5
2025-05-03 17:23:17,289 - INFO - JOUEUR: Raquette gauche déplacée de 19 à 26
2025-05-03 17:23:17,289 - INFO - IA: Raquette droite déplacée de 5 à 12
2025-05-03 17:23:17,306 - INFO - JOUEUR: Raquette gauche déplacée de 26 à 33
2025-05-03 17:23:17,306 - INFO - IA: Raquette droite déplacée de 12 à 5
2025-05-03 17:23:17,323 - INFO - JOUEUR: Raquette gauche déplacée de 33 à 40
2025-05-03 17:23:17,323 - INFO - IA: Raquette droite déplacée de 5 à 0
2025-05-03 17:23:17,340 - INFO - JOUEUR: Raquette gauche déplacée de 40 à 47
2025-05-03 17:23:17,340 - INFO - COLLISION: Balle a rebondi sur un mur à la position (549, -2)
2025-05-03 17:23:17,357 - INFO - JOUEUR: Raquette gauche déplacée de 47 à 54
2025-05-03 17:23:17,357 - INFO - COLLISION: Balle a rebondi sur une raquette à la position (558, 3)
2025-05-03 17:23:17,374 - INFO - JOUEUR: Raquette gauche déplacée de 54 à 61
2025-05-03 17:23:17,392 - INFO - JOUEUR: Raquette gauche déplacée de 61 à 68
2025-05-03 17:23:17,410 - INFO - JOUEUR: Raquette gauche déplacée de 68 à 75
2025-05-03 17:23:17,427 - INFO - JOUEUR: Raquette gauche déplacée de 75 à 82
2025-05-03 17:23:17,445 - INFO - JOUEUR: Raquette gauche déplacée de 82 à 89
2025-05-03 17:23:17,462 - INFO - JOUEUR: Raquette gauche déplacée de 89 à 96
2025-05-03 17:23:17,480 - INFO - JOUEUR: Raquette gauche déplacée de 96 à 103
2025-05-03 17:23:17,480 - INFO - IA: Raquette droite déplacée de 0 à 7
2025-05-03 17:23:17,498 - INFO - JOUEUR: Raquette gauche déplacée de 103 à 110
2025-05-03 17:23:17,498 - INFO - IA: Raquette droite déplacée de 7 à 14
2025-05-03 17:23:17,515 - INFO - JOUEUR: Raquette gauche déplacée de 110 à 117
2025-05-03 17:23:17,516 - INFO - IA: Raquette droite déplacée de 14 à 7
2025-05-03 17:23:17,533 - INFO - JOUEUR: Raquette gauche déplacée de 117 à 124
2025-05-03 17:23:17,533 - INFO - IA: Raquette droite déplacée de 7 à 0
2025-05-03 17:23:17,551 - INFO - JOUEUR: Raquette gauche déplacée de 124 à 131
2025-05-03 17:23:17,552 - INFO - IA: Raquette droite déplacée de 0 à 7
2025-05-03 17:23:17,571 - INFO - JOUEUR: Raquette gauche déplacée de 131 à 138
2025-05-03 17:23:17,571 - INFO - IA: Raquette droite déplacée de 7 à 14
2025-05-03 17:23:17,589 - INFO - JOUEUR: Raquette gauche déplacée de 138 à 145
2025-05-03 17:23:17,589 - INFO - IA: Raquette droite déplacée de 14 à 21
2025-05-03 17:23:17,606 - INFO - JOUEUR: Raquette gauche déplacée de 145 à 152
2025-05-03 17:23:17,606 - INFO - IA: Raquette droite déplacée de 21 à 28
2025-05-03 17:23:17,623 - INFO - JOUEUR: Raquette gauche déplacée de 152 à 159
2025-05-03 17:23:17,640 - INFO - JOUEUR: Raquette gauche déplacée de 159 à 166
2025-05-03 17:23:17,641 - INFO - IA: Raquette droite déplacée de 28 à 35
2025-05-03 17:23:17,658 - INFO - JOUEUR: Raquette gauche déplacée de 166 à 173
2025-05-03 17:23:17,658 - INFO - IA: Raquette droite déplacée de 35 à 42
2025-05-03 17:23:17,675 - INFO - JOUEUR: Raquette gauche déplacée de 173 à 180
2025-05-03 17:23:17,675 - INFO - IA: Raquette droite déplacée de 42 à 49
2025-05-03 17:23:17,693 - INFO - INPUT: Joueur relâche les touches directionnelles
2025-05-03 17:23:17,693 - INFO - IA: Raquette droite déplacée de 49 à 56
2025-05-03 17:23:17,710 - INFO - IA: Raquette droite déplacée de 56 à 63
2025-05-03 17:23:17,727 - INFO - IA: Raquette droite déplacée de 63 à 70
2025-05-03 17:23:17,744 - INFO - IA: Raquette droite déplacée de 70 à 77
2025-05-03 17:23:17,761 - INFO - IA: Raquette droite déplacée de 77 à 70
2025-05-03 17:23:17,779 - INFO - IA: Raquette droite déplacée de 70 à 77
2025-05-03 17:23:17,815 - INFO - IA: Raquette droite déplacée de 77 à 70
2025-05-03 17:23:17,832 - INFO - IA: Raquette droite déplacée de 70 à 77
2025-05-03 17:23:17,849 - INFO - IA: Raquette droite déplacée de 77 à 84
2025-05-03 17:23:17,867 - INFO - IA: Raquette droite déplacée de 84 à 91
2025-05-03 17:23:17,885 - INFO - IA: Raquette droite déplacée de 91 à 98
2025-05-03 17:23:17,902 - INFO - IA: Raquette droite déplacée de 98 à 91
2025-05-03 17:23:17,919 - INFO - IA: Raquette droite déplacée de 91 à 98
2025-05-03 17:23:17,936 - INFO - IA: Raquette droite déplacée de 98 à 105
2025-05-03 17:23:17,954 - INFO - IA: Raquette droite déplacée de 105 à 112
2025-05-03 17:23:17,970 - INFO - IA: Raquette droite déplacée de 112 à 119
2025-05-03 17:23:17,987 - INFO - IA: Raquette droite déplacée de 119 à 126
2025-05-03 17:23:18,004 - INFO - IA: Raquette droite déplacée de 126 à 133
2025-05-03 17:23:18,021 - INFO - IA: Raquette droite déplacée de 133 à 140
2025-05-03 17:23:18,039 - INFO - IA: Raquette droite déplacée de 140 à 133
2025-05-03 17:23:18,056 - INFO - IA: Raquette droite déplacée de 133 à 140
2025-05-03 17:23:18,074 - INFO - IA: Raquette droite déplacée de 140 à 133
2025-05-03 17:23:18,092 - INFO - IA: Raquette droite déplacée de 133 à 140
2025-05-03 17:23:18,110 - INFO - INPUT: Joueur appuie sur la touche BAS
2025-05-03 17:23:18,110 - INFO - JOUEUR: Raquette gauche déplacée de 180 à 187
2025-05-03 17:23:18,110 - INFO - IA: Raquette droite déplacée de 140 à 147
2025-05-03 17:23:18,128 - INFO - JOUEUR: Raquette gauche déplacée de 187 à 194
2025-05-03 17:23:18,128 - INFO - IA: Raquette droite déplacée de 147 à 154
2025-05-03 17:23:18,145 - INFO - JOUEUR: Raquette gauche déplacée de 194 à 201
2025-05-03 17:23:18,145 - INFO - IA: Raquette droite déplacée de 154 à 161
2025-05-03 17:23:18,162 - INFO - JOUEUR: Raquette gauche déplacée de 201 à 208
2025-05-03 17:23:18,163 - INFO - IA: Raquette droite déplacée de 161 à 168
2025-05-03 17:23:18,179 - INFO - JOUEUR: Raquette gauche déplacée de 208 à 215
2025-05-03 17:23:18,179 - INFO - IA: Raquette droite déplacée de 168 à 175
2025-05-03 17:23:18,197 - INFO - INPUT: Joueur relâche les touches directionnelles
2025-05-03 17:23:18,197 - INFO - IA: Raquette droite déplacée de 175 à 182
2025-05-03 17:23:18,214 - INFO - IA: Raquette droite déplacée de 182 à 189
2025-05-03 17:23:18,232 - INFO - IA: Raquette droite déplacée de 189 à 196
2025-05-03 17:23:18,249 - INFO - IA: Raquette droite déplacée de 196 à 203
2025-05-03 17:23:18,265 - INFO - IA: Raquette droite déplacée de 203 à 210
2025-05-03 17:23:18,282 - INFO - IA: Raquette droite déplacée de 210 à 217
2025-05-03 17:23:18,283 - INFO - COLLISION: Balle a rebondi sur une raquette à la position (28, 268)
2025-05-03 17:23:18,300 - INFO - IA: Raquette droite déplacée de 217 à 224
2025-05-03 17:23:18,317 - INFO - IA: Raquette droite déplacée de 224 à 231
2025-05-03 17:23:18,334 - INFO - IA: Raquette droite déplacée de 231 à 224
2025-05-03 17:23:18,352 - INFO - IA: Raquette droite déplacée de 224 à 231
2025-05-03 17:23:18,371 - INFO - IA: Raquette droite déplacée de 231 à 238
2025-05-03 17:23:18,389 - INFO - IA: Raquette droite déplacée de 238 à 245
2025-05-03 17:23:18,407 - INFO - IA: Raquette droite déplacée de 245 à 252
2025-05-03 17:23:18,425 - INFO - IA: Raquette droite déplacée de 252 à 259
2025-05-03 17:23:18,442 - INFO - IA: Raquette droite déplacée de 259 à 266
2025-05-03 17:23:18,460 - INFO - IA: Raquette droite déplacée de 266 à 259
2025-05-03 17:23:18,477 - INFO - IA: Raquette droite déplacée de 259 à 266
2025-05-03 17:23:18,494 - INFO - IA: Raquette droite déplacée de 266 à 273
2025-05-03 17:23:18,511 - INFO - IA: Raquette droite déplacée de 273 à 280
2025-05-03 17:23:18,529 - INFO - IA: Raquette droite déplacée de 280 à 273
2025-05-03 17:23:18,547 - INFO - IA: Raquette droite déplacée de 273 à 280
2025-05-03 17:23:18,564 - INFO - IA: Raquette droite déplacée de 280 à 287
2025-05-03 17:23:18,581 - INFO - IA: Raquette droite déplacée de 287 à 280
2025-05-03 17:23:18,598 - INFO - IA: Raquette droite déplacée de 280 à 287
2025-05-03 17:23:18,615 - INFO - IA: Raquette droite déplacée de 287 à 294
2025-05-03 17:23:18,633 - INFO - IA: Raquette droite déplacée de 294 à 301
2025-05-03 17:23:18,651 - INFO - IA: Raquette droite déplacée de 301 à 308
2025-05-03 17:23:18,669 - INFO - IA: Raquette droite déplacée de 308 à 315
2025-05-03 17:23:18,686 - INFO - IA: Raquette droite déplacée de 315 à 322
2025-05-03 17:23:18,703 - INFO - IA: Raquette droite déplacée de 322 à 329
2025-05-03 17:23:18,720 - INFO - IA: Raquette droite déplacée de 329 à 336
2025-05-03 17:23:18,737 - INFO - IA: Raquette droite déplacée de 336 à 343
2025-05-03 17:23:18,754 - INFO - IA: Raquette droite déplacée de 343 à 350
2025-05-03 17:23:18,771 - INFO - IA: Raquette droite déplacée de 350 à 343
2025-05-03 17:23:18,788 - INFO - IA: Raquette droite déplacée de 343 à 350
2025-05-03 17:23:18,805 - INFO - IA: Raquette droite déplacée de 350 à 357
2025-05-03 17:23:18,823 - INFO - IA: Raquette droite déplacée de 357 à 364
2025-05-03 17:23:18,841 - INFO - IA: Raquette droite déplacée de 364 à 371
2025-05-03 17:23:18,858 - INFO - IA: Raquette droite déplacée de 371 à 378
2025-05-03 17:23:18,877 - INFO - IA: Raquette droite déplacée de 378 à 385
2025-05-03 17:23:18,894 - INFO - IA: Raquette droite déplacée de 385 à 390
2025-05-03 17:23:18,980 - INFO - COLLISION: Balle a rebondi sur un mur à la position (468, 468)
2025-05-03 17:23:19,101 - INFO - IA: Raquette droite déplacée de 390 à 383
2025-05-03 17:23:19,119 - INFO - IA: Raquette droite déplacée de 383 à 390
2025-05-03 17:23:19,119 - INFO - COLLISION: Balle a rebondi sur une raquette à la position (556, 428)
2025-05-03 17:23:19,154 - INFO - IA: Raquette droite déplacée de 390 à 383
2025-05-03 17:23:19,172 - INFO - IA: Raquette droite déplacée de 383 à 390
2025-05-03 17:23:19,224 - INFO - IA: Raquette droite déplacée de 390 à 383
2025-05-03 17:23:19,241 - INFO - IA: Raquette droite déplacée de 383 à 376
2025-05-03 17:23:19,259 - INFO - IA: Raquette droite déplacée de 376 à 369
2025-05-03 17:23:19,276 - INFO - IA: Raquette droite déplacée de 369 à 376
2025-05-03 17:23:19,293 - INFO - IA: Raquette droite déplacée de 376 à 369
2025-05-03 17:23:19,310 - INFO - IA: Raquette droite déplacée de 369 à 362
2025-05-03 17:23:19,328 - INFO - IA: Raquette droite déplacée de 362 à 355
2025-05-03 17:23:19,345 - INFO - IA: Raquette droite déplacée de 355 à 348
2025-05-03 17:23:19,363 - INFO - IA: Raquette droite déplacée de 348 à 341
2025-05-03 17:23:19,381 - INFO - IA: Raquette droite déplacée de 341 à 334
2025-05-03 17:23:19,399 - INFO - IA: Raquette droite déplacée de 334 à 327
2025-05-03 17:23:19,417 - INFO - IA: Raquette droite déplacée de 327 à 320
2025-05-03 17:23:19,434 - INFO - IA: Raquette droite déplacée de 320 à 327
2025-05-03 17:23:19,453 - INFO - IA: Raquette droite déplacée de 327 à 320
2025-05-03 17:23:19,470 - INFO - IA: Raquette droite déplacée de 320 à 313
2025-05-03 17:23:19,487 - INFO - IA: Raquette droite déplacée de 313 à 306
2025-05-03 17:23:19,505 - INFO - IA: Raquette droite déplacée de 306 à 299
2025-05-03 17:23:19,522 - INFO - IA: Raquette droite déplacée de 299 à 292
2025-05-03 17:23:19,539 - INFO - IA: Raquette droite déplacée de 292 à 285
2025-05-03 17:23:19,556 - INFO - IA: Raquette droite déplacée de 285 à 278
2025-05-03 17:23:19,574 - INFO - IA: Raquette droite déplacée de 278 à 271
2025-05-03 17:23:19,591 - INFO - IA: Raquette droite déplacée de 271 à 278
2025-05-03 17:23:19,609 - INFO - IA: Raquette droite déplacée de 278 à 271
2025-05-03 17:23:19,627 - INFO - IA: Raquette droite déplacée de 271 à 264
2025-05-03 17:23:19,645 - INFO - IA: Raquette droite déplacée de 264 à 257
2025-05-03 17:23:19,662 - INFO - IA: Raquette droite déplacée de 257 à 264
2025-05-03 17:23:19,679 - INFO - IA: Raquette droite déplacée de 264 à 257
2025-05-03 17:23:19,696 - INFO - IA: Raquette droite déplacée de 257 à 250
2025-05-03 17:23:19,712 - INFO - IA: Raquette droite déplacée de 250 à 243
2025-05-03 17:23:19,729 - INFO - IA: Raquette droite déplacée de 243 à 236
2025-05-03 17:23:19,746 - INFO - IA: Raquette droite déplacée de 236 à 243
2025-05-03 17:23:19,764 - INFO - IA: Raquette droite déplacée de 243 à 236
2025-05-03 17:23:19,781 - INFO - IA: Raquette droite déplacée de 236 à 229
2025-05-03 17:23:19,799 - INFO - IA: Raquette droite déplacée de 229 à 222
2025-05-03 17:23:19,816 - INFO - INPUT: Joueur appuie sur la touche HAUT
2025-05-03 17:23:19,817 - INFO - JOUEUR: Raquette gauche déplacée de 215 à 208
2025-05-03 17:23:19,817 - INFO - IA: Raquette droite déplacée de 222 à 215
2025-05-03 17:23:19,835 - INFO - JOUEUR: Raquette gauche déplacée de 208 à 201
2025-05-03 17:23:19,835 - INFO - IA: Raquette droite déplacée de 215 à 208
2025-05-03 17:23:19,852 - INFO - JOUEUR: Raquette gauche déplacée de 201 à 194
2025-05-03 17:23:19,852 - INFO - IA: Raquette droite déplacée de 208 à 201
2025-05-03 17:23:19,871 - INFO - JOUEUR: Raquette gauche déplacée de 194 à 187
2025-05-03 17:23:19,871 - INFO - IA: Raquette droite déplacée de 201 à 194
2025-05-03 17:23:19,888 - INFO - JOUEUR: Raquette gauche déplacée de 187 à 180
2025-05-03 17:23:19,888 - INFO - IA: Raquette droite déplacée de 194 à 187
2025-05-03 17:23:19,888 - INFO - COLLISION: Balle a rebondi sur une raquette à la position (28, 208)
2025-05-03 17:23:19,906 - INFO - JOUEUR: Raquette gauche déplacée de 180 à 173
2025-05-03 17:23:19,906 - INFO - IA: Raquette droite déplacée de 187 à 180
2025-05-03 17:23:19,924 - INFO - JOUEUR: Raquette gauche déplacée de 173 à 166
2025-05-03 17:23:19,924 - INFO - IA: Raquette droite déplacée de 180 à 187
2025-05-03 17:23:19,941 - INFO - JOUEUR: Raquette gauche déplacée de 166 à 159
2025-05-03 17:23:19,941 - INFO - IA: Raquette droite déplacée de 187 à 180
2025-05-03 17:23:19,958 - INFO - JOUEUR: Raquette gauche déplacée de 159 à 152
2025-05-03 17:23:19,958 - INFO - IA: Raquette droite déplacée de 180 à 173
2025-05-03 17:23:19,976 - INFO - JOUEUR: Raquette gauche déplacée de 152 à 145
2025-05-03 17:23:19,976 - INFO - IA: Raquette droite déplacée de 173 à 166
2025-05-03 17:23:19,993 - INFO - JOUEUR: Raquette gauche déplacée de 145 à 138
2025-05-03 17:23:19,993 - INFO - IA: Raquette droite déplacée de 166 à 159
2025-05-03 17:23:20,011 - INFO - JOUEUR: Raquette gauche déplacée de 138 à 131
2025-05-03 17:23:20,011 - INFO - IA: Raquette droite déplacée de 159 à 152
2025-05-03 17:23:20,029 - INFO - JOUEUR: Raquette gauche déplacée de 131 à 124
2025-05-03 17:23:20,029 - INFO - IA: Raquette droite déplacée de 152 à 145
2025-05-03 17:23:20,046 - INFO - JOUEUR: Raquette gauche déplacée de 124 à 117
2025-05-03 17:23:20,046 - INFO - IA: Raquette droite déplacée de 145 à 152
2025-05-03 17:23:20,064 - INFO - JOUEUR: Raquette gauche déplacée de 117 à 110
2025-05-03 17:23:20,064 - INFO - IA: Raquette droite déplacée de 152 à 145
2025-05-03 17:23:20,082 - INFO - JOUEUR: Raquette gauche déplacée de 110 à 103
2025-05-03 17:23:20,082 - INFO - IA: Raquette droite déplacée de 145 à 138
2025-05-03 17:23:20,098 - INFO - JOUEUR: Raquette gauche déplacée de 103 à 96
2025-05-03 17:23:20,099 - INFO - IA: Raquette droite déplacée de 138 à 131
2025-05-03 17:23:20,116 - INFO - JOUEUR: Raquette gauche déplacée de 96 à 89
2025-05-03 17:23:20,116 - INFO - IA: Raquette droite déplacée de 131 à 124
2025-05-03 17:23:20,133 - INFO - JOUEUR: Raquette gauche déplacée de 89 à 82
2025-05-03 17:23:20,133 - INFO - IA: Raquette droite déplacée de 124 à 117
2025-05-03 17:23:20,151 - INFO - JOUEUR: Raquette gauche déplacée de 82 à 75
2025-05-03 17:23:20,151 - INFO - IA: Raquette droite déplacée de 117 à 110
2025-05-03 17:23:20,168 - INFO - JOUEUR: Raquette gauche déplacée de 75 à 68
2025-05-03 17:23:20,168 - INFO - IA: Raquette droite déplacée de 110 à 103
2025-05-03 17:23:20,186 - INFO - JOUEUR: Raquette gauche déplacée de 68 à 61
2025-05-03 17:23:20,186 - INFO - IA: Raquette droite déplacée de 103 à 96
2025-05-03 17:23:20,203 - INFO - JOUEUR: Raquette gauche déplacée de 61 à 54
2025-05-03 17:23:20,203 - INFO - IA: Raquette droite déplacée de 96 à 103
2025-05-03 17:23:20,220 - INFO - JOUEUR: Raquette gauche déplacée de 54 à 47
2025-05-03 17:23:20,220 - INFO - IA: Raquette droite déplacée de 103 à 110
2025-05-03 17:23:20,237 - INFO - JOUEUR: Raquette gauche déplacée de 47 à 40
2025-05-03 17:23:20,238 - INFO - IA: Raquette droite déplacée de 110 à 103
2025-05-03 17:23:20,254 - INFO - JOUEUR: Raquette gauche déplacée de 40 à 33
2025-05-03 17:23:20,254 - INFO - IA: Raquette droite déplacée de 103 à 96
2025-05-03 17:23:20,272 - INFO - JOUEUR: Raquette gauche déplacée de 33 à 26
2025-05-03 17:23:20,272 - INFO - IA: Raquette droite déplacée de 96 à 89
2025-05-03 17:23:20,289 - INFO - INPUT: Joueur relâche les touches directionnelles
2025-05-03 17:23:20,289 - INFO - IA: Raquette droite déplacée de 89 à 82
2025-05-03 17:23:20,306 - INFO - IA: Raquette droite déplacée de 82 à 75
2025-05-03 17:23:20,324 - INFO - IA: Raquette droite déplacée de 75 à 68
2025-05-03 17:23:20,341 - INFO - IA: Raquette droite déplacée de 68 à 61
2025-05-03 17:23:20,358 - INFO - IA: Raquette droite déplacée de 61 à 54
2025-05-03 17:23:20,376 - INFO - INPUT: Joueur appuie sur la touche HAUT
2025-05-03 17:23:20,376 - INFO - JOUEUR: Raquette gauche déplacée de 26 à 19
2025-05-03 17:23:20,376 - INFO - IA: Raquette droite déplacée de 54 à 61
2025-05-03 17:23:20,394 - INFO - JOUEUR: Raquette gauche déplacée de 19 à 12
2025-05-03 17:23:20,394 - INFO - IA: Raquette droite déplacée de 61 à 54
2025-05-03 17:23:20,412 - INFO - INPUT: Joueur relâche les touches directionnelles
2025-05-03 17:23:20,412 - INFO - IA: Raquette droite déplacée de 54 à 47
2025-05-03 17:23:20,432 - INFO - IA: Raquette droite déplacée de 47 à 40
2025-05-03 17:23:20,449 - INFO - IA: Raquette droite déplacée de 40 à 33
2025-05-03 17:23:20,467 - INFO - IA: Raquette droite déplacée de 33 à 26
2025-05-03 17:23:20,484 - INFO - IA: Raquette droite déplacée de 26 à 19
2025-05-03 17:23:20,501 - INFO - IA: Raquette droite déplacée de 19 à 12
2025-05-03 17:23:20,519 - INFO - IA: Raquette droite déplacée de 12 à 19
2025-05-03 17:23:20,537 - INFO - IA: Raquette droite déplacée de 19 à 12
2025-05-03 17:23:20,554 - INFO - IA: Raquette droite déplacée de 12 à 5
2025-05-03 17:23:20,572 - INFO - IA: Raquette droite déplacée de 5 à 0
2025-05-03 17:23:20,607 - INFO - COLLISION: Balle a rebondi sur une raquette à la position (561, 3)
2025-05-03 17:23:20,624 - INFO - COLLISION: Balle a rebondi sur un mur à la position (547, -2)
2025-05-03 17:23:20,728 - INFO - IA: Raquette droite déplacée de 0 à 7
2025-05-03 17:23:20,745 - INFO - IA: Raquette droite déplacée de 7 à 0
2025-05-03 17:23:20,780 - INFO - IA: Raquette droite déplacée de 0 à 7
2025-05-03 17:23:20,796 - INFO - IA: Raquette droite déplacée de 7 à 14
2025-05-03 17:23:20,814 - INFO - IA: Raquette droite déplacée de 14 à 7
2025-05-03 17:23:20,831 - INFO - IA: Raquette droite déplacée de 7 à 0
2025-05-03 17:23:20,848 - INFO - IA: Raquette droite déplacée de 0 à 7
2025-05-03 17:23:20,864 - INFO - IA: Raquette droite déplacée de 7 à 14
2025-05-03 17:23:20,882 - INFO - IA: Raquette droite déplacée de 14 à 21
2025-05-03 17:23:20,900 - INFO - IA: Raquette droite déplacée de 21 à 14
2025-05-03 17:23:20,918 - INFO - IA: Raquette droite déplacée de 14 à 21
2025-05-03 17:23:20,936 - INFO - IA: Raquette droite déplacée de 21 à 14
2025-05-03 17:23:20,953 - INFO - IA: Raquette droite déplacée de 14 à 21
2025-05-03 17:23:20,970 - INFO - IA: Raquette droite déplacée de 21 à 28
2025-05-03 17:23:20,987 - INFO - IA: Raquette droite déplacée de 28 à 35
2025-05-03 17:23:21,004 - INFO - IA: Raquette droite déplacée de 35 à 42
2025-05-03 17:23:21,021 - INFO - IA: Raquette droite déplacée de 42 à 49
2025-05-03 17:23:21,038 - INFO - IA: Raquette droite déplacée de 49 à 56
2025-05-03 17:23:21,056 - INFO - IA: Raquette droite déplacée de 56 à 63
2025-05-03 17:23:21,074 - INFO - IA: Raquette droite déplacée de 63 à 70
2025-05-03 17:23:21,091 - INFO - IA: Raquette droite déplacée de 70 à 63
2025-05-03 17:23:21,108 - INFO - IA: Raquette droite déplacée de 63 à 70
2025-05-03 17:23:21,125 - INFO - IA: Raquette droite déplacée de 70 à 77
2025-05-03 17:23:21,143 - INFO - IA: Raquette droite déplacée de 77 à 84
2025-05-03 17:23:21,159 - INFO - IA: Raquette droite déplacée de 84 à 91
2025-05-03 17:23:21,177 - INFO - IA: Raquette droite déplacée de 91 à 98
2025-05-03 17:23:21,196 - INFO - IA: Raquette droite déplacée de 98 à 105
2025-05-03 17:23:21,214 - INFO - IA: Raquette droite déplacée de 105 à 112
2025-05-03 17:23:21,231 - INFO - IA: Raquette droite déplacée de 112 à 119
2025-05-03 17:23:21,249 - INFO - IA: Raquette droite déplacée de 119 à 126
2025-05-03 17:23:21,266 - INFO - IA: Raquette droite déplacée de 126 à 133
2025-05-03 17:23:21,283 - INFO - IA: Raquette droite déplacée de 133 à 140
2025-05-03 17:23:21,300 - INFO - IA: Raquette droite déplacée de 140 à 147
2025-05-03 17:23:21,316 - INFO - IA: Raquette droite déplacée de 147 à 154
2025-05-03 17:23:21,317 - INFO - POINT: Joueur droite (IA) marque un point! Score: 0-1
2025-05-03 17:23:21,334 - INFO - IA: Raquette droite déplacée de 154 à 161
2025-05-03 17:23:21,351 - INFO - IA: Raquette droite déplacée de 161 à 168
2025-05-03 17:23:21,368 - INFO - IA: Raquette droite déplacée de 168 à 175
2025-05-03 17:23:21,385 - INFO - IA: Raquette droite déplacée de 175 à 168
2025-05-03 17:23:21,403 - INFO - IA: Raquette droite déplacée de 168 à 161
2025-05-03 17:23:21,421 - INFO - IA: Raquette droite déplacée de 161 à 154
2025-05-03 17:23:21,439 - INFO - IA: Raquette droite déplacée de 154 à 147
2025-05-03 17:23:21,458 - INFO - IA: Raquette droite déplacée de 147 à 154
2025-05-03 17:23:21,475 - INFO - IA: Raquette droite déplacée de 154 à 147
2025-05-03 17:23:21,493 - INFO - IA: Raquette droite déplacée de 147 à 154
2025-05-03 17:23:21,512 - INFO - INPUT: Joueur appuie sur la touche BAS
2025-05-03 17:23:21,512 - INFO - JOUEUR: Raquette gauche déplacée de 12 à 19
2025-05-03 17:23:21,512 - INFO - IA: Raquette droite déplacée de 154 à 147
2025-05-03 17:23:21,530 - INFO - JOUEUR: Raquette gauche déplacée de 19 à 26
2025-05-03 17:23:21,530 - INFO - IA: Raquette droite déplacée de 147 à 140
2025-05-03 17:23:21,548 - INFO - INPUT: Joueur relâche les touches directionnelles
2025-05-03 17:23:21,548 - INFO - IA: Raquette droite déplacée de 140 à 133
2025-05-03 17:23:21,565 - INFO - IA: Raquette droite déplacée de 133 à 126
2025-05-03 17:23:21,583 - INFO - IA: Raquette droite déplacée de 126 à 119
2025-05-03 17:23:21,600 - INFO - IA: Raquette droite déplacée de 119 à 126
2025-05-03 17:23:21,618 - INFO - IA: Raquette droite déplacée de 126 à 133
2025-05-03 17:23:21,635 - INFO - IA: Raquette droite déplacée de 133 à 126
2025-05-03 17:23:21,653 - INFO - IA: Raquette droite déplacée de 126 à 119
2025-05-03 17:23:21,670 - INFO - IA: Raquette droite déplacée de 119 à 126
2025-05-03 17:23:21,687 - INFO - IA: Raquette droite déplacée de 126 à 119
2025-05-03 17:23:21,705 - INFO - IA: Raquette droite déplacée de 119 à 112
2025-05-03 17:23:21,723 - INFO - IA: Raquette droite déplacée de 112 à 105
2025-05-03 17:23:21,741 - INFO - IA: Raquette droite déplacée de 105 à 98
2025-05-03 17:23:21,759 - INFO - IA: Raquette droite déplacée de 98 à 105
2025-05-03 17:23:21,777 - INFO - IA: Raquette droite déplacée de 105 à 98
2025-05-03 17:23:21,795 - INFO - IA: Raquette droite déplacée de 98 à 91
2025-05-03 17:23:21,812 - INFO - IA: Raquette droite déplacée de 91 à 84
2025-05-03 17:23:21,829 - INFO - IA: Raquette droite déplacée de 84 à 77
2025-05-03 17:23:21,846 - INFO - IA: Raquette droite déplacée de 77 à 70
2025-05-03 17:23:21,864 - INFO - IA: Raquette droite déplacée de 70 à 63
2025-05-03 17:23:21,880 - INFO - IA: Raquette droite déplacée de 63 à 56
2025-05-03 17:23:21,898 - INFO - IA: Raquette droite déplacée de 56 à 63
2025-05-03 17:23:21,916 - INFO - IA: Raquette droite déplacée de 63 à 56
2025-05-03 17:23:21,933 - INFO - IA: Raquette droite déplacée de 56 à 49
2025-05-03 17:23:21,951 - INFO - IA: Raquette droite déplacée de 49 à 42
2025-05-03 17:23:21,968 - INFO - IA: Raquette droite déplacée de 42 à 35
2025-05-03 17:23:21,986 - INFO - IA: Raquette droite déplacée de 35 à 28
2025-05-03 17:23:22,002 - INFO - IA: Raquette droite déplacée de 28 à 21
2025-05-03 17:23:22,019 - INFO - IA: Raquette droite déplacée de 21 à 14
2025-05-03 17:23:22,036 - INFO - IA: Raquette droite déplacée de 14 à 7
2025-05-03 17:23:22,054 - INFO - IA: Raquette droite déplacée de 7 à 0
2025-05-03 17:23:22,142 - INFO - COLLISION: Balle a rebondi sur un mur à la position (528, -2)
2025-05-03 17:23:22,211 - INFO - INPUT: Joueur appuie sur la touche BAS
2025-05-03 17:23:22,211 - INFO - JOUEUR: Raquette gauche déplacée de 26 à 33
2025-05-03 17:23:22,228 - INFO - JOUEUR: Raquette gauche déplacée de 33 à 40
2025-05-03 17:23:22,229 - INFO - COLLISION: Balle a rebondi sur une raquette à la position (553, 23)
2025-05-03 17:23:22,246 - INFO - JOUEUR: Raquette gauche déplacée de 40 à 47
2025-05-03 17:23:22,264 - INFO - JOUEUR: Raquette gauche déplacée de 47 à 54
2025-05-03 17:23:22,281 - INFO - JOUEUR: Raquette gauche déplacée de 54 à 61
2025-05-03 17:23:22,281 - INFO - IA: Raquette droite déplacée de 0 à 7
2025-05-03 17:23:22,298 - INFO - JOUEUR: Raquette gauche déplacée de 61 à 68
2025-05-03 17:23:22,298 - INFO - IA: Raquette droite déplacée de 7 à 0
2025-05-03 17:23:22,316 - INFO - JOUEUR: Raquette gauche déplacée de 68 à 75
2025-05-03 17:23:22,334 - INFO - JOUEUR: Raquette gauche déplacée de 75 à 82
2025-05-03 17:23:22,334 - INFO - IA: Raquette droite déplacée de 0 à 7
2025-05-03 17:23:22,351 - INFO - JOUEUR: Raquette gauche déplacée de 82 à 89
2025-05-03 17:23:22,351 - INFO - IA: Raquette droite déplacée de 7 à 0
2025-05-03 17:23:22,369 - INFO - JOUEUR: Raquette gauche déplacée de 89 à 96
2025-05-03 17:23:22,369 - INFO - IA: Raquette droite déplacée de 0 à 7
2025-05-03 17:23:22,386 - INFO - JOUEUR: Raquette gauche déplacée de 96 à 103
2025-05-03 17:23:22,386 - INFO - IA: Raquette droite déplacée de 7 à 14
2025-05-03 17:23:22,405 - INFO - INPUT: Joueur relâche les touches directionnelles
2025-05-03 17:23:22,405 - INFO - IA: Raquette droite déplacée de 14 à 21
2025-05-03 17:23:22,422 - INFO - IA: Raquette droite déplacée de 21 à 14
2025-05-03 17:23:22,440 - INFO - IA: Raquette droite déplacée de 14 à 21
2025-05-03 17:23:22,458 - INFO - IA: Raquette droite déplacée de 21 à 28
2025-05-03 17:23:22,476 - INFO - IA: Raquette droite déplacée de 28 à 35
2025-05-03 17:23:22,494 - INFO - IA: Raquette droite déplacée de 35 à 42
2025-05-03 17:23:22,512 - INFO - IA: Raquette droite déplacée de 42 à 49
2025-05-03 17:23:22,529 - INFO - IA: Raquette droite déplacée de 49 à 56
2025-05-03 17:23:22,547 - INFO - IA: Raquette droite déplacée de 56 à 63
2025-05-03 17:23:22,564 - INFO - IA: Raquette droite déplacée de 63 à 70
2025-05-03 17:23:22,581 - INFO - IA: Raquette droite déplacée de 70 à 63
2025-05-03 17:23:22,599 - INFO - IA: Raquette droite déplacée de 63 à 56
2025-05-03 17:23:22,617 - INFO - IA: Raquette droite déplacée de 56 à 63
2025-05-03 17:23:22,634 - INFO - IA: Raquette droite déplacée de 63 à 70
2025-05-03 17:23:22,652 - INFO - IA: Raquette droite déplacée de 70 à 77
2025-05-03 17:23:22,669 - INFO - IA: Raquette droite déplacée de 77 à 84
2025-05-03 17:23:22,687 - INFO - INPUT: Joueur appuie sur la touche BAS
2025-05-03 17:23:22,687 - INFO - JOUEUR: Raquette gauche déplacée de 103 à 110
2025-05-03 17:23:22,688 - INFO - IA: Raquette droite déplacée de 84 à 91
2025-05-03 17:23:22,706 - INFO - JOUEUR: Raquette gauche déplacée de 110 à 117
2025-05-03 17:23:22,706 - INFO - IA: Raquette droite déplacée de 91 à 98
2025-05-03 17:23:22,723 - INFO - JOUEUR: Raquette gauche déplacée de 117 à 124
2025-05-03 17:23:22,724 - INFO - IA: Raquette droite déplacée de 98 à 91
2025-05-03 17:23:22,741 - INFO - JOUEUR: Raquette gauche déplacée de 124 à 131
2025-05-03 17:23:22,741 - INFO - IA: Raquette droite déplacée de 91 à 98
2025-05-03 17:23:22,758 - INFO - JOUEUR: Raquette gauche déplacée de 131 à 138
2025-05-03 17:23:22,758 - INFO - IA: Raquette droite déplacée de 98 à 105
2025-05-03 17:23:22,775 - INFO - JOUEUR: Raquette gauche déplacée de 138 à 145
2025-05-03 17:23:22,775 - INFO - IA: Raquette droite déplacée de 105 à 112
2025-05-03 17:23:22,793 - INFO - JOUEUR: Raquette gauche déplacée de 145 à 152
2025-05-03 17:23:22,793 - INFO - IA: Raquette droite déplacée de 112 à 119
2025-05-03 17:23:22,810 - INFO - JOUEUR: Raquette gauche déplacée de 152 à 159
2025-05-03 17:23:22,810 - INFO - IA: Raquette droite déplacée de 119 à 126
2025-05-03 17:23:22,827 - INFO - JOUEUR: Raquette gauche déplacée de 159 à 166
2025-05-03 17:23:22,827 - INFO - IA: Raquette droite déplacée de 126 à 133
2025-05-03 17:23:22,843 - INFO - JOUEUR: Raquette gauche déplacée de 166 à 173
2025-05-03 17:23:22,844 - INFO - IA: Raquette droite déplacée de 133 à 140
2025-05-03 17:23:22,860 - INFO - JOUEUR: Raquette gauche déplacée de 173 à 180
2025-05-03 17:23:22,861 - INFO - IA: Raquette droite déplacée de 140 à 147
2025-05-03 17:23:22,878 - INFO - JOUEUR: Raquette gauche déplacée de 180 à 187
2025-05-03 17:23:22,878 - INFO - IA: Raquette droite déplacée de 147 à 154
2025-05-03 17:23:22,895 - INFO - JOUEUR: Raquette gauche déplacée de 187 à 194
2025-05-03 17:23:22,896 - INFO - IA: Raquette droite déplacée de 154 à 147
2025-05-03 17:23:22,914 - INFO - JOUEUR: Raquette gauche déplacée de 194 à 201
2025-05-03 17:23:22,914 - INFO - IA: Raquette droite déplacée de 147 à 154
2025-05-03 17:23:22,931 - INFO - JOUEUR: Raquette gauche déplacée de 201 à 208
2025-05-03 17:23:22,931 - INFO - IA: Raquette droite déplacée de 154 à 161
2025-05-03 17:23:22,949 - INFO - JOUEUR: Raquette gauche déplacée de 208 à 215
2025-05-03 17:23:22,949 - INFO - IA: Raquette droite déplacée de 161 à 168
2025-05-03 17:23:22,967 - INFO - JOUEUR: Raquette gauche déplacée de 215 à 222
2025-05-03 17:23:22,967 - INFO - IA: Raquette droite déplacée de 168 à 175
2025-05-03 17:23:22,985 - INFO - JOUEUR: Raquette gauche déplacée de 222 à 229
2025-05-03 17:23:22,985 - INFO - IA: Raquette droite déplacée de 175 à 182
2025-05-03 17:23:23,003 - INFO - JOUEUR: Raquette gauche déplacée de 229 à 236
2025-05-03 17:23:23,003 - INFO - IA: Raquette droite déplacée de 182 à 175
2025-05-03 17:23:23,020 - INFO - JOUEUR: Raquette gauche déplacée de 236 à 243
2025-05-03 17:23:23,021 - INFO - IA: Raquette droite déplacée de 175 à 182
2025-05-03 17:23:23,039 - INFO - JOUEUR: Raquette gauche déplacée de 243 à 250
2025-05-03 17:23:23,039 - INFO - IA: Raquette droite déplacée de 182 à 189
2025-05-03 17:23:23,057 - INFO - JOUEUR: Raquette gauche déplacée de 250 à 257
2025-05-03 17:23:23,057 - INFO - IA: Raquette droite déplacée de 189 à 196
2025-05-03 17:23:23,074 - INFO - JOUEUR: Raquette gauche déplacée de 257 à 264
2025-05-03 17:23:23,074 - INFO - IA: Raquette droite déplacée de 196 à 203
2025-05-03 17:23:23,091 - INFO - JOUEUR: Raquette gauche déplacée de 264 à 271
2025-05-03 17:23:23,091 - INFO - IA: Raquette droite déplacée de 203 à 210
2025-05-03 17:23:23,109 - INFO - JOUEUR: Raquette gauche déplacée de 271 à 278
2025-05-03 17:23:23,109 - INFO - IA: Raquette droite déplacée de 210 à 217
2025-05-03 17:23:23,126 - INFO - JOUEUR: Raquette gauche déplacée de 278 à 285
2025-05-03 17:23:23,126 - INFO - IA: Raquette droite déplacée de 217 à 224
2025-05-03 17:23:23,143 - INFO - JOUEUR: Raquette gauche déplacée de 285 à 292
2025-05-03 17:23:23,143 - INFO - IA: Raquette droite déplacée de 224 à 217
2025-05-03 17:23:23,160 - INFO - JOUEUR: Raquette gauche déplacée de 292 à 299
2025-05-03 17:23:23,160 - INFO - IA: Raquette droite déplacée de 217 à 224
2025-05-03 17:23:23,177 - INFO - JOUEUR: Raquette gauche déplacée de 299 à 306
2025-05-03 17:23:23,177 - INFO - IA: Raquette droite déplacée de 224 à 231
2025-05-03 17:23:23,194 - INFO - JOUEUR: Raquette gauche déplacée de 306 à 313
2025-05-03 17:23:23,194 - INFO - IA: Raquette droite déplacée de 231 à 238
2025-05-03 17:23:23,211 - INFO - JOUEUR: Raquette gauche déplacée de 313 à 320
2025-05-03 17:23:23,212 - INFO - IA: Raquette droite déplacée de 238 à 231
2025-05-03 17:23:23,228 - INFO - JOUEUR: Raquette gauche déplacée de 320 à 327
2025-05-03 17:23:23,228 - INFO - IA: Raquette droite déplacée de 231 à 238
2025-05-03 17:23:23,246 - INFO - JOUEUR: Raquette gauche déplacée de 327 à 334
2025-05-03 17:23:23,246 - INFO - IA: Raquette droite déplacée de 238 à 245
2025-05-03 17:23:23,265 - INFO - JOUEUR: Raquette gauche déplacée de 334 à 341
2025-05-03 17:23:23,265 - INFO - IA: Raquette droite déplacée de 245 à 252
2025-05-03 17:23:23,282 - INFO - JOUEUR: Raquette gauche déplacée de 341 à 348
2025-05-03 17:23:23,283 - INFO - IA: Raquette droite déplacée de 252 à 259
2025-05-03 17:23:23,301 - INFO - JOUEUR: Raquette gauche déplacée de 348 à 355
2025-05-03 17:23:23,301 - INFO - IA: Raquette droite déplacée de 259 à 266
2025-05-03 17:23:23,319 - INFO - JOUEUR: Raquette gauche déplacée de 355 à 362
2025-05-03 17:23:23,319 - INFO - IA: Raquette droite déplacée de 266 à 273
2025-05-03 17:23:23,337 - INFO - JOUEUR: Raquette gauche déplacée de 362 à 369
2025-05-03 17:23:23,338 - INFO - IA: Raquette droite déplacée de 273 à 280
2025-05-03 17:23:23,355 - INFO - JOUEUR: Raquette gauche déplacée de 369 à 376
2025-05-03 17:23:23,355 - INFO - IA: Raquette droite déplacée de 280 à 273
2025-05-03 17:23:23,372 - INFO - JOUEUR: Raquette gauche déplacée de 376 à 383
2025-05-03 17:23:23,373 - INFO - IA: Raquette droite déplacée de 273 à 280
2025-05-03 17:23:23,390 - INFO - JOUEUR: Raquette gauche déplacée de 383 à 390
2025-05-03 17:23:23,390 - INFO - IA: Raquette droite déplacée de 280 à 287
2025-05-03 17:23:23,407 - INFO - IA: Raquette droite déplacée de 287 à 294
2025-05-03 17:23:23,425 - INFO - IA: Raquette droite déplacée de 294 à 301
2025-05-03 17:23:23,442 - INFO - IA: Raquette droite déplacée de 301 à 308
2025-05-03 17:23:23,459 - INFO - IA: Raquette droite déplacée de 308 à 315
2025-05-03 17:23:23,477 - INFO - INPUT: Joueur relâche les touches directionnelles
2025-05-03 17:23:23,477 - INFO - IA: Raquette droite déplacée de 315 à 308
2025-05-03 17:23:23,494 - INFO - IA: Raquette droite déplacée de 308 à 315
2025-05-03 17:23:23,512 - INFO - IA: Raquette droite déplacée de 315 à 322
2025-05-03 17:23:23,530 - INFO - IA: Raquette droite déplacée de 322 à 329
2025-05-03 17:23:23,548 - INFO - IA: Raquette droite déplacée de 329 à 336
2025-05-03 17:23:23,565 - INFO - IA: Raquette droite déplacée de 336 à 329
2025-05-03 17:23:23,583 - INFO - IA: Raquette droite déplacée de 329 à 336
2025-05-03 17:23:23,600 - INFO - IA: Raquette droite déplacée de 336 à 343
2025-05-03 17:23:23,618 - INFO - IA: Raquette droite déplacée de 343 à 350
2025-05-03 17:23:23,635 - INFO - IA: Raquette droite déplacée de 350 à 357
2025-05-03 17:23:23,652 - INFO - IA: Raquette droite déplacée de 357 à 364
2025-05-03 17:23:23,670 - INFO - IA: Raquette droite déplacée de 364 à 371
2025-05-03 17:23:23,687 - INFO - IA: Raquette droite déplacée de 371 à 378
2025-05-03 17:23:23,705 - INFO - IA: Raquette droite déplacée de 378 à 385
2025-05-03 17:23:23,723 - INFO - INPUT: Joueur appuie sur la touche HAUT
2025-05-03 17:23:23,723 - INFO - JOUEUR: Raquette gauche déplacée de 390 à 383
2025-05-03 17:23:23,723 - INFO - IA: Raquette droite déplacée de 385 à 390
2025-05-03 17:23:23,740 - INFO - JOUEUR: Raquette gauche déplacée de 383 à 376
2025-05-03 17:23:23,758 - INFO - JOUEUR: Raquette gauche déplacée de 376 à 369
2025-05-03 17:23:23,775 - INFO - JOUEUR: Raquette gauche déplacée de 369 à 362
2025-05-03 17:23:23,793 - INFO - JOUEUR: Raquette gauche déplacée de 362 à 355
2025-05-03 17:23:23,793 - INFO - COLLISION: Balle a rebondi sur un mur à la position (108, 468)
2025-05-03 17:23:23,810 - INFO - JOUEUR: Raquette gauche déplacée de 355 à 348
2025-05-03 17:23:23,827 - INFO - JOUEUR: Raquette gauche déplacée de 348 à 341
2025-05-03 17:23:23,845 - INFO - JOUEUR: Raquette gauche déplacée de 341 à 334
2025-05-03 17:23:23,863 - INFO - INPUT: Joueur relâche les touches directionnelles
2025-05-03 17:23:23,863 - INFO - IA: Raquette droite déplacée de 390 à 383
2025-05-03 17:23:23,880 - INFO - IA: Raquette droite déplacée de 383 à 390
2025-05-03 17:23:23,930 - INFO - IA: Raquette droite déplacée de 390 à 383
2025-05-03 17:23:23,948 - INFO - IA: Raquette droite déplacée de 383 à 376
2025-05-03 17:23:23,966 - INFO - IA: Raquette droite déplacée de 376 à 369
2025-05-03 17:23:23,983 - INFO - IA: Raquette droite déplacée de 369 à 376
2025-05-03 17:23:24,000 - INFO - IA: Raquette droite déplacée de 376 à 383
2025-05-03 17:23:24,018 - INFO - IA: Raquette droite déplacée de 383 à 390
2025-05-03 17:23:24,035 - INFO - IA: Raquette droite déplacée de 390 à 383
2025-05-03 17:23:24,053 - INFO - IA: Raquette droite déplacée de 383 à 376
2025-05-03 17:23:24,053 - INFO - COLLISION: Balle a rebondi sur une raquette à la position (33, 393)
2025-05-03 17:23:24,088 - INFO - IA: Raquette droite déplacée de 376 à 383
2025-05-03 17:23:24,106 - INFO - IA: Raquette droite déplacée de 383 à 376
2025-05-03 17:23:24,123 - INFO - IA: Raquette droite déplacée de 376 à 369
2025-05-03 17:23:24,140 - INFO - IA: Raquette droite déplacée de 369 à 362
2025-05-03 17:23:24,157 - INFO - IA: Raquette droite déplacée de 362 à 355
2025-05-03 17:23:24,175 - INFO - IA: Raquette droite déplacée de 355 à 348
2025-05-03 17:23:24,192 - INFO - INPUT: Joueur appuie sur la touche HAUT
2025-05-03 17:23:24,193 - INFO - JOUEUR: Raquette gauche déplacée de 334 à 327
2025-05-03 17:23:24,193 - INFO - IA: Raquette droite déplacée de 348 à 341
2025-05-03 17:23:24,210 - INFO - JOUEUR: Raquette gauche déplacée de 327 à 320
2025-05-03 17:23:24,210 - INFO - IA: Raquette droite déplacée de 341 à 334
2025-05-03 17:23:24,226 - INFO - JOUEUR: Raquette gauche déplacée de 320 à 313
2025-05-03 17:23:24,226 - INFO - IA: Raquette droite déplacée de 334 à 327
2025-05-03 17:23:24,243 - INFO - JOUEUR: Raquette gauche déplacée de 313 à 306
2025-05-03 17:23:24,244 - INFO - IA: Raquette droite déplacée de 327 à 320
2025-05-03 17:23:24,260 - INFO - JOUEUR: Raquette gauche déplacée de 306 à 299
2025-05-03 17:23:24,261 - INFO - IA: Raquette droite déplacée de 320 à 327
2025-05-03 17:23:24,278 - INFO - JOUEUR: Raquette gauche déplacée de 299 à 292
2025-05-03 17:23:24,279 - INFO - IA: Raquette droite déplacée de 327 à 320
2025-05-03 17:23:24,297 - INFO - JOUEUR: Raquette gauche déplacée de 292 à 285
2025-05-03 17:23:24,297 - INFO - IA: Raquette droite déplacée de 320 à 313
2025-05-03 17:23:24,314 - INFO - JOUEUR: Raquette gauche déplacée de 285 à 278
2025-05-03 17:23:24,314 - INFO - IA: Raquette droite déplacée de 313 à 306
2025-05-03 17:23:24,332 - INFO - JOUEUR: Raquette gauche déplacée de 278 à 271
2025-05-03 17:23:24,333 - INFO - IA: Raquette droite déplacée de 306 à 299
2025-05-03 17:23:24,349 - INFO - JOUEUR: Raquette gauche déplacée de 271 à 264
2025-05-03 17:23:24,350 - INFO - IA: Raquette droite déplacée de 299 à 292
2025-05-03 17:23:24,367 - INFO - JOUEUR: Raquette gauche déplacée de 264 à 257
2025-05-03 17:23:24,367 - INFO - IA: Raquette droite déplacée de 292 à 285
2025-05-03 17:23:24,385 - INFO - JOUEUR: Raquette gauche déplacée de 257 à 250
2025-05-03 17:23:24,385 - INFO - IA: Raquette droite déplacée de 285 à 278
2025-05-03 17:23:24,402 - INFO - JOUEUR: Raquette gauche déplacée de 250 à 243
2025-05-03 17:23:24,403 - INFO - IA: Raquette droite déplacée de 278 à 271
2025-05-03 17:23:24,420 - INFO - JOUEUR: Raquette gauche déplacée de 243 à 236
2025-05-03 17:23:24,437 - INFO - JOUEUR: Raquette gauche déplacée de 236 à 229
2025-05-03 17:23:24,437 - INFO - IA: Raquette droite déplacée de 271 à 264
2025-05-03 17:23:24,455 - INFO - JOUEUR: Raquette gauche déplacée de 229 à 222
2025-05-03 17:23:24,455 - INFO - IA: Raquette droite déplacée de 264 à 257
2025-05-03 17:23:24,473 - INFO - JOUEUR: Raquette gauche déplacée de 222 à 215
2025-05-03 17:23:24,473 - INFO - IA: Raquette droite déplacée de 257 à 264
2025-05-03 17:23:24,490 - INFO - JOUEUR: Raquette gauche déplacée de 215 à 208
2025-05-03 17:23:24,508 - INFO - JOUEUR: Raquette gauche déplacée de 208 à 201
2025-05-03 17:23:24,508 - INFO - IA: Raquette droite déplacée de 264 à 257
2025-05-03 17:23:24,525 - INFO - JOUEUR: Raquette gauche déplacée de 201 à 194
2025-05-03 17:23:24,525 - INFO - IA: Raquette droite déplacée de 257 à 250
2025-05-03 17:23:24,543 - INFO - JOUEUR: Raquette gauche déplacée de 194 à 187
2025-05-03 17:23:24,544 - INFO - IA: Raquette droite déplacée de 250 à 243
2025-05-03 17:23:24,561 - INFO - JOUEUR: Raquette gauche déplacée de 187 à 180
2025-05-03 17:23:24,562 - INFO - IA: Raquette droite déplacée de 243 à 236
2025-05-03 17:23:24,580 - INFO - JOUEUR: Raquette gauche déplacée de 180 à 173
2025-05-03 17:23:24,580 - INFO - IA: Raquette droite déplacée de 236 à 229
2025-05-03 17:23:24,598 - INFO - JOUEUR: Raquette gauche déplacée de 173 à 166
2025-05-03 17:23:24,598 - INFO - IA: Raquette droite déplacée de 229 à 222
2025-05-03 17:23:24,615 - INFO - JOUEUR: Raquette gauche déplacée de 166 à 159
2025-05-03 17:23:24,616 - INFO - IA: Raquette droite déplacée de 222 à 215
2025-05-03 17:23:24,632 - INFO - JOUEUR: Raquette gauche déplacée de 159 à 152
2025-05-03 17:23:24,633 - INFO - IA: Raquette droite déplacée de 215 à 208
2025-05-03 17:23:24,650 - INFO - JOUEUR: Raquette gauche déplacée de 152 à 145
2025-05-03 17:23:24,650 - INFO - IA: Raquette droite déplacée de 208 à 201
2025-05-03 17:23:24,667 - INFO - JOUEUR: Raquette gauche déplacée de 145 à 138
2025-05-03 17:23:24,667 - INFO - IA: Raquette droite déplacée de 201 à 194
2025-05-03 17:23:24,685 - INFO - INPUT: Joueur relâche les touches directionnelles
2025-05-03 17:23:24,685 - INFO - IA: Raquette droite déplacée de 194 à 187
2025-05-03 17:23:24,702 - INFO - IA: Raquette droite déplacée de 187 à 180
2025-05-03 17:23:24,719 - INFO - IA: Raquette droite déplacée de 180 à 173
2025-05-03 17:23:24,736 - INFO - IA: Raquette droite déplacée de 173 à 166
2025-05-03 17:23:24,754 - INFO - IA: Raquette droite déplacée de 166 à 159
2025-05-03 17:23:24,771 - INFO - IA: Raquette droite déplacée de 159 à 152
2025-05-03 17:23:24,789 - INFO - IA: Raquette droite déplacée de 152 à 159
2025-05-03 17:23:24,807 - INFO - IA: Raquette droite déplacée de 159 à 152
2025-05-03 17:23:24,824 - INFO - IA: Raquette droite déplacée de 152 à 159
2025-05-03 17:23:24,842 - INFO - IA: Raquette droite déplacée de 159 à 152
2025-05-03 17:23:24,859 - INFO - INPUT: Joueur appuie sur la touche BAS
2025-05-03 17:23:24,860 - INFO - JOUEUR: Raquette gauche déplacée de 138 à 145
2025-05-03 17:23:24,860 - INFO - IA: Raquette droite déplacée de 152 à 145
2025-05-03 17:23:24,877 - INFO - JOUEUR: Raquette gauche déplacée de 145 à 152
2025-05-03 17:23:24,877 - INFO - IA: Raquette droite déplacée de 145 à 152
2025-05-03 17:23:24,894 - INFO - JOUEUR: Raquette gauche déplacée de 152 à 159
2025-05-03 17:23:24,894 - INFO - IA: Raquette droite déplacée de 152 à 145
2025-05-03 17:23:24,911 - INFO - JOUEUR: Raquette gauche déplacée de 159 à 166
2025-05-03 17:23:24,911 - INFO - IA: Raquette droite déplacée de 145 à 138
2025-05-03 17:23:24,928 - INFO - JOUEUR: Raquette gauche déplacée de 166 à 173
2025-05-03 17:23:24,928 - INFO - IA: Raquette droite déplacée de 138 à 131
2025-05-03 17:23:24,945 - INFO - JOUEUR: Raquette gauche déplacée de 173 à 180
2025-05-03 17:23:24,945 - INFO - IA: Raquette droite déplacée de 131 à 124
2025-05-03 17:23:24,962 - INFO - JOUEUR: Raquette gauche déplacée de 180 à 187
2025-05-03 17:23:24,962 - INFO - IA: Raquette droite déplacée de 124 à 117
2025-05-03 17:23:24,979 - INFO - JOUEUR: Raquette gauche déplacée de 187 à 194
2025-05-03 17:23:24,979 - INFO - IA: Raquette droite déplacée de 117 à 110
2025-05-03 17:23:24,996 - INFO - JOUEUR: Raquette gauche déplacée de 194 à 201
2025-05-03 17:23:24,997 - INFO - IA: Raquette droite déplacée de 110 à 103
2025-05-03 17:23:25,014 - INFO - JOUEUR: Raquette gauche déplacée de 201 à 208
2025-05-03 17:23:25,014 - INFO - IA: Raquette droite déplacée de 103 à 96
2025-05-03 17:23:25,032 - INFO - JOUEUR: Raquette gauche déplacée de 208 à 215
2025-05-03 17:23:25,032 - INFO - IA: Raquette droite déplacée de 96 à 103
2025-05-03 17:23:25,049 - INFO - JOUEUR: Raquette gauche déplacée de 215 à 222
2025-05-03 17:23:25,049 - INFO - IA: Raquette droite déplacée de 103 à 96
2025-05-03 17:23:25,066 - INFO - JOUEUR: Raquette gauche déplacée de 222 à 229
2025-05-03 17:23:25,066 - INFO - IA: Raquette droite déplacée de 96 à 89
2025-05-03 17:23:25,083 - INFO - JOUEUR: Raquette gauche déplacée de 229 à 236
2025-05-03 17:23:25,083 - INFO - IA: Raquette droite déplacée de 89 à 82
2025-05-03 17:23:25,101 - INFO - JOUEUR: Raquette gauche déplacée de 236 à 243
2025-05-03 17:23:25,101 - INFO - IA: Raquette droite déplacée de 82 à 75
2025-05-03 17:23:25,119 - INFO - INPUT: Joueur relâche les touches directionnelles
2025-05-03 17:23:25,119 - INFO - IA: Raquette droite déplacée de 75 à 68
2025-05-03 17:23:25,137 - INFO - IA: Raquette droite déplacée de 68 à 61
2025-05-03 17:23:25,154 - INFO - IA: Raquette droite déplacée de 61 à 54
2025-05-03 17:23:25,171 - INFO - IA: Raquette droite déplacée de 54 à 47
2025-05-03 17:23:25,188 - INFO - IA: Raquette droite déplacée de 47 à 40
2025-05-03 17:23:25,205 - INFO - IA: Raquette droite déplacée de 40 à 33
2025-05-03 17:23:25,222 - INFO - IA: Raquette droite déplacée de 33 à 26
2025-05-03 17:23:25,239 - INFO - IA: Raquette droite déplacée de 26 à 19
2025-05-03 17:23:25,256 - INFO - IA: Raquette droite déplacée de 19 à 26
2025-05-03 17:23:25,274 - INFO - IA: Raquette droite déplacée de 26 à 19
2025-05-03 17:23:25,291 - INFO - IA: Raquette droite déplacée de 19 à 26
2025-05-03 17:23:25,308 - INFO - IA: Raquette droite déplacée de 26 à 19
2025-05-03 17:23:25,326 - INFO - IA: Raquette droite déplacée de 19 à 12
2025-05-03 17:23:25,343 - INFO - IA: Raquette droite déplacée de 12 à 5
2025-05-03 17:23:25,360 - INFO - IA: Raquette droite déplacée de 5 à 0
2025-05-03 17:23:25,429 - INFO - COLLISION: Balle a rebondi sur un mur à la position (507, -2)
2025-05-03 17:23:25,567 - INFO - COLLISION: Balle a rebondi sur une raquette à la position (555, 38)
2025-05-03 17:23:25,585 - INFO - IA: Raquette droite déplacée de 0 à 7
2025-05-03 17:23:25,603 - INFO - IA: Raquette droite déplacée de 7 à 0
2025-05-03 17:23:25,621 - INFO - INPUT: Joueur appuie sur la touche HAUT
2025-05-03 17:23:25,622 - INFO - JOUEUR: Raquette gauche déplacée de 243 à 236
2025-05-03 17:23:25,622 - INFO - IA: Raquette droite déplacée de 0 à 7
2025-05-03 17:23:25,640 - INFO - JOUEUR: Raquette gauche déplacée de 236 à 229
2025-05-03 17:23:25,640 - INFO - IA: Raquette droite déplacée de 7 à 14
2025-05-03 17:23:25,658 - INFO - JOUEUR: Raquette gauche déplacée de 229 à 222
2025-05-03 17:23:25,658 - INFO - IA: Raquette droite déplacée de 14 à 7
2025-05-03 17:23:25,675 - INFO - JOUEUR: Raquette gauche déplacée de 222 à 215
2025-05-03 17:23:25,675 - INFO - IA: Raquette droite déplacée de 7 à 14
2025-05-03 17:23:25,693 - INFO - JOUEUR: Raquette gauche déplacée de 215 à 208
2025-05-03 17:23:25,693 - INFO - IA: Raquette droite déplacée de 14 à 21
2025-05-03 17:23:25,711 - INFO - JOUEUR: Raquette gauche déplacée de 208 à 201
2025-05-03 17:23:25,711 - INFO - IA: Raquette droite déplacée de 21 à 14
2025-05-03 17:23:25,729 - INFO - JOUEUR: Raquette gauche déplacée de 201 à 194
2025-05-03 17:23:25,729 - INFO - IA: Raquette droite déplacée de 14 à 21
2025-05-03 17:23:25,746 - INFO - JOUEUR: Raquette gauche déplacée de 194 à 187
2025-05-03 17:23:25,746 - INFO - IA: Raquette droite déplacée de 21 à 28
2025-05-03 17:23:25,763 - INFO - JOUEUR: Raquette gauche déplacée de 187 à 180
2025-05-03 17:23:25,763 - INFO - IA: Raquette droite déplacée de 28 à 35
2025-05-03 17:23:25,780 - INFO - JOUEUR: Raquette gauche déplacée de 180 à 173
2025-05-03 17:23:25,781 - INFO - IA: Raquette droite déplacée de 35 à 42
2025-05-03 17:23:25,796 - INFO - JOUEUR: Raquette gauche déplacée de 173 à 166
2025-05-03 17:23:25,797 - INFO - IA: Raquette droite déplacée de 42 à 35
2025-05-03 17:23:25,814 - INFO - JOUEUR: Raquette gauche déplacée de 166 à 159
2025-05-03 17:23:25,814 - INFO - IA: Raquette droite déplacée de 35 à 42
2025-05-03 17:23:25,831 - INFO - JOUEUR: Raquette gauche déplacée de 159 à 152
2025-05-03 17:23:25,831 - INFO - IA: Raquette droite déplacée de 42 à 49
2025-05-03 17:23:25,848 - INFO - JOUEUR: Raquette gauche déplacée de 152 à 145
2025-05-03 17:23:25,848 - INFO - IA: Raquette droite déplacée de 49 à 56
2025-05-03 17:23:25,865 - INFO - JOUEUR: Raquette gauche déplacée de 145 à 138
2025-05-03 17:23:25,866 - INFO - IA: Raquette droite déplacée de 56 à 63
2025-05-03 17:23:25,884 - INFO - JOUEUR: Raquette gauche déplacée de 138 à 131
2025-05-03 17:23:25,884 - INFO - IA: Raquette droite déplacée de 63 à 70
2025-05-03 17:23:25,901 - INFO - JOUEUR: Raquette gauche déplacée de 131 à 124
2025-05-03 17:23:25,901 - INFO - IA: Raquette droite déplacée de 70 à 63
2025-05-03 17:23:25,918 - INFO - JOUEUR: Raquette gauche déplacée de 124 à 117
2025-05-03 17:23:25,918 - INFO - IA: Raquette droite déplacée de 63 à 70
2025-05-03 17:23:25,936 - INFO - JOUEUR: Raquette gauche déplacée de 117 à 110
2025-05-03 17:23:25,954 - INFO - INPUT: Joueur relâche les touches directionnelles
2025-05-03 17:23:25,954 - INFO - IA: Raquette droite déplacée de 70 à 77
2025-05-03 17:23:25,971 - INFO - IA: Raquette droite déplacée de 77 à 84
2025-05-03 17:23:25,988 - INFO - IA: Raquette droite déplacée de 84 à 91
2025-05-03 17:23:26,005 - INFO - IA: Raquette droite déplacée de 91 à 98
2025-05-03 17:23:26,022 - INFO - IA: Raquette droite déplacée de 98 à 105
2025-05-03 17:23:26,039 - INFO - IA: Raquette droite déplacée de 105 à 112
2025-05-03 17:23:26,057 - INFO - IA: Raquette droite déplacée de 112 à 119
2025-05-03 17:23:26,074 - INFO - IA: Raquette droite déplacée de 119 à 126
2025-05-03 17:23:26,091 - INFO - IA: Raquette droite déplacée de 126 à 133
2025-05-03 17:23:26,108 - INFO - IA: Raquette droite déplacée de 133 à 140
2025-05-03 17:23:26,126 - INFO - INPUT: Joueur appuie sur la touche BAS
2025-05-03 17:23:26,126 - INFO - JOUEUR: Raquette gauche déplacée de 110 à 117
2025-05-03 17:23:26,127 - INFO - IA: Raquette droite déplacée de 140 à 147
2025-05-03 17:23:26,145 - INFO - JOUEUR: Raquette gauche déplacée de 117 à 124
2025-05-03 17:23:26,145 - INFO - IA: Raquette droite déplacée de 147 à 154
2025-05-03 17:23:26,163 - INFO - JOUEUR: Raquette gauche déplacée de 124 à 131
2025-05-03 17:23:26,163 - INFO - IA: Raquette droite déplacée de 154 à 161
2025-05-03 17:23:26,181 - INFO - JOUEUR: Raquette gauche déplacée de 131 à 138
2025-05-03 17:23:26,181 - INFO - IA: Raquette droite déplacée de 161 à 168
2025-05-03 17:23:26,198 - INFO - JOUEUR: Raquette gauche déplacée de 138 à 145
2025-05-03 17:23:26,198 - INFO - IA: Raquette droite déplacée de 168 à 161
2025-05-03 17:23:26,215 - INFO - JOUEUR: Raquette gauche déplacée de 145 à 152
2025-05-03 17:23:26,216 - INFO - IA: Raquette droite déplacée de 161 à 168
2025-05-03 17:23:26,233 - INFO - JOUEUR: Raquette gauche déplacée de 152 à 159
2025-05-03 17:23:26,233 - INFO - IA: Raquette droite déplacée de 168 à 161
2025-05-03 17:23:26,251 - INFO - JOUEUR: Raquette gauche déplacée de 159 à 166
2025-05-03 17:23:26,251 - INFO - IA: Raquette droite déplacée de 161 à 168
2025-05-03 17:23:26,267 - INFO - JOUEUR: Raquette gauche déplacée de 166 à 173
2025-05-03 17:23:26,268 - INFO - IA: Raquette droite déplacée de 168 à 175
2025-05-03 17:23:26,285 - INFO - JOUEUR: Raquette gauche déplacée de 173 à 180
2025-05-03 17:23:26,285 - INFO - IA: Raquette droite déplacée de 175 à 182
2025-05-03 17:23:26,303 - INFO - JOUEUR: Raquette gauche déplacée de 180 à 187
2025-05-03 17:23:26,303 - INFO - IA: Raquette droite déplacée de 182 à 175
2025-05-03 17:23:26,320 - INFO - JOUEUR: Raquette gauche déplacée de 187 à 194
2025-05-03 17:23:26,320 - INFO - IA: Raquette droite déplacée de 175 à 182
2025-05-03 17:23:26,337 - INFO - JOUEUR: Raquette gauche déplacée de 194 à 201
2025-05-03 17:23:26,337 - INFO - IA: Raquette droite déplacée de 182 à 189
2025-05-03 17:23:26,354 - INFO - JOUEUR: Raquette gauche déplacée de 201 à 208
2025-05-03 17:23:26,354 - INFO - IA: Raquette droite déplacée de 189 à 196
2025-05-03 17:23:26,371 - INFO - JOUEUR: Raquette gauche déplacée de 208 à 215
2025-05-03 17:23:26,371 - INFO - IA: Raquette droite déplacée de 196 à 203
2025-05-03 17:23:26,389 - INFO - JOUEUR: Raquette gauche déplacée de 215 à 222
2025-05-03 17:23:26,389 - INFO - IA: Raquette droite déplacée de 203 à 210
2025-05-03 17:23:26,407 - INFO - JOUEUR: Raquette gauche déplacée de 222 à 229
2025-05-03 17:23:26,407 - INFO - IA: Raquette droite déplacée de 210 à 217
2025-05-03 17:23:26,424 - INFO - JOUEUR: Raquette gauche déplacée de 229 à 236
2025-05-03 17:23:26,425 - INFO - IA: Raquette droite déplacée de 217 à 224
2025-05-03 17:23:26,441 - INFO - JOUEUR: Raquette gauche déplacée de 236 à 243
2025-05-03 17:23:26,441 - INFO - IA: Raquette droite déplacée de 224 à 231
2025-05-03 17:23:26,459 - INFO - JOUEUR: Raquette gauche déplacée de 243 à 250
2025-05-03 17:23:26,460 - INFO - IA: Raquette droite déplacée de 231 à 238
2025-05-03 17:23:26,479 - INFO - JOUEUR: Raquette gauche déplacée de 250 à 257
2025-05-03 17:23:26,479 - INFO - IA: Raquette droite déplacée de 238 à 245
2025-05-03 17:23:26,498 - INFO - JOUEUR: Raquette gauche déplacée de 257 à 264
2025-05-03 17:23:26,498 - INFO - IA: Raquette droite déplacée de 245 à 252
2025-05-03 17:23:26,516 - INFO - JOUEUR: Raquette gauche déplacée de 264 à 271
2025-05-03 17:23:26,517 - INFO - IA: Raquette droite déplacée de 252 à 245
2025-05-03 17:23:26,534 - INFO - JOUEUR: Raquette gauche déplacée de 271 à 278
2025-05-03 17:23:26,535 - INFO - IA: Raquette droite déplacée de 245 à 252
2025-05-03 17:23:26,552 - INFO - JOUEUR: Raquette gauche déplacée de 278 à 285
2025-05-03 17:23:26,553 - INFO - IA: Raquette droite déplacée de 252 à 259
2025-05-03 17:23:26,570 - INFO - JOUEUR: Raquette gauche déplacée de 285 à 292
2025-05-03 17:23:26,570 - INFO - IA: Raquette droite déplacée de 259 à 266
2025-05-03 17:23:26,587 - INFO - JOUEUR: Raquette gauche déplacée de 292 à 299
2025-05-03 17:23:26,588 - INFO - IA: Raquette droite déplacée de 266 à 273
2025-05-03 17:23:26,605 - INFO - JOUEUR: Raquette gauche déplacée de 299 à 306
2025-05-03 17:23:26,605 - INFO - IA: Raquette droite déplacée de 273 à 280
2025-05-03 17:23:26,623 - INFO - JOUEUR: Raquette gauche déplacée de 306 à 313
2025-05-03 17:23:26,623 - INFO - IA: Raquette droite déplacée de 280 à 273
2025-05-03 17:23:26,640 - INFO - JOUEUR: Raquette gauche déplacée de 313 à 320
2025-05-03 17:23:26,640 - INFO - IA: Raquette droite déplacée de 273 à 280
2025-05-03 17:23:26,657 - INFO - JOUEUR: Raquette gauche déplacée de 320 à 327
2025-05-03 17:23:26,658 - INFO - IA: Raquette droite déplacée de 280 à 287
2025-05-03 17:23:26,675 - INFO - JOUEUR: Raquette gauche déplacée de 327 à 334
2025-05-03 17:23:26,675 - INFO - IA: Raquette droite déplacée de 287 à 294
2025-05-03 17:23:26,692 - INFO - JOUEUR: Raquette gauche déplacée de 334 à 341
2025-05-03 17:23:26,692 - INFO - IA: Raquette droite déplacée de 294 à 301
2025-05-03 17:23:26,709 - INFO - JOUEUR: Raquette gauche déplacée de 341 à 348
2025-05-03 17:23:26,709 - INFO - IA: Raquette droite déplacée de 301 à 308
2025-05-03 17:23:26,729 - INFO - JOUEUR: Raquette gauche déplacée de 348 à 355
2025-05-03 17:23:26,729 - INFO - IA: Raquette droite déplacée de 308 à 315
2025-05-03 17:23:26,747 - INFO - INPUT: Joueur relâche les touches directionnelles
2025-05-03 17:23:26,748 - INFO - IA: Raquette droite déplacée de 315 à 322
2025-05-03 17:23:26,765 - INFO - IA: Raquette droite déplacée de 322 à 315
2025-05-03 17:23:26,782 - INFO - IA: Raquette droite déplacée de 315 à 322
2025-05-03 17:23:26,799 - INFO - IA: Raquette droite déplacée de 322 à 329
2025-05-03 17:23:26,816 - INFO - IA: Raquette droite déplacée de 329 à 322
2025-05-03 17:23:26,833 - INFO - IA: Raquette droite déplacée de 322 à 329
2025-05-03 17:23:26,850 - INFO - IA: Raquette droite déplacée de 329 à 336
2025-05-03 17:23:26,867 - INFO - IA: Raquette droite déplacée de 336 à 343
2025-05-03 17:23:26,883 - INFO - IA: Raquette droite déplacée de 343 à 350
2025-05-03 17:23:26,884 - INFO - COLLISION: Balle a rebondi sur une raquette à la position (30, 413)
2025-05-03 17:23:26,900 - INFO - IA: Raquette droite déplacée de 350 à 357
2025-05-03 17:23:26,918 - INFO - IA: Raquette droite déplacée de 357 à 364
2025-05-03 17:23:26,936 - INFO - IA: Raquette droite déplacée de 364 à 371
2025-05-03 17:23:26,953 - INFO - IA: Raquette droite déplacée de 371 à 378
2025-05-03 17:23:26,970 - INFO - IA: Raquette droite déplacée de 378 à 385
2025-05-03 17:23:26,988 - INFO - IA: Raquette droite déplacée de 385 à 390
2025-05-03 17:23:27,005 - INFO - IA: Raquette droite déplacée de 390 à 383
2025-05-03 17:23:27,022 - INFO - IA: Raquette droite déplacée de 383 à 390
2025-05-03 17:23:27,073 - INFO - COLLISION: Balle a rebondi sur un mur à la position (107, 468)
2025-05-03 17:23:27,176 - INFO - IA: Raquette droite déplacée de 390 à 383
2025-05-03 17:23:27,193 - INFO - IA: Raquette droite déplacée de 383 à 390
2025-05-03 17:23:27,211 - INFO - IA: Raquette droite déplacée de 390 à 383
2025-05-03 17:23:27,228 - INFO - IA: Raquette droite déplacée de 383 à 390
2025-05-03 17:23:27,280 - INFO - IA: Raquette droite déplacée de 390 à 383
2025-05-03 17:23:27,297 - INFO - IA: Raquette droite déplacée de 383 à 376
2025-05-03 17:23:27,314 - INFO - IA: Raquette droite déplacée de 376 à 369
2025-05-03 17:23:27,332 - INFO - IA: Raquette droite déplacée de 369 à 362
2025-05-03 17:23:27,349 - INFO - IA: Raquette droite déplacée de 362 à 369
2025-05-03 17:23:27,365 - INFO - IA: Raquette droite déplacée de 369 à 362
2025-05-03 17:23:27,382 - INFO - IA: Raquette droite déplacée de 362 à 355
2025-05-03 17:23:27,399 - INFO - IA: Raquette droite déplacée de 355 à 348
2025-05-03 17:23:27,416 - INFO - IA: Raquette droite déplacée de 348 à 355
2025-05-03 17:23:27,433 - INFO - IA: Raquette droite déplacée de 355 à 348
2025-05-03 17:23:27,451 - INFO - IA: Raquette droite déplacée de 348 à 341
2025-05-03 17:23:27,468 - INFO - IA: Raquette droite déplacée de 341 à 334
2025-05-03 17:23:27,486 - INFO - IA: Raquette droite déplacée de 334 à 327
2025-05-03 17:23:27,504 - INFO - INPUT: Joueur appuie sur la touche HAUT
2025-05-03 17:23:27,504 - INFO - JOUEUR: Raquette gauche déplacée de 355 à 348
2025-05-03 17:23:27,504 - INFO - IA: Raquette droite déplacée de 327 à 320
2025-05-03 17:23:27,522 - INFO - JOUEUR: Raquette gauche déplacée de 348 à 341
2025-05-03 17:23:27,522 - INFO - IA: Raquette droite déplacée de 320 à 313
2025-05-03 17:23:27,539 - INFO - JOUEUR: Raquette gauche déplacée de 341 à 334
2025-05-03 17:23:27,539 - INFO - IA: Raquette droite déplacée de 313 à 306
2025-05-03 17:23:27,557 - INFO - JOUEUR: Raquette gauche déplacée de 334 à 327
2025-05-03 17:23:27,558 - INFO - IA: Raquette droite déplacée de 306 à 313
2025-05-03 17:23:27,575 - INFO - JOUEUR: Raquette gauche déplacée de 327 à 320
2025-05-03 17:23:27,576 - INFO - IA: Raquette droite déplacée de 313 à 306
2025-05-03 17:23:27,593 - INFO - JOUEUR: Raquette gauche déplacée de 320 à 313
2025-05-03 17:23:27,593 - INFO - IA: Raquette droite déplacée de 306 à 299
2025-05-03 17:23:27,611 - INFO - JOUEUR: Raquette gauche déplacée de 313 à 306
2025-05-03 17:23:27,611 - INFO - IA: Raquette droite déplacée de 299 à 306
2025-05-03 17:23:27,628 - INFO - JOUEUR: Raquette gauche déplacée de 306 à 299
2025-05-03 17:23:27,629 - INFO - IA: Raquette droite déplacée de 306 à 299
2025-05-03 17:23:27,646 - INFO - JOUEUR: Raquette gauche déplacée de 299 à 292
2025-05-03 17:23:27,646 - INFO - IA: Raquette droite déplacée de 299 à 292
2025-05-03 17:23:27,663 - INFO - JOUEUR: Raquette gauche déplacée de 292 à 285
2025-05-03 17:23:27,664 - INFO - IA: Raquette droite déplacée de 292 à 285
2025-05-03 17:23:27,680 - INFO - JOUEUR: Raquette gauche déplacée de 285 à 278
2025-05-03 17:23:27,681 - INFO - IA: Raquette droite déplacée de 285 à 278
2025-05-03 17:23:27,698 - INFO - JOUEUR: Raquette gauche déplacée de 278 à 271
2025-05-03 17:23:27,698 - INFO - IA: Raquette droite déplacée de 278 à 271
2025-05-03 17:23:27,716 - INFO - JOUEUR: Raquette gauche déplacée de 271 à 264
2025-05-03 17:23:27,716 - INFO - IA: Raquette droite déplacée de 271 à 264
2025-05-03 17:23:27,734 - INFO - JOUEUR: Raquette gauche déplacée de 264 à 257
2025-05-03 17:23:27,734 - INFO - IA: Raquette droite déplacée de 264 à 257
2025-05-03 17:23:27,752 - INFO - JOUEUR: Raquette gauche déplacée de 257 à 250
2025-05-03 17:23:27,752 - INFO - IA: Raquette droite déplacée de 257 à 250
2025-05-03 17:23:27,770 - INFO - JOUEUR: Raquette gauche déplacée de 250 à 243
2025-05-03 17:23:27,770 - INFO - IA: Raquette droite déplacée de 250 à 243
2025-05-03 17:23:27,787 - INFO - JOUEUR: Raquette gauche déplacée de 243 à 236
2025-05-03 17:23:27,788 - INFO - IA: Raquette droite déplacée de 243 à 236
2025-05-03 17:23:27,805 - INFO - JOUEUR: Raquette gauche déplacée de 236 à 229
2025-05-03 17:23:27,805 - INFO - IA: Raquette droite déplacée de 236 à 229
2025-05-03 17:23:27,822 - INFO - JOUEUR: Raquette gauche déplacée de 229 à 222
2025-05-03 17:23:27,822 - INFO - IA: Raquette droite déplacée de 229 à 222
2025-05-03 17:23:27,839 - INFO - JOUEUR: Raquette gauche déplacée de 222 à 215
2025-05-03 17:23:27,839 - INFO - IA: Raquette droite déplacée de 222 à 215
2025-05-03 17:23:27,857 - INFO - JOUEUR: Raquette gauche déplacée de 215 à 208
2025-05-03 17:23:27,857 - INFO - IA: Raquette droite déplacée de 215 à 222
2025-05-03 17:23:27,874 - INFO - JOUEUR: Raquette gauche déplacée de 208 à 201
2025-05-03 17:23:27,874 - INFO - IA: Raquette droite déplacée de 222 à 215
2025-05-03 17:23:27,891 - INFO - JOUEUR: Raquette gauche déplacée de 201 à 194
2025-05-03 17:23:27,892 - INFO - IA: Raquette droite déplacée de 215 à 208
2025-05-03 17:23:27,908 - INFO - JOUEUR: Raquette gauche déplacée de 194 à 187
2025-05-03 17:23:27,908 - INFO - IA: Raquette droite déplacée de 208 à 201
2025-05-03 17:23:27,925 - INFO - JOUEUR: Raquette gauche déplacée de 187 à 180
2025-05-03 17:23:27,925 - INFO - IA: Raquette droite déplacée de 201 à 208
2025-05-03 17:23:27,943 - INFO - JOUEUR: Raquette gauche déplacée de 180 à 173
2025-05-03 17:23:27,943 - INFO - IA: Raquette droite déplacée de 208 à 201
2025-05-03 17:23:27,960 - INFO - JOUEUR: Raquette gauche déplacée de 173 à 166
2025-05-03 17:23:27,960 - INFO - IA: Raquette droite déplacée de 201 à 208
2025-05-03 17:23:27,977 - INFO - JOUEUR: Raquette gauche déplacée de 166 à 159
2025-05-03 17:23:27,977 - INFO - IA: Raquette droite déplacée de 208 à 201
2025-05-03 17:23:27,994 - INFO - JOUEUR: Raquette gauche déplacée de 159 à 152
2025-05-03 17:23:27,994 - INFO - IA: Raquette droite déplacée de 201 à 194
2025-05-03 17:23:28,011 - INFO - JOUEUR: Raquette gauche déplacée de 152 à 145
2025-05-03 17:23:28,011 - INFO - IA: Raquette droite déplacée de 194 à 187
2025-05-03 17:23:28,029 - INFO - JOUEUR: Raquette gauche déplacée de 145 à 138
2025-05-03 17:23:28,029 - INFO - IA: Raquette droite déplacée de 187 à 180
2025-05-03 17:23:28,047 - INFO - JOUEUR: Raquette gauche déplacée de 138 à 131
2025-05-03 17:23:28,047 - INFO - IA: Raquette droite déplacée de 180 à 173
2025-05-03 17:23:28,065 - INFO - JOUEUR: Raquette gauche déplacée de 131 à 124
2025-05-03 17:23:28,082 - INFO - JOUEUR: Raquette gauche déplacée de 124 à 117
2025-05-03 17:23:28,082 - INFO - IA: Raquette droite déplacée de 173 à 166
2025-05-03 17:23:28,099 - INFO - JOUEUR: Raquette gauche déplacée de 117 à 110
2025-05-03 17:23:28,099 - INFO - IA: Raquette droite déplacée de 166 à 159
2025-05-03 17:23:28,116 - INFO - JOUEUR: Raquette gauche déplacée de 110 à 103
2025-05-03 17:23:28,117 - INFO - IA: Raquette droite déplacée de 159 à 152
2025-05-03 17:23:28,134 - INFO - JOUEUR: Raquette gauche déplacée de 103 à 96
2025-05-03 17:23:28,134 - INFO - IA: Raquette droite déplacée de 152 à 159
2025-05-03 17:23:28,151 - INFO - JOUEUR: Raquette gauche déplacée de 96 à 89
2025-05-03 17:23:28,151 - INFO - IA: Raquette droite déplacée de 159 à 152
2025-05-03 17:23:28,171 - INFO - JOUEUR: Raquette gauche déplacée de 89 à 82
2025-05-03 17:23:28,171 - INFO - IA: Raquette droite déplacée de 152 à 145
2025-05-03 17:23:28,188 - INFO - JOUEUR: Raquette gauche déplacée de 82 à 75
2025-05-03 17:23:28,189 - INFO - IA: Raquette droite déplacée de 145 à 138
2025-05-03 17:23:28,189 - INFO - COLLISION: Balle a rebondi sur une raquette à la position (555, 148)
2025-05-03 17:23:28,206 - INFO - JOUEUR: Raquette gauche déplacée de 75 à 68
2025-05-03 17:23:28,206 - INFO - IA: Raquette droite déplacée de 138 à 131
2025-05-03 17:23:28,224 - INFO - JOUEUR: Raquette gauche déplacée de 68 à 61
2025-05-03 17:23:28,224 - INFO - IA: Raquette droite déplacée de 131 à 124
2025-05-03 17:23:28,242 - INFO - INPUT: Joueur relâche les touches directionnelles
2025-05-03 17:23:28,242 - INFO - IA: Raquette droite déplacée de 124 à 117
2025-05-03 17:23:28,260 - INFO - IA: Raquette droite déplacée de 117 à 110
2025-05-03 17:23:28,277 - INFO - IA: Raquette droite déplacée de 110 à 103
2025-05-03 17:23:28,295 - INFO - IA: Raquette droite déplacée de 103 à 110
2025-05-03 17:23:28,312 - INFO - IA: Raquette droite déplacée de 110 à 103
2025-05-03 17:23:28,329 - INFO - IA: Raquette droite déplacée de 103 à 96
2025-05-03 17:23:28,347 - INFO - IA: Raquette droite déplacée de 96 à 89
2025-05-03 17:23:28,364 - INFO - IA: Raquette droite déplacée de 89 à 82
2025-05-03 17:23:28,381 - INFO - IA: Raquette droite déplacée de 82 à 75
2025-05-03 17:23:28,416 - INFO - IA: Raquette droite déplacée de 75 à 68
2025-05-03 17:23:28,433 - INFO - IA: Raquette droite déplacée de 68 à 75
2025-05-03 17:23:28,451 - INFO - IA: Raquette droite déplacée de 75 à 68
2025-05-03 17:23:28,469 - INFO - IA: Raquette droite déplacée de 68 à 61
2025-05-03 17:23:28,486 - INFO - IA: Raquette droite déplacée de 61 à 54
2025-05-03 17:23:28,503 - INFO - IA: Raquette droite déplacée de 54 à 47
2025-05-03 17:23:28,520 - INFO - IA: Raquette droite déplacée de 47 à 40
2025-05-03 17:23:28,538 - INFO - IA: Raquette droite déplacée de 40 à 33
2025-05-03 17:23:28,556 - INFO - IA: Raquette droite déplacée de 33 à 26
2025-05-03 17:23:28,573 - INFO - IA: Raquette droite déplacée de 26 à 19
2025-05-03 17:23:28,591 - INFO - IA: Raquette droite déplacée de 19 à 26
2025-05-03 17:23:28,609 - INFO - IA: Raquette droite déplacée de 26 à 19
2025-05-03 17:23:28,626 - INFO - IA: Raquette droite déplacée de 19 à 12
2025-05-03 17:23:28,643 - INFO - IA: Raquette droite déplacée de 12 à 5
2025-05-03 17:23:28,661 - INFO - IA: Raquette droite déplacée de 5 à 0
2025-05-03 17:23:28,714 - INFO - COLLISION: Balle a rebondi sur un mur à la position (315, -2)
2025-05-03 17:23:28,853 - INFO - IA: Raquette droite déplacée de 0 à 7
2025-05-03 17:23:28,871 - INFO - IA: Raquette droite déplacée de 7 à 0
2025-05-03 17:23:28,888 - INFO - IA: Raquette droite déplacée de 0 à 7
2025-05-03 17:23:28,905 - INFO - IA: Raquette droite déplacée de 7 à 14
2025-05-03 17:23:28,923 - INFO - IA: Raquette droite déplacée de 14 à 7
2025-05-03 17:23:28,941 - INFO - IA: Raquette droite déplacée de 7 à 14
2025-05-03 17:23:28,958 - INFO - IA: Raquette droite déplacée de 14 à 21
2025-05-03 17:23:28,975 - INFO - IA: Raquette droite déplacée de 21 à 14
2025-05-03 17:23:28,992 - INFO - IA: Raquette droite déplacée de 14 à 21
2025-05-03 17:23:29,026 - INFO - IA: Raquette droite déplacée de 21 à 28
2025-05-03 17:23:29,043 - INFO - IA: Raquette droite déplacée de 28 à 35
2025-05-03 17:23:29,060 - INFO - IA: Raquette droite déplacée de 35 à 42
2025-05-03 17:23:29,077 - INFO - IA: Raquette droite déplacée de 42 à 49
2025-05-03 17:23:29,094 - INFO - IA: Raquette droite déplacée de 49 à 56
2025-05-03 17:23:29,113 - INFO - INPUT: Joueur appuie sur la touche BAS
2025-05-03 17:23:29,113 - INFO - JOUEUR: Raquette gauche déplacée de 61 à 68
2025-05-03 17:23:29,113 - INFO - IA: Raquette droite déplacée de 56 à 63
2025-05-03 17:23:29,131 - INFO - JOUEUR: Raquette gauche déplacée de 68 à 75
2025-05-03 17:23:29,148 - INFO - JOUEUR: Raquette gauche déplacée de 75 à 82
2025-05-03 17:23:29,148 - INFO - IA: Raquette droite déplacée de 63 à 70
2025-05-03 17:23:29,165 - INFO - JOUEUR: Raquette gauche déplacée de 82 à 89
2025-05-03 17:23:29,165 - INFO - IA: Raquette droite déplacée de 70 à 77
2025-05-03 17:23:29,182 - INFO - JOUEUR: Raquette gauche déplacée de 89 à 96
2025-05-03 17:23:29,182 - INFO - IA: Raquette droite déplacée de 77 à 84
2025-05-03 17:23:29,199 - INFO - JOUEUR: Raquette gauche déplacée de 96 à 103
2025-05-03 17:23:29,199 - INFO - IA: Raquette droite déplacée de 84 à 91
2025-05-03 17:23:29,217 - INFO - JOUEUR: Raquette gauche déplacée de 103 à 110
2025-05-03 17:23:29,217 - INFO - IA: Raquette droite déplacée de 91 à 98
2025-05-03 17:23:29,234 - INFO - JOUEUR: Raquette gauche déplacée de 110 à 117
2025-05-03 17:23:29,235 - INFO - IA: Raquette droite déplacée de 98 à 105
2025-05-03 17:23:29,252 - INFO - JOUEUR: Raquette gauche déplacée de 117 à 124
2025-05-03 17:23:29,252 - INFO - IA: Raquette droite déplacée de 105 à 98
2025-05-03 17:23:29,269 - INFO - JOUEUR: Raquette gauche déplacée de 124 à 131
2025-05-03 17:23:29,269 - INFO - IA: Raquette droite déplacée de 98 à 105
2025-05-03 17:23:29,286 - INFO - JOUEUR: Raquette gauche déplacée de 131 à 138
2025-05-03 17:23:29,286 - INFO - IA: Raquette droite déplacée de 105 à 98
2025-05-03 17:23:29,303 - INFO - JOUEUR: Raquette gauche déplacée de 138 à 145
2025-05-03 17:23:29,303 - INFO - IA: Raquette droite déplacée de 98 à 105
2025-05-03 17:23:29,321 - INFO - JOUEUR: Raquette gauche déplacée de 145 à 152
2025-05-03 17:23:29,338 - INFO - JOUEUR: Raquette gauche déplacée de 152 à 159
2025-05-03 17:23:29,338 - INFO - IA: Raquette droite déplacée de 105 à 112
2025-05-03 17:23:29,339 - INFO - COLLISION: Balle a rebondi sur une raquette à la position (27, 178)
2025-05-03 17:23:29,356 - INFO - JOUEUR: Raquette gauche déplacée de 159 à 166
2025-05-03 17:23:29,356 - INFO - IA: Raquette droite déplacée de 112 à 119
2025-05-03 17:23:29,374 - INFO - JOUEUR: Raquette gauche déplacée de 166 à 173
2025-05-03 17:23:29,374 - INFO - IA: Raquette droite déplacée de 119 à 126
2025-05-03 17:23:29,391 - INFO - JOUEUR: Raquette gauche déplacée de 173 à 180
2025-05-03 17:23:29,392 - INFO - IA: Raquette droite déplacée de 126 à 119
2025-05-03 17:23:29,408 - INFO - JOUEUR: Raquette gauche déplacée de 180 à 187
2025-05-03 17:23:29,409 - INFO - IA: Raquette droite déplacée de 119 à 126
2025-05-03 17:23:29,425 - INFO - JOUEUR: Raquette gauche déplacée de 187 à 194
2025-05-03 17:23:29,425 - INFO - IA: Raquette droite déplacée de 126 à 133
2025-05-03 17:23:29,442 - INFO - JOUEUR: Raquette gauche déplacée de 194 à 201
2025-05-03 17:23:29,443 - INFO - IA: Raquette droite déplacée de 133 à 140
2025-05-03 17:23:29,460 - INFO - JOUEUR: Raquette gauche déplacée de 201 à 208
2025-05-03 17:23:29,460 - INFO - IA: Raquette droite déplacée de 140 à 147
2025-05-03 17:23:29,478 - INFO - JOUEUR: Raquette gauche déplacée de 208 à 215
2025-05-03 17:23:29,478 - INFO - IA: Raquette droite déplacée de 147 à 154
2025-05-03 17:23:29,495 - INFO - JOUEUR: Raquette gauche déplacée de 215 à 222
2025-05-03 17:23:29,495 - INFO - IA: Raquette droite déplacée de 154 à 161
2025-05-03 17:23:29,512 - INFO - JOUEUR: Raquette gauche déplacée de 222 à 229
2025-05-03 17:23:29,512 - INFO - IA: Raquette droite déplacée de 161 à 168
2025-05-03 17:23:29,529 - INFO - JOUEUR: Raquette gauche déplacée de 229 à 236
2025-05-03 17:23:29,529 - INFO - IA: Raquette droite déplacée de 168 à 175
2025-05-03 17:23:29,547 - INFO - JOUEUR: Raquette gauche déplacée de 236 à 243
2025-05-03 17:23:29,547 - INFO - IA: Raquette droite déplacée de 175 à 182
2025-05-03 17:23:29,564 - INFO - JOUEUR: Raquette gauche déplacée de 243 à 250
2025-05-03 17:23:29,564 - INFO - IA: Raquette droite déplacée de 182 à 189
2025-05-03 17:23:29,582 - INFO - INPUT: Joueur relâche les touches directionnelles
2025-05-03 17:23:29,583 - INFO - IA: Raquette droite déplacée de 189 à 196
2025-05-03 17:23:29,601 - INFO - IA: Raquette droite déplacée de 196 à 189
2025-05-03 17:23:29,619 - INFO - IA: Raquette droite déplacée de 189 à 182
2025-05-03 17:23:29,637 - INFO - IA: Raquette droite déplacée de 182 à 189
2025-05-03 17:23:29,654 - INFO - IA: Raquette droite déplacée de 189 à 196
2025-05-03 17:23:29,671 - INFO - IA: Raquette droite déplacée de 196 à 203
2025-05-03 17:23:29,688 - INFO - IA: Raquette droite déplacée de 203 à 210
2025-05-03 17:23:29,705 - INFO - IA: Raquette droite déplacée de 210 à 217
2025-05-03 17:23:29,723 - INFO - IA: Raquette droite déplacée de 217 à 224
2025-05-03 17:23:29,741 - INFO - IA: Raquette droite déplacée de 224 à 231
2025-05-03 17:23:29,758 - INFO - IA: Raquette droite déplacée de 231 à 238
2025-05-03 17:23:29,776 - INFO - IA: Raquette droite déplacée de 238 à 245
2025-05-03 17:23:29,794 - INFO - IA: Raquette droite déplacée de 245 à 252
2025-05-03 17:23:29,811 - INFO - IA: Raquette droite déplacée de 252 à 245
2025-05-03 17:23:29,828 - INFO - IA: Raquette droite déplacée de 245 à 252
2025-05-03 17:23:29,845 - INFO - IA: Raquette droite déplacée de 252 à 259
2025-05-03 17:23:29,863 - INFO - IA: Raquette droite déplacée de 259 à 266
2025-05-03 17:23:29,880 - INFO - IA: Raquette droite déplacée de 266 à 273
2025-05-03 17:23:29,896 - INFO - IA: Raquette droite déplacée de 273 à 280
2025-05-03 17:23:29,913 - INFO - IA: Raquette droite déplacée de 280 à 287
2025-05-03 17:23:29,931 - INFO - IA: Raquette droite déplacée de 287 à 294
2025-05-03 17:23:29,948 - INFO - IA: Raquette droite déplacée de 294 à 287
2025-05-03 17:23:29,965 - INFO - IA: Raquette droite déplacée de 287 à 280
2025-05-03 17:23:29,982 - INFO - IA: Raquette droite déplacée de 280 à 287
2025-05-03 17:23:30,000 - INFO - IA: Raquette droite déplacée de 287 à 294
2025-05-03 17:23:30,018 - INFO - IA: Raquette droite déplacée de 294 à 301
2025-05-03 17:23:30,035 - INFO - IA: Raquette droite déplacée de 301 à 308
2025-05-03 17:23:30,052 - INFO - IA: Raquette droite déplacée de 308 à 315
2025-05-03 17:23:30,070 - INFO - IA: Raquette droite déplacée de 315 à 322
2025-05-03 17:23:30,087 - INFO - IA: Raquette droite déplacée de 322 à 329
2025-05-03 17:23:30,103 - INFO - IA: Raquette droite déplacée de 329 à 336
2025-05-03 17:23:30,121 - INFO - IA: Raquette droite déplacée de 336 à 343
2025-05-03 17:23:30,138 - INFO - IA: Raquette droite déplacée de 343 à 336
2025-05-03 17:23:30,156 - INFO - IA: Raquette droite déplacée de 336 à 343
2025-05-03 17:23:30,174 - INFO - IA: Raquette droite déplacée de 343 à 350
2025-05-03 17:23:30,191 - INFO - IA: Raquette droite déplacée de 350 à 357
2025-05-03 17:23:30,208 - INFO - IA: Raquette droite déplacée de 357 à 364
2025-05-03 17:23:30,225 - INFO - IA: Raquette droite déplacée de 364 à 371
2025-05-03 17:23:30,243 - INFO - IA: Raquette droite déplacée de 371 à 378
2025-05-03 17:23:30,260 - INFO - IA: Raquette droite déplacée de 378 à 385
2025-05-03 17:23:30,277 - INFO - IA: Raquette droite déplacée de 385 à 390
2025-05-03 17:23:30,347 - INFO - COLLISION: Balle a rebondi sur un mur à la position (549, 468)
2025-05-03 17:23:30,364 - INFO - COLLISION: Balle a rebondi sur une raquette à la position (558, 463)
2025-05-03 17:23:30,452 - INFO - IA: Raquette droite déplacée de 390 à 383
2025-05-03 17:23:30,469 - INFO - IA: Raquette droite déplacée de 383 à 390
2025-05-03 17:23:30,504 - INFO - IA: Raquette droite déplacée de 390 à 383
2025-05-03 17:23:30,521 - INFO - IA: Raquette droite déplacée de 383 à 390
2025-05-03 17:23:30,539 - INFO - IA: Raquette droite déplacée de 390 à 383
2025-05-03 17:23:30,556 - INFO - IA: Raquette droite déplacée de 383 à 376
2025-05-03 17:23:30,573 - INFO - IA: Raquette droite déplacée de 376 à 383
2025-05-03 17:23:30,591 - INFO - IA: Raquette droite déplacée de 383 à 376
2025-05-03 17:23:30,608 - INFO - IA: Raquette droite déplacée de 376 à 383
2025-05-03 17:23:30,626 - INFO - IA: Raquette droite déplacée de 383 à 376
2025-05-03 17:23:30,644 - INFO - IA: Raquette droite déplacée de 376 à 369
2025-05-03 17:23:30,662 - INFO - IA: Raquette droite déplacée de 369 à 376
2025-05-03 17:23:30,680 - INFO - IA: Raquette droite déplacée de 376 à 369
2025-05-03 17:23:30,698 - INFO - IA: Raquette droite déplacée de 369 à 362
2025-05-03 17:23:30,716 - INFO - IA: Raquette droite déplacée de 362 à 355
2025-05-03 17:23:30,733 - INFO - IA: Raquette droite déplacée de 355 à 348
2025-05-03 17:23:30,751 - INFO - IA: Raquette droite déplacée de 348 à 341
2025-05-03 17:23:30,769 - INFO - IA: Raquette droite déplacée de 341 à 334
2025-05-03 17:23:30,786 - INFO - IA: Raquette droite déplacée de 334 à 327
2025-05-03 17:23:30,803 - INFO - IA: Raquette droite déplacée de 327 à 320
2025-05-03 17:23:30,822 - INFO - IA: Raquette droite déplacée de 320 à 313
2025-05-03 17:23:30,839 - INFO - IA: Raquette droite déplacée de 313 à 306
2025-05-03 17:23:30,856 - INFO - IA: Raquette droite déplacée de 306 à 299
2025-05-03 17:23:30,874 - INFO - IA: Raquette droite déplacée de 299 à 306
2025-05-03 17:23:30,891 - INFO - IA: Raquette droite déplacée de 306 à 299
2025-05-03 17:23:30,908 - INFO - IA: Raquette droite déplacée de 299 à 292
2025-05-03 17:23:30,926 - INFO - IA: Raquette droite déplacée de 292 à 299
2025-05-03 17:23:30,943 - INFO - IA: Raquette droite déplacée de 299 à 292
2025-05-03 17:23:30,960 - INFO - IA: Raquette droite déplacée de 292 à 285
2025-05-03 17:23:30,977 - INFO - IA: Raquette droite déplacée de 285 à 278
2025-05-03 17:23:30,994 - INFO - IA: Raquette droite déplacée de 278 à 271
2025-05-03 17:23:31,012 - INFO - IA: Raquette droite déplacée de 271 à 264
2025-05-03 17:23:31,030 - INFO - IA: Raquette droite déplacée de 264 à 257
2025-05-03 17:23:31,047 - INFO - IA: Raquette droite déplacée de 257 à 250
2025-05-03 17:23:31,064 - INFO - IA: Raquette droite déplacée de 250 à 243
2025-05-03 17:23:31,082 - INFO - IA: Raquette droite déplacée de 243 à 236
2025-05-03 17:23:31,099 - INFO - IA: Raquette droite déplacée de 236 à 229
2025-05-03 17:23:31,117 - INFO - IA: Raquette droite déplacée de 229 à 222
2025-05-03 17:23:31,133 - INFO - IA: Raquette droite déplacée de 222 à 215
2025-05-03 17:23:31,151 - INFO - IA: Raquette droite déplacée de 215 à 208
2025-05-03 17:23:31,170 - INFO - INPUT: Joueur appuie sur la touche HAUT
2025-05-03 17:23:31,170 - INFO - JOUEUR: Raquette gauche déplacée de 250 à 243
2025-05-03 17:23:31,170 - INFO - IA: Raquette droite déplacée de 208 à 215
2025-05-03 17:23:31,188 - INFO - JOUEUR: Raquette gauche déplacée de 243 à 236
2025-05-03 17:23:31,188 - INFO - IA: Raquette droite déplacée de 215 à 208
2025-05-03 17:23:31,205 - INFO - JOUEUR: Raquette gauche déplacée de 236 à 229
2025-05-03 17:23:31,205 - INFO - IA: Raquette droite déplacée de 208 à 201
2025-05-03 17:23:31,221 - INFO - JOUEUR: Raquette gauche déplacée de 229 à 222
2025-05-03 17:23:31,222 - INFO - IA: Raquette droite déplacée de 201 à 208
2025-05-03 17:23:31,239 - INFO - JOUEUR: Raquette gauche déplacée de 222 à 215
2025-05-03 17:23:31,239 - INFO - IA: Raquette droite déplacée de 208 à 201
2025-05-03 17:23:31,256 - INFO - JOUEUR: Raquette gauche déplacée de 215 à 208
2025-05-03 17:23:31,256 - INFO - IA: Raquette droite déplacée de 201 à 194
2025-05-03 17:23:31,273 - INFO - JOUEUR: Raquette gauche déplacée de 208 à 201
2025-05-03 17:23:31,273 - INFO - IA: Raquette droite déplacée de 194 à 187
2025-05-03 17:23:31,290 - INFO - JOUEUR: Raquette gauche déplacée de 201 à 194
2025-05-03 17:23:31,290 - INFO - IA: Raquette droite déplacée de 187 à 180
2025-05-03 17:23:31,291 - INFO - COLLISION: Balle a rebondi sur une raquette à la position (28, 198)
2025-05-03 17:23:31,307 - INFO - JOUEUR: Raquette gauche déplacée de 194 à 187
2025-05-03 17:23:31,308 - INFO - IA: Raquette droite déplacée de 180 à 173
2025-05-03 17:23:31,325 - INFO - JOUEUR: Raquette gauche déplacée de 187 à 180
2025-05-03 17:23:31,343 - INFO - JOUEUR: Raquette gauche déplacée de 180 à 173
2025-05-03 17:23:31,343 - INFO - IA: Raquette droite déplacée de 173 à 166
2025-05-03 17:23:31,360 - INFO - JOUEUR: Raquette gauche déplacée de 173 à 166
2025-05-03 17:23:31,360 - INFO - IA: Raquette droite déplacée de 166 à 159
2025-05-03 17:23:31,377 - INFO - JOUEUR: Raquette gauche déplacée de 166 à 159
2025-05-03 17:23:31,377 - INFO - IA: Raquette droite déplacée de 159 à 152
2025-05-03 17:23:31,394 - INFO - JOUEUR: Raquette gauche déplacée de 159 à 152
2025-05-03 17:23:31,394 - INFO - IA: Raquette droite déplacée de 152 à 159
2025-05-03 17:23:31,411 - INFO - JOUEUR: Raquette gauche déplacée de 152 à 145
2025-05-03 17:23:31,412 - INFO - IA: Raquette droite déplacée de 159 à 152
2025-05-03 17:23:31,429 - INFO - JOUEUR: Raquette gauche déplacée de 145 à 138
2025-05-03 17:23:31,430 - INFO - IA: Raquette droite déplacée de 152 à 145
2025-05-03 17:23:31,447 - INFO - JOUEUR: Raquette gauche déplacée de 138 à 131
2025-05-03 17:23:31,448 - INFO - IA: Raquette droite déplacée de 145 à 138
2025-05-03 17:23:31,465 - INFO - JOUEUR: Raquette gauche déplacée de 131 à 124
2025-05-03 17:23:31,466 - INFO - IA: Raquette droite déplacée de 138 à 145
2025-05-03 17:23:31,483 - INFO - JOUEUR: Raquette gauche déplacée de 124 à 117
2025-05-03 17:23:31,483 - INFO - IA: Raquette droite déplacée de 145 à 138
2025-05-03 17:23:31,501 - INFO - JOUEUR: Raquette gauche déplacée de 117 à 110
2025-05-03 17:23:31,501 - INFO - IA: Raquette droite déplacée de 138 à 131
2025-05-03 17:23:31,518 - INFO - JOUEUR: Raquette gauche déplacée de 110 à 103
2025-05-03 17:23:31,518 - INFO - IA: Raquette droite déplacée de 131 à 124
2025-05-03 17:23:31,536 - INFO - JOUEUR: Raquette gauche déplacée de 103 à 96
2025-05-03 17:23:31,536 - INFO - IA: Raquette droite déplacée de 124 à 117
2025-05-03 17:23:31,553 - INFO - JOUEUR: Raquette gauche déplacée de 96 à 89
2025-05-03 17:23:31,553 - INFO - IA: Raquette droite déplacée de 117 à 110
2025-05-03 17:23:31,571 - INFO - INPUT: Joueur relâche les touches directionnelles
2025-05-03 17:23:31,571 - INFO - IA: Raquette droite déplacée de 110 à 117
2025-05-03 17:23:31,588 - INFO - IA: Raquette droite déplacée de 117 à 110
2025-05-03 17:23:31,605 - INFO - IA: Raquette droite déplacée de 110 à 103
2025-05-03 17:23:31,623 - INFO - IA: Raquette droite déplacée de 103 à 96
2025-05-03 17:23:31,641 - INFO - IA: Raquette droite déplacée de 96 à 89
2025-05-03 17:23:31,658 - INFO - IA: Raquette droite déplacée de 89 à 82
2025-05-03 17:23:31,675 - INFO - IA: Raquette droite déplacée de 82 à 75
2025-05-03 17:23:31,694 - INFO - IA: Raquette droite déplacée de 75 à 68
2025-05-03 17:23:31,711 - INFO - IA: Raquette droite déplacée de 68 à 75
2025-05-03 17:23:31,729 - INFO - IA: Raquette droite déplacée de 75 à 68
2025-05-03 17:23:31,746 - INFO - IA: Raquette droite déplacée de 68 à 61
2025-05-03 17:23:31,764 - INFO - IA: Raquette droite déplacée de 61 à 54
2025-05-03 17:23:31,782 - INFO - IA: Raquette droite déplacée de 54 à 47
2025-05-03 17:23:31,799 - INFO - IA: Raquette droite déplacée de 47 à 40
2025-05-03 17:23:31,816 - INFO - IA: Raquette droite déplacée de 40 à 33
2025-05-03 17:23:31,834 - INFO - IA: Raquette droite déplacée de 33 à 26
2025-05-03 17:23:31,851 - INFO - IA: Raquette droite déplacée de 26 à 19
2025-05-03 17:23:31,869 - INFO - IA: Raquette droite déplacée de 19 à 12
2025-05-03 17:23:31,887 - INFO - IA: Raquette droite déplacée de 12 à 19
2025-05-03 17:23:31,904 - INFO - IA: Raquette droite déplacée de 19 à 12
2025-05-03 17:23:31,921 - INFO - IA: Raquette droite déplacée de 12 à 5
2025-05-03 17:23:31,938 - INFO - IA: Raquette droite déplacée de 5 à 0
2025-05-03 17:23:31,991 - INFO - COLLISION: Balle a rebondi sur un mur à la position (468, -2)
2025-05-03 17:23:32,110 - INFO - IA: Raquette droite déplacée de 0 à 7
2025-05-03 17:23:32,128 - INFO - IA: Raquette droite déplacée de 7 à 0
2025-05-03 17:23:32,128 - INFO - COLLISION: Balle a rebondi sur une raquette à la position (556, 38)
2025-05-03 17:23:32,145 - INFO - IA: Raquette droite déplacée de 0 à 7
2025-05-03 17:23:32,163 - INFO - IA: Raquette droite déplacée de 7 à 0
2025-05-03 17:23:32,181 - INFO - IA: Raquette droite déplacée de 0 à 7
2025-05-03 17:23:32,198 - INFO - IA: Raquette droite déplacée de 7 à 14
2025-05-03 17:23:32,216 - INFO - INPUT: Joueur appuie sur la touche BAS
2025-05-03 17:23:32,216 - INFO - JOUEUR: Raquette gauche déplacée de 89 à 96
2025-05-03 17:23:32,216 - INFO - IA: Raquette droite déplacée de 14 à 21
2025-05-03 17:23:32,234 - INFO - JOUEUR: Raquette gauche déplacée de 96 à 103
2025-05-03 17:23:32,235 - INFO - IA: Raquette droite déplacée de 21 à 14
2025-05-03 17:23:32,252 - INFO - JOUEUR: Raquette gauche déplacée de 103 à 110
2025-05-03 17:23:32,252 - INFO - IA: Raquette droite déplacée de 14 à 7
2025-05-03 17:23:32,268 - INFO - JOUEUR: Raquette gauche déplacée de 110 à 117
2025-05-03 17:23:32,269 - INFO - IA: Raquette droite déplacée de 7 à 14
2025-05-03 17:23:32,285 - INFO - JOUEUR: Raquette gauche déplacée de 117 à 124
2025-05-03 17:23:32,285 - INFO - IA: Raquette droite déplacée de 14 à 21
2025-05-03 17:23:32,302 - INFO - JOUEUR: Raquette gauche déplacée de 124 à 131
2025-05-03 17:23:32,302 - INFO - IA: Raquette droite déplacée de 21 à 28
2025-05-03 17:23:32,319 - INFO - JOUEUR: Raquette gauche déplacée de 131 à 138
2025-05-03 17:23:32,319 - INFO - IA: Raquette droite déplacée de 28 à 35
2025-05-03 17:23:32,337 - INFO - JOUEUR: Raquette gauche déplacée de 138 à 145
2025-05-03 17:23:32,337 - INFO - IA: Raquette droite déplacée de 35 à 42
2025-05-03 17:23:32,354 - INFO - JOUEUR: Raquette gauche déplacée de 145 à 152
2025-05-03 17:23:32,354 - INFO - IA: Raquette droite déplacée de 42 à 49
2025-05-03 17:23:32,371 - INFO - JOUEUR: Raquette gauche déplacée de 152 à 159
2025-05-03 17:23:32,371 - INFO - IA: Raquette droite déplacée de 49 à 42
2025-05-03 17:23:32,388 - INFO - JOUEUR: Raquette gauche déplacée de 159 à 166
2025-05-03 17:23:32,389 - INFO - IA: Raquette droite déplacée de 42 à 49
2025-05-03 17:23:32,405 - INFO - JOUEUR: Raquette gauche déplacée de 166 à 173
2025-05-03 17:23:32,406 - INFO - IA: Raquette droite déplacée de 49 à 56
2025-05-03 17:23:32,422 - INFO - JOUEUR: Raquette gauche déplacée de 173 à 180
2025-05-03 17:23:32,422 - INFO - IA: Raquette droite déplacée de 56 à 63
2025-05-03 17:23:32,439 - INFO - JOUEUR: Raquette gauche déplacée de 180 à 187
2025-05-03 17:23:32,439 - INFO - IA: Raquette droite déplacée de 63 à 70
2025-05-03 17:23:32,456 - INFO - JOUEUR: Raquette gauche déplacée de 187 à 194
2025-05-03 17:23:32,475 - INFO - JOUEUR: Raquette gauche déplacée de 194 à 201
2025-05-03 17:23:32,475 - INFO - IA: Raquette droite déplacée de 70 à 77
2025-05-03 17:23:32,492 - INFO - JOUEUR: Raquette gauche déplacée de 201 à 208
2025-05-03 17:23:32,493 - INFO - IA: Raquette droite déplacée de 77 à 70
2025-05-03 17:23:32,510 - INFO - JOUEUR: Raquette gauche déplacée de 208 à 215
2025-05-03 17:23:32,510 - INFO - IA: Raquette droite déplacée de 70 à 77
2025-05-03 17:23:32,528 - INFO - JOUEUR: Raquette gauche déplacée de 215 à 222
2025-05-03 17:23:32,528 - INFO - IA: Raquette droite déplacée de 77 à 84
2025-05-03 17:23:32,545 - INFO - JOUEUR: Raquette gauche déplacée de 222 à 229
2025-05-03 17:23:32,545 - INFO - IA: Raquette droite déplacée de 84 à 91
2025-05-03 17:23:32,562 - INFO - JOUEUR: Raquette gauche déplacée de 229 à 236
2025-05-03 17:23:32,562 - INFO - IA: Raquette droite déplacée de 91 à 98
2025-05-03 17:23:32,582 - INFO - INPUT: Joueur relâche les touches directionnelles
2025-05-03 17:23:32,582 - INFO - IA: Raquette droite déplacée de 98 à 105
2025-05-03 17:23:32,599 - INFO - IA: Raquette droite déplacée de 105 à 112
2025-05-03 17:23:32,617 - INFO - IA: Raquette droite déplacée de 112 à 119
2025-05-03 17:23:32,635 - INFO - IA: Raquette droite déplacée de 119 à 126
2025-05-03 17:23:32,652 - INFO - IA: Raquette droite déplacée de 126 à 133
2025-05-03 17:23:32,669 - INFO - IA: Raquette droite déplacée de 133 à 140
2025-05-03 17:23:32,687 - INFO - IA: Raquette droite déplacée de 140 à 147
2025-05-03 17:23:32,704 - INFO - IA: Raquette droite déplacée de 147 à 154
2025-05-03 17:23:32,722 - INFO - IA: Raquette droite déplacée de 154 à 161
2025-05-03 17:23:32,741 - INFO - IA: Raquette droite déplacée de 161 à 168
2025-05-03 17:23:32,760 - INFO - INPUT: Joueur appuie sur la touche HAUT
2025-05-03 17:23:32,760 - INFO - JOUEUR: Raquette gauche déplacée de 236 à 229
2025-05-03 17:23:32,760 - INFO - IA: Raquette droite déplacée de 168 à 175
2025-05-03 17:23:32,778 - INFO - JOUEUR: Raquette gauche déplacée de 229 à 222
2025-05-03 17:23:32,778 - INFO - IA: Raquette droite déplacée de 175 à 168
2025-05-03 17:23:32,796 - INFO - JOUEUR: Raquette gauche déplacée de 222 à 215
2025-05-03 17:23:32,796 - INFO - IA: Raquette droite déplacée de 168 à 175
2025-05-03 17:23:32,814 - INFO - JOUEUR: Raquette gauche déplacée de 215 à 208
2025-05-03 17:23:32,814 - INFO - IA: Raquette droite déplacée de 175 à 168
2025-05-03 17:23:32,831 - INFO - JOUEUR: Raquette gauche déplacée de 208 à 201
2025-05-03 17:23:32,831 - INFO - IA: Raquette droite déplacée de 168 à 175
2025-05-03 17:23:32,849 - INFO - JOUEUR: Raquette gauche déplacée de 201 à 194
2025-05-03 17:23:32,849 - INFO - IA: Raquette droite déplacée de 175 à 168
2025-05-03 17:23:32,866 - INFO - JOUEUR: Raquette gauche déplacée de 194 à 187
2025-05-03 17:23:32,866 - INFO - IA: Raquette droite déplacée de 168 à 175
2025-05-03 17:23:32,883 - INFO - JOUEUR: Raquette gauche déplacée de 187 à 180
2025-05-03 17:23:32,883 - INFO - IA: Raquette droite déplacée de 175 à 182
2025-05-03 17:23:32,901 - INFO - INPUT: Joueur relâche les touches directionnelles
2025-05-03 17:23:32,901 - INFO - IA: Raquette droite déplacée de 182 à 189
2025-05-03 17:23:32,901 - INFO - COLLISION: Balle a rebondi sur une raquette à la position (28, 258)
2025-05-03 17:23:32,918 - INFO - IA: Raquette droite déplacée de 189 à 196
2025-05-03 17:23:32,935 - INFO - IA: Raquette droite déplacée de 196 à 203
2025-05-03 17:23:32,952 - INFO - IA: Raquette droite déplacée de 203 à 210
2025-05-03 17:23:32,969 - INFO - IA: Raquette droite déplacée de 210 à 217
2025-05-03 17:23:32,987 - INFO - IA: Raquette droite déplacée de 217 à 224
2025-05-03 17:23:33,005 - INFO - IA: Raquette droite déplacée de 224 à 231
2025-05-03 17:23:33,022 - INFO - IA: Raquette droite déplacée de 231 à 238
2025-05-03 17:23:33,039 - INFO - IA: Raquette droite déplacée de 238 à 245
2025-05-03 17:23:33,056 - INFO - IA: Raquette droite déplacée de 245 à 238
2025-05-03 17:23:33,074 - INFO - IA: Raquette droite déplacée de 238 à 245
2025-05-03 17:23:33,092 - INFO - IA: Raquette droite déplacée de 245 à 252
2025-05-03 17:23:33,108 - INFO - IA: Raquette droite déplacée de 252 à 259
2025-05-03 17:23:33,126 - INFO - IA: Raquette droite déplacée de 259 à 266
2025-05-03 17:23:33,142 - INFO - IA: Raquette droite déplacée de 266 à 273
2025-05-03 17:23:33,159 - INFO - IA: Raquette droite déplacée de 273 à 280
2025-05-03 17:23:33,177 - INFO - IA: Raquette droite déplacée de 280 à 287
2025-05-03 17:23:33,194 - INFO - IA: Raquette droite déplacée de 287 à 294
2025-05-03 17:23:33,211 - INFO - IA: Raquette droite déplacée de 294 à 301
2025-05-03 17:23:33,229 - INFO - IA: Raquette droite déplacée de 301 à 294
2025-05-03 17:23:33,247 - INFO - IA: Raquette droite déplacée de 294 à 301
2025-05-03 17:23:33,265 - INFO - IA: Raquette droite déplacée de 301 à 294
2025-05-03 17:23:33,282 - INFO - IA: Raquette droite déplacée de 294 à 301
2025-05-03 17:23:33,300 - INFO - IA: Raquette droite déplacée de 301 à 308
2025-05-03 17:23:33,317 - INFO - IA: Raquette droite déplacée de 308 à 315
2025-05-03 17:23:33,335 - INFO - IA: Raquette droite déplacée de 315 à 322
2025-05-03 17:23:33,352 - INFO - IA: Raquette droite déplacée de 322 à 329
2025-05-03 17:23:33,369 - INFO - IA: Raquette droite déplacée de 329 à 336
2025-05-03 17:23:33,386 - INFO - IA: Raquette droite déplacée de 336 à 343
2025-05-03 17:23:33,403 - INFO - IA: Raquette droite déplacée de 343 à 350
2025-05-03 17:23:33,419 - INFO - IA: Raquette droite déplacée de 350 à 357
2025-05-03 17:23:33,436 - INFO - IA: Raquette droite déplacée de 357 à 364
2025-05-03 17:23:33,454 - INFO - IA: Raquette droite déplacée de 364 à 371
2025-05-03 17:23:33,471 - INFO - IA: Raquette droite déplacée de 371 à 378
2025-05-03 17:23:33,490 - INFO - IA: Raquette droite déplacée de 378 à 385
2025-05-03 17:23:33,507 - INFO - IA: Raquette droite déplacée de 385 à 378
2025-05-03 17:23:33,525 - INFO - IA: Raquette droite déplacée de 378 à 385
2025-05-03 17:23:33,543 - INFO - IA: Raquette droite déplacée de 385 à 390
2025-05-03 17:23:33,613 - INFO - COLLISION: Balle a rebondi sur une raquette à la position (561, 463)
2025-05-03 17:23:33,630 - INFO - COLLISION: Balle a rebondi sur un mur à la position (547, 468)
2025-05-03 17:23:33,767 - INFO - IA: Raquette droite déplacée de 390 à 383
2025-05-03 17:23:33,785 - INFO - IA: Raquette droite déplacée de 383 à 390
2025-05-03 17:23:33,803 - INFO - IA: Raquette droite déplacée de 390 à 383
2025-05-03 17:23:33,821 - INFO - IA: Raquette droite déplacée de 383 à 390
2025-05-03 17:23:33,839 - INFO - IA: Raquette droite déplacée de 390 à 383
2025-05-03 17:23:33,857 - INFO - IA: Raquette droite déplacée de 383 à 376
2025-05-03 17:23:33,875 - INFO - IA: Raquette droite déplacée de 376 à 369
2025-05-03 17:23:33,892 - INFO - IA: Raquette droite déplacée de 369 à 376
2025-05-03 17:23:33,910 - INFO - IA: Raquette droite déplacée de 376 à 369
2025-05-03 17:23:33,927 - INFO - IA: Raquette droite déplacée de 369 à 362
2025-05-03 17:23:33,944 - INFO - INPUT: Joueur appuie sur la touche BAS
2025-05-03 17:23:33,944 - INFO - JOUEUR: Raquette gauche déplacée de 180 à 187
2025-05-03 17:23:33,944 - INFO - IA: Raquette droite déplacée de 362 à 355
2025-05-03 17:23:33,961 - INFO - JOUEUR: Raquette gauche déplacée de 187 à 194
2025-05-03 17:23:33,962 - INFO - IA: Raquette droite déplacée de 355 à 348
2025-05-03 17:23:33,979 - INFO - JOUEUR: Raquette gauche déplacée de 194 à 201
2025-05-03 17:23:33,980 - INFO - IA: Raquette droite déplacée de 348 à 341
2025-05-03 17:23:33,996 - INFO - JOUEUR: Raquette gauche déplacée de 201 à 208
2025-05-03 17:23:33,996 - INFO - IA: Raquette droite déplacée de 341 à 334
2025-05-03 17:23:34,013 - INFO - JOUEUR: Raquette gauche déplacée de 208 à 215
2025-05-03 17:23:34,013 - INFO - IA: Raquette droite déplacée de 334 à 327
2025-05-03 17:23:34,031 - INFO - JOUEUR: Raquette gauche déplacée de 215 à 222
2025-05-03 17:23:34,031 - INFO - IA: Raquette droite déplacée de 327 à 320
2025-05-03 17:23:34,048 - INFO - JOUEUR: Raquette gauche déplacée de 222 à 229
2025-05-03 17:23:34,048 - INFO - IA: Raquette droite déplacée de 320 à 313
2025-05-03 17:23:34,065 - INFO - JOUEUR: Raquette gauche déplacée de 229 à 236
2025-05-03 17:23:34,065 - INFO - IA: Raquette droite déplacée de 313 à 306
2025-05-03 17:23:34,083 - INFO - JOUEUR: Raquette gauche déplacée de 236 à 243
2025-05-03 17:23:34,083 - INFO - IA: Raquette droite déplacée de 306 à 299
2025-05-03 17:23:34,100 - INFO - JOUEUR: Raquette gauche déplacée de 243 à 250
2025-05-03 17:23:34,100 - INFO - IA: Raquette droite déplacée de 299 à 292
2025-05-03 17:23:34,117 - INFO - JOUEUR: Raquette gauche déplacée de 250 à 257
2025-05-03 17:23:34,117 - INFO - IA: Raquette droite déplacée de 292 à 299
2025-05-03 17:23:34,135 - INFO - INPUT: Joueur relâche les touches directionnelles
2025-05-03 17:23:34,135 - INFO - IA: Raquette droite déplacée de 299 à 306
2025-05-03 17:23:34,152 - INFO - IA: Raquette droite déplacée de 306 à 299
2025-05-03 17:23:34,169 - INFO - IA: Raquette droite déplacée de 299 à 292
2025-05-03 17:23:34,186 - INFO - IA: Raquette droite déplacée de 292 à 299
2025-05-03 17:23:34,204 - INFO - IA: Raquette droite déplacée de 299 à 292
2025-05-03 17:23:34,221 - INFO - IA: Raquette droite déplacée de 292 à 299
2025-05-03 17:23:34,239 - INFO - IA: Raquette droite déplacée de 299 à 292
2025-05-03 17:23:34,256 - INFO - IA: Raquette droite déplacée de 292 à 285
2025-05-03 17:23:34,273 - INFO - IA: Raquette droite déplacée de 285 à 278
2025-05-03 17:23:34,274 - INFO - COLLISION: Balle a rebondi sur une raquette à la position (29, 283)
2025-05-03 17:23:34,291 - INFO - IA: Raquette droite déplacée de 278 à 271
2025-05-03 17:23:34,309 - INFO - IA: Raquette droite déplacée de 271 à 264
2025-05-03 17:23:34,327 - INFO - IA: Raquette droite déplacée de 264 à 257
2025-05-03 17:23:34,345 - INFO - IA: Raquette droite déplacée de 257 à 250
2025-05-03 17:23:34,363 - INFO - IA: Raquette droite déplacée de 250 à 243
2025-05-03 17:23:34,380 - INFO - IA: Raquette droite déplacée de 243 à 236
2025-05-03 17:23:34,398 - INFO - IA: Raquette droite déplacée de 236 à 243
2025-05-03 17:23:34,415 - INFO - IA: Raquette droite déplacée de 243 à 236
2025-05-03 17:23:34,432 - INFO - IA: Raquette droite déplacée de 236 à 229
2025-05-03 17:23:34,449 - INFO - IA: Raquette droite déplacée de 229 à 222
2025-05-03 17:23:34,467 - INFO - IA: Raquette droite déplacée de 222 à 215
2025-05-03 17:23:34,484 - INFO - IA: Raquette droite déplacée de 215 à 208
2025-05-03 17:23:34,503 - INFO - IA: Raquette droite déplacée de 208 à 201
2025-05-03 17:23:34,521 - INFO - IA: Raquette droite déplacée de 201 à 194
2025-05-03 17:23:34,539 - INFO - IA: Raquette droite déplacée de 194 à 187
2025-05-03 17:23:34,557 - INFO - IA: Raquette droite déplacée de 187 à 180
2025-05-03 17:23:34,575 - INFO - IA: Raquette droite déplacée de 180 à 173
2025-05-03 17:23:34,593 - INFO - IA: Raquette droite déplacée de 173 à 166
2025-05-03 17:23:34,612 - INFO - IA: Raquette droite déplacée de 166 à 159
2025-05-03 17:23:34,629 - INFO - IA: Raquette droite déplacée de 159 à 152
2025-05-03 17:23:34,647 - INFO - IA: Raquette droite déplacée de 152 à 159
2025-05-03 17:23:34,664 - INFO - IA: Raquette droite déplacée de 159 à 152
2025-05-03 17:23:34,682 - INFO - IA: Raquette droite déplacée de 152 à 159
2025-05-03 17:23:34,700 - INFO - IA: Raquette droite déplacée de 159 à 152
2025-05-03 17:23:34,717 - INFO - IA: Raquette droite déplacée de 152 à 145
2025-05-03 17:23:34,735 - INFO - IA: Raquette droite déplacée de 145 à 138
2025-05-03 17:23:34,752 - INFO - IA: Raquette droite déplacée de 138 à 131
2025-05-03 17:23:34,770 - INFO - IA: Raquette droite déplacée de 131 à 124
2025-05-03 17:23:34,788 - INFO - IA: Raquette droite déplacée de 124 à 117
2025-05-03 17:23:34,807 - INFO - IA: Raquette droite déplacée de 117 à 110
2025-05-03 17:23:34,825 - INFO - IA: Raquette droite déplacée de 110 à 103
2025-05-03 17:23:34,843 - INFO - IA: Raquette droite déplacée de 103 à 96
2025-05-03 17:23:34,862 - INFO - IA: Raquette droite déplacée de 96 à 89
2025-05-03 17:23:34,880 - INFO - IA: Raquette droite déplacée de 89 à 82
2025-05-03 17:23:34,899 - INFO - IA: Raquette droite déplacée de 82 à 89
2025-05-03 17:23:34,899 - INFO - COLLISION: Balle a rebondi sur une raquette à la position (554, 108)
2025-05-03 17:23:34,918 - INFO - IA: Raquette droite déplacée de 89 à 82
2025-05-03 17:23:34,936 - INFO - IA: Raquette droite déplacée de 82 à 75
2025-05-03 17:23:34,954 - INFO - IA: Raquette droite déplacée de 75 à 68
2025-05-03 17:23:34,972 - INFO - IA: Raquette droite déplacée de 68 à 75
2025-05-03 17:23:34,989 - INFO - IA: Raquette droite déplacée de 75 à 68
2025-05-03 17:23:35,008 - INFO - IA: Raquette droite déplacée de 68 à 61
2025-05-03 17:23:35,026 - INFO - IA: Raquette droite déplacée de 61 à 54
2025-05-03 17:23:35,043 - INFO - IA: Raquette droite déplacée de 54 à 47
2025-05-03 17:23:35,062 - INFO - IA: Raquette droite déplacée de 47 à 40
2025-05-03 17:23:35,080 - INFO - INPUT: Joueur appuie sur la touche HAUT
2025-05-03 17:23:35,080 - INFO - JOUEUR: Raquette gauche déplacée de 257 à 250
2025-05-03 17:23:35,080 - INFO - IA: Raquette droite déplacée de 40 à 47
2025-05-03 17:23:35,099 - INFO - JOUEUR: Raquette gauche déplacée de 250 à 243
2025-05-03 17:23:35,099 - INFO - IA: Raquette droite déplacée de 47 à 40
2025-05-03 17:23:35,116 - INFO - JOUEUR: Raquette gauche déplacée de 243 à 236
2025-05-03 17:23:35,116 - INFO - IA: Raquette droite déplacée de 40 à 33
2025-05-03 17:23:35,132 - INFO - JOUEUR: Raquette gauche déplacée de 236 à 229
2025-05-03 17:23:35,133 - INFO - IA: Raquette droite déplacée de 33 à 26
2025-05-03 17:23:35,150 - INFO - JOUEUR: Raquette gauche déplacée de 229 à 222
2025-05-03 17:23:35,151 - INFO - IA: Raquette droite déplacée de 26 à 19
2025-05-03 17:23:35,167 - INFO - JOUEUR: Raquette gauche déplacée de 222 à 215
2025-05-03 17:23:35,167 - INFO - IA: Raquette droite déplacée de 19 à 12
2025-05-03 17:23:35,185 - INFO - JOUEUR: Raquette gauche déplacée de 215 à 208
2025-05-03 17:23:35,185 - INFO - IA: Raquette droite déplacée de 12 à 19
2025-05-03 17:23:35,202 - INFO - JOUEUR: Raquette gauche déplacée de 208 à 201
2025-05-03 17:23:35,203 - INFO - IA: Raquette droite déplacée de 19 à 12
2025-05-03 17:23:35,220 - INFO - JOUEUR: Raquette gauche déplacée de 201 à 194
2025-05-03 17:23:35,220 - INFO - IA: Raquette droite déplacée de 12 à 19
2025-05-03 17:23:35,237 - INFO - JOUEUR: Raquette gauche déplacée de 194 à 187
2025-05-03 17:23:35,237 - INFO - IA: Raquette droite déplacée de 19 à 12
2025-05-03 17:23:35,254 - INFO - JOUEUR: Raquette gauche déplacée de 187 à 180
2025-05-03 17:23:35,254 - INFO - IA: Raquette droite déplacée de 12 à 5
2025-05-03 17:23:35,271 - INFO - JOUEUR: Raquette gauche déplacée de 180 à 173
2025-05-03 17:23:35,271 - INFO - IA: Raquette droite déplacée de 5 à 0
2025-05-03 17:23:35,288 - INFO - JOUEUR: Raquette gauche déplacée de 173 à 166
2025-05-03 17:23:35,288 - INFO - COLLISION: Balle a rebondi sur un mur à la position (224, -2)
2025-05-03 17:23:35,306 - INFO - JOUEUR: Raquette gauche déplacée de 166 à 159
2025-05-03 17:23:35,323 - INFO - JOUEUR: Raquette gauche déplacée de 159 à 152
2025-05-03 17:23:35,341 - INFO - JOUEUR: Raquette gauche déplacée de 152 à 145
2025-05-03 17:23:35,359 - INFO - JOUEUR: Raquette gauche déplacée de 145 à 138
2025-05-03 17:23:35,376 - INFO - JOUEUR: Raquette gauche déplacée de 138 à 131
2025-05-03 17:23:35,376 - INFO - IA: Raquette droite déplacée de 0 à 7
2025-05-03 17:23:35,394 - INFO - JOUEUR: Raquette gauche déplacée de 131 à 124
2025-05-03 17:23:35,394 - INFO - IA: Raquette droite déplacée de 7 à 0
2025-05-03 17:23:35,411 - INFO - JOUEUR: Raquette gauche déplacée de 124 à 117
2025-05-03 17:23:35,429 - INFO - JOUEUR: Raquette gauche déplacée de 117 à 110
2025-05-03 17:23:35,429 - INFO - IA: Raquette droite déplacée de 0 à 7
2025-05-03 17:23:35,446 - INFO - JOUEUR: Raquette gauche déplacée de 110 à 103
2025-05-03 17:23:35,446 - INFO - IA: Raquette droite déplacée de 7 à 0
2025-05-03 17:23:35,463 - INFO - JOUEUR: Raquette gauche déplacée de 103 à 96
2025-05-03 17:23:35,463 - INFO - IA: Raquette droite déplacée de 0 à 7
2025-05-03 17:23:35,480 - INFO - JOUEUR: Raquette gauche déplacée de 96 à 89
2025-05-03 17:23:35,480 - INFO - IA: Raquette droite déplacée de 7 à 14
2025-05-03 17:23:35,497 - INFO - JOUEUR: Raquette gauche déplacée de 89 à 82
2025-05-03 17:23:35,498 - INFO - IA: Raquette droite déplacée de 14 à 21
2025-05-03 17:23:35,515 - INFO - JOUEUR: Raquette gauche déplacée de 82 à 75
2025-05-03 17:23:35,515 - INFO - IA: Raquette droite déplacée de 21 à 14
2025-05-03 17:23:35,515 - INFO - COLLISION: Balle a rebondi sur une raquette à la position (29, 63)
2025-05-03 17:23:35,532 - INFO - JOUEUR: Raquette gauche déplacée de 75 à 68
2025-05-03 17:23:35,533 - INFO - IA: Raquette droite déplacée de 14 à 7
2025-05-03 17:23:35,549 - INFO - JOUEUR: Raquette gauche déplacée de 68 à 61
2025-05-03 17:23:35,550 - INFO - IA: Raquette droite déplacée de 7 à 14
2025-05-03 17:23:35,568 - INFO - JOUEUR: Raquette gauche déplacée de 61 à 54
2025-05-03 17:23:35,568 - INFO - IA: Raquette droite déplacée de 14 à 7
2025-05-03 17:23:35,586 - INFO - JOUEUR: Raquette gauche déplacée de 54 à 47
2025-05-03 17:23:35,586 - INFO - IA: Raquette droite déplacée de 7 à 14
2025-05-03 17:23:35,604 - INFO - JOUEUR: Raquette gauche déplacée de 47 à 40
2025-05-03 17:23:35,604 - INFO - IA: Raquette droite déplacée de 14 à 21
2025-05-03 17:23:35,621 - INFO - JOUEUR: Raquette gauche déplacée de 40 à 33
2025-05-03 17:23:35,621 - INFO - IA: Raquette droite déplacée de 21 à 28
2025-05-03 17:23:35,639 - INFO - JOUEUR: Raquette gauche déplacée de 33 à 26
2025-05-03 17:23:35,639 - INFO - IA: Raquette droite déplacée de 28 à 35
2025-05-03 17:23:35,657 - INFO - JOUEUR: Raquette gauche déplacée de 26 à 19
2025-05-03 17:23:35,657 - INFO - IA: Raquette droite déplacée de 35 à 42
2025-05-03 17:23:35,675 - INFO - JOUEUR: Raquette gauche déplacée de 19 à 12
2025-05-03 17:23:35,675 - INFO - IA: Raquette droite déplacée de 42 à 49
2025-05-03 17:23:35,692 - INFO - JOUEUR: Raquette gauche déplacée de 12 à 5
2025-05-03 17:23:35,692 - INFO - IA: Raquette droite déplacée de 49 à 56
2025-05-03 17:23:35,711 - INFO - INPUT: Joueur relâche les touches directionnelles
2025-05-03 17:23:35,711 - INFO - IA: Raquette droite déplacée de 56 à 63
2025-05-03 17:23:35,729 - INFO - IA: Raquette droite déplacée de 63 à 70
2025-05-03 17:23:35,746 - INFO - IA: Raquette droite déplacée de 70 à 77
2025-05-03 17:23:35,763 - INFO - IA: Raquette droite déplacée de 77 à 84
2025-05-03 17:23:35,780 - INFO - IA: Raquette droite déplacée de 84 à 77
2025-05-03 17:23:35,797 - INFO - IA: Raquette droite déplacée de 77 à 84
2025-05-03 17:23:35,814 - INFO - IA: Raquette droite déplacée de 84 à 91
2025-05-03 17:23:35,832 - INFO - IA: Raquette droite déplacée de 91 à 98
2025-05-03 17:23:35,849 - INFO - IA: Raquette droite déplacée de 98 à 105
2025-05-03 17:23:35,867 - INFO - IA: Raquette droite déplacée de 105 à 112
2025-05-03 17:23:35,885 - INFO - IA: Raquette droite déplacée de 112 à 119
2025-05-03 17:23:35,902 - INFO - IA: Raquette droite déplacée de 119 à 126
2025-05-03 17:23:35,919 - INFO - IA: Raquette droite déplacée de 126 à 119
2025-05-03 17:23:35,936 - INFO - IA: Raquette droite déplacée de 119 à 112
2025-05-03 17:23:35,954 - INFO - IA: Raquette droite déplacée de 112 à 119
2025-05-03 17:23:35,971 - INFO - IA: Raquette droite déplacée de 119 à 126
2025-05-03 17:23:35,989 - INFO - IA: Raquette droite déplacée de 126 à 133
2025-05-03 17:23:36,007 - INFO - INPUT: Joueur appuie sur la touche BAS
2025-05-03 17:23:36,007 - INFO - JOUEUR: Raquette gauche déplacée de 5 à 12
2025-05-03 17:23:36,007 - INFO - IA: Raquette droite déplacée de 133 à 140
2025-05-03 17:23:36,024 - INFO - JOUEUR: Raquette gauche déplacée de 12 à 19
2025-05-03 17:23:36,024 - INFO - IA: Raquette droite déplacée de 140 à 147
2025-05-03 17:23:36,042 - INFO - JOUEUR: Raquette gauche déplacée de 19 à 26
2025-05-03 17:23:36,042 - INFO - IA: Raquette droite déplacée de 147 à 154
2025-05-03 17:23:36,059 - INFO - JOUEUR: Raquette gauche déplacée de 26 à 33
2025-05-03 17:23:36,060 - INFO - IA: Raquette droite déplacée de 154 à 161
2025-05-03 17:23:36,077 - INFO - JOUEUR: Raquette gauche déplacée de 33 à 40
2025-05-03 17:23:36,077 - INFO - IA: Raquette droite déplacée de 161 à 168
2025-05-03 17:23:36,094 - INFO - JOUEUR: Raquette gauche déplacée de 40 à 47
2025-05-03 17:23:36,094 - INFO - IA: Raquette droite déplacée de 168 à 161
2025-05-03 17:23:36,112 - INFO - JOUEUR: Raquette gauche déplacée de 47 à 54
2025-05-03 17:23:36,113 - INFO - IA: Raquette droite déplacée de 161 à 168
2025-05-03 17:23:36,131 - INFO - JOUEUR: Raquette gauche déplacée de 54 à 61
2025-05-03 17:23:36,131 - INFO - IA: Raquette droite déplacée de 168 à 175
2025-05-03 17:23:36,131 - INFO - COLLISION: Balle a rebondi sur une raquette à la position (554, 238)
2025-05-03 17:23:36,148 - INFO - JOUEUR: Raquette gauche déplacée de 61 à 68
2025-05-03 17:23:36,148 - INFO - IA: Raquette droite déplacée de 175 à 182
2025-05-03 17:23:36,166 - INFO - JOUEUR: Raquette gauche déplacée de 68 à 75
2025-05-03 17:23:36,166 - INFO - IA: Raquette droite déplacée de 182 à 189
2025-05-03 17:23:36,183 - INFO - JOUEUR: Raquette gauche déplacée de 75 à 82
2025-05-03 17:23:36,184 - INFO - IA: Raquette droite déplacée de 189 à 196
2025-05-03 17:23:36,201 - INFO - JOUEUR: Raquette gauche déplacée de 82 à 89
2025-05-03 17:23:36,201 - INFO - IA: Raquette droite déplacée de 196 à 203
2025-05-03 17:23:36,218 - INFO - JOUEUR: Raquette gauche déplacée de 89 à 96
2025-05-03 17:23:36,218 - INFO - IA: Raquette droite déplacée de 203 à 196
2025-05-03 17:23:36,235 - INFO - JOUEUR: Raquette gauche déplacée de 96 à 103
2025-05-03 17:23:36,236 - INFO - IA: Raquette droite déplacée de 196 à 203
2025-05-03 17:23:36,252 - INFO - JOUEUR: Raquette gauche déplacée de 103 à 110
2025-05-03 17:23:36,253 - INFO - IA: Raquette droite déplacée de 203 à 210
2025-05-03 17:23:36,269 - INFO - JOUEUR: Raquette gauche déplacée de 110 à 117
2025-05-03 17:23:36,269 - INFO - IA: Raquette droite déplacée de 210 à 217
2025-05-03 17:23:36,287 - INFO - JOUEUR: Raquette gauche déplacée de 117 à 124
2025-05-03 17:23:36,287 - INFO - IA: Raquette droite déplacée de 217 à 224
2025-05-03 17:23:36,303 - INFO - JOUEUR: Raquette gauche déplacée de 124 à 131
2025-05-03 17:23:36,304 - INFO - IA: Raquette droite déplacée de 224 à 231
2025-05-03 17:23:36,321 - INFO - JOUEUR: Raquette gauche déplacée de 131 à 138
2025-05-03 17:23:36,321 - INFO - IA: Raquette droite déplacée de 231 à 238
2025-05-03 17:23:36,338 - INFO - JOUEUR: Raquette gauche déplacée de 138 à 145
2025-05-03 17:23:36,338 - INFO - IA: Raquette droite déplacée de 238 à 245
2025-05-03 17:23:36,356 - INFO - JOUEUR: Raquette gauche déplacée de 145 à 152
2025-05-03 17:23:36,356 - INFO - IA: Raquette droite déplacée de 245 à 238
2025-05-03 17:23:36,373 - INFO - JOUEUR: Raquette gauche déplacée de 152 à 159
2025-05-03 17:23:36,373 - INFO - IA: Raquette droite déplacée de 238 à 245
2025-05-03 17:23:36,390 - INFO - JOUEUR: Raquette gauche déplacée de 159 à 166
2025-05-03 17:23:36,390 - INFO - IA: Raquette droite déplacée de 245 à 252
2025-05-03 17:23:36,408 - INFO - JOUEUR: Raquette gauche déplacée de 166 à 173
2025-05-03 17:23:36,408 - INFO - IA: Raquette droite déplacée de 252 à 259
2025-05-03 17:23:36,425 - INFO - JOUEUR: Raquette gauche déplacée de 173 à 180
2025-05-03 17:23:36,425 - INFO - IA: Raquette droite déplacée de 259 à 266
2025-05-03 17:23:36,441 - INFO - JOUEUR: Raquette gauche déplacée de 180 à 187
2025-05-03 17:23:36,442 - INFO - IA: Raquette droite déplacée de 266 à 273
2025-05-03 17:23:36,459 - INFO - JOUEUR: Raquette gauche déplacée de 187 à 194
2025-05-03 17:23:36,460 - INFO - IA: Raquette droite déplacée de 273 à 280
2025-05-03 17:23:36,477 - INFO - JOUEUR: Raquette gauche déplacée de 194 à 201
2025-05-03 17:23:36,477 - INFO - IA: Raquette droite déplacée de 280 à 287
2025-05-03 17:23:36,494 - INFO - JOUEUR: Raquette gauche déplacée de 201 à 208
2025-05-03 17:23:36,494 - INFO - IA: Raquette droite déplacée de 287 à 294
2025-05-03 17:23:36,512 - INFO - JOUEUR: Raquette gauche déplacée de 208 à 215
2025-05-03 17:23:36,512 - INFO - IA: Raquette droite déplacée de 294 à 301
2025-05-03 17:23:36,529 - INFO - JOUEUR: Raquette gauche déplacée de 215 à 222
2025-05-03 17:23:36,529 - INFO - IA: Raquette droite déplacée de 301 à 294
2025-05-03 17:23:36,546 - INFO - JOUEUR: Raquette gauche déplacée de 222 à 229
2025-05-03 17:23:36,546 - INFO - IA: Raquette droite déplacée de 294 à 301
2025-05-03 17:23:36,564 - INFO - JOUEUR: Raquette gauche déplacée de 229 à 236
2025-05-03 17:23:36,564 - INFO - IA: Raquette droite déplacée de 301 à 308
2025-05-03 17:23:36,581 - INFO - JOUEUR: Raquette gauche déplacée de 236 à 243
2025-05-03 17:23:36,581 - INFO - IA: Raquette droite déplacée de 308 à 315
2025-05-03 17:23:36,598 - INFO - JOUEUR: Raquette gauche déplacée de 243 à 250
2025-05-03 17:23:36,598 - INFO - IA: Raquette droite déplacée de 315 à 322
2025-05-03 17:23:36,616 - INFO - JOUEUR: Raquette gauche déplacée de 250 à 257
2025-05-03 17:23:36,616 - INFO - IA: Raquette droite déplacée de 322 à 329
2025-05-03 17:23:36,634 - INFO - JOUEUR: Raquette gauche déplacée de 257 à 264
2025-05-03 17:23:36,634 - INFO - IA: Raquette droite déplacée de 329 à 322
2025-05-03 17:23:36,652 - INFO - JOUEUR: Raquette gauche déplacée de 264 à 271
2025-05-03 17:23:36,652 - INFO - IA: Raquette droite déplacée de 322 à 329
2025-05-03 17:23:36,671 - INFO - JOUEUR: Raquette gauche déplacée de 271 à 278
2025-05-03 17:23:36,671 - INFO - IA: Raquette droite déplacée de 329 à 336
2025-05-03 17:23:36,688 - INFO - JOUEUR: Raquette gauche déplacée de 278 à 285
2025-05-03 17:23:36,688 - INFO - IA: Raquette droite déplacée de 336 à 329
2025-05-03 17:23:36,706 - INFO - JOUEUR: Raquette gauche déplacée de 285 à 292
2025-05-03 17:23:36,706 - INFO - IA: Raquette droite déplacée de 329 à 336
2025-05-03 17:23:36,723 - INFO - JOUEUR: Raquette gauche déplacée de 292 à 299
2025-05-03 17:23:36,723 - INFO - IA: Raquette droite déplacée de 336 à 343
2025-05-03 17:23:36,741 - INFO - JOUEUR: Raquette gauche déplacée de 299 à 306
2025-05-03 17:23:36,742 - INFO - IA: Raquette droite déplacée de 343 à 350
2025-05-03 17:23:36,760 - INFO - JOUEUR: Raquette gauche déplacée de 306 à 313
2025-05-03 17:23:36,760 - INFO - IA: Raquette droite déplacée de 350 à 357
2025-05-03 17:23:36,778 - INFO - JOUEUR: Raquette gauche déplacée de 313 à 320
2025-05-03 17:23:36,778 - INFO - IA: Raquette droite déplacée de 357 à 364
2025-05-03 17:23:36,778 - INFO - POINT: Joueur droite (IA) marque un point! Score: 0-2
2025-05-03 17:23:36,797 - INFO - JOUEUR: Raquette gauche déplacée de 320 à 327
2025-05-03 17:23:36,797 - INFO - IA: Raquette droite déplacée de 364 à 357
2025-05-03 17:23:36,814 - INFO - JOUEUR: Raquette gauche déplacée de 327 à 334
2025-05-03 17:23:36,815 - INFO - IA: Raquette droite déplacée de 357 à 350
2025-05-03 17:23:36,833 - INFO - JOUEUR: Raquette gauche déplacée de 334 à 341
2025-05-03 17:23:36,833 - INFO - IA: Raquette droite déplacée de 350 à 343
2025-05-03 17:23:36,851 - INFO - JOUEUR: Raquette gauche déplacée de 341 à 348
2025-05-03 17:23:36,851 - INFO - IA: Raquette droite déplacée de 343 à 336
2025-05-03 17:23:36,868 - INFO - JOUEUR: Raquette gauche déplacée de 348 à 355
2025-05-03 17:23:36,869 - INFO - IA: Raquette droite déplacée de 336 à 329
2025-05-03 17:23:36,887 - INFO - JOUEUR: Raquette gauche déplacée de 355 à 362
2025-05-03 17:23:36,888 - INFO - IA: Raquette droite déplacée de 329 à 322
2025-05-03 17:23:36,907 - INFO - JOUEUR: Raquette gauche déplacée de 362 à 369
2025-05-03 17:23:36,907 - INFO - IA: Raquette droite déplacée de 322 à 315
2025-05-03 17:23:36,924 - INFO - JOUEUR: Raquette gauche déplacée de 369 à 376
2025-05-03 17:23:36,925 - INFO - IA: Raquette droite déplacée de 315 à 308
2025-05-03 17:23:36,942 - INFO - JOUEUR: Raquette gauche déplacée de 376 à 383
2025-05-03 17:23:36,943 - INFO - IA: Raquette droite déplacée de 308 à 301
2025-05-03 17:23:36,960 - INFO - JOUEUR: Raquette gauche déplacée de 383 à 390
2025-05-03 17:23:36,960 - INFO - IA: Raquette droite déplacée de 301 à 294
2025-05-03 17:23:36,978 - INFO - IA: Raquette droite déplacée de 294 à 287
2025-05-03 17:23:36,995 - INFO - IA: Raquette droite déplacée de 287 à 280
2025-05-03 17:23:37,012 - INFO - IA: Raquette droite déplacée de 280 à 273
2025-05-03 17:23:37,031 - INFO - IA: Raquette droite déplacée de 273 à 266
2025-05-03 17:23:37,049 - INFO - INPUT: Joueur relâche les touches directionnelles
2025-05-03 17:23:37,049 - INFO - IA: Raquette droite déplacée de 266 à 273
2025-05-03 17:23:37,066 - INFO - IA: Raquette droite déplacée de 273 à 266
2025-05-03 17:23:37,084 - INFO - IA: Raquette droite déplacée de 266 à 273
2025-05-03 17:23:37,101 - INFO - IA: Raquette droite déplacée de 273 à 280
2025-05-03 17:23:37,118 - INFO - IA: Raquette droite déplacée de 280 à 273
2025-05-03 17:23:37,135 - INFO - IA: Raquette droite déplacée de 273 à 280
2025-05-03 17:23:37,152 - INFO - IA: Raquette droite déplacée de 280 à 287
2025-05-03 17:23:37,170 - INFO - IA: Raquette droite déplacée de 287 à 294
2025-05-03 17:23:37,189 - INFO - IA: Raquette droite déplacée de 294 à 301
2025-05-03 17:23:37,207 - INFO - IA: Raquette droite déplacée de 301 à 294
2025-05-03 17:23:37,224 - INFO - IA: Raquette droite déplacée de 294 à 301
2025-05-03 17:23:37,241 - INFO - IA: Raquette droite déplacée de 301 à 308
2025-05-03 17:23:37,259 - INFO - IA: Raquette droite déplacée de 308 à 315
2025-05-03 17:23:37,275 - INFO - IA: Raquette droite déplacée de 315 à 322
2025-05-03 17:23:37,293 - INFO - IA: Raquette droite déplacée de 322 à 329
2025-05-03 17:23:37,310 - INFO - IA: Raquette droite déplacée de 329 à 336
2025-05-03 17:23:37,328 - INFO - IA: Raquette droite déplacée de 336 à 343
2025-05-03 17:23:37,345 - INFO - IA: Raquette droite déplacée de 343 à 336
2025-05-03 17:23:37,362 - INFO - IA: Raquette droite déplacée de 336 à 343
2025-05-03 17:23:37,379 - INFO - IA: Raquette droite déplacée de 343 à 336
2025-05-03 17:23:37,397 - INFO - INPUT: Joueur appuie sur la touche HAUT
2025-05-03 17:23:37,397 - INFO - JOUEUR: Raquette gauche déplacée de 390 à 383
2025-05-03 17:23:37,397 - INFO - IA: Raquette droite déplacée de 336 à 343
2025-05-03 17:23:37,415 - INFO - JOUEUR: Raquette gauche déplacée de 383 à 376
2025-05-03 17:23:37,415 - INFO - IA: Raquette droite déplacée de 343 à 350
2025-05-03 17:23:37,432 - INFO - JOUEUR: Raquette gauche déplacée de 376 à 369
2025-05-03 17:23:37,433 - INFO - IA: Raquette droite déplacée de 350 à 357
2025-05-03 17:23:37,450 - INFO - JOUEUR: Raquette gauche déplacée de 369 à 362
2025-05-03 17:23:37,450 - INFO - IA: Raquette droite déplacée de 357 à 350
2025-05-03 17:23:37,468 - INFO - JOUEUR: Raquette gauche déplacée de 362 à 355
2025-05-03 17:23:37,468 - INFO - IA: Raquette droite déplacée de 350 à 357
2025-05-03 17:23:37,485 - INFO - JOUEUR: Raquette gauche déplacée de 355 à 348
2025-05-03 17:23:37,486 - INFO - IA: Raquette droite déplacée de 357 à 364
2025-05-03 17:23:37,502 - INFO - JOUEUR: Raquette gauche déplacée de 348 à 341
2025-05-03 17:23:37,502 - INFO - IA: Raquette droite déplacée de 364 à 371
2025-05-03 17:23:37,519 - INFO - JOUEUR: Raquette gauche déplacée de 341 à 334
2025-05-03 17:23:37,519 - INFO - IA: Raquette droite déplacée de 371 à 378
2025-05-03 17:23:37,537 - INFO - JOUEUR: Raquette gauche déplacée de 334 à 327
2025-05-03 17:23:37,537 - INFO - IA: Raquette droite déplacée de 378 à 385
2025-05-03 17:23:37,554 - INFO - INPUT: Joueur relâche les touches directionnelles
2025-05-03 17:23:37,554 - INFO - IA: Raquette droite déplacée de 385 à 390
2025-05-03 17:23:37,607 - INFO - COLLISION: Balle a rebondi sur un mur à la position (528, 468)
2025-05-03 17:23:37,695 - INFO - COLLISION: Balle a rebondi sur une raquette à la position (553, 443)
2025-05-03 17:23:37,764 - INFO - IA: Raquette droite déplacée de 390 à 383
2025-05-03 17:23:37,781 - INFO - IA: Raquette droite déplacée de 383 à 390
2025-05-03 17:23:37,798 - INFO - IA: Raquette droite déplacée de 390 à 383
2025-05-03 17:23:37,832 - INFO - IA: Raquette droite déplacée de 383 à 376
2025-05-03 17:23:37,849 - INFO - IA: Raquette droite déplacée de 376 à 383
2025-05-03 17:23:37,866 - INFO - IA: Raquette droite déplacée de 383 à 376
2025-05-03 17:23:37,883 - INFO - IA: Raquette droite déplacée de 376 à 383
2025-05-03 17:23:37,901 - INFO - IA: Raquette droite déplacée de 383 à 376
2025-05-03 17:23:37,918 - INFO - IA: Raquette droite déplacée de 376 à 369
2025-05-03 17:23:37,936 - INFO - IA: Raquette droite déplacée de 369 à 362
2025-05-03 17:23:37,953 - INFO - IA: Raquette droite déplacée de 362 à 355
2025-05-03 17:23:37,970 - INFO - IA: Raquette droite déplacée de 355 à 348
2025-05-03 17:23:37,988 - INFO - IA: Raquette droite déplacée de 348 à 341
2025-05-03 17:23:38,006 - INFO - IA: Raquette droite déplacée de 341 à 334
2025-05-03 17:23:38,024 - INFO - IA: Raquette droite déplacée de 334 à 327
2025-05-03 17:23:38,042 - INFO - IA: Raquette droite déplacée de 327 à 320
2025-05-03 17:23:38,075 - INFO - IA: Raquette droite déplacée de 320 à 313
2025-05-03 17:23:38,093 - INFO - IA: Raquette droite déplacée de 313 à 320
2025-05-03 17:23:38,111 - INFO - IA: Raquette droite déplacée de 320 à 313
2025-05-03 17:23:38,128 - INFO - IA: Raquette droite déplacée de 313 à 306
2025-05-03 17:23:38,145 - INFO - IA: Raquette droite déplacée de 306 à 299
2025-05-03 17:23:38,162 - INFO - IA: Raquette droite déplacée de 299 à 292
2025-05-03 17:23:38,179 - INFO - IA: Raquette droite déplacée de 292 à 285
2025-05-03 17:23:38,197 - INFO - IA: Raquette droite déplacée de 285 à 278
2025-05-03 17:23:38,214 - INFO - IA: Raquette droite déplacée de 278 à 271
2025-05-03 17:23:38,231 - INFO - IA: Raquette droite déplacée de 271 à 264
2025-05-03 17:23:38,248 - INFO - IA: Raquette droite déplacée de 264 à 257
2025-05-03 17:23:38,265 - INFO - IA: Raquette droite déplacée de 257 à 264
2025-05-03 17:23:38,283 - INFO - IA: Raquette droite déplacée de 264 à 257
2025-05-03 17:23:38,301 - INFO - INPUT: Joueur appuie sur la touche HAUT
2025-05-03 17:23:38,301 - INFO - JOUEUR: Raquette gauche déplacée de 327 à 320
2025-05-03 17:23:38,301 - INFO - IA: Raquette droite déplacée de 257 à 250
2025-05-03 17:23:38,318 - INFO - JOUEUR: Raquette gauche déplacée de 320 à 313
2025-05-03 17:23:38,318 - INFO - IA: Raquette droite déplacée de 250 à 243
2025-05-03 17:23:38,336 - INFO - JOUEUR: Raquette gauche déplacée de 313 à 306
2025-05-03 17:23:38,336 - INFO - IA: Raquette droite déplacée de 243 à 250
2025-05-03 17:23:38,353 - INFO - JOUEUR: Raquette gauche déplacée de 306 à 299
2025-05-03 17:23:38,353 - INFO - IA: Raquette droite déplacée de 250 à 243
2025-05-03 17:23:38,370 - INFO - JOUEUR: Raquette gauche déplacée de 299 à 292
2025-05-03 17:23:38,370 - INFO - IA: Raquette droite déplacée de 243 à 236
2025-05-03 17:23:38,387 - INFO - JOUEUR: Raquette gauche déplacée de 292 à 285
2025-05-03 17:23:38,387 - INFO - IA: Raquette droite déplacée de 236 à 229
2025-05-03 17:23:38,404 - INFO - JOUEUR: Raquette gauche déplacée de 285 à 278
2025-05-03 17:23:38,404 - INFO - IA: Raquette droite déplacée de 229 à 222
2025-05-03 17:23:38,421 - INFO - JOUEUR: Raquette gauche déplacée de 278 à 271
2025-05-03 17:23:38,421 - INFO - IA: Raquette droite déplacée de 222 à 215
2025-05-03 17:23:38,439 - INFO - JOUEUR: Raquette gauche déplacée de 271 à 264
2025-05-03 17:23:38,439 - INFO - IA: Raquette droite déplacée de 215 à 208
2025-05-03 17:23:38,457 - INFO - JOUEUR: Raquette gauche déplacée de 264 à 257
2025-05-03 17:23:38,457 - INFO - IA: Raquette droite déplacée de 208 à 201
2025-05-03 17:23:38,473 - INFO - JOUEUR: Raquette gauche déplacée de 257 à 250
2025-05-03 17:23:38,474 - INFO - IA: Raquette droite déplacée de 201 à 194
2025-05-03 17:23:38,491 - INFO - JOUEUR: Raquette gauche déplacée de 250 à 243
2025-05-03 17:23:38,491 - INFO - IA: Raquette droite déplacée de 194 à 187
2025-05-03 17:23:38,509 - INFO - JOUEUR: Raquette gauche déplacée de 243 à 236
2025-05-03 17:23:38,509 - INFO - IA: Raquette droite déplacée de 187 à 180
2025-05-03 17:23:38,527 - INFO - JOUEUR: Raquette gauche déplacée de 236 à 229
2025-05-03 17:23:38,527 - INFO - IA: Raquette droite déplacée de 180 à 173
2025-05-03 17:23:38,544 - INFO - JOUEUR: Raquette gauche déplacée de 229 à 222
2025-05-03 17:23:38,544 - INFO - IA: Raquette droite déplacée de 173 à 180
2025-05-03 17:23:38,561 - INFO - JOUEUR: Raquette gauche déplacée de 222 à 215
2025-05-03 17:23:38,562 - INFO - IA: Raquette droite déplacée de 180 à 187
2025-05-03 17:23:38,579 - INFO - JOUEUR: Raquette gauche déplacée de 215 à 208
2025-05-03 17:23:38,580 - INFO - IA: Raquette droite déplacée de 187 à 180
2025-05-03 17:23:38,598 - INFO - JOUEUR: Raquette gauche déplacée de 208 à 201
2025-05-03 17:23:38,615 - INFO - JOUEUR: Raquette gauche déplacée de 201 à 194
2025-05-03 17:23:38,615 - INFO - IA: Raquette droite déplacée de 180 à 173
2025-05-03 17:23:38,632 - INFO - JOUEUR: Raquette gauche déplacée de 194 à 187
2025-05-03 17:23:38,632 - INFO - IA: Raquette droite déplacée de 173 à 166
2025-05-03 17:23:38,650 - INFO - JOUEUR: Raquette gauche déplacée de 187 à 180
2025-05-03 17:23:38,650 - INFO - IA: Raquette droite déplacée de 166 à 159
2025-05-03 17:23:38,668 - INFO - JOUEUR: Raquette gauche déplacée de 180 à 173
2025-05-03 17:23:38,668 - INFO - IA: Raquette droite déplacée de 159 à 152
2025-05-03 17:23:38,685 - INFO - JOUEUR: Raquette gauche déplacée de 173 à 166
2025-05-03 17:23:38,685 - INFO - IA: Raquette droite déplacée de 152 à 145
2025-05-03 17:23:38,702 - INFO - JOUEUR: Raquette gauche déplacée de 166 à 159
2025-05-03 17:23:38,703 - INFO - IA: Raquette droite déplacée de 145 à 138
2025-05-03 17:23:38,720 - INFO - JOUEUR: Raquette gauche déplacée de 159 à 152
2025-05-03 17:23:38,720 - INFO - IA: Raquette droite déplacée de 138 à 131
2025-05-03 17:23:38,738 - INFO - JOUEUR: Raquette gauche déplacée de 152 à 145
2025-05-03 17:23:38,738 - INFO - IA: Raquette droite déplacée de 131 à 124
2025-05-03 17:23:38,756 - INFO - JOUEUR: Raquette gauche déplacée de 145 à 138
2025-05-03 17:23:38,756 - INFO - IA: Raquette droite déplacée de 124 à 117
2025-05-03 17:23:38,773 - INFO - JOUEUR: Raquette gauche déplacée de 138 à 131
2025-05-03 17:23:38,774 - INFO - IA: Raquette droite déplacée de 117 à 110
2025-05-03 17:23:38,792 - INFO - JOUEUR: Raquette gauche déplacée de 131 à 124
2025-05-03 17:23:38,792 - INFO - IA: Raquette droite déplacée de 110 à 117
2025-05-03 17:23:38,809 - INFO - JOUEUR: Raquette gauche déplacée de 124 à 117
2025-05-03 17:23:38,810 - INFO - IA: Raquette droite déplacée de 117 à 110
2025-05-03 17:23:38,827 - INFO - JOUEUR: Raquette gauche déplacée de 117 à 110
2025-05-03 17:23:38,828 - INFO - IA: Raquette droite déplacée de 110 à 103
2025-05-03 17:23:38,845 - INFO - JOUEUR: Raquette gauche déplacée de 110 à 103
2025-05-03 17:23:38,845 - INFO - IA: Raquette droite déplacée de 103 à 96
2025-05-03 17:23:38,864 - INFO - JOUEUR: Raquette gauche déplacée de 103 à 96
2025-05-03 17:23:38,864 - INFO - IA: Raquette droite déplacée de 96 à 89
2025-05-03 17:23:38,882 - INFO - JOUEUR: Raquette gauche déplacée de 96 à 89
2025-05-03 17:23:38,882 - INFO - IA: Raquette droite déplacée de 89 à 82
2025-05-03 17:23:38,899 - INFO - JOUEUR: Raquette gauche déplacée de 89 à 82
2025-05-03 17:23:38,899 - INFO - IA: Raquette droite déplacée de 82 à 75
2025-05-03 17:23:38,917 - INFO - JOUEUR: Raquette gauche déplacée de 82 à 75
2025-05-03 17:23:38,917 - INFO - IA: Raquette droite déplacée de 75 à 82
2025-05-03 17:23:38,935 - INFO - JOUEUR: Raquette gauche déplacée de 75 à 68
2025-05-03 17:23:38,935 - INFO - IA: Raquette droite déplacée de 82 à 89
2025-05-03 17:23:38,952 - INFO - JOUEUR: Raquette gauche déplacée de 68 à 61
2025-05-03 17:23:38,952 - INFO - IA: Raquette droite déplacée de 89 à 82
2025-05-03 17:23:38,969 - INFO - JOUEUR: Raquette gauche déplacée de 61 à 54
2025-05-03 17:23:38,969 - INFO - IA: Raquette droite déplacée de 82 à 75
2025-05-03 17:23:38,986 - INFO - JOUEUR: Raquette gauche déplacée de 54 à 47
2025-05-03 17:23:38,986 - INFO - IA: Raquette droite déplacée de 75 à 68
2025-05-03 17:23:39,003 - INFO - JOUEUR: Raquette gauche déplacée de 47 à 40
2025-05-03 17:23:39,003 - INFO - IA: Raquette droite déplacée de 68 à 61
2025-05-03 17:23:39,021 - INFO - JOUEUR: Raquette gauche déplacée de 40 à 33
2025-05-03 17:23:39,021 - INFO - IA: Raquette droite déplacée de 61 à 54
2025-05-03 17:23:39,038 - INFO - JOUEUR: Raquette gauche déplacée de 33 à 26
2025-05-03 17:23:39,038 - INFO - IA: Raquette droite déplacée de 54 à 47
2025-05-03 17:23:39,055 - INFO - JOUEUR: Raquette gauche déplacée de 26 à 19
2025-05-03 17:23:39,056 - INFO - IA: Raquette droite déplacée de 47 à 40
2025-05-03 17:23:39,073 - INFO - JOUEUR: Raquette gauche déplacée de 19 à 12
2025-05-03 17:23:39,074 - INFO - IA: Raquette droite déplacée de 40 à 33
2025-05-03 17:23:39,093 - INFO - JOUEUR: Raquette gauche déplacée de 12 à 5
2025-05-03 17:23:39,093 - INFO - IA: Raquette droite déplacée de 33 à 26
2025-05-03 17:23:39,112 - INFO - JOUEUR: Raquette gauche déplacée de 5 à 0
2025-05-03 17:23:39,112 - INFO - IA: Raquette droite déplacée de 26 à 19
2025-05-03 17:23:39,130 - INFO - INPUT: Joueur relâche les touches directionnelles
2025-05-03 17:23:39,130 - INFO - IA: Raquette droite déplacée de 19 à 12
2025-05-03 17:23:39,147 - INFO - IA: Raquette droite déplacée de 12 à 5
2025-05-03 17:23:39,164 - INFO - IA: Raquette droite déplacée de 5 à 0
2025-05-03 17:23:39,182 - INFO - IA: Raquette droite déplacée de 0 à 7
2025-05-03 17:23:39,199 - INFO - IA: Raquette droite déplacée de 7 à 0
2025-05-03 17:23:39,250 - INFO - COLLISION: Balle a rebondi sur un mur à la position (108, -2)
2025-05-03 17:23:39,369 - INFO - IA: Raquette droite déplacée de 0 à 7
2025-05-03 17:23:39,386 - INFO - IA: Raquette droite déplacée de 7 à 0
2025-05-03 17:23:39,404 - INFO - IA: Raquette droite déplacée de 0 à 7
2025-05-03 17:23:39,422 - INFO - IA: Raquette droite déplacée de 7 à 14
2025-05-03 17:23:39,439 - INFO - IA: Raquette droite déplacée de 14 à 7
2025-05-03 17:23:39,473 - INFO - IA: Raquette droite déplacée de 7 à 14
2025-05-03 17:23:39,490 - INFO - IA: Raquette droite déplacée de 14 à 7
2025-05-03 17:23:39,508 - INFO - IA: Raquette droite déplacée de 7 à 14
2025-05-03 17:23:39,508 - INFO - COLLISION: Balle a rebondi sur une raquette à la position (33, 73)
2025-05-03 17:23:39,525 - INFO - IA: Raquette droite déplacée de 14 à 21
2025-05-03 17:23:39,543 - INFO - IA: Raquette droite déplacée de 21 à 28
2025-05-03 17:23:39,560 - INFO - INPUT: Joueur appuie sur la touche BAS
2025-05-03 17:23:39,561 - INFO - JOUEUR: Raquette gauche déplacée de 0 à 7
2025-05-03 17:23:39,561 - INFO - IA: Raquette droite déplacée de 28 à 35
2025-05-03 17:23:39,578 - INFO - JOUEUR: Raquette gauche déplacée de 7 à 14
2025-05-03 17:23:39,578 - INFO - IA: Raquette droite déplacée de 35 à 42
2025-05-03 17:23:39,595 - INFO - JOUEUR: Raquette gauche déplacée de 14 à 21
2025-05-03 17:23:39,595 - INFO - IA: Raquette droite déplacée de 42 à 49
2025-05-03 17:23:39,612 - INFO - JOUEUR: Raquette gauche déplacée de 21 à 28
2025-05-03 17:23:39,613 - INFO - IA: Raquette droite déplacée de 49 à 56
2025-05-03 17:23:39,630 - INFO - JOUEUR: Raquette gauche déplacée de 28 à 35
2025-05-03 17:23:39,631 - INFO - IA: Raquette droite déplacée de 56 à 63
2025-05-03 17:23:39,649 - INFO - JOUEUR: Raquette gauche déplacée de 35 à 42
2025-05-03 17:23:39,650 - INFO - IA: Raquette droite déplacée de 63 à 70
2025-05-03 17:23:39,667 - INFO - JOUEUR: Raquette gauche déplacée de 42 à 49
2025-05-03 17:23:39,667 - INFO - IA: Raquette droite déplacée de 70 à 77
2025-05-03 17:23:39,684 - INFO - JOUEUR: Raquette gauche déplacée de 49 à 56
2025-05-03 17:23:39,684 - INFO - IA: Raquette droite déplacée de 77 à 70
2025-05-03 17:23:39,701 - INFO - JOUEUR: Raquette gauche déplacée de 56 à 63
2025-05-03 17:23:39,701 - INFO - IA: Raquette droite déplacée de 70 à 77
2025-05-03 17:23:39,718 - INFO - JOUEUR: Raquette gauche déplacée de 63 à 70
2025-05-03 17:23:39,718 - INFO - IA: Raquette droite déplacée de 77 à 84
2025-05-03 17:23:39,735 - INFO - JOUEUR: Raquette gauche déplacée de 70 à 77
2025-05-03 17:23:39,735 - INFO - IA: Raquette droite déplacée de 84 à 91
2025-05-03 17:23:39,752 - INFO - JOUEUR: Raquette gauche déplacée de 77 à 84
2025-05-03 17:23:39,752 - INFO - IA: Raquette droite déplacée de 91 à 98
2025-05-03 17:23:39,770 - INFO - JOUEUR: Raquette gauche déplacée de 84 à 91
2025-05-03 17:23:39,770 - INFO - IA: Raquette droite déplacée de 98 à 91
2025-05-03 17:23:39,787 - INFO - JOUEUR: Raquette gauche déplacée de 91 à 98
2025-05-03 17:23:39,787 - INFO - IA: Raquette droite déplacée de 91 à 98
2025-05-03 17:23:39,804 - INFO - JOUEUR: Raquette gauche déplacée de 98 à 105
2025-05-03 17:23:39,804 - INFO - IA: Raquette droite déplacée de 98 à 105
2025-05-03 17:23:39,821 - INFO - JOUEUR: Raquette gauche déplacée de 105 à 112
2025-05-03 17:23:39,822 - INFO - IA: Raquette droite déplacée de 105 à 98
2025-05-03 17:23:39,838 - INFO - JOUEUR: Raquette gauche déplacée de 112 à 119
2025-05-03 17:23:39,839 - INFO - IA: Raquette droite déplacée de 98 à 105
2025-05-03 17:23:39,856 - INFO - JOUEUR: Raquette gauche déplacée de 119 à 126
2025-05-03 17:23:39,856 - INFO - IA: Raquette droite déplacée de 105 à 112
2025-05-03 17:23:39,874 - INFO - JOUEUR: Raquette gauche déplacée de 126 à 133
2025-05-03 17:23:39,874 - INFO - IA: Raquette droite déplacée de 112 à 119
2025-05-03 17:23:39,893 - INFO - JOUEUR: Raquette gauche déplacée de 133 à 140
2025-05-03 17:23:39,894 - INFO - IA: Raquette droite déplacée de 119 à 126
2025-05-03 17:23:39,912 - INFO - JOUEUR: Raquette gauche déplacée de 140 à 147
2025-05-03 17:23:39,912 - INFO - IA: Raquette droite déplacée de 126 à 133
2025-05-03 17:23:39,931 - INFO - JOUEUR: Raquette gauche déplacée de 147 à 154
2025-05-03 17:23:39,931 - INFO - IA: Raquette droite déplacée de 133 à 140
2025-05-03 17:23:39,948 - INFO - JOUEUR: Raquette gauche déplacée de 154 à 161
2025-05-03 17:23:39,948 - INFO - IA: Raquette droite déplacée de 140 à 133
2025-05-03 17:23:39,966 - INFO - JOUEUR: Raquette gauche déplacée de 161 à 168
2025-05-03 17:23:39,966 - INFO - IA: Raquette droite déplacée de 133 à 140
2025-05-03 17:23:39,983 - INFO - JOUEUR: Raquette gauche déplacée de 168 à 175
2025-05-03 17:23:39,983 - INFO - IA: Raquette droite déplacée de 140 à 133
2025-05-03 17:23:40,001 - INFO - JOUEUR: Raquette gauche déplacée de 175 à 182
2025-05-03 17:23:40,001 - INFO - IA: Raquette droite déplacée de 133 à 140
2025-05-03 17:23:40,018 - INFO - JOUEUR: Raquette gauche déplacée de 182 à 189
2025-05-03 17:23:40,018 - INFO - IA: Raquette droite déplacée de 140 à 147
2025-05-03 17:23:40,036 - INFO - JOUEUR: Raquette gauche déplacée de 189 à 196
2025-05-03 17:23:40,036 - INFO - IA: Raquette droite déplacée de 147 à 154
2025-05-03 17:23:40,053 - INFO - JOUEUR: Raquette gauche déplacée de 196 à 203
2025-05-03 17:23:40,053 - INFO - IA: Raquette droite déplacée de 154 à 161
2025-05-03 17:23:40,070 - INFO - JOUEUR: Raquette gauche déplacée de 203 à 210
2025-05-03 17:23:40,070 - INFO - IA: Raquette droite déplacée de 161 à 168
2025-05-03 17:23:40,087 - INFO - JOUEUR: Raquette gauche déplacée de 210 à 217
2025-05-03 17:23:40,087 - INFO - IA: Raquette droite déplacée de 168 à 175
2025-05-03 17:23:40,105 - INFO - JOUEUR: Raquette gauche déplacée de 217 à 224
2025-05-03 17:23:40,122 - INFO - JOUEUR: Raquette gauche déplacée de 224 à 231
2025-05-03 17:23:40,123 - INFO - IA: Raquette droite déplacée de 175 à 182
2025-05-03 17:23:40,140 - INFO - JOUEUR: Raquette gauche déplacée de 231 à 238
2025-05-03 17:23:40,141 - INFO - IA: Raquette droite déplacée de 182 à 189
2025-05-03 17:23:40,159 - INFO - JOUEUR: Raquette gauche déplacée de 238 à 245
2025-05-03 17:23:40,159 - INFO - IA: Raquette droite déplacée de 189 à 196
2025-05-03 17:23:40,177 - INFO - JOUEUR: Raquette gauche déplacée de 245 à 252
2025-05-03 17:23:40,177 - INFO - IA: Raquette droite déplacée de 196 à 203
2025-05-03 17:23:40,195 - INFO - JOUEUR: Raquette gauche déplacée de 252 à 259
2025-05-03 17:23:40,195 - INFO - IA: Raquette droite déplacée de 203 à 196
2025-05-03 17:23:40,212 - INFO - JOUEUR: Raquette gauche déplacée de 259 à 266
2025-05-03 17:23:40,212 - INFO - IA: Raquette droite déplacée de 196 à 203
2025-05-03 17:23:40,229 - INFO - JOUEUR: Raquette gauche déplacée de 266 à 273
2025-05-03 17:23:40,229 - INFO - IA: Raquette droite déplacée de 203 à 210
2025-05-03 17:23:40,247 - INFO - JOUEUR: Raquette gauche déplacée de 273 à 280
2025-05-03 17:23:40,247 - INFO - IA: Raquette droite déplacée de 210 à 217
2025-05-03 17:23:40,264 - INFO - JOUEUR: Raquette gauche déplacée de 280 à 287
2025-05-03 17:23:40,264 - INFO - IA: Raquette droite déplacée de 217 à 224
2025-05-03 17:23:40,282 - INFO - JOUEUR: Raquette gauche déplacée de 287 à 294
2025-05-03 17:23:40,283 - INFO - IA: Raquette droite déplacée de 224 à 231
2025-05-03 17:23:40,300 - INFO - JOUEUR: Raquette gauche déplacée de 294 à 301
2025-05-03 17:23:40,300 - INFO - IA: Raquette droite déplacée de 231 à 238
2025-05-03 17:23:40,318 - INFO - JOUEUR: Raquette gauche déplacée de 301 à 308
2025-05-03 17:23:40,319 - INFO - IA: Raquette droite déplacée de 238 à 245
2025-05-03 17:23:40,336 - INFO - JOUEUR: Raquette gauche déplacée de 308 à 315
2025-05-03 17:23:40,336 - INFO - IA: Raquette droite déplacée de 245 à 252
2025-05-03 17:23:40,354 - INFO - INPUT: Joueur relâche les touches directionnelles
2025-05-03 17:23:40,354 - INFO - IA: Raquette droite déplacée de 252 à 259
2025-05-03 17:23:40,372 - INFO - IA: Raquette droite déplacée de 259 à 252
2025-05-03 17:23:40,389 - INFO - IA: Raquette droite déplacée de 252 à 259
2025-05-03 17:23:40,407 - INFO - IA: Raquette droite déplacée de 259 à 266
2025-05-03 17:23:40,424 - INFO - IA: Raquette droite déplacée de 266 à 273
2025-05-03 17:23:40,442 - INFO - IA: Raquette droite déplacée de 273 à 280
2025-05-03 17:23:40,460 - INFO - IA: Raquette droite déplacée de 280 à 273
2025-05-03 17:23:40,482 - INFO - IA: Raquette droite déplacée de 273 à 280
2025-05-03 17:23:40,499 - INFO - IA: Raquette droite déplacée de 280 à 287
2025-05-03 17:23:40,516 - INFO - IA: Raquette droite déplacée de 287 à 294
2025-05-03 17:23:40,533 - INFO - IA: Raquette droite déplacée de 294 à 301
2025-05-03 17:23:40,550 - INFO - IA: Raquette droite déplacée de 301 à 294
2025-05-03 17:23:40,568 - INFO - IA: Raquette droite déplacée de 294 à 301
2025-05-03 17:23:40,585 - INFO - IA: Raquette droite déplacée de 301 à 308
2025-05-03 17:23:40,603 - INFO - IA: Raquette droite déplacée de 308 à 315
2025-05-03 17:23:40,620 - INFO - IA: Raquette droite déplacée de 315 à 322
2025-05-03 17:23:40,656 - INFO - IA: Raquette droite déplacée de 322 à 329
2025-05-03 17:23:40,673 - INFO - IA: Raquette droite déplacée de 329 à 336
2025-05-03 17:23:40,691 - INFO - IA: Raquette droite déplacée de 336 à 343
2025-05-03 17:23:40,709 - INFO - IA: Raquette droite déplacée de 343 à 350
2025-05-03 17:23:40,727 - INFO - IA: Raquette droite déplacée de 350 à 357
2025-05-03 17:23:40,744 - INFO - IA: Raquette droite déplacée de 357 à 364
2025-05-03 17:23:40,761 - INFO - IA: Raquette droite déplacée de 364 à 371
2025-05-03 17:23:40,778 - INFO - IA: Raquette droite déplacée de 371 à 378
2025-05-03 17:23:40,796 - INFO - IA: Raquette droite déplacée de 378 à 385
2025-05-03 17:23:40,813 - INFO - IA: Raquette droite déplacée de 385 à 390
2025-05-03 17:23:40,830 - INFO - IA: Raquette droite déplacée de 390 à 383
2025-05-03 17:23:40,847 - INFO - IA: Raquette droite déplacée de 383 à 390
2025-05-03 17:23:40,898 - INFO - COLLISION: Balle a rebondi sur un mur à la position (507, 468)
2025-05-03 17:23:40,985 - INFO - IA: Raquette droite déplacée de 390 à 383
2025-05-03 17:23:41,002 - INFO - IA: Raquette droite déplacée de 383 à 390
2025-05-03 17:23:41,019 - INFO - IA: Raquette droite déplacée de 390 à 383
2025-05-03 17:23:41,037 - INFO - IA: Raquette droite déplacée de 383 à 376
2025-05-03 17:23:41,037 - INFO - COLLISION: Balle a rebondi sur une raquette à la position (555, 428)
2025-05-03 17:23:41,054 - INFO - IA: Raquette droite déplacée de 376 à 383
2025-05-03 17:23:41,073 - INFO - IA: Raquette droite déplacée de 383 à 390
2025-05-03 17:23:41,125 - INFO - IA: Raquette droite déplacée de 390 à 383
2025-05-03 17:23:41,143 - INFO - IA: Raquette droite déplacée de 383 à 376
2025-05-03 17:23:41,160 - INFO - IA: Raquette droite déplacée de 376 à 369
2025-05-03 17:23:41,177 - INFO - IA: Raquette droite déplacée de 369 à 362
2025-05-03 17:23:41,194 - INFO - IA: Raquette droite déplacée de 362 à 355
2025-05-03 17:23:41,212 - INFO - IA: Raquette droite déplacée de 355 à 348
2025-05-03 17:23:41,228 - INFO - IA: Raquette droite déplacée de 348 à 341
2025-05-03 17:23:41,245 - INFO - IA: Raquette droite déplacée de 341 à 334
2025-05-03 17:23:41,263 - INFO - IA: Raquette droite déplacée de 334 à 327
2025-05-03 17:23:41,280 - INFO - IA: Raquette droite déplacée de 327 à 320
2025-05-03 17:23:41,297 - INFO - IA: Raquette droite déplacée de 320 à 313
2025-05-03 17:23:41,314 - INFO - IA: Raquette droite déplacée de 313 à 320
2025-05-03 17:23:41,332 - INFO - IA: Raquette droite déplacée de 320 à 313
2025-05-03 17:23:41,349 - INFO - IA: Raquette droite déplacée de 313 à 306
2025-05-03 17:23:41,366 - INFO - IA: Raquette droite déplacée de 306 à 299
2025-05-03 17:23:41,383 - INFO - IA: Raquette droite déplacée de 299 à 306
2025-05-03 17:23:41,400 - INFO - IA: Raquette droite déplacée de 306 à 299
2025-05-03 17:23:41,418 - INFO - IA: Raquette droite déplacée de 299 à 292
2025-05-03 17:23:41,436 - INFO - IA: Raquette droite déplacée de 292 à 285
2025-05-03 17:23:41,453 - INFO - IA: Raquette droite déplacée de 285 à 292
2025-05-03 17:23:41,470 - INFO - IA: Raquette droite déplacée de 292 à 285
2025-05-03 17:23:41,487 - INFO - IA: Raquette droite déplacée de 285 à 278
2025-05-03 17:23:41,504 - INFO - IA: Raquette droite déplacée de 278 à 271
2025-05-03 17:23:41,522 - INFO - IA: Raquette droite déplacée de 271 à 278
2025-05-03 17:23:41,539 - INFO - IA: Raquette droite déplacée de 278 à 271
2025-05-03 17:23:41,557 - INFO - IA: Raquette droite déplacée de 271 à 264
2025-05-03 17:23:41,574 - INFO - IA: Raquette droite déplacée de 264 à 257
2025-05-03 17:23:41,591 - INFO - IA: Raquette droite déplacée de 257 à 250
2025-05-03 17:23:41,609 - INFO - IA: Raquette droite déplacée de 250 à 257
2025-05-03 17:23:41,627 - INFO - IA: Raquette droite déplacée de 257 à 250
2025-05-03 17:23:41,643 - INFO - IA: Raquette droite déplacée de 250 à 243
2025-05-03 17:23:41,661 - INFO - IA: Raquette droite déplacée de 243 à 236
2025-05-03 17:23:41,680 - INFO - INPUT: Joueur appuie sur la touche HAUT
2025-05-03 17:23:41,680 - INFO - JOUEUR: Raquette gauche déplacée de 315 à 308
2025-05-03 17:23:41,680 - INFO - IA: Raquette droite déplacée de 236 à 229
2025-05-03 17:23:41,699 - INFO - JOUEUR: Raquette gauche déplacée de 308 à 301
2025-05-03 17:23:41,699 - INFO - IA: Raquette droite déplacée de 229 à 236
2025-05-03 17:23:41,717 - INFO - JOUEUR: Raquette gauche déplacée de 301 à 294
2025-05-03 17:23:41,718 - INFO - IA: Raquette droite déplacée de 236 à 229
2025-05-03 17:23:41,736 - INFO - JOUEUR: Raquette gauche déplacée de 294 à 287
2025-05-03 17:23:41,736 - INFO - IA: Raquette droite déplacée de 229 à 222
2025-05-03 17:23:41,753 - INFO - JOUEUR: Raquette gauche déplacée de 287 à 280
2025-05-03 17:23:41,753 - INFO - IA: Raquette droite déplacée de 222 à 215
2025-05-03 17:23:41,770 - INFO - JOUEUR: Raquette gauche déplacée de 280 à 273
2025-05-03 17:23:41,770 - INFO - IA: Raquette droite déplacée de 215 à 208
2025-05-03 17:23:41,788 - INFO - JOUEUR: Raquette gauche déplacée de 273 à 266
2025-05-03 17:23:41,788 - INFO - IA: Raquette droite déplacée de 208 à 201
2025-05-03 17:23:41,805 - INFO - JOUEUR: Raquette gauche déplacée de 266 à 259
2025-05-03 17:23:41,805 - INFO - IA: Raquette droite déplacée de 201 à 194
2025-05-03 17:23:41,823 - INFO - JOUEUR: Raquette gauche déplacée de 259 à 252
2025-05-03 17:23:41,824 - INFO - IA: Raquette droite déplacée de 194 à 187
2025-05-03 17:23:41,840 - INFO - JOUEUR: Raquette gauche déplacée de 252 à 245
2025-05-03 17:23:41,841 - INFO - IA: Raquette droite déplacée de 187 à 180
2025-05-03 17:23:41,858 - INFO - JOUEUR: Raquette gauche déplacée de 245 à 238
2025-05-03 17:23:41,858 - INFO - IA: Raquette droite déplacée de 180 à 187
2025-05-03 17:23:41,875 - INFO - JOUEUR: Raquette gauche déplacée de 238 à 231
2025-05-03 17:23:41,875 - INFO - IA: Raquette droite déplacée de 187 à 180
2025-05-03 17:23:41,893 - INFO - JOUEUR: Raquette gauche déplacée de 231 à 224
2025-05-03 17:23:41,893 - INFO - IA: Raquette droite déplacée de 180 à 173
2025-05-03 17:23:41,911 - INFO - JOUEUR: Raquette gauche déplacée de 224 à 217
2025-05-03 17:23:41,911 - INFO - IA: Raquette droite déplacée de 173 à 166
2025-05-03 17:23:41,929 - INFO - JOUEUR: Raquette gauche déplacée de 217 à 210
2025-05-03 17:23:41,929 - INFO - IA: Raquette droite déplacée de 166 à 159
2025-05-03 17:23:41,947 - INFO - JOUEUR: Raquette gauche déplacée de 210 à 203
2025-05-03 17:23:41,947 - INFO - IA: Raquette droite déplacée de 159 à 152
2025-05-03 17:23:41,964 - INFO - JOUEUR: Raquette gauche déplacée de 203 à 196
2025-05-03 17:23:41,964 - INFO - IA: Raquette droite déplacée de 152 à 159
2025-05-03 17:23:41,982 - INFO - JOUEUR: Raquette gauche déplacée de 196 à 189
2025-05-03 17:23:41,982 - INFO - IA: Raquette droite déplacée de 159 à 152
2025-05-03 17:23:41,999 - INFO - JOUEUR: Raquette gauche déplacée de 189 à 182
2025-05-03 17:23:41,999 - INFO - IA: Raquette droite déplacée de 152 à 145
2025-05-03 17:23:42,016 - INFO - JOUEUR: Raquette gauche déplacée de 182 à 175
2025-05-03 17:23:42,016 - INFO - IA: Raquette droite déplacée de 145 à 138
2025-05-03 17:23:42,033 - INFO - JOUEUR: Raquette gauche déplacée de 175 à 168
2025-05-03 17:23:42,033 - INFO - IA: Raquette droite déplacée de 138 à 131
2025-05-03 17:23:42,050 - INFO - JOUEUR: Raquette gauche déplacée de 168 à 161
2025-05-03 17:23:42,050 - INFO - IA: Raquette droite déplacée de 131 à 124
2025-05-03 17:23:42,067 - INFO - JOUEUR: Raquette gauche déplacée de 161 à 154
2025-05-03 17:23:42,067 - INFO - IA: Raquette droite déplacée de 124 à 117
2025-05-03 17:23:42,085 - INFO - JOUEUR: Raquette gauche déplacée de 154 à 147
2025-05-03 17:23:42,085 - INFO - IA: Raquette droite déplacée de 117 à 110
2025-05-03 17:23:42,102 - INFO - JOUEUR: Raquette gauche déplacée de 147 à 140
2025-05-03 17:23:42,102 - INFO - IA: Raquette droite déplacée de 110 à 103
2025-05-03 17:23:42,119 - INFO - JOUEUR: Raquette gauche déplacée de 140 à 133
2025-05-03 17:23:42,119 - INFO - IA: Raquette droite déplacée de 103 à 110
2025-05-03 17:23:42,136 - INFO - JOUEUR: Raquette gauche déplacée de 133 à 126
2025-05-03 17:23:42,136 - INFO - IA: Raquette droite déplacée de 110 à 103
2025-05-03 17:23:42,154 - INFO - JOUEUR: Raquette gauche déplacée de 126 à 119
2025-05-03 17:23:42,154 - INFO - IA: Raquette droite déplacée de 103 à 96
2025-05-03 17:23:42,171 - INFO - JOUEUR: Raquette gauche déplacée de 119 à 112
2025-05-03 17:23:42,172 - INFO - IA: Raquette droite déplacée de 96 à 89
2025-05-03 17:23:42,189 - INFO - JOUEUR: Raquette gauche déplacée de 112 à 105
2025-05-03 17:23:42,190 - INFO - IA: Raquette droite déplacée de 89 à 82
2025-05-03 17:23:42,209 - INFO - JOUEUR: Raquette gauche déplacée de 105 à 98
2025-05-03 17:23:42,209 - INFO - IA: Raquette droite déplacée de 82 à 75
2025-05-03 17:23:42,226 - INFO - JOUEUR: Raquette gauche déplacée de 98 à 91
2025-05-03 17:23:42,227 - INFO - IA: Raquette droite déplacée de 75 à 68
2025-05-03 17:23:42,245 - INFO - JOUEUR: Raquette gauche déplacée de 91 à 84
2025-05-03 17:23:42,245 - INFO - IA: Raquette droite déplacée de 68 à 61
2025-05-03 17:23:42,263 - INFO - JOUEUR: Raquette gauche déplacée de 84 à 77
2025-05-03 17:23:42,263 - INFO - IA: Raquette droite déplacée de 61 à 54
2025-05-03 17:23:42,280 - INFO - JOUEUR: Raquette gauche déplacée de 77 à 70
2025-05-03 17:23:42,280 - INFO - IA: Raquette droite déplacée de 54 à 47
2025-05-03 17:23:42,298 - INFO - JOUEUR: Raquette gauche déplacée de 70 à 63
2025-05-03 17:23:42,298 - INFO - IA: Raquette droite déplacée de 47 à 40
2025-05-03 17:23:42,316 - INFO - JOUEUR: Raquette gauche déplacée de 63 à 56
2025-05-03 17:23:42,316 - INFO - IA: Raquette droite déplacée de 40 à 33
2025-05-03 17:23:42,335 - INFO - JOUEUR: Raquette gauche déplacée de 56 à 49
2025-05-03 17:23:42,335 - INFO - IA: Raquette droite déplacée de 33 à 26
2025-05-03 17:23:42,352 - INFO - JOUEUR: Raquette gauche déplacée de 49 à 42
2025-05-03 17:23:42,352 - INFO - IA: Raquette droite déplacée de 26 à 33
2025-05-03 17:23:42,352 - INFO - COLLISION: Balle a rebondi sur une raquette à la position (30, 53)
2025-05-03 17:23:42,369 - INFO - JOUEUR: Raquette gauche déplacée de 42 à 35
2025-05-03 17:23:42,370 - INFO - IA: Raquette droite déplacée de 33 à 26
2025-05-03 17:23:42,385 - INFO - JOUEUR: Raquette gauche déplacée de 35 à 28
2025-05-03 17:23:42,386 - INFO - IA: Raquette droite déplacée de 26 à 19
2025-05-03 17:23:42,403 - INFO - JOUEUR: Raquette gauche déplacée de 28 à 21
2025-05-03 17:23:42,403 - INFO - IA: Raquette droite déplacée de 19 à 12
2025-05-03 17:23:42,421 - INFO - INPUT: Joueur relâche les touches directionnelles
2025-05-03 17:23:42,421 - INFO - IA: Raquette droite déplacée de 12 à 19
2025-05-03 17:23:42,439 - INFO - IA: Raquette droite déplacée de 19 à 12
2025-05-03 17:23:42,457 - INFO - IA: Raquette droite déplacée de 12 à 5
2025-05-03 17:23:42,492 - INFO - IA: Raquette droite déplacée de 5 à 0
2025-05-03 17:23:42,544 - INFO - COLLISION: Balle a rebondi sur un mur à la position (107, -2)
2025-05-03 17:23:42,715 - INFO - IA: Raquette droite déplacée de 0 à 7
2025-05-03 17:23:42,733 - INFO - IA: Raquette droite déplacée de 7 à 0
2025-05-03 17:23:42,751 - INFO - IA: Raquette droite déplacée de 0 à 7
2025-05-03 17:23:42,769 - INFO - IA: Raquette droite déplacée de 7 à 14
2025-05-03 17:23:42,786 - INFO - IA: Raquette droite déplacée de 14 à 21
2025-05-03 17:23:42,803 - INFO - IA: Raquette droite déplacée de 21 à 28
2025-05-03 17:23:42,820 - INFO - INPUT: Joueur appuie sur la touche BAS
2025-05-03 17:23:42,821 - INFO - JOUEUR: Raquette gauche déplacée de 21 à 28
2025-05-03 17:23:42,821 - INFO - IA: Raquette droite déplacée de 28 à 35
2025-05-03 17:23:42,838 - INFO - JOUEUR: Raquette gauche déplacée de 28 à 35
2025-05-03 17:23:42,839 - INFO - IA: Raquette droite déplacée de 35 à 28
2025-05-03 17:23:42,857 - INFO - JOUEUR: Raquette gauche déplacée de 35 à 42
2025-05-03 17:23:42,857 - INFO - IA: Raquette droite déplacée de 28 à 21
2025-05-03 17:23:42,874 - INFO - JOUEUR: Raquette gauche déplacée de 42 à 49
2025-05-03 17:23:42,874 - INFO - IA: Raquette droite déplacée de 21 à 28
2025-05-03 17:23:42,892 - INFO - JOUEUR: Raquette gauche déplacée de 49 à 56
2025-05-03 17:23:42,893 - INFO - IA: Raquette droite déplacée de 28 à 35
2025-05-03 17:23:42,910 - INFO - JOUEUR: Raquette gauche déplacée de 56 à 63
2025-05-03 17:23:42,910 - INFO - IA: Raquette droite déplacée de 35 à 42
2025-05-03 17:23:42,928 - INFO - JOUEUR: Raquette gauche déplacée de 63 à 70
2025-05-03 17:23:42,928 - INFO - IA: Raquette droite déplacée de 42 à 49
2025-05-03 17:23:42,945 - INFO - JOUEUR: Raquette gauche déplacée de 70 à 77
2025-05-03 17:23:42,963 - INFO - JOUEUR: Raquette gauche déplacée de 77 à 84
2025-05-03 17:23:42,963 - INFO - IA: Raquette droite déplacée de 49 à 56
2025-05-03 17:23:42,981 - INFO - JOUEUR: Raquette gauche déplacée de 84 à 91
2025-05-03 17:23:42,982 - INFO - IA: Raquette droite déplacée de 56 à 63
2025-05-03 17:23:42,999 - INFO - JOUEUR: Raquette gauche déplacée de 91 à 98
2025-05-03 17:23:43,000 - INFO - IA: Raquette droite déplacée de 63 à 70
2025-05-03 17:23:43,017 - INFO - JOUEUR: Raquette gauche déplacée de 98 à 105
2025-05-03 17:23:43,017 - INFO - IA: Raquette droite déplacée de 70 à 77
2025-05-03 17:23:43,034 - INFO - JOUEUR: Raquette gauche déplacée de 105 à 112
2025-05-03 17:23:43,034 - INFO - IA: Raquette droite déplacée de 77 à 84
2025-05-03 17:23:43,052 - INFO - JOUEUR: Raquette gauche déplacée de 112 à 119
2025-05-03 17:23:43,052 - INFO - IA: Raquette droite déplacée de 84 à 91
2025-05-03 17:23:43,069 - INFO - JOUEUR: Raquette gauche déplacée de 119 à 126
2025-05-03 17:23:43,069 - INFO - IA: Raquette droite déplacée de 91 à 98
2025-05-03 17:23:43,086 - INFO - JOUEUR: Raquette gauche déplacée de 126 à 133
2025-05-03 17:23:43,086 - INFO - IA: Raquette droite déplacée de 98 à 105
2025-05-03 17:23:43,104 - INFO - JOUEUR: Raquette gauche déplacée de 133 à 140
2025-05-03 17:23:43,104 - INFO - IA: Raquette droite déplacée de 105 à 98
2025-05-03 17:23:43,122 - INFO - JOUEUR: Raquette gauche déplacée de 140 à 147
2025-05-03 17:23:43,123 - INFO - IA: Raquette droite déplacée de 98 à 105
2025-05-03 17:23:43,140 - INFO - JOUEUR: Raquette gauche déplacée de 147 à 154
2025-05-03 17:23:43,157 - INFO - JOUEUR: Raquette gauche déplacée de 154 à 161
2025-05-03 17:23:43,157 - INFO - IA: Raquette droite déplacée de 105 à 112
2025-05-03 17:23:43,174 - INFO - JOUEUR: Raquette gauche déplacée de 161 à 168
2025-05-03 17:23:43,174 - INFO - IA: Raquette droite déplacée de 112 à 119
2025-05-03 17:23:43,191 - INFO - JOUEUR: Raquette gauche déplacée de 168 à 175
2025-05-03 17:23:43,192 - INFO - IA: Raquette droite déplacée de 119 à 112
2025-05-03 17:23:43,209 - INFO - JOUEUR: Raquette gauche déplacée de 175 à 182
2025-05-03 17:23:43,209 - INFO - IA: Raquette droite déplacée de 112 à 119
2025-05-03 17:23:43,226 - INFO - JOUEUR: Raquette gauche déplacée de 182 à 189
2025-05-03 17:23:43,226 - INFO - IA: Raquette droite déplacée de 119 à 126
2025-05-03 17:23:43,243 - INFO - JOUEUR: Raquette gauche déplacée de 189 à 196
2025-05-03 17:23:43,243 - INFO - IA: Raquette droite déplacée de 126 à 133
2025-05-03 17:23:43,260 - INFO - JOUEUR: Raquette gauche déplacée de 196 à 203
2025-05-03 17:23:43,260 - INFO - IA: Raquette droite déplacée de 133 à 126
2025-05-03 17:23:43,277 - INFO - JOUEUR: Raquette gauche déplacée de 203 à 210
2025-05-03 17:23:43,278 - INFO - IA: Raquette droite déplacée de 126 à 133
2025-05-03 17:23:43,295 - INFO - JOUEUR: Raquette gauche déplacée de 210 à 217
2025-05-03 17:23:43,295 - INFO - IA: Raquette droite déplacée de 133 à 140
2025-05-03 17:23:43,312 - INFO - JOUEUR: Raquette gauche déplacée de 217 à 224
2025-05-03 17:23:43,312 - INFO - IA: Raquette droite déplacée de 140 à 147
2025-05-03 17:23:43,329 - INFO - JOUEUR: Raquette gauche déplacée de 224 à 231
2025-05-03 17:23:43,329 - INFO - IA: Raquette droite déplacée de 147 à 154
2025-05-03 17:23:43,347 - INFO - JOUEUR: Raquette gauche déplacée de 231 à 238
2025-05-03 17:23:43,347 - INFO - IA: Raquette droite déplacée de 154 à 161
2025-05-03 17:23:43,365 - INFO - JOUEUR: Raquette gauche déplacée de 238 à 245
2025-05-03 17:23:43,365 - INFO - IA: Raquette droite déplacée de 161 à 168
2025-05-03 17:23:43,383 - INFO - JOUEUR: Raquette gauche déplacée de 245 à 252
2025-05-03 17:23:43,383 - INFO - IA: Raquette droite déplacée de 168 à 175
2025-05-03 17:23:43,401 - INFO - JOUEUR: Raquette gauche déplacée de 252 à 259
2025-05-03 17:23:43,401 - INFO - IA: Raquette droite déplacée de 175 à 182
2025-05-03 17:23:43,418 - INFO - JOUEUR: Raquette gauche déplacée de 259 à 266
2025-05-03 17:23:43,418 - INFO - IA: Raquette droite déplacée de 182 à 189
2025-05-03 17:23:43,436 - INFO - INPUT: Joueur relâche les touches directionnelles
2025-05-03 17:23:43,436 - INFO - IA: Raquette droite déplacée de 189 à 196
2025-05-03 17:23:43,454 - INFO - IA: Raquette droite déplacée de 196 à 189
2025-05-03 17:23:43,471 - INFO - IA: Raquette droite déplacée de 189 à 196
2025-05-03 17:23:43,488 - INFO - IA: Raquette droite déplacée de 196 à 203
2025-05-03 17:23:43,505 - INFO - IA: Raquette droite déplacée de 203 à 210
2025-05-03 17:23:43,523 - INFO - IA: Raquette droite déplacée de 210 à 203
2025-05-03 17:23:43,541 - INFO - IA: Raquette droite déplacée de 203 à 210
2025-05-03 17:23:43,559 - INFO - IA: Raquette droite déplacée de 210 à 217
2025-05-03 17:23:43,577 - INFO - IA: Raquette droite déplacée de 217 à 224
2025-05-03 17:23:43,594 - INFO - IA: Raquette droite déplacée de 224 à 231
2025-05-03 17:23:43,612 - INFO - IA: Raquette droite déplacée de 231 à 238
2025-05-03 17:23:43,630 - INFO - IA: Raquette droite déplacée de 238 à 245
2025-05-03 17:23:43,647 - INFO - IA: Raquette droite déplacée de 245 à 252
2025-05-03 17:23:43,665 - INFO - IA: Raquette droite déplacée de 252 à 259
2025-05-03 17:23:43,665 - INFO - COLLISION: Balle a rebondi sur une raquette à la position (555, 318)
2025-05-03 17:23:43,682 - INFO - IA: Raquette droite déplacée de 259 à 266
2025-05-03 17:23:43,700 - INFO - IA: Raquette droite déplacée de 266 à 273
2025-05-03 17:23:43,718 - INFO - IA: Raquette droite déplacée de 273 à 280
2025-05-03 17:23:43,735 - INFO - IA: Raquette droite déplacée de 280 à 287
2025-05-03 17:23:43,752 - INFO - IA: Raquette droite déplacée de 287 à 294
2025-05-03 17:23:43,770 - INFO - IA: Raquette droite déplacée de 294 à 301
2025-05-03 17:23:43,787 - INFO - IA: Raquette droite déplacée de 301 à 308
2025-05-03 17:23:43,805 - INFO - IA: Raquette droite déplacée de 308 à 301
2025-05-03 17:23:43,824 - INFO - IA: Raquette droite déplacée de 301 à 308
2025-05-03 17:23:43,841 - INFO - IA: Raquette droite déplacée de 308 à 301
2025-05-03 17:23:43,859 - INFO - IA: Raquette droite déplacée de 301 à 308
2025-05-03 17:23:43,877 - INFO - IA: Raquette droite déplacée de 308 à 315
2025-05-03 17:23:43,894 - INFO - IA: Raquette droite déplacée de 315 à 322
2025-05-03 17:23:43,912 - INFO - IA: Raquette droite déplacée de 322 à 329
2025-05-03 17:23:43,929 - INFO - IA: Raquette droite déplacée de 329 à 322
2025-05-03 17:23:43,946 - INFO - IA: Raquette droite déplacée de 322 à 329
2025-05-03 17:23:43,964 - INFO - IA: Raquette droite déplacée de 329 à 336
2025-05-03 17:23:43,981 - INFO - IA: Raquette droite déplacée de 336 à 343
2025-05-03 17:23:43,998 - INFO - IA: Raquette droite déplacée de 343 à 350
2025-05-03 17:23:44,016 - INFO - IA: Raquette droite déplacée de 350 à 357
2025-05-03 17:23:44,034 - INFO - IA: Raquette droite déplacée de 357 à 364
2025-05-03 17:23:44,051 - INFO - IA: Raquette droite déplacée de 364 à 371
2025-05-03 17:23:44,068 - INFO - IA: Raquette droite déplacée de 371 à 378
2025-05-03 17:23:44,086 - INFO - IA: Raquette droite déplacée de 378 à 385
2025-05-03 17:23:44,103 - INFO - IA: Raquette droite déplacée de 385 à 390
2025-05-03 17:23:44,137 - INFO - IA: Raquette droite déplacée de 390 à 383
2025-05-03 17:23:44,154 - INFO - IA: Raquette droite déplacée de 383 à 390
2025-05-03 17:23:44,189 - INFO - COLLISION: Balle a rebondi sur un mur à la position (315, 468)
2025-05-03 17:23:44,378 - INFO - IA: Raquette droite déplacée de 390 à 383
2025-05-03 17:23:44,395 - INFO - IA: Raquette droite déplacée de 383 à 390
2025-05-03 17:23:44,412 - INFO - IA: Raquette droite déplacée de 390 à 383
2025-05-03 17:23:44,428 - INFO - IA: Raquette droite déplacée de 383 à 376
2025-05-03 17:23:44,445 - INFO - IA: Raquette droite déplacée de 376 à 369
2025-05-03 17:23:44,462 - INFO - IA: Raquette droite déplacée de 369 à 362
2025-05-03 17:23:44,479 - INFO - IA: Raquette droite déplacée de 362 à 355
2025-05-03 17:23:44,497 - INFO - IA: Raquette droite déplacée de 355 à 362
2025-05-03 17:23:44,514 - INFO - IA: Raquette droite déplacée de 362 à 355
2025-05-03 17:23:44,532 - INFO - IA: Raquette droite déplacée de 355 à 348
2025-05-03 17:23:44,550 - INFO - IA: Raquette droite déplacée de 348 à 341
2025-05-03 17:23:44,585 - INFO - IA: Raquette droite déplacée de 341 à 334
2025-05-03 17:23:44,603 - INFO - IA: Raquette droite déplacée de 334 à 327
2025-05-03 17:23:44,621 - INFO - IA: Raquette droite déplacée de 327 à 320
2025-05-03 17:23:44,657 - INFO - IA: Raquette droite déplacée de 320 à 327
2025-05-03 17:23:44,674 - INFO - IA: Raquette droite déplacée de 327 à 320
2025-05-03 17:23:44,691 - INFO - IA: Raquette droite déplacée de 320 à 313
2025-05-03 17:23:44,709 - INFO - IA: Raquette droite déplacée de 313 à 306
2025-05-03 17:23:44,727 - INFO - IA: Raquette droite déplacée de 306 à 299
2025-05-03 17:23:44,745 - INFO - IA: Raquette droite déplacée de 299 à 292
2025-05-03 17:23:44,762 - INFO - IA: Raquette droite déplacée de 292 à 285
2025-05-03 17:23:44,779 - INFO - IA: Raquette droite déplacée de 285 à 278
2025-05-03 17:23:44,797 - INFO - IA: Raquette droite déplacée de 278 à 285
2025-05-03 17:23:44,815 - INFO - IA: Raquette droite déplacée de 285 à 278
2025-05-03 17:23:44,815 - INFO - COLLISION: Balle a rebondi sur une raquette à la position (27, 288)
2025-05-03 17:23:44,832 - INFO - IA: Raquette droite déplacée de 278 à 271
2025-05-03 17:23:44,850 - INFO - IA: Raquette droite déplacée de 271 à 264
2025-05-03 17:23:44,868 - INFO - IA: Raquette droite déplacée de 264 à 257
2025-05-03 17:23:44,886 - INFO - IA: Raquette droite déplacée de 257 à 264
2025-05-03 17:23:44,903 - INFO - IA: Raquette droite déplacée de 264 à 257
2025-05-03 17:23:44,920 - INFO - IA: Raquette droite déplacée de 257 à 250
2025-05-03 17:23:44,938 - INFO - IA: Raquette droite déplacée de 250 à 243
2025-05-03 17:23:44,955 - INFO - IA: Raquette droite déplacée de 243 à 236
2025-05-03 17:23:44,972 - INFO - IA: Raquette droite déplacée de 236 à 229
2025-05-03 17:23:44,989 - INFO - IA: Raquette droite déplacée de 229 à 236
2025-05-03 17:23:45,006 - INFO - IA: Raquette droite déplacée de 236 à 229
2025-05-03 17:23:45,024 - INFO - IA: Raquette droite déplacée de 229 à 222
2025-05-03 17:23:45,040 - INFO - IA: Raquette droite déplacée de 222 à 215
2025-05-03 17:23:45,057 - INFO - IA: Raquette droite déplacée de 215 à 208
2025-05-03 17:23:45,074 - INFO - IA: Raquette droite déplacée de 208 à 201
2025-05-03 17:23:45,091 - INFO - IA: Raquette droite déplacée de 201 à 194
2025-05-03 17:23:45,109 - INFO - IA: Raquette droite déplacée de 194 à 187
2025-05-03 17:23:45,126 - INFO - IA: Raquette droite déplacée de 187 à 180
2025-05-03 17:23:45,144 - INFO - IA: Raquette droite déplacée de 180 à 187
2025-05-03 17:23:45,162 - INFO - IA: Raquette droite déplacée de 187 à 180
2025-05-03 17:23:45,178 - INFO - IA: Raquette droite déplacée de 180 à 173
2025-05-03 17:23:45,195 - INFO - IA: Raquette droite déplacée de 173 à 166
2025-05-03 17:23:45,212 - INFO - IA: Raquette droite déplacée de 166 à 173
2025-05-03 17:23:45,230 - INFO - IA: Raquette droite déplacée de 173 à 166
2025-05-03 17:23:45,247 - INFO - IA: Raquette droite déplacée de 166 à 159
2025-05-03 17:23:45,264 - INFO - IA: Raquette droite déplacée de 159 à 152
2025-05-03 17:23:45,282 - INFO - IA: Raquette droite déplacée de 152 à 145
2025-05-03 17:23:45,300 - INFO - IA: Raquette droite déplacée de 145 à 138
2025-05-03 17:23:45,317 - INFO - IA: Raquette droite déplacée de 138 à 131
2025-05-03 17:23:45,335 - INFO - IA: Raquette droite déplacée de 131 à 124
2025-05-03 17:23:45,353 - INFO - IA: Raquette droite déplacée de 124 à 117
2025-05-03 17:23:45,370 - INFO - IA: Raquette droite déplacée de 117 à 110
2025-05-03 17:23:45,389 - INFO - IA: Raquette droite déplacée de 110 à 117
2025-05-03 17:23:45,406 - INFO - IA: Raquette droite déplacée de 117 à 110
2025-05-03 17:23:45,424 - INFO - IA: Raquette droite déplacée de 110 à 103
2025-05-03 17:23:45,442 - INFO - IA: Raquette droite déplacée de 103 à 96
2025-05-03 17:23:45,458 - INFO - IA: Raquette droite déplacée de 96 à 89
2025-05-03 17:23:45,475 - INFO - IA: Raquette droite déplacée de 89 à 82
2025-05-03 17:23:45,492 - INFO - IA: Raquette droite déplacée de 82 à 75
2025-05-03 17:23:45,509 - INFO - IA: Raquette droite déplacée de 75 à 68
2025-05-03 17:23:45,526 - INFO - IA: Raquette droite déplacée de 68 à 61
2025-05-03 17:23:45,544 - INFO - IA: Raquette droite déplacée de 61 à 54
2025-05-03 17:23:45,561 - INFO - IA: Raquette droite déplacée de 54 à 47
2025-05-03 17:23:45,579 - INFO - IA: Raquette droite déplacée de 47 à 40
2025-05-03 17:23:45,596 - INFO - IA: Raquette droite déplacée de 40 à 33
2025-05-03 17:23:45,613 - INFO - IA: Raquette droite déplacée de 33 à 26
2025-05-03 17:23:45,631 - INFO - IA: Raquette droite déplacée de 26 à 33
2025-05-03 17:23:45,649 - INFO - IA: Raquette droite déplacée de 33 à 26
2025-05-03 17:23:45,667 - INFO - IA: Raquette droite déplacée de 26 à 19
2025-05-03 17:23:45,684 - INFO - IA: Raquette droite déplacée de 19 à 26
2025-05-03 17:23:45,701 - INFO - IA: Raquette droite déplacée de 26 à 19
2025-05-03 17:23:45,718 - INFO - IA: Raquette droite déplacée de 19 à 12
2025-05-03 17:23:45,736 - INFO - IA: Raquette droite déplacée de 12 à 5
2025-05-03 17:23:45,754 - INFO - IA: Raquette droite déplacée de 5 à 0
2025-05-03 17:23:45,772 - INFO - IA: Raquette droite déplacée de 0 à 7
2025-05-03 17:23:45,789 - INFO - IA: Raquette droite déplacée de 7 à 0
2025-05-03 17:23:45,823 - INFO - COLLISION: Balle a rebondi sur un mur à la position (549, -2)
2025-05-03 17:23:45,841 - INFO - COLLISION: Balle a rebondi sur une raquette à la position (558, 3)
2025-05-03 17:23:45,965 - INFO - INPUT: Joueur appuie sur la touche HAUT
2025-05-03 17:23:45,966 - INFO - JOUEUR: Raquette gauche déplacée de 266 à 259
2025-05-03 17:23:45,983 - INFO - JOUEUR: Raquette gauche déplacée de 259 à 252
2025-05-03 17:23:46,000 - INFO - JOUEUR: Raquette gauche déplacée de 252 à 245
2025-05-03 17:23:46,000 - INFO - IA: Raquette droite déplacée de 0 à 7
2025-05-03 17:23:46,017 - INFO - JOUEUR: Raquette gauche déplacée de 245 à 238
2025-05-03 17:23:46,034 - INFO - JOUEUR: Raquette gauche déplacée de 238 à 231
2025-05-03 17:23:46,034 - INFO - IA: Raquette droite déplacée de 7 à 0
2025-05-03 17:23:46,051 - INFO - JOUEUR: Raquette gauche déplacée de 231 à 224
2025-05-03 17:23:46,069 - INFO - JOUEUR: Raquette gauche déplacée de 224 à 217
2025-05-03 17:23:46,069 - INFO - IA: Raquette droite déplacée de 0 à 7
2025-05-03 17:23:46,086 - INFO - JOUEUR: Raquette gauche déplacée de 217 à 210
2025-05-03 17:23:46,086 - INFO - IA: Raquette droite déplacée de 7 à 14
2025-05-03 17:23:46,104 - INFO - JOUEUR: Raquette gauche déplacée de 210 à 203
2025-05-03 17:23:46,121 - INFO - JOUEUR: Raquette gauche déplacée de 203 à 196
2025-05-03 17:23:46,121 - INFO - IA: Raquette droite déplacée de 14 à 21
2025-05-03 17:23:46,138 - INFO - JOUEUR: Raquette gauche déplacée de 196 à 189
2025-05-03 17:23:46,138 - INFO - IA: Raquette droite déplacée de 21 à 28
2025-05-03 17:23:46,155 - INFO - INPUT: Joueur relâche les touches directionnelles
2025-05-03 17:23:46,155 - INFO - IA: Raquette droite déplacée de 28 à 21
2025-05-03 17:23:46,175 - INFO - IA: Raquette droite déplacée de 21 à 28
2025-05-03 17:23:46,191 - INFO - IA: Raquette droite déplacée de 28 à 35
2025-05-03 17:23:46,209 - INFO - IA: Raquette droite déplacée de 35 à 42
2025-05-03 17:23:46,226 - INFO - IA: Raquette droite déplacée de 42 à 49
2025-05-03 17:23:46,243 - INFO - IA: Raquette droite déplacée de 49 à 56
2025-05-03 17:23:46,261 - INFO - IA: Raquette droite déplacée de 56 à 63
2025-05-03 17:23:46,278 - INFO - IA: Raquette droite déplacée de 63 à 56
2025-05-03 17:23:46,295 - INFO - IA: Raquette droite déplacée de 56 à 63
2025-05-03 17:23:46,312 - INFO - IA: Raquette droite déplacée de 63 à 70
2025-05-03 17:23:46,329 - INFO - IA: Raquette droite déplacée de 70 à 77
2025-05-03 17:23:46,347 - INFO - IA: Raquette droite déplacée de 77 à 70
2025-05-03 17:23:46,364 - INFO - IA: Raquette droite déplacée de 70 à 77
2025-05-03 17:23:46,382 - INFO - IA: Raquette droite déplacée de 77 à 84
2025-05-03 17:23:46,399 - INFO - IA: Raquette droite déplacée de 84 à 91
2025-05-03 17:23:46,417 - INFO - IA: Raquette droite déplacée de 91 à 98
2025-05-03 17:23:46,435 - INFO - IA: Raquette droite déplacée de 98 à 105
2025-05-03 17:23:46,453 - INFO - IA: Raquette droite déplacée de 105 à 112
2025-05-03 17:23:46,487 - INFO - IA: Raquette droite déplacée de 112 à 119
2025-05-03 17:23:46,505 - INFO - IA: Raquette droite déplacée de 119 à 126
2025-05-03 17:23:46,522 - INFO - IA: Raquette droite déplacée de 126 à 133
2025-05-03 17:23:46,539 - INFO - IA: Raquette droite déplacée de 133 à 140
2025-05-03 17:23:46,556 - INFO - IA: Raquette droite déplacée de 140 à 147
2025-05-03 17:23:46,573 - INFO - IA: Raquette droite déplacée de 147 à 154
2025-05-03 17:23:46,590 - INFO - IA: Raquette droite déplacée de 154 à 161
2025-05-03 17:23:46,607 - INFO - IA: Raquette droite déplacée de 161 à 168
2025-05-03 17:23:46,624 - INFO - IA: Raquette droite déplacée de 168 à 175
2025-05-03 17:23:46,642 - INFO - IA: Raquette droite déplacée de 175 à 182
2025-05-03 17:23:46,659 - INFO - IA: Raquette droite déplacée de 182 à 189
2025-05-03 17:23:46,678 - INFO - IA: Raquette droite déplacée de 189 à 196
2025-05-03 17:23:46,696 - INFO - IA: Raquette droite déplacée de 196 à 203
2025-05-03 17:23:46,715 - INFO - IA: Raquette droite déplacée de 203 à 210
2025-05-03 17:23:46,732 - INFO - IA: Raquette droite déplacée de 210 à 217
2025-05-03 17:23:46,749 - INFO - IA: Raquette droite déplacée de 217 à 224
2025-05-03 17:23:46,766 - INFO - IA: Raquette droite déplacée de 224 à 217
2025-05-03 17:23:46,766 - INFO - COLLISION: Balle a rebondi sur une raquette à la position (28, 268)
2025-05-03 17:23:46,783 - INFO - IA: Raquette droite déplacée de 217 à 210
2025-05-03 17:23:46,817 - INFO - IA: Raquette droite déplacée de 210 à 217
2025-05-03 17:23:46,834 - INFO - IA: Raquette droite déplacée de 217 à 224
2025-05-03 17:23:46,851 - INFO - IA: Raquette droite déplacée de 224 à 231
2025-05-03 17:23:46,869 - INFO - IA: Raquette droite déplacée de 231 à 238
2025-05-03 17:23:46,887 - INFO - IA: Raquette droite déplacée de 238 à 245
2025-05-03 17:23:46,904 - INFO - IA: Raquette droite déplacée de 245 à 252
2025-05-03 17:23:46,923 - INFO - IA: Raquette droite déplacée de 252 à 259
2025-05-03 17:23:46,940 - INFO - IA: Raquette droite déplacée de 259 à 266
2025-05-03 17:23:46,958 - INFO - IA: Raquette droite déplacée de 266 à 273
2025-05-03 17:23:46,976 - INFO - IA: Raquette droite déplacée de 273 à 266
2025-05-03 17:23:46,994 - INFO - IA: Raquette droite déplacée de 266 à 273
2025-05-03 17:23:47,011 - INFO - IA: Raquette droite déplacée de 273 à 280
2025-05-03 17:23:47,028 - INFO - IA: Raquette droite déplacée de 280 à 273
2025-05-03 17:23:47,045 - INFO - IA: Raquette droite déplacée de 273 à 280
2025-05-03 17:23:47,063 - INFO - INPUT: Joueur appuie sur la touche BAS
2025-05-03 17:23:47,064 - INFO - JOUEUR: Raquette gauche déplacée de 189 à 196
2025-05-03 17:23:47,064 - INFO - IA: Raquette droite déplacée de 280 à 287
2025-05-03 17:23:47,082 - INFO - JOUEUR: Raquette gauche déplacée de 196 à 203
2025-05-03 17:23:47,082 - INFO - IA: Raquette droite déplacée de 287 à 294
2025-05-03 17:23:47,099 - INFO - JOUEUR: Raquette gauche déplacée de 203 à 210
2025-05-03 17:23:47,099 - INFO - IA: Raquette droite déplacée de 294 à 301
2025-05-03 17:23:47,116 - INFO - JOUEUR: Raquette gauche déplacée de 210 à 217
2025-05-03 17:23:47,116 - INFO - IA: Raquette droite déplacée de 301 à 308
2025-05-03 17:23:47,133 - INFO - JOUEUR: Raquette gauche déplacée de 217 à 224
2025-05-03 17:23:47,133 - INFO - IA: Raquette droite déplacée de 308 à 315
2025-05-03 17:23:47,150 - INFO - JOUEUR: Raquette gauche déplacée de 224 à 231
2025-05-03 17:23:47,150 - INFO - IA: Raquette droite déplacée de 315 à 322
2025-05-03 17:23:47,167 - INFO - JOUEUR: Raquette gauche déplacée de 231 à 238
2025-05-03 17:23:47,168 - INFO - IA: Raquette droite déplacée de 322 à 329
2025-05-03 17:23:47,185 - INFO - JOUEUR: Raquette gauche déplacée de 238 à 245
2025-05-03 17:23:47,185 - INFO - IA: Raquette droite déplacée de 329 à 336
2025-05-03 17:23:47,203 - INFO - JOUEUR: Raquette gauche déplacée de 245 à 252
2025-05-03 17:23:47,203 - INFO - IA: Raquette droite déplacée de 336 à 343
2025-05-03 17:23:47,220 - INFO - JOUEUR: Raquette gauche déplacée de 252 à 259
2025-05-03 17:23:47,221 - INFO - IA: Raquette droite déplacée de 343 à 350
2025-05-03 17:23:47,238 - INFO - JOUEUR: Raquette gauche déplacée de 259 à 266
2025-05-03 17:23:47,238 - INFO - IA: Raquette droite déplacée de 350 à 357
2025-05-03 17:23:47,255 - INFO - JOUEUR: Raquette gauche déplacée de 266 à 273
2025-05-03 17:23:47,255 - INFO - IA: Raquette droite déplacée de 357 à 364
2025-05-03 17:23:47,273 - INFO - JOUEUR: Raquette gauche déplacée de 273 à 280
2025-05-03 17:23:47,273 - INFO - IA: Raquette droite déplacée de 364 à 371
2025-05-03 17:23:47,290 - INFO - JOUEUR: Raquette gauche déplacée de 280 à 287
2025-05-03 17:23:47,290 - INFO - IA: Raquette droite déplacée de 371 à 378
2025-05-03 17:23:47,307 - INFO - JOUEUR: Raquette gauche déplacée de 287 à 294
2025-05-03 17:23:47,308 - INFO - IA: Raquette droite déplacée de 378 à 371
2025-05-03 17:23:47,325 - INFO - JOUEUR: Raquette gauche déplacée de 294 à 301
2025-05-03 17:23:47,325 - INFO - IA: Raquette droite déplacée de 371 à 378
2025-05-03 17:23:47,342 - INFO - JOUEUR: Raquette gauche déplacée de 301 à 308
2025-05-03 17:23:47,342 - INFO - IA: Raquette droite déplacée de 378 à 385
2025-05-03 17:23:47,360 - INFO - JOUEUR: Raquette gauche déplacée de 308 à 315
2025-05-03 17:23:47,360 - INFO - IA: Raquette droite déplacée de 385 à 390
2025-05-03 17:23:47,377 - INFO - JOUEUR: Raquette gauche déplacée de 315 à 322
2025-05-03 17:23:47,394 - INFO - JOUEUR: Raquette gauche déplacée de 322 à 329
2025-05-03 17:23:47,412 - INFO - INPUT: Joueur relâche les touches directionnelles
2025-05-03 17:23:47,464 - INFO - COLLISION: Balle a rebondi sur un mur à la position (468, 468)
2025-05-03 17:23:47,535 - INFO - IA: Raquette droite déplacée de 390 à 383
2025-05-03 17:23:47,551 - INFO - IA: Raquette droite déplacée de 383 à 390
2025-05-03 17:23:47,603 - INFO - COLLISION: Balle a rebondi sur une raquette à la position (556, 428)
2025-05-03 17:23:47,637 - INFO - IA: Raquette droite déplacée de 390 à 383
2025-05-03 17:23:47,655 - INFO - IA: Raquette droite déplacée de 383 à 390
2025-05-03 17:23:47,672 - INFO - IA: Raquette droite déplacée de 390 à 383
2025-05-03 17:23:47,689 - INFO - IA: Raquette droite déplacée de 383 à 376
2025-05-03 17:23:47,706 - INFO - IA: Raquette droite déplacée de 376 à 369
2025-05-03 17:23:47,723 - INFO - IA: Raquette droite déplacée de 369 à 376
2025-05-03 17:23:47,741 - INFO - IA: Raquette droite déplacée de 376 à 369
2025-05-03 17:23:47,759 - INFO - IA: Raquette droite déplacée de 369 à 362
2025-05-03 17:23:47,777 - INFO - IA: Raquette droite déplacée de 362 à 369
2025-05-03 17:23:47,795 - INFO - IA: Raquette droite déplacée de 369 à 362
2025-05-03 17:23:47,813 - INFO - IA: Raquette droite déplacée de 362 à 355
2025-05-03 17:23:47,830 - INFO - IA: Raquette droite déplacée de 355 à 348
2025-05-03 17:23:47,847 - INFO - IA: Raquette droite déplacée de 348 à 341
2025-05-03 17:23:47,865 - INFO - IA: Raquette droite déplacée de 341 à 334
2025-05-03 17:23:47,882 - INFO - IA: Raquette droite déplacée de 334 à 327
2025-05-03 17:23:47,899 - INFO - IA: Raquette droite déplacée de 327 à 320
2025-05-03 17:23:47,917 - INFO - IA: Raquette droite déplacée de 320 à 327
2025-05-03 17:23:47,934 - INFO - INPUT: Joueur appuie sur la touche HAUT
2025-05-03 17:23:47,935 - INFO - JOUEUR: Raquette gauche déplacée de 329 à 322
2025-05-03 17:23:47,935 - INFO - IA: Raquette droite déplacée de 327 à 320
2025-05-03 17:23:47,952 - INFO - JOUEUR: Raquette gauche déplacée de 322 à 315
2025-05-03 17:23:47,952 - INFO - IA: Raquette droite déplacée de 320 à 313
2025-05-03 17:23:47,969 - INFO - JOUEUR: Raquette gauche déplacée de 315 à 308
2025-05-03 17:23:47,970 - INFO - IA: Raquette droite déplacée de 313 à 306
2025-05-03 17:23:47,988 - INFO - JOUEUR: Raquette gauche déplacée de 308 à 301
2025-05-03 17:23:47,988 - INFO - IA: Raquette droite déplacée de 306 à 299
2025-05-03 17:23:48,005 - INFO - JOUEUR: Raquette gauche déplacée de 301 à 294
2025-05-03 17:23:48,005 - INFO - IA: Raquette droite déplacée de 299 à 306
2025-05-03 17:23:48,022 - INFO - JOUEUR: Raquette gauche déplacée de 294 à 287
2025-05-03 17:23:48,022 - INFO - IA: Raquette droite déplacée de 306 à 299
2025-05-03 17:23:48,039 - INFO - JOUEUR: Raquette gauche déplacée de 287 à 280
2025-05-03 17:23:48,039 - INFO - IA: Raquette droite déplacée de 299 à 292
2025-05-03 17:23:48,056 - INFO - JOUEUR: Raquette gauche déplacée de 280 à 273
2025-05-03 17:23:48,056 - INFO - IA: Raquette droite déplacée de 292 à 285
2025-05-03 17:23:48,074 - INFO - JOUEUR: Raquette gauche déplacée de 273 à 266
2025-05-03 17:23:48,074 - INFO - IA: Raquette droite déplacée de 285 à 278
2025-05-03 17:23:48,092 - INFO - JOUEUR: Raquette gauche déplacée de 266 à 259
2025-05-03 17:23:48,092 - INFO - IA: Raquette droite déplacée de 278 à 271
2025-05-03 17:23:48,109 - INFO - JOUEUR: Raquette gauche déplacée de 259 à 252
2025-05-03 17:23:48,109 - INFO - IA: Raquette droite déplacée de 271 à 278
2025-05-03 17:23:48,126 - INFO - JOUEUR: Raquette gauche déplacée de 252 à 245
2025-05-03 17:23:48,126 - INFO - IA: Raquette droite déplacée de 278 à 271
2025-05-03 17:23:48,143 - INFO - JOUEUR: Raquette gauche déplacée de 245 à 238
2025-05-03 17:23:48,143 - INFO - IA: Raquette droite déplacée de 271 à 264
2025-05-03 17:23:48,160 - INFO - JOUEUR: Raquette gauche déplacée de 238 à 231
2025-05-03 17:23:48,160 - INFO - IA: Raquette droite déplacée de 264 à 257
2025-05-03 17:23:48,177 - INFO - JOUEUR: Raquette gauche déplacée de 231 à 224
2025-05-03 17:23:48,178 - INFO - IA: Raquette droite déplacée de 257 à 250
2025-05-03 17:23:48,195 - INFO - JOUEUR: Raquette gauche déplacée de 224 à 217
2025-05-03 17:23:48,195 - INFO - IA: Raquette droite déplacée de 250 à 243
2025-05-03 17:23:48,211 - INFO - JOUEUR: Raquette gauche déplacée de 217 à 210
2025-05-03 17:23:48,211 - INFO - IA: Raquette droite déplacée de 243 à 236
2025-05-03 17:23:48,229 - INFO - JOUEUR: Raquette gauche déplacée de 210 à 203
2025-05-03 17:23:48,230 - INFO - IA: Raquette droite déplacée de 236 à 229
2025-05-03 17:23:48,248 - INFO - INPUT: Joueur relâche les touches directionnelles
2025-05-03 17:23:48,248 - INFO - IA: Raquette droite déplacée de 229 à 222
2025-05-03 17:23:48,266 - INFO - IA: Raquette droite déplacée de 222 à 215
2025-05-03 17:23:48,283 - INFO - IA: Raquette droite déplacée de 215 à 208
2025-05-03 17:23:48,301 - INFO - IA: Raquette droite déplacée de 208 à 201
2025-05-03 17:23:48,318 - INFO - IA: Raquette droite déplacée de 201 à 208
2025-05-03 17:23:48,335 - INFO - IA: Raquette droite déplacée de 208 à 201
2025-05-03 17:23:48,352 - INFO - IA: Raquette droite déplacée de 201 à 194
2025-05-03 17:23:48,369 - INFO - IA: Raquette droite déplacée de 194 à 187
2025-05-03 17:23:48,369 - INFO - COLLISION: Balle a rebondi sur une raquette à la position (28, 208)
2025-05-03 17:23:48,404 - INFO - IA: Raquette droite déplacée de 187 à 180
2025-05-03 17:23:48,421 - INFO - IA: Raquette droite déplacée de 180 à 173
2025-05-03 17:23:48,438 - INFO - IA: Raquette droite déplacée de 173 à 166
2025-05-03 17:23:48,455 - INFO - IA: Raquette droite déplacée de 166 à 173
2025-05-03 17:23:48,472 - INFO - IA: Raquette droite déplacée de 173 à 166
2025-05-03 17:23:48,490 - INFO - IA: Raquette droite déplacée de 166 à 159
2025-05-03 17:23:48,507 - INFO - IA: Raquette droite déplacée de 159 à 152
2025-05-03 17:23:48,526 - INFO - INPUT: Joueur appuie sur la touche HAUT
2025-05-03 17:23:48,526 - INFO - JOUEUR: Raquette gauche déplacée de 203 à 196
2025-05-03 17:23:48,526 - INFO - IA: Raquette droite déplacée de 152 à 145
2025-05-03 17:23:48,543 - INFO - JOUEUR: Raquette gauche déplacée de 196 à 189
2025-05-03 17:23:48,543 - INFO - IA: Raquette droite déplacée de 145 à 138
2025-05-03 17:23:48,561 - INFO - JOUEUR: Raquette gauche déplacée de 189 à 182
2025-05-03 17:23:48,561 - INFO - IA: Raquette droite déplacée de 138 à 131
2025-05-03 17:23:48,578 - INFO - JOUEUR: Raquette gauche déplacée de 182 à 175
2025-05-03 17:23:48,578 - INFO - IA: Raquette droite déplacée de 131 à 124
2025-05-03 17:23:48,595 - INFO - JOUEUR: Raquette gauche déplacée de 175 à 168
2025-05-03 17:23:48,596 - INFO - IA: Raquette droite déplacée de 124 à 117
2025-05-03 17:23:48,613 - INFO - JOUEUR: Raquette gauche déplacée de 168 à 161
2025-05-03 17:23:48,613 - INFO - IA: Raquette droite déplacée de 117 à 124
2025-05-03 17:23:48,631 - INFO - JOUEUR: Raquette gauche déplacée de 161 à 154
2025-05-03 17:23:48,632 - INFO - IA: Raquette droite déplacée de 124 à 117
2025-05-03 17:23:48,649 - INFO - JOUEUR: Raquette gauche déplacée de 154 à 147
2025-05-03 17:23:48,649 - INFO - IA: Raquette droite déplacée de 117 à 110
2025-05-03 17:23:48,667 - INFO - JOUEUR: Raquette gauche déplacée de 147 à 140
2025-05-03 17:23:48,667 - INFO - IA: Raquette droite déplacée de 110 à 103
2025-05-03 17:23:48,684 - INFO - JOUEUR: Raquette gauche déplacée de 140 à 133
2025-05-03 17:23:48,685 - INFO - IA: Raquette droite déplacée de 103 à 96
2025-05-03 17:23:48,702 - INFO - JOUEUR: Raquette gauche déplacée de 133 à 126
2025-05-03 17:23:48,703 - INFO - IA: Raquette droite déplacée de 96 à 89
2025-05-03 17:23:48,720 - INFO - JOUEUR: Raquette gauche déplacée de 126 à 119
2025-05-03 17:23:48,720 - INFO - IA: Raquette droite déplacée de 89 à 82
2025-05-03 17:23:48,738 - INFO - JOUEUR: Raquette gauche déplacée de 119 à 112
2025-05-03 17:23:48,738 - INFO - IA: Raquette droite déplacée de 82 à 75
2025-05-03 17:23:48,756 - INFO - JOUEUR: Raquette gauche déplacée de 112 à 105
2025-05-03 17:23:48,756 - INFO - IA: Raquette droite déplacée de 75 à 68
2025-05-03 17:23:48,774 - INFO - JOUEUR: Raquette gauche déplacée de 105 à 98
2025-05-03 17:23:48,775 - INFO - IA: Raquette droite déplacée de 68 à 75
2025-05-03 17:23:48,793 - INFO - JOUEUR: Raquette gauche déplacée de 98 à 91
2025-05-03 17:23:48,793 - INFO - IA: Raquette droite déplacée de 75 à 68
2025-05-03 17:23:48,810 - INFO - JOUEUR: Raquette gauche déplacée de 91 à 84
2025-05-03 17:23:48,811 - INFO - IA: Raquette droite déplacée de 68 à 75
2025-05-03 17:23:48,829 - INFO - JOUEUR: Raquette gauche déplacée de 84 à 77
2025-05-03 17:23:48,829 - INFO - IA: Raquette droite déplacée de 75 à 68
2025-05-03 17:23:48,846 - INFO - JOUEUR: Raquette gauche déplacée de 77 à 70
2025-05-03 17:23:48,847 - INFO - IA: Raquette droite déplacée de 68 à 61
2025-05-03 17:23:48,864 - INFO - INPUT: Joueur relâche les touches directionnelles
2025-05-03 17:23:48,864 - INFO - IA: Raquette droite déplacée de 61 à 54
2025-05-03 17:23:48,882 - INFO - IA: Raquette droite déplacée de 54 à 47
2025-05-03 17:23:48,900 - INFO - IA: Raquette droite déplacée de 47 à 54
2025-05-03 17:23:48,917 - INFO - IA: Raquette droite déplacée de 54 à 47
2025-05-03 17:23:48,934 - INFO - IA: Raquette droite déplacée de 47 à 40
2025-05-03 17:23:48,951 - INFO - IA: Raquette droite déplacée de 40 à 33
2025-05-03 17:23:48,969 - INFO - IA: Raquette droite déplacée de 33 à 26
2025-05-03 17:23:48,986 - INFO - IA: Raquette droite déplacée de 26 à 19
2025-05-03 17:23:49,004 - INFO - IA: Raquette droite déplacée de 19 à 12
2025-05-03 17:23:49,021 - INFO - IA: Raquette droite déplacée de 12 à 5
2025-05-03 17:23:49,039 - INFO - IA: Raquette droite déplacée de 5 à 0
2025-05-03 17:23:49,057 - INFO - IA: Raquette droite déplacée de 0 à 7
2025-05-03 17:23:49,075 - INFO - INPUT: Joueur appuie sur la touche BAS
2025-05-03 17:23:49,075 - INFO - JOUEUR: Raquette gauche déplacée de 70 à 77
2025-05-03 17:23:49,075 - INFO - IA: Raquette droite déplacée de 7 à 0
2025-05-03 17:23:49,092 - INFO - JOUEUR: Raquette gauche déplacée de 77 à 84
2025-05-03 17:23:49,092 - INFO - COLLISION: Balle a rebondi sur une raquette à la position (561, 3)
2025-05-03 17:23:49,110 - INFO - JOUEUR: Raquette gauche déplacée de 84 à 91
2025-05-03 17:23:49,110 - INFO - COLLISION: Balle a rebondi sur un mur à la position (547, -2)
2025-05-03 17:23:49,127 - INFO - JOUEUR: Raquette gauche déplacée de 91 à 98
2025-05-03 17:23:49,144 - INFO - JOUEUR: Raquette gauche déplacée de 98 à 105
2025-05-03 17:23:49,161 - INFO - JOUEUR: Raquette gauche déplacée de 105 à 112
2025-05-03 17:23:49,179 - INFO - JOUEUR: Raquette gauche déplacée de 112 à 119
2025-05-03 17:23:49,197 - INFO - JOUEUR: Raquette gauche déplacée de 119 à 126
2025-05-03 17:23:49,197 - INFO - IA: Raquette droite déplacée de 0 à 7
2025-05-03 17:23:49,214 - INFO - JOUEUR: Raquette gauche déplacée de 126 à 133
2025-05-03 17:23:49,214 - INFO - IA: Raquette droite déplacée de 7 à 14
2025-05-03 17:23:49,232 - INFO - JOUEUR: Raquette gauche déplacée de 133 à 140
2025-05-03 17:23:49,232 - INFO - IA: Raquette droite déplacée de 14 à 7
2025-05-03 17:23:49,249 - INFO - JOUEUR: Raquette gauche déplacée de 140 à 147
2025-05-03 17:23:49,249 - INFO - IA: Raquette droite déplacée de 7 à 0
2025-05-03 17:23:49,266 - INFO - JOUEUR: Raquette gauche déplacée de 147 à 154
2025-05-03 17:23:49,283 - INFO - JOUEUR: Raquette gauche déplacée de 154 à 161
2025-05-03 17:23:49,283 - INFO - IA: Raquette droite déplacée de 0 à 7
2025-05-03 17:23:49,302 - INFO - JOUEUR: Raquette gauche déplacée de 161 à 168
2025-05-03 17:23:49,302 - INFO - IA: Raquette droite déplacée de 7 à 14
2025-05-03 17:23:49,319 - INFO - JOUEUR: Raquette gauche déplacée de 168 à 175
2025-05-03 17:23:49,319 - INFO - IA: Raquette droite déplacée de 14 à 21
2025-05-03 17:23:49,337 - INFO - JOUEUR: Raquette gauche déplacée de 175 à 182
2025-05-03 17:23:49,337 - INFO - IA: Raquette droite déplacée de 21 à 28
2025-05-03 17:23:49,354 - INFO - JOUEUR: Raquette gauche déplacée de 182 à 189
2025-05-03 17:23:49,355 - INFO - IA: Raquette droite déplacée de 28 à 35
2025-05-03 17:23:49,372 - INFO - INPUT: Joueur relâche les touches directionnelles
2025-05-03 17:23:49,373 - INFO - IA: Raquette droite déplacée de 35 à 42
2025-05-03 17:23:49,390 - INFO - IA: Raquette droite déplacée de 42 à 35
2025-05-03 17:23:49,407 - INFO - IA: Raquette droite déplacée de 35 à 28
2025-05-03 17:23:49,424 - INFO - IA: Raquette droite déplacée de 28 à 21
2025-05-03 17:23:49,440 - INFO - IA: Raquette droite déplacée de 21 à 28
2025-05-03 17:23:49,457 - INFO - IA: Raquette droite déplacée de 28 à 35
2025-05-03 17:23:49,474 - INFO - IA: Raquette droite déplacée de 35 à 42
2025-05-03 17:23:49,491 - INFO - IA: Raquette droite déplacée de 42 à 49
2025-05-03 17:23:49,509 - INFO - IA: Raquette droite déplacée de 49 à 56
2025-05-03 17:23:49,526 - INFO - IA: Raquette droite déplacée de 56 à 63
2025-05-03 17:23:49,543 - INFO - IA: Raquette droite déplacée de 63 à 70
2025-05-03 17:23:49,561 - INFO - IA: Raquette droite déplacée de 70 à 63
2025-05-03 17:23:49,578 - INFO - IA: Raquette droite déplacée de 63 à 70
2025-05-03 17:23:49,596 - INFO - INPUT: Joueur appuie sur la touche HAUT
2025-05-03 17:23:49,596 - INFO - JOUEUR: Raquette gauche déplacée de 189 à 182
2025-05-03 17:23:49,614 - INFO - JOUEUR: Raquette gauche déplacée de 182 à 175
2025-05-03 17:23:49,614 - INFO - IA: Raquette droite déplacée de 70 à 77
2025-05-03 17:23:49,631 - INFO - JOUEUR: Raquette gauche déplacée de 175 à 168
2025-05-03 17:23:49,631 - INFO - IA: Raquette droite déplacée de 77 à 84
2025-05-03 17:23:49,648 - INFO - JOUEUR: Raquette gauche déplacée de 168 à 161
2025-05-03 17:23:49,648 - INFO - IA: Raquette droite déplacée de 84 à 91
2025-05-03 17:23:49,665 - INFO - JOUEUR: Raquette gauche déplacée de 161 à 154
2025-05-03 17:23:49,666 - INFO - IA: Raquette droite déplacée de 91 à 98
2025-05-03 17:23:49,683 - INFO - JOUEUR: Raquette gauche déplacée de 154 à 147
2025-05-03 17:23:49,683 - INFO - IA: Raquette droite déplacée de 98 à 105
2025-05-03 17:23:49,701 - INFO - JOUEUR: Raquette gauche déplacée de 147 à 140
2025-05-03 17:23:49,701 - INFO - IA: Raquette droite déplacée de 105 à 112
2025-05-03 17:23:49,718 - INFO - JOUEUR: Raquette gauche déplacée de 140 à 133
2025-05-03 17:23:49,718 - INFO - IA: Raquette droite déplacée de 112 à 119
2025-05-03 17:23:49,736 - INFO - JOUEUR: Raquette gauche déplacée de 133 à 126
2025-05-03 17:23:49,736 - INFO - IA: Raquette droite déplacée de 119 à 126
2025-05-03 17:23:49,753 - INFO - JOUEUR: Raquette gauche déplacée de 126 à 119
2025-05-03 17:23:49,753 - INFO - IA: Raquette droite déplacée de 126 à 133
2025-05-03 17:23:49,754 - INFO - COLLISION: Balle a rebondi sur une raquette à la position (29, 183)
2025-05-03 17:23:49,770 - INFO - JOUEUR: Raquette gauche déplacée de 119 à 112
2025-05-03 17:23:49,771 - INFO - IA: Raquette droite déplacée de 133 à 140
2025-05-03 17:23:49,788 - INFO - INPUT: Joueur relâche les touches directionnelles
2025-05-03 17:23:49,789 - INFO - IA: Raquette droite déplacée de 140 à 147
2025-05-03 17:23:49,807 - INFO - IA: Raquette droite déplacée de 147 à 154
2025-05-03 17:23:49,825 - INFO - IA: Raquette droite déplacée de 154 à 161
2025-05-03 17:23:49,842 - INFO - IA: Raquette droite déplacée de 161 à 154
2025-05-03 17:23:49,860 - INFO - IA: Raquette droite déplacée de 154 à 147
2025-05-03 17:23:49,878 - INFO - IA: Raquette droite déplacée de 147 à 140
2025-05-03 17:23:49,896 - INFO - IA: Raquette droite déplacée de 140 à 147
2025-05-03 17:23:49,913 - INFO - IA: Raquette droite déplacée de 147 à 154
2025-05-03 17:23:49,930 - INFO - IA: Raquette droite déplacée de 154 à 161
2025-05-03 17:23:49,948 - INFO - IA: Raquette droite déplacée de 161 à 168
2025-05-03 17:23:49,966 - INFO - IA: Raquette droite déplacée de 168 à 175
2025-05-03 17:23:49,983 - INFO - IA: Raquette droite déplacée de 175 à 182
2025-05-03 17:23:50,019 - INFO - IA: Raquette droite déplacée de 182 à 189
2025-05-03 17:23:50,036 - INFO - IA: Raquette droite déplacée de 189 à 196
2025-05-03 17:23:50,053 - INFO - IA: Raquette droite déplacée de 196 à 203
2025-05-03 17:23:50,071 - INFO - IA: Raquette droite déplacée de 203 à 210
2025-05-03 17:23:50,091 - INFO - INPUT: Joueur appuie sur la touche BAS
2025-05-03 17:23:50,091 - INFO - JOUEUR: Raquette gauche déplacée de 112 à 119
2025-05-03 17:23:50,091 - INFO - IA: Raquette droite déplacée de 210 à 217
2025-05-03 17:23:50,109 - INFO - JOUEUR: Raquette gauche déplacée de 119 à 126
2025-05-03 17:23:50,109 - INFO - IA: Raquette droite déplacée de 217 à 210
2025-05-03 17:23:50,126 - INFO - JOUEUR: Raquette gauche déplacée de 126 à 133
2025-05-03 17:23:50,126 - INFO - IA: Raquette droite déplacée de 210 à 217
2025-05-03 17:23:50,143 - INFO - JOUEUR: Raquette gauche déplacée de 133 à 140
2025-05-03 17:23:50,143 - INFO - IA: Raquette droite déplacée de 217 à 224
2025-05-03 17:23:50,160 - INFO - JOUEUR: Raquette gauche déplacée de 140 à 147
2025-05-03 17:23:50,161 - INFO - IA: Raquette droite déplacée de 224 à 231
2025-05-03 17:23:50,177 - INFO - JOUEUR: Raquette gauche déplacée de 147 à 154
2025-05-03 17:23:50,177 - INFO - IA: Raquette droite déplacée de 231 à 238
2025-05-03 17:23:50,195 - INFO - JOUEUR: Raquette gauche déplacée de 154 à 161
2025-05-03 17:23:50,195 - INFO - IA: Raquette droite déplacée de 238 à 245
2025-05-03 17:23:50,212 - INFO - JOUEUR: Raquette gauche déplacée de 161 à 168
2025-05-03 17:23:50,212 - INFO - IA: Raquette droite déplacée de 245 à 238
2025-05-03 17:23:50,229 - INFO - JOUEUR: Raquette gauche déplacée de 168 à 175
2025-05-03 17:23:50,229 - INFO - IA: Raquette droite déplacée de 238 à 245
2025-05-03 17:23:50,247 - INFO - JOUEUR: Raquette gauche déplacée de 175 à 182
2025-05-03 17:23:50,247 - INFO - IA: Raquette droite déplacée de 245 à 252
2025-05-03 17:23:50,264 - INFO - JOUEUR: Raquette gauche déplacée de 182 à 189
2025-05-03 17:23:50,264 - INFO - IA: Raquette droite déplacée de 252 à 259
2025-05-03 17:23:50,282 - INFO - INPUT: Joueur relâche les touches directionnelles
2025-05-03 17:23:50,282 - INFO - IA: Raquette droite déplacée de 259 à 266
2025-05-03 17:23:50,300 - INFO - IA: Raquette droite déplacée de 266 à 273
2025-05-03 17:23:50,318 - INFO - IA: Raquette droite déplacée de 273 à 280
2025-05-03 17:23:50,335 - INFO - IA: Raquette droite déplacée de 280 à 287
2025-05-03 17:23:50,352 - INFO - IA: Raquette droite déplacée de 287 à 294
2025-05-03 17:23:50,370 - INFO - IA: Raquette droite déplacée de 294 à 301
2025-05-03 17:23:50,370 - INFO - COLLISION: Balle a rebondi sur une raquette à la position (554, 358)
2025-05-03 17:23:50,388 - INFO - IA: Raquette droite déplacée de 301 à 308
2025-05-03 17:23:50,406 - INFO - IA: Raquette droite déplacée de 308 à 315
2025-05-03 17:23:50,423 - INFO - IA: Raquette droite déplacée de 315 à 322
2025-05-03 17:23:50,439 - INFO - IA: Raquette droite déplacée de 322 à 329
2025-05-03 17:23:50,456 - INFO - IA: Raquette droite déplacée de 329 à 336
2025-05-03 17:23:50,473 - INFO - IA: Raquette droite déplacée de 336 à 343
2025-05-03 17:23:50,491 - INFO - IA: Raquette droite déplacée de 343 à 350
2025-05-03 17:23:50,509 - INFO - IA: Raquette droite déplacée de 350 à 357
2025-05-03 17:23:50,526 - INFO - IA: Raquette droite déplacée de 357 à 364
2025-05-03 17:23:50,543 - INFO - IA: Raquette droite déplacée de 364 à 357
2025-05-03 17:23:50,559 - INFO - IA: Raquette droite déplacée de 357 à 364
2025-05-03 17:23:50,577 - INFO - IA: Raquette droite déplacée de 364 à 371
2025-05-03 17:23:50,594 - INFO - IA: Raquette droite déplacée de 371 à 364
2025-05-03 17:23:50,611 - INFO - IA: Raquette droite déplacée de 364 à 371
2025-05-03 17:23:50,628 - INFO - IA: Raquette droite déplacée de 371 à 378
2025-05-03 17:23:50,645 - INFO - IA: Raquette droite déplacée de 378 à 371
2025-05-03 17:23:50,663 - INFO - IA: Raquette droite déplacée de 371 à 378
2025-05-03 17:23:50,681 - INFO - IA: Raquette droite déplacée de 378 à 385
2025-05-03 17:23:50,698 - INFO - IA: Raquette droite déplacée de 385 à 378
2025-05-03 17:23:50,715 - INFO - IA: Raquette droite déplacée de 378 à 385
2025-05-03 17:23:50,733 - INFO - IA: Raquette droite déplacée de 385 à 390
2025-05-03 17:23:50,750 - INFO - COLLISION: Balle a rebondi sur un mur à la position (224, 468)
2025-05-03 17:23:50,785 - INFO - INPUT: Joueur appuie sur la touche BAS
2025-05-03 17:23:50,785 - INFO - JOUEUR: Raquette gauche déplacée de 189 à 196
2025-05-03 17:23:50,802 - INFO - JOUEUR: Raquette gauche déplacée de 196 à 203
2025-05-03 17:23:50,819 - INFO - JOUEUR: Raquette gauche déplacée de 203 à 210
2025-05-03 17:23:50,837 - INFO - JOUEUR: Raquette gauche déplacée de 210 à 217
2025-05-03 17:23:50,855 - INFO - JOUEUR: Raquette gauche déplacée de 217 à 224
2025-05-03 17:23:50,872 - INFO - JOUEUR: Raquette gauche déplacée de 224 à 231
2025-05-03 17:23:50,889 - INFO - JOUEUR: Raquette gauche déplacée de 231 à 238
2025-05-03 17:23:50,889 - INFO - IA: Raquette droite déplacée de 390 à 383
2025-05-03 17:23:50,906 - INFO - JOUEUR: Raquette gauche déplacée de 238 à 245
2025-05-03 17:23:50,906 - INFO - IA: Raquette droite déplacée de 383 à 376
2025-05-03 17:23:50,923 - INFO - JOUEUR: Raquette gauche déplacée de 245 à 252
2025-05-03 17:23:50,923 - INFO - IA: Raquette droite déplacée de 376 à 383
2025-05-03 17:23:50,941 - INFO - JOUEUR: Raquette gauche déplacée de 252 à 259
2025-05-03 17:23:50,941 - INFO - IA: Raquette droite déplacée de 383 à 390
2025-05-03 17:23:50,958 - INFO - JOUEUR: Raquette gauche déplacée de 259 à 266
2025-05-03 17:23:50,958 - INFO - IA: Raquette droite déplacée de 390 à 383
2025-05-03 17:23:50,975 - INFO - JOUEUR: Raquette gauche déplacée de 266 à 273
2025-05-03 17:23:50,975 - INFO - IA: Raquette droite déplacée de 383 à 376
2025-05-03 17:23:50,993 - INFO - JOUEUR: Raquette gauche déplacée de 273 à 280
2025-05-03 17:23:50,993 - INFO - IA: Raquette droite déplacée de 376 à 369
2025-05-03 17:23:51,010 - INFO - JOUEUR: Raquette gauche déplacée de 280 à 287
2025-05-03 17:23:51,010 - INFO - IA: Raquette droite déplacée de 369 à 362
2025-05-03 17:23:51,010 - INFO - POINT: Joueur droite (IA) marque un point! Score: 0-3
2025-05-03 17:23:51,028 - INFO - JOUEUR: Raquette gauche déplacée de 287 à 294
2025-05-03 17:23:51,028 - INFO - IA: Raquette droite déplacée de 362 à 355
2025-05-03 17:23:51,045 - INFO - JOUEUR: Raquette gauche déplacée de 294 à 301
2025-05-03 17:23:51,045 - INFO - IA: Raquette droite déplacée de 355 à 348
2025-05-03 17:23:51,062 - INFO - JOUEUR: Raquette gauche déplacée de 301 à 308
2025-05-03 17:23:51,063 - INFO - IA: Raquette droite déplacée de 348 à 341
2025-05-03 17:23:51,079 - INFO - JOUEUR: Raquette gauche déplacée de 308 à 315
2025-05-03 17:23:51,079 - INFO - IA: Raquette droite déplacée de 341 à 334
2025-05-03 17:23:51,096 - INFO - JOUEUR: Raquette gauche déplacée de 315 à 322
2025-05-03 17:23:51,096 - INFO - IA: Raquette droite déplacée de 334 à 327
2025-05-03 17:23:51,113 - INFO - JOUEUR: Raquette gauche déplacée de 322 à 329
2025-05-03 17:23:51,113 - INFO - IA: Raquette droite déplacée de 327 à 320
2025-05-03 17:23:51,130 - INFO - JOUEUR: Raquette gauche déplacée de 329 à 336
2025-05-03 17:23:51,130 - INFO - IA: Raquette droite déplacée de 320 à 313
2025-05-03 17:23:51,147 - INFO - JOUEUR: Raquette gauche déplacée de 336 à 343
2025-05-03 17:23:51,147 - INFO - IA: Raquette droite déplacée de 313 à 306
2025-05-03 17:23:51,164 - INFO - INPUT: Joueur relâche les touches directionnelles
2025-05-03 17:23:51,165 - INFO - IA: Raquette droite déplacée de 306 à 299
2025-05-03 17:23:51,183 - INFO - IA: Raquette droite déplacée de 299 à 292
2025-05-03 17:23:51,200 - INFO - IA: Raquette droite déplacée de 292 à 285
2025-05-03 17:23:51,218 - INFO - IA: Raquette droite déplacée de 285 à 278
2025-05-03 17:23:51,235 - INFO - IA: Raquette droite déplacée de 278 à 271
2025-05-03 17:23:51,252 - INFO - IA: Raquette droite déplacée de 271 à 264
2025-05-03 17:23:51,269 - INFO - IA: Raquette droite déplacée de 264 à 257
2025-05-03 17:23:51,286 - INFO - IA: Raquette droite déplacée de 257 à 250
2025-05-03 17:23:51,303 - INFO - IA: Raquette droite déplacée de 250 à 243
2025-05-03 17:23:51,320 - INFO - IA: Raquette droite déplacée de 243 à 236
2025-05-03 17:23:51,338 - INFO - IA: Raquette droite déplacée de 236 à 229
2025-05-03 17:23:51,355 - INFO - IA: Raquette droite déplacée de 229 à 222
2025-05-03 17:23:51,372 - INFO - IA: Raquette droite déplacée de 222 à 215
2025-05-03 17:23:51,389 - INFO - IA: Raquette droite déplacée de 215 à 208
2025-05-03 17:23:51,406 - INFO - IA: Raquette droite déplacée de 208 à 201
2025-05-03 17:23:51,423 - INFO - IA: Raquette droite déplacée de 201 à 194
2025-05-03 17:23:51,441 - INFO - IA: Raquette droite déplacée de 194 à 187
2025-05-03 17:23:51,459 - INFO - IA: Raquette droite déplacée de 187 à 180
2025-05-03 17:23:51,477 - INFO - IA: Raquette droite déplacée de 180 à 173
2025-05-03 17:23:51,494 - INFO - IA: Raquette droite déplacée de 173 à 166
2025-05-03 17:23:51,511 - INFO - IA: Raquette droite déplacée de 166 à 159
2025-05-03 17:23:51,528 - INFO - IA: Raquette droite déplacée de 159 à 152
2025-05-03 17:23:51,545 - INFO - IA: Raquette droite déplacée de 152 à 145
2025-05-03 17:23:51,562 - INFO - IA: Raquette droite déplacée de 145 à 138
2025-05-03 17:23:51,579 - INFO - IA: Raquette droite déplacée de 138 à 131
2025-05-03 17:23:51,596 - INFO - IA: Raquette droite déplacée de 131 à 124
2025-05-03 17:23:51,613 - INFO - IA: Raquette droite déplacée de 124 à 117
2025-05-03 17:23:51,630 - INFO - IA: Raquette droite déplacée de 117 à 110
2025-05-03 17:23:51,648 - INFO - IA: Raquette droite déplacée de 110 à 103
2025-05-03 17:23:51,665 - INFO - IA: Raquette droite déplacée de 103 à 96
2025-05-03 17:23:51,684 - INFO - INPUT: Joueur appuie sur la touche HAUT
2025-05-03 17:23:51,684 - INFO - JOUEUR: Raquette gauche déplacée de 343 à 336
2025-05-03 17:23:51,684 - INFO - IA: Raquette droite déplacée de 96 à 89
2025-05-03 17:23:51,702 - INFO - JOUEUR: Raquette gauche déplacée de 336 à 329
2025-05-03 17:23:51,702 - INFO - IA: Raquette droite déplacée de 89 à 82
2025-05-03 17:23:51,719 - INFO - JOUEUR: Raquette gauche déplacée de 329 à 322
2025-05-03 17:23:51,720 - INFO - IA: Raquette droite déplacée de 82 à 75
2025-05-03 17:23:51,737 - INFO - JOUEUR: Raquette gauche déplacée de 322 à 315
2025-05-03 17:23:51,738 - INFO - IA: Raquette droite déplacée de 75 à 68
2025-05-03 17:23:51,755 - INFO - JOUEUR: Raquette gauche déplacée de 315 à 308
2025-05-03 17:23:51,756 - INFO - IA: Raquette droite déplacée de 68 à 61
2025-05-03 17:23:51,773 - INFO - JOUEUR: Raquette gauche déplacée de 308 à 301
2025-05-03 17:23:51,774 - INFO - IA: Raquette droite déplacée de 61 à 54
2025-05-03 17:23:51,791 - INFO - JOUEUR: Raquette gauche déplacée de 301 à 294
2025-05-03 17:23:51,792 - INFO - IA: Raquette droite déplacée de 54 à 47
2025-05-03 17:23:51,809 - INFO - JOUEUR: Raquette gauche déplacée de 294 à 287
2025-05-03 17:23:51,809 - INFO - IA: Raquette droite déplacée de 47 à 40
2025-05-03 17:23:51,827 - INFO - JOUEUR: Raquette gauche déplacée de 287 à 280
2025-05-03 17:23:51,827 - INFO - IA: Raquette droite déplacée de 40 à 33
2025-05-03 17:23:51,827 - INFO - COLLISION: Balle a rebondi sur un mur à la position (528, -2)
2025-05-03 17:23:51,844 - INFO - JOUEUR: Raquette gauche déplacée de 280 à 273
2025-05-03 17:23:51,844 - INFO - IA: Raquette droite déplacée de 33 à 26
2025-05-03 17:23:51,861 - INFO - JOUEUR: Raquette gauche déplacée de 273 à 266
2025-05-03 17:23:51,861 - INFO - IA: Raquette droite déplacée de 26 à 19
2025-05-03 17:23:51,878 - INFO - JOUEUR: Raquette gauche déplacée de 266 à 259
2025-05-03 17:23:51,878 - INFO - IA: Raquette droite déplacée de 19 à 12
2025-05-03 17:23:51,896 - INFO - JOUEUR: Raquette gauche déplacée de 259 à 252
2025-05-03 17:23:51,896 - INFO - IA: Raquette droite déplacée de 12 à 5
2025-05-03 17:23:51,914 - INFO - JOUEUR: Raquette gauche déplacée de 252 à 245
2025-05-03 17:23:51,914 - INFO - IA: Raquette droite déplacée de 5 à 0
2025-05-03 17:23:51,914 - INFO - COLLISION: Balle a rebondi sur une raquette à la position (553, 23)
2025-05-03 17:23:51,931 - INFO - JOUEUR: Raquette gauche déplacée de 245 à 238
2025-05-03 17:23:51,949 - INFO - JOUEUR: Raquette gauche déplacée de 238 à 231
2025-05-03 17:23:51,967 - INFO - JOUEUR: Raquette gauche déplacée de 231 à 224
2025-05-03 17:23:51,967 - INFO - IA: Raquette droite déplacée de 0 à 7
2025-05-03 17:23:51,984 - INFO - JOUEUR: Raquette gauche déplacée de 224 à 217
2025-05-03 17:23:51,984 - INFO - IA: Raquette droite déplacée de 7 à 0
2025-05-03 17:23:52,001 - INFO - JOUEUR: Raquette gauche déplacée de 217 à 210
2025-05-03 17:23:52,001 - INFO - IA: Raquette droite déplacée de 0 à 7
2025-05-03 17:23:52,018 - INFO - JOUEUR: Raquette gauche déplacée de 210 à 203
2025-05-03 17:23:52,018 - INFO - IA: Raquette droite déplacée de 7 à 0
2025-05-03 17:23:52,035 - INFO - JOUEUR: Raquette gauche déplacée de 203 à 196
2025-05-03 17:23:52,052 - INFO - JOUEUR: Raquette gauche déplacée de 196 à 189
2025-05-03 17:23:52,052 - INFO - IA: Raquette droite déplacée de 0 à 7
2025-05-03 17:23:52,069 - INFO - JOUEUR: Raquette gauche déplacée de 189 à 182
2025-05-03 17:23:52,069 - INFO - IA: Raquette droite déplacée de 7 à 14
2025-05-03 17:23:52,087 - INFO - JOUEUR: Raquette gauche déplacée de 182 à 175
2025-05-03 17:23:52,087 - INFO - IA: Raquette droite déplacée de 14 à 21
2025-05-03 17:23:52,104 - INFO - JOUEUR: Raquette gauche déplacée de 175 à 168
2025-05-03 17:23:52,104 - INFO - IA: Raquette droite déplacée de 21 à 28
2025-05-03 17:23:52,122 - INFO - JOUEUR: Raquette gauche déplacée de 168 à 161
2025-05-03 17:23:52,122 - INFO - IA: Raquette droite déplacée de 28 à 21
2025-05-03 17:23:52,139 - INFO - JOUEUR: Raquette gauche déplacée de 161 à 154
2025-05-03 17:23:52,139 - INFO - IA: Raquette droite déplacée de 21 à 28
2025-05-03 17:23:52,156 - INFO - INPUT: Joueur relâche les touches directionnelles
2025-05-03 17:23:52,156 - INFO - IA: Raquette droite déplacée de 28 à 35
2025-05-03 17:23:52,174 - INFO - IA: Raquette droite déplacée de 35 à 42
2025-05-03 17:23:52,191 - INFO - IA: Raquette droite déplacée de 42 à 35
2025-05-03 17:23:52,210 - INFO - IA: Raquette droite déplacée de 35 à 42
2025-05-03 17:23:52,227 - INFO - IA: Raquette droite déplacée de 42 à 49
2025-05-03 17:23:52,245 - INFO - IA: Raquette droite déplacée de 49 à 56
2025-05-03 17:23:52,262 - INFO - IA: Raquette droite déplacée de 56 à 63
2025-05-03 17:23:52,279 - INFO - IA: Raquette droite déplacée de 63 à 70
2025-05-03 17:23:52,296 - INFO - IA: Raquette droite déplacée de 70 à 77
2025-05-03 17:23:52,313 - INFO - IA: Raquette droite déplacée de 77 à 84
2025-05-03 17:23:52,332 - INFO - IA: Raquette droite déplacée de 84 à 91
2025-05-03 17:23:52,349 - INFO - IA: Raquette droite déplacée de 91 à 98
2025-05-03 17:23:52,367 - INFO - IA: Raquette droite déplacée de 98 à 105
2025-05-03 17:23:52,384 - INFO - IA: Raquette droite déplacée de 105 à 98
2025-05-03 17:23:52,401 - INFO - IA: Raquette droite déplacée de 98 à 105
2025-05-03 17:23:52,418 - INFO - IA: Raquette droite déplacée de 105 à 112
2025-05-03 17:23:52,435 - INFO - IA: Raquette droite déplacée de 112 à 105
2025-05-03 17:23:52,452 - INFO - IA: Raquette droite déplacée de 105 à 112
2025-05-03 17:23:52,469 - INFO - IA: Raquette droite déplacée de 112 à 119
2025-05-03 17:23:52,486 - INFO - IA: Raquette droite déplacée de 119 à 126
2025-05-03 17:23:52,504 - INFO - IA: Raquette droite déplacée de 126 à 133
2025-05-03 17:23:52,521 - INFO - IA: Raquette droite déplacée de 133 à 126
2025-05-03 17:23:52,538 - INFO - IA: Raquette droite déplacée de 126 à 133
2025-05-03 17:23:52,556 - INFO - IA: Raquette droite déplacée de 133 à 140
2025-05-03 17:23:52,573 - INFO - IA: Raquette droite déplacée de 140 à 147
2025-05-03 17:23:52,590 - INFO - IA: Raquette droite déplacée de 147 à 154
2025-05-03 17:23:52,607 - INFO - IA: Raquette droite déplacée de 154 à 161
2025-05-03 17:23:52,625 - INFO - IA: Raquette droite déplacée de 161 à 168
2025-05-03 17:23:52,642 - INFO - IA: Raquette droite déplacée de 168 à 175
2025-05-03 17:23:52,659 - INFO - IA: Raquette droite déplacée de 175 à 182
2025-05-03 17:23:52,677 - INFO - IA: Raquette droite déplacée de 182 à 189
2025-05-03 17:23:52,696 - INFO - IA: Raquette droite déplacée de 189 à 196
2025-05-03 17:23:52,714 - INFO - IA: Raquette droite déplacée de 196 à 203
2025-05-03 17:23:52,732 - INFO - IA: Raquette droite déplacée de 203 à 210
2025-05-03 17:23:52,749 - INFO - IA: Raquette droite déplacée de 210 à 203
2025-05-03 17:23:52,768 - INFO - IA: Raquette droite déplacée de 203 à 210
2025-05-03 17:23:52,786 - INFO - INPUT: Joueur appuie sur la touche BAS
2025-05-03 17:23:52,786 - INFO - JOUEUR: Raquette gauche déplacée de 154 à 161
2025-05-03 17:23:52,786 - INFO - IA: Raquette droite déplacée de 210 à 217
2025-05-03 17:23:52,805 - INFO - JOUEUR: Raquette gauche déplacée de 161 à 168
2025-05-03 17:23:52,805 - INFO - IA: Raquette droite déplacée de 217 à 224
2025-05-03 17:23:52,822 - INFO - JOUEUR: Raquette gauche déplacée de 168 à 175
2025-05-03 17:23:52,823 - INFO - IA: Raquette droite déplacée de 224 à 231
2025-05-03 17:23:52,839 - INFO - JOUEUR: Raquette gauche déplacée de 175 à 182
2025-05-03 17:23:52,840 - INFO - IA: Raquette droite déplacée de 231 à 224
2025-05-03 17:23:52,857 - INFO - JOUEUR: Raquette gauche déplacée de 182 à 189
2025-05-03 17:23:52,858 - INFO - IA: Raquette droite déplacée de 224 à 231
2025-05-03 17:23:52,875 - INFO - JOUEUR: Raquette gauche déplacée de 189 à 196
2025-05-03 17:23:52,875 - INFO - IA: Raquette droite déplacée de 231 à 238
2025-05-03 17:23:52,892 - INFO - JOUEUR: Raquette gauche déplacée de 196 à 203
2025-05-03 17:23:52,892 - INFO - IA: Raquette droite déplacée de 238 à 231
2025-05-03 17:23:52,909 - INFO - JOUEUR: Raquette gauche déplacée de 203 à 210
2025-05-03 17:23:52,909 - INFO - IA: Raquette droite déplacée de 231 à 238
2025-05-03 17:23:52,927 - INFO - JOUEUR: Raquette gauche déplacée de 210 à 217
2025-05-03 17:23:52,927 - INFO - IA: Raquette droite déplacée de 238 à 245
2025-05-03 17:23:52,944 - INFO - JOUEUR: Raquette gauche déplacée de 217 à 224
2025-05-03 17:23:52,945 - INFO - IA: Raquette droite déplacée de 245 à 252
2025-05-03 17:23:52,961 - INFO - JOUEUR: Raquette gauche déplacée de 224 à 231
2025-05-03 17:23:52,961 - INFO - IA: Raquette droite déplacée de 252 à 259
2025-05-03 17:23:52,979 - INFO - JOUEUR: Raquette gauche déplacée de 231 à 238
2025-05-03 17:23:52,979 - INFO - IA: Raquette droite déplacée de 259 à 266
2025-05-03 17:23:52,997 - INFO - JOUEUR: Raquette gauche déplacée de 238 à 245
2025-05-03 17:23:52,997 - INFO - IA: Raquette droite déplacée de 266 à 259
2025-05-03 17:23:53,014 - INFO - JOUEUR: Raquette gauche déplacée de 245 à 252
2025-05-03 17:23:53,014 - INFO - IA: Raquette droite déplacée de 259 à 266
2025-05-03 17:23:53,032 - INFO - JOUEUR: Raquette gauche déplacée de 252 à 259
2025-05-03 17:23:53,032 - INFO - IA: Raquette droite déplacée de 266 à 273
2025-05-03 17:23:53,050 - INFO - JOUEUR: Raquette gauche déplacée de 259 à 266
2025-05-03 17:23:53,050 - INFO - IA: Raquette droite déplacée de 273 à 280
2025-05-03 17:23:53,068 - INFO - JOUEUR: Raquette gauche déplacée de 266 à 273
2025-05-03 17:23:53,068 - INFO - IA: Raquette droite déplacée de 280 à 287
2025-05-03 17:23:53,084 - INFO - JOUEUR: Raquette gauche déplacée de 273 à 280
2025-05-03 17:23:53,084 - INFO - IA: Raquette droite déplacée de 287 à 294
2025-05-03 17:23:53,101 - INFO - JOUEUR: Raquette gauche déplacée de 280 à 287
2025-05-03 17:23:53,101 - INFO - IA: Raquette droite déplacée de 294 à 301
2025-05-03 17:23:53,118 - INFO - JOUEUR: Raquette gauche déplacée de 287 à 294
2025-05-03 17:23:53,118 - INFO - IA: Raquette droite déplacée de 301 à 308
2025-05-03 17:23:53,136 - INFO - JOUEUR: Raquette gauche déplacée de 294 à 301
2025-05-03 17:23:53,136 - INFO - IA: Raquette droite déplacée de 308 à 315
2025-05-03 17:23:53,154 - INFO - JOUEUR: Raquette gauche déplacée de 301 à 308
2025-05-03 17:23:53,154 - INFO - IA: Raquette droite déplacée de 315 à 322
2025-05-03 17:23:53,172 - INFO - JOUEUR: Raquette gauche déplacée de 308 à 315
2025-05-03 17:23:53,172 - INFO - IA: Raquette droite déplacée de 322 à 329
2025-05-03 17:23:53,189 - INFO - JOUEUR: Raquette gauche déplacée de 315 à 322
2025-05-03 17:23:53,190 - INFO - IA: Raquette droite déplacée de 329 à 336
2025-05-03 17:23:53,207 - INFO - JOUEUR: Raquette gauche déplacée de 322 à 329
2025-05-03 17:23:53,207 - INFO - IA: Raquette droite déplacée de 336 à 343
2025-05-03 17:23:53,224 - INFO - JOUEUR: Raquette gauche déplacée de 329 à 336
2025-05-03 17:23:53,224 - INFO - IA: Raquette droite déplacée de 343 à 350
2025-05-03 17:23:53,242 - INFO - JOUEUR: Raquette gauche déplacée de 336 à 343
2025-05-03 17:23:53,242 - INFO - IA: Raquette droite déplacée de 350 à 357
2025-05-03 17:23:53,259 - INFO - JOUEUR: Raquette gauche déplacée de 343 à 350
2025-05-03 17:23:53,259 - INFO - IA: Raquette droite déplacée de 357 à 364
2025-05-03 17:23:53,276 - INFO - JOUEUR: Raquette gauche déplacée de 350 à 357
2025-05-03 17:23:53,276 - INFO - IA: Raquette droite déplacée de 364 à 357
2025-05-03 17:23:53,294 - INFO - JOUEUR: Raquette gauche déplacée de 357 à 364
2025-05-03 17:23:53,294 - INFO - IA: Raquette droite déplacée de 357 à 364
2025-05-03 17:23:53,311 - INFO - JOUEUR: Raquette gauche déplacée de 364 à 371
2025-05-03 17:23:53,311 - INFO - IA: Raquette droite déplacée de 364 à 371
2025-05-03 17:23:53,328 - INFO - JOUEUR: Raquette gauche déplacée de 371 à 378
2025-05-03 17:23:53,328 - INFO - IA: Raquette droite déplacée de 371 à 364
2025-05-03 17:23:53,347 - INFO - INPUT: Joueur relâche les touches directionnelles
2025-05-03 17:23:53,347 - INFO - IA: Raquette droite déplacée de 364 à 371
2025-05-03 17:23:53,365 - INFO - IA: Raquette droite déplacée de 371 à 378
2025-05-03 17:23:53,383 - INFO - IA: Raquette droite déplacée de 378 à 385
2025-05-03 17:23:53,400 - INFO - IA: Raquette droite déplacée de 385 à 378
2025-05-03 17:23:53,417 - INFO - IA: Raquette droite déplacée de 378 à 385
2025-05-03 17:23:53,435 - INFO - IA: Raquette droite déplacée de 385 à 390
2025-05-03 17:23:53,469 - INFO - COLLISION: Balle a rebondi sur un mur à la position (108, 468)
2025-05-03 17:23:53,624 - INFO - IA: Raquette droite déplacée de 390 à 383
2025-05-03 17:23:53,642 - INFO - IA: Raquette droite déplacée de 383 à 390
2025-05-03 17:23:53,659 - INFO - IA: Raquette droite déplacée de 390 à 383
2025-05-03 17:23:53,676 - INFO - IA: Raquette droite déplacée de 383 à 376
2025-05-03 17:23:53,694 - INFO - INPUT: Joueur appuie sur la touche HAUT
2025-05-03 17:23:53,694 - INFO - JOUEUR: Raquette gauche déplacée de 378 à 371
2025-05-03 17:23:53,694 - INFO - IA: Raquette droite déplacée de 376 à 383
2025-05-03 17:23:53,711 - INFO - JOUEUR: Raquette gauche déplacée de 371 à 364
2025-05-03 17:23:53,712 - INFO - IA: Raquette droite déplacée de 383 à 376
2025-05-03 17:23:53,729 - INFO - JOUEUR: Raquette gauche déplacée de 364 à 357
2025-05-03 17:23:53,729 - INFO - IA: Raquette droite déplacée de 376 à 369
2025-05-03 17:23:53,729 - INFO - COLLISION: Balle a rebondi sur une raquette à la position (33, 393)
2025-05-03 17:23:53,747 - INFO - JOUEUR: Raquette gauche déplacée de 357 à 350
2025-05-03 17:23:53,747 - INFO - IA: Raquette droite déplacée de 369 à 376
2025-05-03 17:23:53,764 - INFO - JOUEUR: Raquette gauche déplacée de 350 à 343
2025-05-03 17:23:53,764 - INFO - IA: Raquette droite déplacée de 376 à 369
2025-05-03 17:23:53,782 - INFO - JOUEUR: Raquette gauche déplacée de 343 à 336
2025-05-03 17:23:53,782 - INFO - IA: Raquette droite déplacée de 369 à 362
2025-05-03 17:23:53,800 - INFO - JOUEUR: Raquette gauche déplacée de 336 à 329
2025-05-03 17:23:53,801 - INFO - IA: Raquette droite déplacée de 362 à 355
2025-05-03 17:23:53,819 - INFO - JOUEUR: Raquette gauche déplacée de 329 à 322
2025-05-03 17:23:53,820 - INFO - IA: Raquette droite déplacée de 355 à 348
2025-05-03 17:23:53,838 - INFO - JOUEUR: Raquette gauche déplacée de 322 à 315
2025-05-03 17:23:53,838 - INFO - IA: Raquette droite déplacée de 348 à 341
2025-05-03 17:23:53,855 - INFO - JOUEUR: Raquette gauche déplacée de 315 à 308
2025-05-03 17:23:53,855 - INFO - IA: Raquette droite déplacée de 341 à 334
2025-05-03 17:23:53,873 - INFO - JOUEUR: Raquette gauche déplacée de 308 à 301
2025-05-03 17:23:53,873 - INFO - IA: Raquette droite déplacée de 334 à 327
2025-05-03 17:23:53,890 - INFO - JOUEUR: Raquette gauche déplacée de 301 à 294
2025-05-03 17:23:53,890 - INFO - IA: Raquette droite déplacée de 327 à 320
2025-05-03 17:23:53,907 - INFO - JOUEUR: Raquette gauche déplacée de 294 à 287
2025-05-03 17:23:53,907 - INFO - IA: Raquette droite déplacée de 320 à 313
2025-05-03 17:23:53,925 - INFO - JOUEUR: Raquette gauche déplacée de 287 à 280
2025-05-03 17:23:53,925 - INFO - IA: Raquette droite déplacée de 313 à 306
2025-05-03 17:23:53,942 - INFO - JOUEUR: Raquette gauche déplacée de 280 à 273
2025-05-03 17:23:53,942 - INFO - IA: Raquette droite déplacée de 306 à 313
2025-05-03 17:23:53,960 - INFO - JOUEUR: Raquette gauche déplacée de 273 à 266
2025-05-03 17:23:53,960 - INFO - IA: Raquette droite déplacée de 313 à 306
2025-05-03 17:23:53,976 - INFO - JOUEUR: Raquette gauche déplacée de 266 à 259
2025-05-03 17:23:53,976 - INFO - IA: Raquette droite déplacée de 306 à 313
2025-05-03 17:23:53,993 - INFO - JOUEUR: Raquette gauche déplacée de 259 à 252
2025-05-03 17:23:53,993 - INFO - IA: Raquette droite déplacée de 313 à 306
2025-05-03 17:23:54,010 - INFO - JOUEUR: Raquette gauche déplacée de 252 à 245
2025-05-03 17:23:54,010 - INFO - IA: Raquette droite déplacée de 306 à 299
2025-05-03 17:23:54,028 - INFO - JOUEUR: Raquette gauche déplacée de 245 à 238
2025-05-03 17:23:54,028 - INFO - IA: Raquette droite déplacée de 299 à 292
2025-05-03 17:23:54,045 - INFO - JOUEUR: Raquette gauche déplacée de 238 à 231
2025-05-03 17:23:54,045 - INFO - IA: Raquette droite déplacée de 292 à 285
2025-05-03 17:23:54,062 - INFO - JOUEUR: Raquette gauche déplacée de 231 à 224
2025-05-03 17:23:54,063 - INFO - IA: Raquette droite déplacée de 285 à 278
2025-05-03 17:23:54,080 - INFO - JOUEUR: Raquette gauche déplacée de 224 à 217
2025-05-03 17:23:54,097 - INFO - JOUEUR: Raquette gauche déplacée de 217 à 210
2025-05-03 17:23:54,098 - INFO - IA: Raquette droite déplacée de 278 à 271
2025-05-03 17:23:54,115 - INFO - JOUEUR: Raquette gauche déplacée de 210 à 203
2025-05-03 17:23:54,115 - INFO - IA: Raquette droite déplacée de 271 à 264
2025-05-03 17:23:54,132 - INFO - JOUEUR: Raquette gauche déplacée de 203 à 196
2025-05-03 17:23:54,132 - INFO - IA: Raquette droite déplacée de 264 à 257
2025-05-03 17:23:54,149 - INFO - JOUEUR: Raquette gauche déplacée de 196 à 189
2025-05-03 17:23:54,149 - INFO - IA: Raquette droite déplacée de 257 à 250
2025-05-03 17:23:54,166 - INFO - JOUEUR: Raquette gauche déplacée de 189 à 182
2025-05-03 17:23:54,166 - INFO - IA: Raquette droite déplacée de 250 à 257
2025-05-03 17:23:54,184 - INFO - INPUT: Joueur relâche les touches directionnelles
2025-05-03 17:23:54,184 - INFO - IA: Raquette droite déplacée de 257 à 250
2025-05-03 17:23:54,201 - INFO - IA: Raquette droite déplacée de 250 à 257
2025-05-03 17:23:54,218 - INFO - IA: Raquette droite déplacée de 257 à 250
2025-05-03 17:23:54,236 - INFO - IA: Raquette droite déplacée de 250 à 243
2025-05-03 17:23:54,252 - INFO - IA: Raquette droite déplacée de 243 à 236
2025-05-03 17:23:54,270 - INFO - IA: Raquette droite déplacée de 236 à 229
2025-05-03 17:23:54,287 - INFO - IA: Raquette droite déplacée de 229 à 222
2025-05-03 17:23:54,304 - INFO - IA: Raquette droite déplacée de 222 à 215
2025-05-03 17:23:54,322 - INFO - IA: Raquette droite déplacée de 215 à 208
2025-05-03 17:23:54,356 - INFO - IA: Raquette droite déplacée de 208 à 201
2025-05-03 17:23:54,373 - INFO - IA: Raquette droite déplacée de 201 à 194
2025-05-03 17:23:54,391 - INFO - IA: Raquette droite déplacée de 194 à 187
2025-05-03 17:23:54,408 - INFO - IA: Raquette droite déplacée de 187 à 180
2025-05-03 17:23:54,424 - INFO - INPUT: Joueur appuie sur la touche BAS
2025-05-03 17:23:54,425 - INFO - JOUEUR: Raquette gauche déplacée de 182 à 189
2025-05-03 17:23:54,442 - INFO - JOUEUR: Raquette gauche déplacée de 189 à 196
2025-05-03 17:23:54,442 - INFO - IA: Raquette droite déplacée de 180 à 173
2025-05-03 17:23:54,459 - INFO - JOUEUR: Raquette gauche déplacée de 196 à 203
2025-05-03 17:23:54,459 - INFO - IA: Raquette droite déplacée de 173 à 166
2025-05-03 17:23:54,476 - INFO - JOUEUR: Raquette gauche déplacée de 203 à 210
2025-05-03 17:23:54,476 - INFO - IA: Raquette droite déplacée de 166 à 159
2025-05-03 17:23:54,493 - INFO - JOUEUR: Raquette gauche déplacée de 210 à 217
2025-05-03 17:23:54,493 - INFO - IA: Raquette droite déplacée de 159 à 152
2025-05-03 17:23:54,510 - INFO - JOUEUR: Raquette gauche déplacée de 217 à 224
2025-05-03 17:23:54,511 - INFO - IA: Raquette droite déplacée de 152 à 145
2025-05-03 17:23:54,528 - INFO - JOUEUR: Raquette gauche déplacée de 224 à 231
2025-05-03 17:23:54,528 - INFO - IA: Raquette droite déplacée de 145 à 138
2025-05-03 17:23:54,546 - INFO - INPUT: Joueur relâche les touches directionnelles
2025-05-03 17:23:54,547 - INFO - IA: Raquette droite déplacée de 138 à 145
2025-05-03 17:23:54,565 - INFO - IA: Raquette droite déplacée de 145 à 138
2025-05-03 17:23:54,583 - INFO - IA: Raquette droite déplacée de 138 à 131
2025-05-03 17:23:54,600 - INFO - IA: Raquette droite déplacée de 131 à 124
2025-05-03 17:23:54,618 - INFO - IA: Raquette droite déplacée de 124 à 131
2025-05-03 17:23:54,634 - INFO - IA: Raquette droite déplacée de 131 à 124
2025-05-03 17:23:54,652 - INFO - IA: Raquette droite déplacée de 124 à 117
2025-05-03 17:23:54,669 - INFO - IA: Raquette droite déplacée de 117 à 110
2025-05-03 17:23:54,687 - INFO - IA: Raquette droite déplacée de 110 à 103
2025-05-03 17:23:54,703 - INFO - IA: Raquette droite déplacée de 103 à 96
2025-05-03 17:23:54,721 - INFO - IA: Raquette droite déplacée de 96 à 103
2025-05-03 17:23:54,738 - INFO - IA: Raquette droite déplacée de 103 à 96
2025-05-03 17:23:54,756 - INFO - IA: Raquette droite déplacée de 96 à 89
2025-05-03 17:23:54,774 - INFO - IA: Raquette droite déplacée de 89 à 82
2025-05-03 17:23:54,791 - INFO - IA: Raquette droite déplacée de 82 à 75
2025-05-03 17:23:54,808 - INFO - INPUT: Joueur appuie sur la touche HAUT
2025-05-03 17:23:54,809 - INFO - JOUEUR: Raquette gauche déplacée de 231 à 224
2025-05-03 17:23:54,809 - INFO - IA: Raquette droite déplacée de 75 à 68
2025-05-03 17:23:54,827 - INFO - JOUEUR: Raquette gauche déplacée de 224 à 217
2025-05-03 17:23:54,828 - INFO - IA: Raquette droite déplacée de 68 à 61
2025-05-03 17:23:54,846 - INFO - JOUEUR: Raquette gauche déplacée de 217 à 210
2025-05-03 17:23:54,846 - INFO - IA: Raquette droite déplacée de 61 à 54
2025-05-03 17:23:54,864 - INFO - JOUEUR: Raquette gauche déplacée de 210 à 203
2025-05-03 17:23:54,864 - INFO - IA: Raquette droite déplacée de 54 à 47
2025-05-03 17:23:54,882 - INFO - JOUEUR: Raquette gauche déplacée de 203 à 196
2025-05-03 17:23:54,882 - INFO - IA: Raquette droite déplacée de 47 à 54
2025-05-03 17:23:54,899 - INFO - JOUEUR: Raquette gauche déplacée de 196 à 189
2025-05-03 17:23:54,899 - INFO - IA: Raquette droite déplacée de 54 à 47
2025-05-03 17:23:54,917 - INFO - JOUEUR: Raquette gauche déplacée de 189 à 182
2025-05-03 17:23:54,917 - INFO - IA: Raquette droite déplacée de 47 à 40
2025-05-03 17:23:54,935 - INFO - JOUEUR: Raquette gauche déplacée de 182 à 175
2025-05-03 17:23:54,935 - INFO - IA: Raquette droite déplacée de 40 à 33
2025-05-03 17:23:54,951 - INFO - JOUEUR: Raquette gauche déplacée de 175 à 168
2025-05-03 17:23:54,952 - INFO - IA: Raquette droite déplacée de 33 à 26
2025-05-03 17:23:54,969 - INFO - JOUEUR: Raquette gauche déplacée de 168 à 161
2025-05-03 17:23:54,969 - INFO - IA: Raquette droite déplacée de 26 à 19
2025-05-03 17:23:54,986 - INFO - JOUEUR: Raquette gauche déplacée de 161 à 154
2025-05-03 17:23:54,986 - INFO - IA: Raquette droite déplacée de 19 à 12
2025-05-03 17:23:55,004 - INFO - JOUEUR: Raquette gauche déplacée de 154 à 147
2025-05-03 17:23:55,004 - INFO - IA: Raquette droite déplacée de 12 à 19
2025-05-03 17:23:55,021 - INFO - JOUEUR: Raquette gauche déplacée de 147 à 140
2025-05-03 17:23:55,021 - INFO - IA: Raquette droite déplacée de 19 à 26
2025-05-03 17:23:55,039 - INFO - JOUEUR: Raquette gauche déplacée de 140 à 133
2025-05-03 17:23:55,039 - INFO - IA: Raquette droite déplacée de 26 à 19
2025-05-03 17:23:55,056 - INFO - JOUEUR: Raquette gauche déplacée de 133 à 126
2025-05-03 17:23:55,056 - INFO - IA: Raquette droite déplacée de 19 à 12
2025-05-03 17:23:55,074 - INFO - JOUEUR: Raquette gauche déplacée de 126 à 119
2025-05-03 17:23:55,074 - INFO - IA: Raquette droite déplacée de 12 à 5
2025-05-03 17:23:55,092 - INFO - JOUEUR: Raquette gauche déplacée de 119 à 112
2025-05-03 17:23:55,092 - INFO - IA: Raquette droite déplacée de 5 à 0
2025-05-03 17:23:55,109 - INFO - JOUEUR: Raquette gauche déplacée de 112 à 105
2025-05-03 17:23:55,109 - INFO - COLLISION: Balle a rebondi sur un mur à la position (507, -2)
2025-05-03 17:23:55,127 - INFO - JOUEUR: Raquette gauche déplacée de 105 à 98
2025-05-03 17:23:55,144 - INFO - JOUEUR: Raquette gauche déplacée de 98 à 91
2025-05-03 17:23:55,161 - INFO - JOUEUR: Raquette gauche déplacée de 91 à 84
2025-05-03 17:23:55,179 - INFO - JOUEUR: Raquette gauche déplacée de 84 à 77
2025-05-03 17:23:55,197 - INFO - JOUEUR: Raquette gauche déplacée de 77 à 70
2025-05-03 17:23:55,215 - INFO - JOUEUR: Raquette gauche déplacée de 70 à 63
2025-05-03 17:23:55,232 - INFO - JOUEUR: Raquette gauche déplacée de 63 à 56
2025-05-03 17:23:55,249 - INFO - INPUT: Joueur relâche les touches directionnelles
2025-05-03 17:23:55,250 - INFO - COLLISION: Balle a rebondi sur une raquette à la position (555, 38)
2025-05-03 17:23:55,267 - INFO - IA: Raquette droite déplacée de 0 à 7
2025-05-03 17:23:55,284 - INFO - IA: Raquette droite déplacée de 7 à 14
2025-05-03 17:23:55,302 - INFO - IA: Raquette droite déplacée de 14 à 21
2025-05-03 17:23:55,319 - INFO - IA: Raquette droite déplacée de 21 à 28
2025-05-03 17:23:55,336 - INFO - IA: Raquette droite déplacée de 28 à 21
2025-05-03 17:23:55,354 - INFO - IA: Raquette droite déplacée de 21 à 28
2025-05-03 17:23:55,373 - INFO - IA: Raquette droite déplacée de 28 à 35
2025-05-03 17:23:55,390 - INFO - IA: Raquette droite déplacée de 35 à 42
2025-05-03 17:23:55,407 - INFO - IA: Raquette droite déplacée de 42 à 35
2025-05-03 17:23:55,425 - INFO - IA: Raquette droite déplacée de 35 à 42
2025-05-03 17:23:55,442 - INFO - IA: Raquette droite déplacée de 42 à 35
2025-05-03 17:23:55,463 - INFO - IA: Raquette droite déplacée de 35 à 28
2025-05-03 17:23:55,481 - INFO - IA: Raquette droite déplacée de 28 à 35
2025-05-03 17:23:55,499 - INFO - INPUT: Joueur appuie sur la touche BAS
2025-05-03 17:23:55,499 - INFO - JOUEUR: Raquette gauche déplacée de 56 à 63
2025-05-03 17:23:55,499 - INFO - IA: Raquette droite déplacée de 35 à 42
2025-05-03 17:23:55,516 - INFO - JOUEUR: Raquette gauche déplacée de 63 à 70
2025-05-03 17:23:55,516 - INFO - IA: Raquette droite déplacée de 42 à 49
2025-05-03 17:23:55,534 - INFO - JOUEUR: Raquette gauche déplacée de 70 à 77
2025-05-03 17:23:55,534 - INFO - IA: Raquette droite déplacée de 49 à 56
2025-05-03 17:23:55,552 - INFO - JOUEUR: Raquette gauche déplacée de 77 à 84
2025-05-03 17:23:55,552 - INFO - IA: Raquette droite déplacée de 56 à 63
2025-05-03 17:23:55,569 - INFO - JOUEUR: Raquette gauche déplacée de 84 à 91
2025-05-03 17:23:55,570 - INFO - IA: Raquette droite déplacée de 63 à 70
2025-05-03 17:23:55,586 - INFO - JOUEUR: Raquette gauche déplacée de 91 à 98
2025-05-03 17:23:55,586 - INFO - IA: Raquette droite déplacée de 70 à 77
2025-05-03 17:23:55,603 - INFO - JOUEUR: Raquette gauche déplacée de 98 à 105
2025-05-03 17:23:55,604 - INFO - IA: Raquette droite déplacée de 77 à 84
2025-05-03 17:23:55,622 - INFO - JOUEUR: Raquette gauche déplacée de 105 à 112
2025-05-03 17:23:55,622 - INFO - IA: Raquette droite déplacée de 84 à 91
2025-05-03 17:23:55,640 - INFO - JOUEUR: Raquette gauche déplacée de 112 à 119
2025-05-03 17:23:55,641 - INFO - IA: Raquette droite déplacée de 91 à 98
2025-05-03 17:23:55,658 - INFO - JOUEUR: Raquette gauche déplacée de 119 à 126
2025-05-03 17:23:55,658 - INFO - IA: Raquette droite déplacée de 98 à 91
2025-05-03 17:23:55,675 - INFO - JOUEUR: Raquette gauche déplacée de 126 à 133
2025-05-03 17:23:55,675 - INFO - IA: Raquette droite déplacée de 91 à 98
2025-05-03 17:23:55,692 - INFO - JOUEUR: Raquette gauche déplacée de 133 à 140
2025-05-03 17:23:55,692 - INFO - IA: Raquette droite déplacée de 98 à 105
2025-05-03 17:23:55,709 - INFO - JOUEUR: Raquette gauche déplacée de 140 à 147
2025-05-03 17:23:55,709 - INFO - IA: Raquette droite déplacée de 105 à 112
2025-05-03 17:23:55,726 - INFO - JOUEUR: Raquette gauche déplacée de 147 à 154
2025-05-03 17:23:55,727 - INFO - IA: Raquette droite déplacée de 112 à 105
2025-05-03 17:23:55,744 - INFO - JOUEUR: Raquette gauche déplacée de 154 à 161
2025-05-03 17:23:55,745 - INFO - IA: Raquette droite déplacée de 105 à 112
2025-05-03 17:23:55,762 - INFO - JOUEUR: Raquette gauche déplacée de 161 à 168
2025-05-03 17:23:55,762 - INFO - IA: Raquette droite déplacée de 112 à 119
2025-05-03 17:23:55,779 - INFO - JOUEUR: Raquette gauche déplacée de 168 à 175
2025-05-03 17:23:55,779 - INFO - IA: Raquette droite déplacée de 119 à 126
2025-05-03 17:23:55,797 - INFO - JOUEUR: Raquette gauche déplacée de 175 à 182
2025-05-03 17:23:55,798 - INFO - IA: Raquette droite déplacée de 126 à 133
2025-05-03 17:23:55,815 - INFO - JOUEUR: Raquette gauche déplacée de 182 à 189
2025-05-03 17:23:55,815 - INFO - IA: Raquette droite déplacée de 133 à 140
2025-05-03 17:23:55,832 - INFO - JOUEUR: Raquette gauche déplacée de 189 à 196
2025-05-03 17:23:55,832 - INFO - IA: Raquette droite déplacée de 140 à 147
2025-05-03 17:23:55,849 - INFO - JOUEUR: Raquette gauche déplacée de 196 à 203
2025-05-03 17:23:55,850 - INFO - IA: Raquette droite déplacée de 147 à 154
2025-05-03 17:23:55,867 - INFO - JOUEUR: Raquette gauche déplacée de 203 à 210
2025-05-03 17:23:55,868 - INFO - IA: Raquette droite déplacée de 154 à 161
2025-05-03 17:23:55,886 - INFO - INPUT: Joueur relâche les touches directionnelles
2025-05-03 17:23:55,886 - INFO - IA: Raquette droite déplacée de 161 à 168
2025-05-03 17:23:55,904 - INFO - IA: Raquette droite déplacée de 168 à 175
2025-05-03 17:23:55,922 - INFO - IA: Raquette droite déplacée de 175 à 168
2025-05-03 17:23:55,939 - INFO - IA: Raquette droite déplacée de 168 à 175
2025-05-03 17:23:55,957 - INFO - INPUT: Joueur appuie sur la touche BAS
2025-05-03 17:23:55,957 - INFO - JOUEUR: Raquette gauche déplacée de 210 à 217
2025-05-03 17:23:55,957 - INFO - IA: Raquette droite déplacée de 175 à 182
2025-05-03 17:23:55,974 - INFO - JOUEUR: Raquette gauche déplacée de 217 à 224
2025-05-03 17:23:55,975 - INFO - IA: Raquette droite déplacée de 182 à 189
2025-05-03 17:23:55,992 - INFO - JOUEUR: Raquette gauche déplacée de 224 à 231
2025-05-03 17:23:55,992 - INFO - IA: Raquette droite déplacée de 189 à 196
2025-05-03 17:23:56,009 - INFO - JOUEUR: Raquette gauche déplacée de 231 à 238
2025-05-03 17:23:56,009 - INFO - IA: Raquette droite déplacée de 196 à 189
2025-05-03 17:23:56,026 - INFO - JOUEUR: Raquette gauche déplacée de 238 à 245
2025-05-03 17:23:56,026 - INFO - IA: Raquette droite déplacée de 189 à 196
2025-05-03 17:23:56,043 - INFO - JOUEUR: Raquette gauche déplacée de 245 à 252
2025-05-03 17:23:56,043 - INFO - IA: Raquette droite déplacée de 196 à 203
2025-05-03 17:23:56,060 - INFO - JOUEUR: Raquette gauche déplacée de 252 à 259
2025-05-03 17:23:56,060 - INFO - IA: Raquette droite déplacée de 203 à 196
2025-05-03 17:23:56,078 - INFO - JOUEUR: Raquette gauche déplacée de 259 à 266
2025-05-03 17:23:56,078 - INFO - IA: Raquette droite déplacée de 196 à 203
2025-05-03 17:23:56,096 - INFO - INPUT: Joueur relâche les touches directionnelles
2025-05-03 17:23:56,096 - INFO - IA: Raquette droite déplacée de 203 à 210
2025-05-03 17:23:56,114 - INFO - IA: Raquette droite déplacée de 210 à 217
2025-05-03 17:23:56,132 - INFO - IA: Raquette droite déplacée de 217 à 224
2025-05-03 17:23:56,149 - INFO - IA: Raquette droite déplacée de 224 à 231
2025-05-03 17:23:56,168 - INFO - INPUT: Joueur appuie sur la touche BAS
2025-05-03 17:23:56,168 - INFO - JOUEUR: Raquette gauche déplacée de 266 à 273
2025-05-03 17:23:56,168 - INFO - IA: Raquette droite déplacée de 231 à 238
2025-05-03 17:23:56,185 - INFO - JOUEUR: Raquette gauche déplacée de 273 à 280
2025-05-03 17:23:56,185 - INFO - IA: Raquette droite déplacée de 238 à 231
2025-05-03 17:23:56,203 - INFO - JOUEUR: Raquette gauche déplacée de 280 à 287
2025-05-03 17:23:56,203 - INFO - IA: Raquette droite déplacée de 231 à 238
2025-05-03 17:23:56,220 - INFO - JOUEUR: Raquette gauche déplacée de 287 à 294
2025-05-03 17:23:56,220 - INFO - IA: Raquette droite déplacée de 238 à 245
2025-05-03 17:23:56,237 - INFO - JOUEUR: Raquette gauche déplacée de 294 à 301
2025-05-03 17:23:56,237 - INFO - IA: Raquette droite déplacée de 245 à 252
2025-05-03 17:23:56,254 - INFO - JOUEUR: Raquette gauche déplacée de 301 à 308
2025-05-03 17:23:56,255 - INFO - IA: Raquette droite déplacée de 252 à 259
2025-05-03 17:23:56,272 - INFO - JOUEUR: Raquette gauche déplacée de 308 à 315
2025-05-03 17:23:56,272 - INFO - IA: Raquette droite déplacée de 259 à 266
2025-05-03 17:23:56,289 - INFO - JOUEUR: Raquette gauche déplacée de 315 à 322
2025-05-03 17:23:56,289 - INFO - IA: Raquette droite déplacée de 266 à 273
2025-05-03 17:23:56,306 - INFO - JOUEUR: Raquette gauche déplacée de 322 à 329
2025-05-03 17:23:56,307 - INFO - IA: Raquette droite déplacée de 273 à 280
2025-05-03 17:23:56,324 - INFO - JOUEUR: Raquette gauche déplacée de 329 à 336
2025-05-03 17:23:56,324 - INFO - IA: Raquette droite déplacée de 280 à 287
2025-05-03 17:23:56,342 - INFO - INPUT: Joueur relâche les touches directionnelles
2025-05-03 17:23:56,342 - INFO - IA: Raquette droite déplacée de 287 à 294
2025-05-03 17:23:56,361 - INFO - IA: Raquette droite déplacée de 294 à 301
2025-05-03 17:23:56,378 - INFO - IA: Raquette droite déplacée de 301 à 308
2025-05-03 17:23:56,396 - INFO - IA: Raquette droite déplacée de 308 à 315
2025-05-03 17:23:56,413 - INFO - IA: Raquette droite déplacée de 315 à 308
2025-05-03 17:23:56,432 - INFO - IA: Raquette droite déplacée de 308 à 315
2025-05-03 17:23:56,448 - INFO - IA: Raquette droite déplacée de 315 à 308
2025-05-03 17:23:56,466 - INFO - IA: Raquette droite déplacée de 308 à 315
2025-05-03 17:23:56,483 - INFO - IA: Raquette droite déplacée de 315 à 322
2025-05-03 17:23:56,500 - INFO - IA: Raquette droite déplacée de 322 à 329
2025-05-03 17:23:56,517 - INFO - IA: Raquette droite déplacée de 329 à 336
2025-05-03 17:23:56,534 - INFO - IA: Raquette droite déplacée de 336 à 343
2025-05-03 17:23:56,551 - INFO - IA: Raquette droite déplacée de 343 à 350
2025-05-03 17:23:56,568 - INFO - IA: Raquette droite déplacée de 350 à 357
2025-05-03 17:23:56,568 - INFO - COLLISION: Balle a rebondi sur une raquette à la position (30, 413)
2025-05-03 17:23:56,586 - INFO - INPUT: Joueur appuie sur la touche HAUT
2025-05-03 17:23:56,586 - INFO - JOUEUR: Raquette gauche déplacée de 336 à 329
2025-05-03 17:23:56,586 - INFO - IA: Raquette droite déplacée de 357 à 364
2025-05-03 17:23:56,604 - INFO - JOUEUR: Raquette gauche déplacée de 329 à 322
2025-05-03 17:23:56,604 - INFO - IA: Raquette droite déplacée de 364 à 371
2025-05-03 17:23:56,621 - INFO - JOUEUR: Raquette gauche déplacée de 322 à 315
2025-05-03 17:23:56,621 - INFO - IA: Raquette droite déplacée de 371 à 378
2025-05-03 17:23:56,638 - INFO - JOUEUR: Raquette gauche déplacée de 315 à 308
2025-05-03 17:23:56,638 - INFO - IA: Raquette droite déplacée de 378 à 385
2025-05-03 17:23:56,656 - INFO - JOUEUR: Raquette gauche déplacée de 308 à 301
2025-05-03 17:23:56,656 - INFO - IA: Raquette droite déplacée de 385 à 378
2025-05-03 17:23:56,674 - INFO - JOUEUR: Raquette gauche déplacée de 301 à 294
2025-05-03 17:23:56,675 - INFO - IA: Raquette droite déplacée de 378 à 371
2025-05-03 17:23:56,692 - INFO - JOUEUR: Raquette gauche déplacée de 294 à 287
2025-05-03 17:23:56,692 - INFO - IA: Raquette droite déplacée de 371 à 378
2025-05-03 17:23:56,709 - INFO - JOUEUR: Raquette gauche déplacée de 287 à 280
2025-05-03 17:23:56,709 - INFO - IA: Raquette droite déplacée de 378 à 385
2025-05-03 17:23:56,726 - INFO - JOUEUR: Raquette gauche déplacée de 280 à 273
2025-05-03 17:23:56,726 - INFO - IA: Raquette droite déplacée de 385 à 390
2025-05-03 17:23:56,743 - INFO - JOUEUR: Raquette gauche déplacée de 273 à 266
2025-05-03 17:23:56,762 - INFO - JOUEUR: Raquette gauche déplacée de 266 à 259
2025-05-03 17:23:56,762 - INFO - COLLISION: Balle a rebondi sur un mur à la position (107, 468)
2025-05-03 17:23:56,779 - INFO - JOUEUR: Raquette gauche déplacée de 259 à 252
2025-05-03 17:23:56,797 - INFO - JOUEUR: Raquette gauche déplacée de 252 à 245
2025-05-03 17:23:56,814 - INFO - JOUEUR: Raquette gauche déplacée de 245 à 238
2025-05-03 17:23:56,832 - INFO - JOUEUR: Raquette gauche déplacée de 238 à 231
2025-05-03 17:23:56,849 - INFO - JOUEUR: Raquette gauche déplacée de 231 à 224
2025-05-03 17:23:56,866 - INFO - JOUEUR: Raquette gauche déplacée de 224 à 217
2025-05-03 17:23:56,884 - INFO - JOUEUR: Raquette gauche déplacée de 217 à 210
2025-05-03 17:23:56,884 - INFO - IA: Raquette droite déplacée de 390 à 383
2025-05-03 17:23:56,902 - INFO - INPUT: Joueur relâche les touches directionnelles
2025-05-03 17:23:56,902 - INFO - IA: Raquette droite déplacée de 383 à 390
2025-05-03 17:23:56,920 - INFO - IA: Raquette droite déplacée de 390 à 383
2025-05-03 17:23:56,939 - INFO - IA: Raquette droite déplacée de 383 à 376
2025-05-03 17:23:56,957 - INFO - IA: Raquette droite déplacée de 376 à 383
2025-05-03 17:23:56,975 - INFO - IA: Raquette droite déplacée de 383 à 390
2025-05-03 17:23:56,992 - INFO - IA: Raquette droite déplacée de 390 à 383
2025-05-03 17:23:57,009 - INFO - IA: Raquette droite déplacée de 383 à 376
2025-05-03 17:23:57,027 - INFO - IA: Raquette droite déplacée de 376 à 369
2025-05-03 17:23:57,045 - INFO - IA: Raquette droite déplacée de 369 à 362
2025-05-03 17:23:57,063 - INFO - INPUT: Joueur appuie sur la touche HAUT
2025-05-03 17:23:57,063 - INFO - JOUEUR: Raquette gauche déplacée de 210 à 203
2025-05-03 17:23:57,063 - INFO - IA: Raquette droite déplacée de 362 à 369
2025-05-03 17:23:57,081 - INFO - JOUEUR: Raquette gauche déplacée de 203 à 196
2025-05-03 17:23:57,081 - INFO - IA: Raquette droite déplacée de 369 à 362
2025-05-03 17:23:57,098 - INFO - JOUEUR: Raquette gauche déplacée de 196 à 189
2025-05-03 17:23:57,098 - INFO - IA: Raquette droite déplacée de 362 à 355
2025-05-03 17:23:57,115 - INFO - JOUEUR: Raquette gauche déplacée de 189 à 182
2025-05-03 17:23:57,115 - INFO - IA: Raquette droite déplacée de 355 à 348
2025-05-03 17:23:57,132 - INFO - JOUEUR: Raquette gauche déplacée de 182 à 175
2025-05-03 17:23:57,132 - INFO - IA: Raquette droite déplacée de 348 à 341
2025-05-03 17:23:57,149 - INFO - JOUEUR: Raquette gauche déplacée de 175 à 168
2025-05-03 17:23:57,150 - INFO - IA: Raquette droite déplacée de 341 à 334
2025-05-03 17:23:57,167 - INFO - JOUEUR: Raquette gauche déplacée de 168 à 161
2025-05-03 17:23:57,167 - INFO - IA: Raquette droite déplacée de 334 à 327
2025-05-03 17:23:57,185 - INFO - INPUT: Joueur relâche les touches directionnelles
2025-05-03 17:23:57,186 - INFO - IA: Raquette droite déplacée de 327 à 320
2025-05-03 17:23:57,203 - INFO - IA: Raquette droite déplacée de 320 à 313
2025-05-03 17:23:57,221 - INFO - IA: Raquette droite déplacée de 313 à 306
2025-05-03 17:23:57,238 - INFO - IA: Raquette droite déplacée de 306 à 299
2025-05-03 17:23:57,255 - INFO - IA: Raquette droite déplacée de 299 à 306
2025-05-03 17:23:57,272 - INFO - IA: Raquette droite déplacée de 306 à 313
2025-05-03 17:23:57,290 - INFO - IA: Raquette droite déplacée de 313 à 306
2025-05-03 17:23:57,308 - INFO - IA: Raquette droite déplacée de 306 à 299
2025-05-03 17:23:57,327 - INFO - INPUT: Joueur appuie sur la touche HAUT
2025-05-03 17:23:57,327 - INFO - JOUEUR: Raquette gauche déplacée de 161 à 154
2025-05-03 17:23:57,327 - INFO - IA: Raquette droite déplacée de 299 à 292
2025-05-03 17:23:57,346 - INFO - JOUEUR: Raquette gauche déplacée de 154 à 147
2025-05-03 17:23:57,346 - INFO - IA: Raquette droite déplacée de 292 à 285
2025-05-03 17:23:57,363 - INFO - INPUT: Joueur relâche les touches directionnelles
2025-05-03 17:23:57,364 - INFO - IA: Raquette droite déplacée de 285 à 278
2025-05-03 17:23:57,382 - INFO - IA: Raquette droite déplacée de 278 à 271
2025-05-03 17:23:57,399 - INFO - IA: Raquette droite déplacée de 271 à 264
2025-05-03 17:23:57,416 - INFO - IA: Raquette droite déplacée de 264 à 257
2025-05-03 17:23:57,433 - INFO - IA: Raquette droite déplacée de 257 à 250
2025-05-03 17:23:57,451 - INFO - IA: Raquette droite déplacée de 250 à 243
2025-05-03 17:23:57,469 - INFO - IA: Raquette droite déplacée de 243 à 250
2025-05-03 17:23:57,486 - INFO - IA: Raquette droite déplacée de 250 à 243
2025-05-03 17:23:57,504 - INFO - IA: Raquette droite déplacée de 243 à 236
2025-05-03 17:23:57,522 - INFO - INPUT: Joueur appuie sur la touche BAS
2025-05-03 17:23:57,522 - INFO - JOUEUR: Raquette gauche déplacée de 147 à 154
2025-05-03 17:23:57,522 - INFO - IA: Raquette droite déplacée de 236 à 243
2025-05-03 17:23:57,540 - INFO - JOUEUR: Raquette gauche déplacée de 154 à 161
2025-05-03 17:23:57,540 - INFO - IA: Raquette droite déplacée de 243 à 250
2025-05-03 17:23:57,557 - INFO - JOUEUR: Raquette gauche déplacée de 161 à 168
2025-05-03 17:23:57,557 - INFO - IA: Raquette droite déplacée de 250 à 243
2025-05-03 17:23:57,574 - INFO - JOUEUR: Raquette gauche déplacée de 168 à 175
2025-05-03 17:23:57,574 - INFO - IA: Raquette droite déplacée de 243 à 236
2025-05-03 17:23:57,591 - INFO - JOUEUR: Raquette gauche déplacée de 175 à 182
2025-05-03 17:23:57,591 - INFO - IA: Raquette droite déplacée de 236 à 229
2025-05-03 17:23:57,609 - INFO - JOUEUR: Raquette gauche déplacée de 182 à 189
2025-05-03 17:23:57,609 - INFO - IA: Raquette droite déplacée de 229 à 222
2025-05-03 17:23:57,626 - INFO - JOUEUR: Raquette gauche déplacée de 189 à 196
2025-05-03 17:23:57,626 - INFO - IA: Raquette droite déplacée de 222 à 215
2025-05-03 17:23:57,644 - INFO - INPUT: Joueur relâche les touches directionnelles
2025-05-03 17:23:57,644 - INFO - IA: Raquette droite déplacée de 215 à 208
2025-05-03 17:23:57,662 - INFO - IA: Raquette droite déplacée de 208 à 201
2025-05-03 17:23:57,679 - INFO - IA: Raquette droite déplacée de 201 à 194
2025-05-03 17:23:57,697 - INFO - IA: Raquette droite déplacée de 194 à 187
2025-05-03 17:23:57,714 - INFO - IA: Raquette droite déplacée de 187 à 194
2025-05-03 17:23:57,731 - INFO - IA: Raquette droite déplacée de 194 à 187
2025-05-03 17:23:57,749 - INFO - INPUT: Joueur appuie sur la touche BAS
2025-05-03 17:23:57,749 - INFO - JOUEUR: Raquette gauche déplacée de 196 à 203
2025-05-03 17:23:57,749 - INFO - IA: Raquette droite déplacée de 187 à 180
2025-05-03 17:23:57,767 - INFO - JOUEUR: Raquette gauche déplacée de 203 à 210
2025-05-03 17:23:57,767 - INFO - IA: Raquette droite déplacée de 180 à 173
2025-05-03 17:23:57,784 - INFO - JOUEUR: Raquette gauche déplacée de 210 à 217
2025-05-03 17:23:57,785 - INFO - IA: Raquette droite déplacée de 173 à 166
2025-05-03 17:23:57,801 - INFO - JOUEUR: Raquette gauche déplacée de 217 à 224
2025-05-03 17:23:57,802 - INFO - IA: Raquette droite déplacée de 166 à 159
2025-05-03 17:23:57,819 - INFO - JOUEUR: Raquette gauche déplacée de 224 à 231
2025-05-03 17:23:57,819 - INFO - IA: Raquette droite déplacée de 159 à 152
2025-05-03 17:23:57,836 - INFO - INPUT: Joueur relâche les touches directionnelles
2025-05-03 17:23:57,836 - INFO - IA: Raquette droite déplacée de 152 à 145
2025-05-03 17:23:57,854 - INFO - IA: Raquette droite déplacée de 145 à 138
2025-05-03 17:23:57,871 - INFO - IA: Raquette droite déplacée de 138 à 131
2025-05-03 17:23:57,889 - INFO - IA: Raquette droite déplacée de 131 à 124
2025-05-03 17:23:57,889 - INFO - COLLISION: Balle a rebondi sur une raquette à la position (555, 148)
2025-05-03 17:23:57,906 - INFO - IA: Raquette droite déplacée de 124 à 117
2025-05-03 17:23:57,924 - INFO - IA: Raquette droite déplacée de 117 à 110
2025-05-03 17:23:57,942 - INFO - IA: Raquette droite déplacée de 110 à 103
2025-05-03 17:23:57,961 - INFO - IA: Raquette droite déplacée de 103 à 96
2025-05-03 17:23:57,978 - INFO - IA: Raquette droite déplacée de 96 à 103
2025-05-03 17:23:57,996 - INFO - IA: Raquette droite déplacée de 103 à 96
2025-05-03 17:23:58,013 - INFO - IA: Raquette droite déplacée de 96 à 103
2025-05-03 17:23:58,031 - INFO - INPUT: Joueur appuie sur la touche HAUT
2025-05-03 17:23:58,031 - INFO - JOUEUR: Raquette gauche déplacée de 231 à 224
2025-05-03 17:23:58,031 - INFO - IA: Raquette droite déplacée de 103 à 96
2025-05-03 17:23:58,048 - INFO - JOUEUR: Raquette gauche déplacée de 224 à 217
2025-05-03 17:23:58,048 - INFO - IA: Raquette droite déplacée de 96 à 89
2025-05-03 17:23:58,065 - INFO - JOUEUR: Raquette gauche déplacée de 217 à 210
2025-05-03 17:23:58,066 - INFO - IA: Raquette droite déplacée de 89 à 82
2025-05-03 17:23:58,083 - INFO - JOUEUR: Raquette gauche déplacée de 210 à 203
2025-05-03 17:23:58,083 - INFO - IA: Raquette droite déplacée de 82 à 89
2025-05-03 17:23:58,100 - INFO - JOUEUR: Raquette gauche déplacée de 203 à 196
2025-05-03 17:23:58,100 - INFO - IA: Raquette droite déplacée de 89 à 82
2025-05-03 17:23:58,117 - INFO - JOUEUR: Raquette gauche déplacée de 196 à 189
2025-05-03 17:23:58,117 - INFO - IA: Raquette droite déplacée de 82 à 75
2025-05-03 17:23:58,135 - INFO - JOUEUR: Raquette gauche déplacée de 189 à 182
2025-05-03 17:23:58,135 - INFO - IA: Raquette droite déplacée de 75 à 68
2025-05-03 17:23:58,152 - INFO - JOUEUR: Raquette gauche déplacée de 182 à 175
2025-05-03 17:23:58,152 - INFO - IA: Raquette droite déplacée de 68 à 61
2025-05-03 17:23:58,169 - INFO - JOUEUR: Raquette gauche déplacée de 175 à 168
2025-05-03 17:23:58,171 - INFO - IA: Raquette droite déplacée de 61 à 54
2025-05-03 17:23:58,189 - INFO - JOUEUR: Raquette gauche déplacée de 168 à 161
2025-05-03 17:23:58,190 - INFO - IA: Raquette droite déplacée de 54 à 47
2025-05-03 17:23:58,207 - INFO - JOUEUR: Raquette gauche déplacée de 161 à 154
2025-05-03 17:23:58,208 - INFO - IA: Raquette droite déplacée de 47 à 40
2025-05-03 17:23:58,225 - INFO - JOUEUR: Raquette gauche déplacée de 154 à 147
2025-05-03 17:23:58,226 - INFO - IA: Raquette droite déplacée de 40 à 47
2025-05-03 17:23:58,244 - INFO - JOUEUR: Raquette gauche déplacée de 147 à 140
2025-05-03 17:23:58,244 - INFO - IA: Raquette droite déplacée de 47 à 40
2025-05-03 17:23:58,263 - INFO - INPUT: Joueur relâche les touches directionnelles
2025-05-03 17:23:58,263 - INFO - IA: Raquette droite déplacée de 40 à 33
2025-05-03 17:23:58,280 - INFO - IA: Raquette droite déplacée de 33 à 26
2025-05-03 17:23:58,297 - INFO - IA: Raquette droite déplacée de 26 à 19
2025-05-03 17:23:58,315 - INFO - IA: Raquette droite déplacée de 19 à 12
2025-05-03 17:23:58,332 - INFO - INPUT: Joueur appuie sur la touche HAUT
2025-05-03 17:23:58,332 - INFO - JOUEUR: Raquette gauche déplacée de 140 à 133
2025-05-03 17:23:58,332 - INFO - IA: Raquette droite déplacée de 12 à 5
2025-05-03 17:23:58,350 - INFO - JOUEUR: Raquette gauche déplacée de 133 à 126
2025-05-03 17:23:58,366 - INFO - JOUEUR: Raquette gauche déplacée de 126 à 119
2025-05-03 17:23:58,367 - INFO - IA: Raquette droite déplacée de 5 à 0
2025-05-03 17:23:58,384 - INFO - JOUEUR: Raquette gauche déplacée de 119 à 112
2025-05-03 17:23:58,384 - INFO - IA: Raquette droite déplacée de 0 à 7
2025-05-03 17:23:58,401 - INFO - JOUEUR: Raquette gauche déplacée de 112 à 105
2025-05-03 17:23:58,401 - INFO - IA: Raquette droite déplacée de 7 à 0
2025-05-03 17:23:58,418 - INFO - JOUEUR: Raquette gauche déplacée de 105 à 98
2025-05-03 17:23:58,419 - INFO - COLLISION: Balle a rebondi sur un mur à la position (315, -2)
2025-05-03 17:23:58,436 - INFO - JOUEUR: Raquette gauche déplacée de 98 à 91
2025-05-03 17:23:58,453 - INFO - JOUEUR: Raquette gauche déplacée de 91 à 84
2025-05-03 17:23:58,471 - INFO - JOUEUR: Raquette gauche déplacée de 84 à 77
2025-05-03 17:23:58,488 - INFO - JOUEUR: Raquette gauche déplacée de 77 à 70
2025-05-03 17:23:58,506 - INFO - JOUEUR: Raquette gauche déplacée de 70 à 63
2025-05-03 17:23:58,524 - INFO - INPUT: Joueur relâche les touches directionnelles
2025-05-03 17:23:58,542 - INFO - IA: Raquette droite déplacée de 0 à 7
2025-05-03 17:23:58,578 - INFO - IA: Raquette droite déplacée de 7 à 14
2025-05-03 17:23:58,595 - INFO - INPUT: Joueur appuie sur la touche HAUT
2025-05-03 17:23:58,595 - INFO - JOUEUR: Raquette gauche déplacée de 63 à 56
2025-05-03 17:23:58,595 - INFO - IA: Raquette droite déplacée de 14 à 21
2025-05-03 17:23:58,613 - INFO - JOUEUR: Raquette gauche déplacée de 56 à 49
2025-05-03 17:23:58,613 - INFO - IA: Raquette droite déplacée de 21 à 14
2025-05-03 17:23:58,630 - INFO - JOUEUR: Raquette gauche déplacée de 49 à 42
2025-05-03 17:23:58,630 - INFO - IA: Raquette droite déplacée de 14 à 7
2025-05-03 17:23:58,647 - INFO - JOUEUR: Raquette gauche déplacée de 42 à 35
2025-05-03 17:23:58,647 - INFO - IA: Raquette droite déplacée de 7 à 14
2025-05-03 17:23:58,665 - INFO - JOUEUR: Raquette gauche déplacée de 35 à 28
2025-05-03 17:23:58,665 - INFO - IA: Raquette droite déplacée de 14 à 7
2025-05-03 17:23:58,683 - INFO - INPUT: Joueur relâche les touches directionnelles
2025-05-03 17:23:58,683 - INFO - IA: Raquette droite déplacée de 7 à 14
2025-05-03 17:23:58,701 - INFO - IA: Raquette droite déplacée de 14 à 21
2025-05-03 17:23:58,718 - INFO - IA: Raquette droite déplacée de 21 à 14
2025-05-03 17:23:58,736 - INFO - IA: Raquette droite déplacée de 14 à 21
2025-05-03 17:23:58,753 - INFO - IA: Raquette droite déplacée de 21 à 28
2025-05-03 17:23:58,771 - INFO - IA: Raquette droite déplacée de 28 à 35
2025-05-03 17:23:58,788 - INFO - IA: Raquette droite déplacée de 35 à 42
2025-05-03 17:23:58,806 - INFO - IA: Raquette droite déplacée de 42 à 49
2025-05-03 17:23:58,823 - INFO - IA: Raquette droite déplacée de 49 à 56
2025-05-03 17:23:58,841 - INFO - INPUT: Joueur appuie sur la touche BAS
2025-05-03 17:23:58,841 - INFO - JOUEUR: Raquette gauche déplacée de 28 à 35
2025-05-03 17:23:58,841 - INFO - IA: Raquette droite déplacée de 56 à 63
2025-05-03 17:23:58,860 - INFO - JOUEUR: Raquette gauche déplacée de 35 à 42
2025-05-03 17:23:58,860 - INFO - IA: Raquette droite déplacée de 63 à 70
2025-05-03 17:23:58,878 - INFO - JOUEUR: Raquette gauche déplacée de 42 à 49
2025-05-03 17:23:58,878 - INFO - IA: Raquette droite déplacée de 70 à 77
2025-05-03 17:23:58,896 - INFO - JOUEUR: Raquette gauche déplacée de 49 à 56
2025-05-03 17:23:58,896 - INFO - IA: Raquette droite déplacée de 77 à 84
2025-05-03 17:23:58,913 - INFO - JOUEUR: Raquette gauche déplacée de 56 à 63
2025-05-03 17:23:58,913 - INFO - IA: Raquette droite déplacée de 84 à 91
2025-05-03 17:23:58,931 - INFO - JOUEUR: Raquette gauche déplacée de 63 à 70
2025-05-03 17:23:58,931 - INFO - IA: Raquette droite déplacée de 91 à 98
2025-05-03 17:23:58,949 - INFO - JOUEUR: Raquette gauche déplacée de 70 à 77
2025-05-03 17:23:58,949 - INFO - IA: Raquette droite déplacée de 98 à 105
2025-05-03 17:23:58,967 - INFO - JOUEUR: Raquette gauche déplacée de 77 à 84
2025-05-03 17:23:58,967 - INFO - IA: Raquette droite déplacée de 105 à 98
2025-05-03 17:23:58,985 - INFO - JOUEUR: Raquette gauche déplacée de 84 à 91
2025-05-03 17:23:58,985 - INFO - IA: Raquette droite déplacée de 98 à 91
2025-05-03 17:23:59,003 - INFO - JOUEUR: Raquette gauche déplacée de 91 à 98
2025-05-03 17:23:59,003 - INFO - IA: Raquette droite déplacée de 91 à 98
2025-05-03 17:23:59,020 - INFO - JOUEUR: Raquette gauche déplacée de 98 à 105
2025-05-03 17:23:59,021 - INFO - IA: Raquette droite déplacée de 98 à 105
2025-05-03 17:23:59,039 - INFO - JOUEUR: Raquette gauche déplacée de 105 à 112
2025-05-03 17:23:59,040 - INFO - IA: Raquette droite déplacée de 105 à 112
2025-05-03 17:23:59,057 - INFO - JOUEUR: Raquette gauche déplacée de 112 à 119
2025-05-03 17:23:59,057 - INFO - IA: Raquette droite déplacée de 112 à 105
2025-05-03 17:23:59,057 - INFO - COLLISION: Balle a rebondi sur une raquette à la position (27, 178)
2025-05-03 17:23:59,074 - INFO - JOUEUR: Raquette gauche déplacée de 119 à 126
2025-05-03 17:23:59,074 - INFO - IA: Raquette droite déplacée de 105 à 112
2025-05-03 17:23:59,091 - INFO - JOUEUR: Raquette gauche déplacée de 126 à 133
2025-05-03 17:23:59,092 - INFO - IA: Raquette droite déplacée de 112 à 119
2025-05-03 17:23:59,109 - INFO - JOUEUR: Raquette gauche déplacée de 133 à 140
2025-05-03 17:23:59,109 - INFO - IA: Raquette droite déplacée de 119 à 126
2025-05-03 17:23:59,126 - INFO - JOUEUR: Raquette gauche déplacée de 140 à 147
2025-05-03 17:23:59,126 - INFO - IA: Raquette droite déplacée de 126 à 133
2025-05-03 17:23:59,143 - INFO - JOUEUR: Raquette gauche déplacée de 147 à 154
2025-05-03 17:23:59,143 - INFO - IA: Raquette droite déplacée de 133 à 140
2025-05-03 17:23:59,160 - INFO - JOUEUR: Raquette gauche déplacée de 154 à 161
2025-05-03 17:23:59,161 - INFO - IA: Raquette droite déplacée de 140 à 147
2025-05-03 17:23:59,178 - INFO - JOUEUR: Raquette gauche déplacée de 161 à 168
2025-05-03 17:23:59,178 - INFO - IA: Raquette droite déplacée de 147 à 154
2025-05-03 17:23:59,195 - INFO - JOUEUR: Raquette gauche déplacée de 168 à 175
2025-05-03 17:23:59,195 - INFO - IA: Raquette droite déplacée de 154 à 161
2025-05-03 17:23:59,212 - INFO - JOUEUR: Raquette gauche déplacée de 175 à 182
2025-05-03 17:23:59,212 - INFO - IA: Raquette droite déplacée de 161 à 168
2025-05-03 17:23:59,230 - INFO - JOUEUR: Raquette gauche déplacée de 182 à 189
2025-05-03 17:23:59,231 - INFO - IA: Raquette droite déplacée de 168 à 161
2025-05-03 17:23:59,248 - INFO - JOUEUR: Raquette gauche déplacée de 189 à 196
2025-05-03 17:23:59,248 - INFO - IA: Raquette droite déplacée de 161 à 168
2025-05-03 17:23:59,266 - INFO - JOUEUR: Raquette gauche déplacée de 196 à 203
2025-05-03 17:23:59,266 - INFO - IA: Raquette droite déplacée de 168 à 175
2025-05-03 17:23:59,284 - INFO - JOUEUR: Raquette gauche déplacée de 203 à 210
2025-05-03 17:23:59,284 - INFO - IA: Raquette droite déplacée de 175 à 182
2025-05-03 17:23:59,301 - INFO - JOUEUR: Raquette gauche déplacée de 210 à 217
2025-05-03 17:23:59,301 - INFO - IA: Raquette droite déplacée de 182 à 189
2025-05-03 17:23:59,318 - INFO - JOUEUR: Raquette gauche déplacée de 217 à 224
2025-05-03 17:23:59,318 - INFO - IA: Raquette droite déplacée de 189 à 196
2025-05-03 17:23:59,336 - INFO - JOUEUR: Raquette gauche déplacée de 224 à 231
2025-05-03 17:23:59,336 - INFO - IA: Raquette droite déplacée de 196 à 203
2025-05-03 17:23:59,353 - INFO - JOUEUR: Raquette gauche déplacée de 231 à 238
2025-05-03 17:23:59,353 - INFO - IA: Raquette droite déplacée de 203 à 210
2025-05-03 17:23:59,370 - INFO - JOUEUR: Raquette gauche déplacée de 238 à 245
2025-05-03 17:23:59,370 - INFO - IA: Raquette droite déplacée de 210 à 217
2025-05-03 17:23:59,387 - INFO - JOUEUR: Raquette gauche déplacée de 245 à 252
2025-05-03 17:23:59,387 - INFO - IA: Raquette droite déplacée de 217 à 210
2025-05-03 17:23:59,405 - INFO - JOUEUR: Raquette gauche déplacée de 252 à 259
2025-05-03 17:23:59,405 - INFO - IA: Raquette droite déplacée de 210 à 217
2025-05-03 17:23:59,423 - INFO - JOUEUR: Raquette gauche déplacée de 259 à 266
2025-05-03 17:23:59,423 - INFO - IA: Raquette droite déplacée de 217 à 224
2025-05-03 17:23:59,441 - INFO - JOUEUR: Raquette gauche déplacée de 266 à 273
2025-05-03 17:23:59,441 - INFO - IA: Raquette droite déplacée de 224 à 231
2025-05-03 17:23:59,460 - INFO - JOUEUR: Raquette gauche déplacée de 273 à 280
2025-05-03 17:23:59,460 - INFO - IA: Raquette droite déplacée de 231 à 238
2025-05-03 17:23:59,478 - INFO - INPUT: Joueur relâche les touches directionnelles
2025-05-03 17:23:59,478 - INFO - IA: Raquette droite déplacée de 238 à 245
2025-05-03 17:23:59,496 - INFO - IA: Raquette droite déplacée de 245 à 252
2025-05-03 17:23:59,513 - INFO - IA: Raquette droite déplacée de 252 à 259
2025-05-03 17:23:59,531 - INFO - IA: Raquette droite déplacée de 259 à 266
2025-05-03 17:23:59,549 - INFO - INPUT: Joueur appuie sur la touche BAS
2025-05-03 17:23:59,549 - INFO - JOUEUR: Raquette gauche déplacée de 280 à 287
2025-05-03 17:23:59,549 - INFO - IA: Raquette droite déplacée de 266 à 259
2025-05-03 17:23:59,566 - INFO - JOUEUR: Raquette gauche déplacée de 287 à 294
2025-05-03 17:23:59,567 - INFO - IA: Raquette droite déplacée de 259 à 266
2025-05-03 17:23:59,584 - INFO - JOUEUR: Raquette gauche déplacée de 294 à 301
2025-05-03 17:23:59,584 - INFO - IA: Raquette droite déplacée de 266 à 273
2025-05-03 17:23:59,601 - INFO - JOUEUR: Raquette gauche déplacée de 301 à 308
2025-05-03 17:23:59,601 - INFO - IA: Raquette droite déplacée de 273 à 280
2025-05-03 17:23:59,618 - INFO - JOUEUR: Raquette gauche déplacée de 308 à 315
2025-05-03 17:23:59,618 - INFO - IA: Raquette droite déplacée de 280 à 287
2025-05-03 17:23:59,636 - INFO - JOUEUR: Raquette gauche déplacée de 315 à 322
2025-05-03 17:23:59,636 - INFO - IA: Raquette droite déplacée de 287 à 294
2025-05-03 17:23:59,653 - INFO - JOUEUR: Raquette gauche déplacée de 322 à 329
2025-05-03 17:23:59,653 - INFO - IA: Raquette droite déplacée de 294 à 301
2025-05-03 17:23:59,670 - INFO - JOUEUR: Raquette gauche déplacée de 329 à 336
2025-05-03 17:23:59,670 - INFO - IA: Raquette droite déplacée de 301 à 294
2025-05-03 17:23:59,688 - INFO - JOUEUR: Raquette gauche déplacée de 336 à 343
2025-05-03 17:23:59,688 - INFO - IA: Raquette droite déplacée de 294 à 301
2025-05-03 17:23:59,706 - INFO - INPUT: Joueur relâche les touches directionnelles
2025-05-03 17:23:59,707 - INFO - IA: Raquette droite déplacée de 301 à 308
2025-05-03 17:23:59,724 - INFO - IA: Raquette droite déplacée de 308 à 301
2025-05-03 17:23:59,741 - INFO - IA: Raquette droite déplacée de 301 à 308
2025-05-03 17:23:59,758 - INFO - IA: Raquette droite déplacée de 308 à 315
2025-05-03 17:23:59,775 - INFO - IA: Raquette droite déplacée de 315 à 322
2025-05-03 17:23:59,793 - INFO - IA: Raquette droite déplacée de 322 à 329
2025-05-03 17:23:59,811 - INFO - IA: Raquette droite déplacée de 329 à 322
2025-05-03 17:23:59,829 - INFO - IA: Raquette droite déplacée de 322 à 329
2025-05-03 17:23:59,847 - INFO - INPUT: Joueur appuie sur la touche HAUT
2025-05-03 17:23:59,847 - INFO - JOUEUR: Raquette gauche déplacée de 343 à 336
2025-05-03 17:23:59,847 - INFO - IA: Raquette droite déplacée de 329 à 336
2025-05-03 17:23:59,865 - INFO - JOUEUR: Raquette gauche déplacée de 336 à 329
2025-05-03 17:23:59,865 - INFO - IA: Raquette droite déplacée de 336 à 343
2025-05-03 17:23:59,882 - INFO - JOUEUR: Raquette gauche déplacée de 329 à 322
2025-05-03 17:23:59,882 - INFO - IA: Raquette droite déplacée de 343 à 350
2025-05-03 17:23:59,899 - INFO - JOUEUR: Raquette gauche déplacée de 322 à 315
2025-05-03 17:23:59,899 - INFO - IA: Raquette droite déplacée de 350 à 357
2025-05-03 17:23:59,917 - INFO - JOUEUR: Raquette gauche déplacée de 315 à 308
2025-05-03 17:23:59,917 - INFO - IA: Raquette droite déplacée de 357 à 364
2025-05-03 17:23:59,934 - INFO - JOUEUR: Raquette gauche déplacée de 308 à 301
2025-05-03 17:23:59,934 - INFO - IA: Raquette droite déplacée de 364 à 371
2025-05-03 17:23:59,951 - INFO - JOUEUR: Raquette gauche déplacée de 301 à 294
2025-05-03 17:23:59,951 - INFO - IA: Raquette droite déplacée de 371 à 364
2025-05-03 17:23:59,968 - INFO - JOUEUR: Raquette gauche déplacée de 294 à 287
2025-05-03 17:23:59,968 - INFO - IA: Raquette droite déplacée de 364 à 371
2025-05-03 17:23:59,985 - INFO - JOUEUR: Raquette gauche déplacée de 287 à 280
2025-05-03 17:23:59,985 - INFO - IA: Raquette droite déplacée de 371 à 378
2025-05-03 17:24:00,002 - INFO - JOUEUR: Raquette gauche déplacée de 280 à 273
2025-05-03 17:24:00,002 - INFO - IA: Raquette droite déplacée de 378 à 385
2025-05-03 17:24:00,019 - INFO - JOUEUR: Raquette gauche déplacée de 273 à 266
2025-05-03 17:24:00,019 - INFO - IA: Raquette droite déplacée de 385 à 390
2025-05-03 17:24:00,036 - INFO - JOUEUR: Raquette gauche déplacée de 266 à 259
2025-05-03 17:24:00,054 - INFO - JOUEUR: Raquette gauche déplacée de 259 à 252
2025-05-03 17:24:00,072 - INFO - JOUEUR: Raquette gauche déplacée de 252 à 245
2025-05-03 17:24:00,072 - INFO - COLLISION: Balle a rebondi sur un mur à la position (549, 468)
2025-05-03 17:24:00,089 - INFO - JOUEUR: Raquette gauche déplacée de 245 à 238
2025-05-03 17:24:00,089 - INFO - COLLISION: Balle a rebondi sur une raquette à la position (558, 463)
2025-05-03 17:24:00,106 - INFO - JOUEUR: Raquette gauche déplacée de 238 à 231
2025-05-03 17:24:00,124 - INFO - JOUEUR: Raquette gauche déplacée de 231 à 224
2025-05-03 17:24:00,141 - INFO - JOUEUR: Raquette gauche déplacée de 224 à 217
2025-05-03 17:24:00,141 - INFO - IA: Raquette droite déplacée de 390 à 383
2025-05-03 17:24:00,159 - INFO - JOUEUR: Raquette gauche déplacée de 217 à 210
2025-05-03 17:24:00,159 - INFO - IA: Raquette droite déplacée de 383 à 376
2025-05-03 17:24:00,177 - INFO - JOUEUR: Raquette gauche déplacée de 210 à 203
2025-05-03 17:24:00,177 - INFO - IA: Raquette droite déplacée de 376 à 383
2025-05-03 17:24:00,195 - INFO - JOUEUR: Raquette gauche déplacée de 203 à 196
2025-05-03 17:24:00,195 - INFO - IA: Raquette droite déplacée de 383 à 390
2025-05-03 17:24:00,212 - INFO - JOUEUR: Raquette gauche déplacée de 196 à 189
2025-05-03 17:24:00,229 - INFO - JOUEUR: Raquette gauche déplacée de 189 à 182
2025-05-03 17:24:00,245 - INFO - JOUEUR: Raquette gauche déplacée de 182 à 175
2025-05-03 17:24:00,246 - INFO - IA: Raquette droite déplacée de 390 à 383
2025-05-03 17:24:00,262 - INFO - JOUEUR: Raquette gauche déplacée de 175 à 168
2025-05-03 17:24:00,262 - INFO - IA: Raquette droite déplacée de 383 à 390
2025-05-03 17:24:00,279 - INFO - JOUEUR: Raquette gauche déplacée de 168 à 161
2025-05-03 17:24:00,279 - INFO - IA: Raquette droite déplacée de 390 à 383
2025-05-03 17:24:00,297 - INFO - INPUT: Joueur relâche les touches directionnelles
2025-05-03 17:24:00,297 - INFO - IA: Raquette droite déplacée de 383 à 376
2025-05-03 17:24:00,315 - INFO - IA: Raquette droite déplacée de 376 à 383
2025-05-03 17:24:00,332 - INFO - IA: Raquette droite déplacée de 383 à 376
2025-05-03 17:24:00,350 - INFO - IA: Raquette droite déplacée de 376 à 369
2025-05-03 17:24:00,368 - INFO - IA: Raquette droite déplacée de 369 à 362
2025-05-03 17:24:00,385 - INFO - IA: Raquette droite déplacée de 362 à 355
2025-05-03 17:24:00,403 - INFO - IA: Raquette droite déplacée de 355 à 362
2025-05-03 17:24:00,420 - INFO - IA: Raquette droite déplacée de 362 à 355
2025-05-03 17:24:00,437 - INFO - IA: Raquette droite déplacée de 355 à 348
2025-05-03 17:24:00,454 - INFO - IA: Raquette droite déplacée de 348 à 355
2025-05-03 17:24:00,471 - INFO - IA: Raquette droite déplacée de 355 à 348
2025-05-03 17:24:00,488 - INFO - IA: Raquette droite déplacée de 348 à 341
2025-05-03 17:24:00,505 - INFO - IA: Raquette droite déplacée de 341 à 334
2025-05-03 17:24:00,522 - INFO - IA: Raquette droite déplacée de 334 à 327
2025-05-03 17:24:00,539 - INFO - IA: Raquette droite déplacée de 327 à 320
2025-05-03 17:24:00,557 - INFO - IA: Raquette droite déplacée de 320 à 313
2025-05-03 17:24:00,574 - INFO - IA: Raquette droite déplacée de 313 à 306
2025-05-03 17:24:00,592 - INFO - IA: Raquette droite déplacée de 306 à 299
2025-05-03 17:24:00,610 - INFO - INPUT: Joueur appuie sur la touche BAS
2025-05-03 17:24:00,610 - INFO - JOUEUR: Raquette gauche déplacée de 161 à 168
2025-05-03 17:24:00,610 - INFO - IA: Raquette droite déplacée de 299 à 292
2025-05-03 17:24:00,628 - INFO - JOUEUR: Raquette gauche déplacée de 168 à 175
2025-05-03 17:24:00,628 - INFO - IA: Raquette droite déplacée de 292 à 285
2025-05-03 17:24:00,644 - INFO - JOUEUR: Raquette gauche déplacée de 175 à 182
2025-05-03 17:24:00,645 - INFO - IA: Raquette droite déplacée de 285 à 278
2025-05-03 17:24:00,662 - INFO - JOUEUR: Raquette gauche déplacée de 182 à 189
2025-05-03 17:24:00,662 - INFO - IA: Raquette droite déplacée de 278 à 271
2025-05-03 17:24:00,679 - INFO - JOUEUR: Raquette gauche déplacée de 189 à 196
2025-05-03 17:24:00,679 - INFO - IA: Raquette droite déplacée de 271 à 264
2025-05-03 17:24:00,696 - INFO - JOUEUR: Raquette gauche déplacée de 196 à 203
2025-05-03 17:24:00,696 - INFO - IA: Raquette droite déplacée de 264 à 257
2025-05-03 17:24:00,713 - INFO - JOUEUR: Raquette gauche déplacée de 203 à 210
2025-05-03 17:24:00,714 - INFO - IA: Raquette droite déplacée de 257 à 250
2025-05-03 17:24:00,731 - INFO - INPUT: Joueur relâche les touches directionnelles
2025-05-03 17:24:00,731 - INFO - IA: Raquette droite déplacée de 250 à 243
2025-05-03 17:24:00,749 - INFO - IA: Raquette droite déplacée de 243 à 250
2025-05-03 17:24:00,767 - INFO - IA: Raquette droite déplacée de 250 à 257
2025-05-03 17:24:00,784 - INFO - IA: Raquette droite déplacée de 257 à 250
2025-05-03 17:24:00,802 - INFO - IA: Raquette droite déplacée de 250 à 243
2025-05-03 17:24:00,819 - INFO - IA: Raquette droite déplacée de 243 à 236
2025-05-03 17:24:00,836 - INFO - IA: Raquette droite déplacée de 236 à 229
2025-05-03 17:24:00,854 - INFO - IA: Raquette droite déplacée de 229 à 222
2025-05-03 17:24:00,871 - INFO - IA: Raquette droite déplacée de 222 à 215
2025-05-03 17:24:00,890 - INFO - IA: Raquette droite déplacée de 215 à 222
2025-05-03 17:24:00,908 - INFO - INPUT: Joueur appuie sur la touche HAUT
2025-05-03 17:24:00,908 - INFO - JOUEUR: Raquette gauche déplacée de 210 à 203
2025-05-03 17:24:00,908 - INFO - IA: Raquette droite déplacée de 222 à 229
2025-05-03 17:24:00,926 - INFO - JOUEUR: Raquette gauche déplacée de 203 à 196
2025-05-03 17:24:00,926 - INFO - IA: Raquette droite déplacée de 229 à 222
2025-05-03 17:24:00,943 - INFO - JOUEUR: Raquette gauche déplacée de 196 à 189
2025-05-03 17:24:00,943 - INFO - IA: Raquette droite déplacée de 222 à 215
2025-05-03 17:24:00,960 - INFO - JOUEUR: Raquette gauche déplacée de 189 à 182
2025-05-03 17:24:00,961 - INFO - IA: Raquette droite déplacée de 215 à 208
2025-05-03 17:24:00,978 - INFO - JOUEUR: Raquette gauche déplacée de 182 à 175
2025-05-03 17:24:00,978 - INFO - IA: Raquette droite déplacée de 208 à 201
2025-05-03 17:24:00,996 - INFO - JOUEUR: Raquette gauche déplacée de 175 à 168
2025-05-03 17:24:00,996 - INFO - IA: Raquette droite déplacée de 201 à 194
2025-05-03 17:24:01,013 - INFO - JOUEUR: Raquette gauche déplacée de 168 à 161
2025-05-03 17:24:01,013 - INFO - IA: Raquette droite déplacée de 194 à 187
2025-05-03 17:24:01,013 - INFO - COLLISION: Balle a rebondi sur une raquette à la position (28, 198)
2025-05-03 17:24:01,032 - INFO - JOUEUR: Raquette gauche déplacée de 161 à 154
2025-05-03 17:24:01,032 - INFO - IA: Raquette droite déplacée de 187 à 180
2025-05-03 17:24:01,049 - INFO - JOUEUR: Raquette gauche déplacée de 154 à 147
2025-05-03 17:24:01,049 - INFO - IA: Raquette droite déplacée de 180 à 173
2025-05-03 17:24:01,066 - INFO - JOUEUR: Raquette gauche déplacée de 147 à 140
2025-05-03 17:24:01,066 - INFO - IA: Raquette droite déplacée de 173 à 166
2025-05-03 17:24:01,083 - INFO - JOUEUR: Raquette gauche déplacée de 140 à 133
2025-05-03 17:24:01,083 - INFO - IA: Raquette droite déplacée de 166 à 159
2025-05-03 17:24:01,100 - INFO - JOUEUR: Raquette gauche déplacée de 133 à 126
2025-05-03 17:24:01,101 - INFO - IA: Raquette droite déplacée de 159 à 152
2025-05-03 17:24:01,120 - INFO - INPUT: Joueur relâche les touches directionnelles
2025-05-03 17:24:01,120 - INFO - IA: Raquette droite déplacée de 152 à 159
2025-05-03 17:24:01,137 - INFO - IA: Raquette droite déplacée de 159 à 152
2025-05-03 17:24:01,155 - INFO - IA: Raquette droite déplacée de 152 à 145
2025-05-03 17:24:01,172 - INFO - IA: Raquette droite déplacée de 145 à 138
2025-05-03 17:24:01,189 - INFO - IA: Raquette droite déplacée de 138 à 131
2025-05-03 17:24:01,207 - INFO - IA: Raquette droite déplacée de 131 à 138
2025-05-03 17:24:01,224 - INFO - IA: Raquette droite déplacée de 138 à 131
2025-05-03 17:24:01,241 - INFO - IA: Raquette droite déplacée de 131 à 124
2025-05-03 17:24:01,259 - INFO - IA: Raquette droite déplacée de 124 à 117
2025-05-03 17:24:01,276 - INFO - IA: Raquette droite déplacée de 117 à 110
2025-05-03 17:24:01,293 - INFO - IA: Raquette droite déplacée de 110 à 103
2025-05-03 17:24:01,310 - INFO - IA: Raquette droite déplacée de 103 à 96
2025-05-03 17:24:01,327 - INFO - IA: Raquette droite déplacée de 96 à 89
2025-05-03 17:24:01,345 - INFO - INPUT: Joueur appuie sur la touche BAS
2025-05-03 17:24:01,345 - INFO - JOUEUR: Raquette gauche déplacée de 126 à 133
2025-05-03 17:24:01,345 - INFO - IA: Raquette droite déplacée de 89 à 82
2025-05-03 17:24:01,362 - INFO - JOUEUR: Raquette gauche déplacée de 133 à 140
2025-05-03 17:24:01,363 - INFO - IA: Raquette droite déplacée de 82 à 75
2025-05-03 17:24:01,380 - INFO - JOUEUR: Raquette gauche déplacée de 140 à 147
2025-05-03 17:24:01,380 - INFO - IA: Raquette droite déplacée de 75 à 68
2025-05-03 17:24:01,398 - INFO - JOUEUR: Raquette gauche déplacée de 147 à 154
2025-05-03 17:24:01,398 - INFO - IA: Raquette droite déplacée de 68 à 61
2025-05-03 17:24:01,415 - INFO - JOUEUR: Raquette gauche déplacée de 154 à 161
2025-05-03 17:24:01,415 - INFO - IA: Raquette droite déplacée de 61 à 54
2025-05-03 17:24:01,432 - INFO - JOUEUR: Raquette gauche déplacée de 161 à 168
2025-05-03 17:24:01,432 - INFO - IA: Raquette droite déplacée de 54 à 47
2025-05-03 17:24:01,449 - INFO - JOUEUR: Raquette gauche déplacée de 168 à 175
2025-05-03 17:24:01,449 - INFO - IA: Raquette droite déplacée de 47 à 54
2025-05-03 17:24:01,466 - INFO - JOUEUR: Raquette gauche déplacée de 175 à 182
2025-05-03 17:24:01,466 - INFO - IA: Raquette droite déplacée de 54 à 47
2025-05-03 17:24:01,483 - INFO - JOUEUR: Raquette gauche déplacée de 182 à 189
2025-05-03 17:24:01,483 - INFO - IA: Raquette droite déplacée de 47 à 40
2025-05-03 17:24:01,500 - INFO - JOUEUR: Raquette gauche déplacée de 189 à 196
2025-05-03 17:24:01,500 - INFO - IA: Raquette droite déplacée de 40 à 33
2025-05-03 17:24:01,518 - INFO - JOUEUR: Raquette gauche déplacée de 196 à 203
2025-05-03 17:24:01,518 - INFO - IA: Raquette droite déplacée de 33 à 26
2025-05-03 17:24:01,535 - INFO - JOUEUR: Raquette gauche déplacée de 203 à 210
2025-05-03 17:24:01,535 - INFO - IA: Raquette droite déplacée de 26 à 33
2025-05-03 17:24:01,552 - INFO - JOUEUR: Raquette gauche déplacée de 210 à 217
2025-05-03 17:24:01,553 - INFO - IA: Raquette droite déplacée de 33 à 26
2025-05-03 17:24:01,570 - INFO - JOUEUR: Raquette gauche déplacée de 217 à 224
2025-05-03 17:24:01,570 - INFO - IA: Raquette droite déplacée de 26 à 19
2025-05-03 17:24:01,588 - INFO - JOUEUR: Raquette gauche déplacée de 224 à 231
2025-05-03 17:24:01,588 - INFO - IA: Raquette droite déplacée de 19 à 12
2025-05-03 17:24:01,605 - INFO - JOUEUR: Raquette gauche déplacée de 231 à 238
2025-05-03 17:24:01,605 - INFO - IA: Raquette droite déplacée de 12 à 5
2025-05-03 17:24:01,623 - INFO - JOUEUR: Raquette gauche déplacée de 238 à 245
2025-05-03 17:24:01,623 - INFO - IA: Raquette droite déplacée de 5 à 0
2025-05-03 17:24:01,640 - INFO - JOUEUR: Raquette gauche déplacée de 245 à 252
2025-05-03 17:24:01,659 - INFO - INPUT: Joueur relâche les touches directionnelles
2025-05-03 17:24:01,710 - INFO - COLLISION: Balle a rebondi sur un mur à la position (468, -2)
2025-05-03 17:24:01,797 - INFO - INPUT: Joueur appuie sur la touche HAUT
2025-05-03 17:24:01,797 - INFO - JOUEUR: Raquette gauche déplacée de 252 à 245
2025-05-03 17:24:01,814 - INFO - JOUEUR: Raquette gauche déplacée de 245 à 238
2025-05-03 17:24:01,831 - INFO - JOUEUR: Raquette gauche déplacée de 238 à 231
2025-05-03 17:24:01,849 - INFO - JOUEUR: Raquette gauche déplacée de 231 à 224
2025-05-03 17:24:01,849 - INFO - IA: Raquette droite déplacée de 0 à 7
2025-05-03 17:24:01,849 - INFO - COLLISION: Balle a rebondi sur une raquette à la position (556, 38)
2025-05-03 17:24:01,867 - INFO - JOUEUR: Raquette gauche déplacée de 224 à 217
2025-05-03 17:24:01,867 - INFO - IA: Raquette droite déplacée de 7 à 0
2025-05-03 17:24:01,885 - INFO - JOUEUR: Raquette gauche déplacée de 217 à 210
2025-05-03 17:24:01,903 - INFO - JOUEUR: Raquette gauche déplacée de 210 à 203
2025-05-03 17:24:01,903 - INFO - IA: Raquette droite déplacée de 0 à 7
2025-05-03 17:24:01,921 - INFO - JOUEUR: Raquette gauche déplacée de 203 à 196
2025-05-03 17:24:01,921 - INFO - IA: Raquette droite déplacée de 7 à 14
2025-05-03 17:24:01,939 - INFO - JOUEUR: Raquette gauche déplacée de 196 à 189
2025-05-03 17:24:01,939 - INFO - IA: Raquette droite déplacée de 14 à 7
2025-05-03 17:24:01,957 - INFO - JOUEUR: Raquette gauche déplacée de 189 à 182
2025-05-03 17:24:01,958 - INFO - IA: Raquette droite déplacée de 7 à 14
2025-05-03 17:24:01,975 - INFO - JOUEUR: Raquette gauche déplacée de 182 à 175
2025-05-03 17:24:01,976 - INFO - IA: Raquette droite déplacée de 14 à 21
2025-05-03 17:24:01,992 - INFO - JOUEUR: Raquette gauche déplacée de 175 à 168
2025-05-03 17:24:01,993 - INFO - IA: Raquette droite déplacée de 21 à 14
2025-05-03 17:24:02,009 - INFO - JOUEUR: Raquette gauche déplacée de 168 à 161
2025-05-03 17:24:02,009 - INFO - IA: Raquette droite déplacée de 14 à 21
2025-05-03 17:24:02,027 - INFO - JOUEUR: Raquette gauche déplacée de 161 à 154
2025-05-03 17:24:02,027 - INFO - IA: Raquette droite déplacée de 21 à 28
2025-05-03 17:24:02,045 - INFO - JOUEUR: Raquette gauche déplacée de 154 à 147
2025-05-03 17:24:02,045 - INFO - IA: Raquette droite déplacée de 28 à 35
2025-05-03 17:24:02,062 - INFO - JOUEUR: Raquette gauche déplacée de 147 à 140
2025-05-03 17:24:02,062 - INFO - IA: Raquette droite déplacée de 35 à 28
2025-05-03 17:24:02,079 - INFO - JOUEUR: Raquette gauche déplacée de 140 à 133
2025-05-03 17:24:02,079 - INFO - IA: Raquette droite déplacée de 28 à 35
2025-05-03 17:24:02,096 - INFO - JOUEUR: Raquette gauche déplacée de 133 à 126
2025-05-03 17:24:02,097 - INFO - IA: Raquette droite déplacée de 35 à 42
2025-05-03 17:24:02,114 - INFO - JOUEUR: Raquette gauche déplacée de 126 à 119
2025-05-03 17:24:02,114 - INFO - IA: Raquette droite déplacée de 42 à 49
2025-05-03 17:24:02,132 - INFO - INPUT: Joueur relâche les touches directionnelles
2025-05-03 17:24:02,132 - INFO - IA: Raquette droite déplacée de 49 à 56
2025-05-03 17:24:02,150 - INFO - IA: Raquette droite déplacée de 56 à 63
2025-05-03 17:24:02,168 - INFO - IA: Raquette droite déplacée de 63 à 70
2025-05-03 17:24:02,186 - INFO - IA: Raquette droite déplacée de 70 à 77
2025-05-03 17:24:02,202 - INFO - IA: Raquette droite déplacée de 77 à 70
2025-05-03 17:24:02,220 - INFO - INPUT: Joueur appuie sur la touche HAUT
2025-05-03 17:24:02,220 - INFO - JOUEUR: Raquette gauche déplacée de 119 à 112
2025-05-03 17:24:02,220 - INFO - IA: Raquette droite déplacée de 70 à 77
2025-05-03 17:24:02,237 - INFO - JOUEUR: Raquette gauche déplacée de 112 à 105
2025-05-03 17:24:02,237 - INFO - IA: Raquette droite déplacée de 77 à 84
2025-05-03 17:24:02,254 - INFO - JOUEUR: Raquette gauche déplacée de 105 à 98
2025-05-03 17:24:02,254 - INFO - IA: Raquette droite déplacée de 84 à 91
2025-05-03 17:24:02,271 - INFO - JOUEUR: Raquette gauche déplacée de 98 à 91
2025-05-03 17:24:02,271 - INFO - IA: Raquette droite déplacée de 91 à 98
2025-05-03 17:24:02,289 - INFO - INPUT: Joueur relâche les touches directionnelles
2025-05-03 17:24:02,289 - INFO - IA: Raquette droite déplacée de 98 à 105
2025-05-03 17:24:02,307 - INFO - IA: Raquette droite déplacée de 105 à 112
2025-05-03 17:24:02,324 - INFO - IA: Raquette droite déplacée de 112 à 119
2025-05-03 17:24:02,341 - INFO - IA: Raquette droite déplacée de 119 à 126
2025-05-03 17:24:02,359 - INFO - IA: Raquette droite déplacée de 126 à 133
2025-05-03 17:24:02,376 - INFO - IA: Raquette droite déplacée de 133 à 140
2025-05-03 17:24:02,393 - INFO - IA: Raquette droite déplacée de 140 à 133
2025-05-03 17:24:02,411 - INFO - IA: Raquette droite déplacée de 133 à 140
2025-05-03 17:24:02,428 - INFO - IA: Raquette droite déplacée de 140 à 133
2025-05-03 17:24:02,447 - INFO - INPUT: Joueur appuie sur la touche BAS
2025-05-03 17:24:02,447 - INFO - JOUEUR: Raquette gauche déplacée de 91 à 98
2025-05-03 17:24:02,447 - INFO - IA: Raquette droite déplacée de 133 à 140
2025-05-03 17:24:02,465 - INFO - JOUEUR: Raquette gauche déplacée de 98 à 105
2025-05-03 17:24:02,465 - INFO - IA: Raquette droite déplacée de 140 à 147
2025-05-03 17:24:02,482 - INFO - JOUEUR: Raquette gauche déplacée de 105 à 112
2025-05-03 17:24:02,482 - INFO - IA: Raquette droite déplacée de 147 à 154
2025-05-03 17:24:02,499 - INFO - JOUEUR: Raquette gauche déplacée de 112 à 119
2025-05-03 17:24:02,499 - INFO - IA: Raquette droite déplacée de 154 à 147
2025-05-03 17:24:02,516 - INFO - JOUEUR: Raquette gauche déplacée de 119 à 126
2025-05-03 17:24:02,516 - INFO - IA: Raquette droite déplacée de 147 à 154
2025-05-03 17:24:02,534 - INFO - JOUEUR: Raquette gauche déplacée de 126 à 133
2025-05-03 17:24:02,534 - INFO - IA: Raquette droite déplacée de 154 à 161
2025-05-03 17:24:02,551 - INFO - JOUEUR: Raquette gauche déplacée de 133 à 140
2025-05-03 17:24:02,551 - INFO - IA: Raquette droite déplacée de 161 à 168
2025-05-03 17:24:02,568 - INFO - JOUEUR: Raquette gauche déplacée de 140 à 147
2025-05-03 17:24:02,568 - INFO - IA: Raquette droite déplacée de 168 à 175
2025-05-03 17:24:02,586 - INFO - JOUEUR: Raquette gauche déplacée de 147 à 154
2025-05-03 17:24:02,586 - INFO - IA: Raquette droite déplacée de 175 à 182
2025-05-03 17:24:02,603 - INFO - JOUEUR: Raquette gauche déplacée de 154 à 161
2025-05-03 17:24:02,603 - INFO - IA: Raquette droite déplacée de 182 à 189
2025-05-03 17:24:02,620 - INFO - JOUEUR: Raquette gauche déplacée de 161 à 168
2025-05-03 17:24:02,620 - INFO - IA: Raquette droite déplacée de 189 à 196
2025-05-03 17:24:02,637 - INFO - JOUEUR: Raquette gauche déplacée de 168 à 175
2025-05-03 17:24:02,637 - INFO - IA: Raquette droite déplacée de 196 à 203
2025-05-03 17:24:02,637 - INFO - COLLISION: Balle a rebondi sur une raquette à la position (16, 263)
2025-05-03 17:24:02,655 - INFO - JOUEUR: Raquette gauche déplacée de 175 à 182
2025-05-03 17:24:02,655 - INFO - IA: Raquette droite déplacée de 203 à 196
2025-05-03 17:24:02,655 - INFO - COLLISION: Balle a rebondi sur une raquette à la position (29, 268)
2025-05-03 17:24:02,673 - INFO - JOUEUR: Raquette gauche déplacée de 182 à 189
2025-05-03 17:24:02,673 - INFO - IA: Raquette droite déplacée de 196 à 203
2025-05-03 17:24:02,673 - INFO - COLLISION: Balle a rebondi sur une raquette à la position (15, 273)
2025-05-03 17:24:02,690 - INFO - JOUEUR: Raquette gauche déplacée de 189 à 196
2025-05-03 17:24:02,690 - INFO - IA: Raquette droite déplacée de 203 à 210
2025-05-03 17:24:02,691 - INFO - COLLISION: Balle a rebondi sur une raquette à la position (30, 278)
2025-05-03 17:24:02,708 - INFO - JOUEUR: Raquette gauche déplacée de 196 à 203
2025-05-03 17:24:02,708 - INFO - IA: Raquette droite déplacée de 210 à 217
2025-05-03 17:24:02,708 - INFO - COLLISION: Balle a rebondi sur une raquette à la position (15, 283)
2025-05-03 17:24:02,726 - INFO - JOUEUR: Raquette gauche déplacée de 203 à 210
2025-05-03 17:24:02,726 - INFO - IA: Raquette droite déplacée de 217 à 224
2025-05-03 17:24:02,726 - INFO - COLLISION: Balle a rebondi sur une raquette à la position (30, 288)
2025-05-03 17:24:02,744 - INFO - JOUEUR: Raquette gauche déplacée de 210 à 217
2025-05-03 17:24:02,744 - INFO - IA: Raquette droite déplacée de 224 à 231
2025-05-03 17:24:02,744 - INFO - COLLISION: Balle a rebondi sur une raquette à la position (15, 293)
2025-05-03 17:24:02,762 - INFO - JOUEUR: Raquette gauche déplacée de 217 à 224
2025-05-03 17:24:02,762 - INFO - IA: Raquette droite déplacée de 231 à 238
2025-05-03 17:24:02,762 - INFO - COLLISION: Balle a rebondi sur une raquette à la position (30, 298)
2025-05-03 17:24:02,779 - INFO - JOUEUR: Raquette gauche déplacée de 224 à 231
2025-05-03 17:24:02,779 - INFO - IA: Raquette droite déplacée de 238 à 245
2025-05-03 17:24:02,779 - INFO - COLLISION: Balle a rebondi sur une raquette à la position (15, 303)
2025-05-03 17:24:02,797 - INFO - JOUEUR: Raquette gauche déplacée de 231 à 238
2025-05-03 17:24:02,797 - INFO - IA: Raquette droite déplacée de 245 à 252
2025-05-03 17:24:02,797 - INFO - COLLISION: Balle a rebondi sur une raquette à la position (30, 308)
2025-05-03 17:24:02,814 - INFO - JOUEUR: Raquette gauche déplacée de 238 à 245
2025-05-03 17:24:02,815 - INFO - IA: Raquette droite déplacée de 252 à 259
2025-05-03 17:24:02,815 - INFO - COLLISION: Balle a rebondi sur une raquette à la position (15, 313)
2025-05-03 17:24:02,832 - INFO - JOUEUR: Raquette gauche déplacée de 245 à 252
2025-05-03 17:24:02,833 - INFO - IA: Raquette droite déplacée de 259 à 266
2025-05-03 17:24:02,833 - INFO - COLLISION: Balle a rebondi sur une raquette à la position (30, 318)
2025-05-03 17:24:02,851 - INFO - JOUEUR: Raquette gauche déplacée de 252 à 259
2025-05-03 17:24:02,851 - INFO - IA: Raquette droite déplacée de 266 à 259
2025-05-03 17:24:02,851 - INFO - COLLISION: Balle a rebondi sur une raquette à la position (15, 323)
2025-05-03 17:24:02,868 - INFO - JOUEUR: Raquette gauche déplacée de 259 à 266
2025-05-03 17:24:02,868 - INFO - IA: Raquette droite déplacée de 259 à 266
2025-05-03 17:24:02,868 - INFO - COLLISION: Balle a rebondi sur une raquette à la position (30, 328)
2025-05-03 17:24:02,885 - INFO - JOUEUR: Raquette gauche déplacée de 266 à 273
2025-05-03 17:24:02,885 - INFO - IA: Raquette droite déplacée de 266 à 273
2025-05-03 17:24:02,885 - INFO - COLLISION: Balle a rebondi sur une raquette à la position (15, 333)
2025-05-03 17:24:02,902 - INFO - JOUEUR: Raquette gauche déplacée de 273 à 280
2025-05-03 17:24:02,902 - INFO - IA: Raquette droite déplacée de 273 à 280
2025-05-03 17:24:02,903 - INFO - COLLISION: Balle a rebondi sur une raquette à la position (30, 338)
2025-05-03 17:24:02,920 - INFO - JOUEUR: Raquette gauche déplacée de 280 à 287
2025-05-03 17:24:02,920 - INFO - IA: Raquette droite déplacée de 280 à 287
2025-05-03 17:24:02,920 - INFO - COLLISION: Balle a rebondi sur une raquette à la position (15, 343)
2025-05-03 17:24:02,938 - INFO - JOUEUR: Raquette gauche déplacée de 287 à 294
2025-05-03 17:24:02,938 - INFO - IA: Raquette droite déplacée de 287 à 294
2025-05-03 17:24:02,939 - INFO - COLLISION: Balle a rebondi sur une raquette à la position (30, 348)
2025-05-03 17:24:02,956 - INFO - JOUEUR: Raquette gauche déplacée de 294 à 301
2025-05-03 17:24:02,956 - INFO - IA: Raquette droite déplacée de 294 à 287
2025-05-03 17:24:02,956 - INFO - COLLISION: Balle a rebondi sur une raquette à la position (15, 353)
2025-05-03 17:24:02,974 - INFO - JOUEUR: Raquette gauche déplacée de 301 à 308
2025-05-03 17:24:02,974 - INFO - IA: Raquette droite déplacée de 287 à 294
2025-05-03 17:24:02,974 - INFO - COLLISION: Balle a rebondi sur une raquette à la position (30, 358)
2025-05-03 17:24:02,992 - INFO - JOUEUR: Raquette gauche déplacée de 308 à 315
2025-05-03 17:24:02,993 - INFO - IA: Raquette droite déplacée de 294 à 301
2025-05-03 17:24:02,993 - INFO - COLLISION: Balle a rebondi sur une raquette à la position (15, 363)
2025-05-03 17:24:03,010 - INFO - JOUEUR: Raquette gauche déplacée de 315 à 322
2025-05-03 17:24:03,010 - INFO - IA: Raquette droite déplacée de 301 à 308
2025-05-03 17:24:03,010 - INFO - COLLISION: Balle a rebondi sur une raquette à la position (30, 368)
2025-05-03 17:24:03,029 - INFO - JOUEUR: Raquette gauche déplacée de 322 à 329
2025-05-03 17:24:03,029 - INFO - IA: Raquette droite déplacée de 308 à 315
2025-05-03 17:24:03,029 - INFO - COLLISION: Balle a rebondi sur une raquette à la position (15, 373)
2025-05-03 17:24:03,047 - INFO - JOUEUR: Raquette gauche déplacée de 329 à 336
2025-05-03 17:24:03,047 - INFO - IA: Raquette droite déplacée de 315 à 322
2025-05-03 17:24:03,047 - INFO - COLLISION: Balle a rebondi sur une raquette à la position (30, 378)
2025-05-03 17:24:03,065 - INFO - JOUEUR: Raquette gauche déplacée de 336 à 343
2025-05-03 17:24:03,065 - INFO - IA: Raquette droite déplacée de 322 à 329
2025-05-03 17:24:03,065 - INFO - COLLISION: Balle a rebondi sur une raquette à la position (15, 383)
2025-05-03 17:24:03,083 - INFO - JOUEUR: Raquette gauche déplacée de 343 à 350
2025-05-03 17:24:03,083 - INFO - IA: Raquette droite déplacée de 329 à 336
2025-05-03 17:24:03,083 - INFO - COLLISION: Balle a rebondi sur une raquette à la position (30, 388)
2025-05-03 17:24:03,100 - INFO - JOUEUR: Raquette gauche déplacée de 350 à 357
2025-05-03 17:24:03,100 - INFO - IA: Raquette droite déplacée de 336 à 329
2025-05-03 17:24:03,100 - INFO - COLLISION: Balle a rebondi sur une raquette à la position (15, 393)
2025-05-03 17:24:03,117 - INFO - JOUEUR: Raquette gauche déplacée de 357 à 364
2025-05-03 17:24:03,118 - INFO - IA: Raquette droite déplacée de 329 à 336
2025-05-03 17:24:03,118 - INFO - COLLISION: Balle a rebondi sur une raquette à la position (30, 398)
2025-05-03 17:24:03,136 - INFO - JOUEUR: Raquette gauche déplacée de 364 à 371
2025-05-03 17:24:03,136 - INFO - IA: Raquette droite déplacée de 336 à 343
2025-05-03 17:24:03,136 - INFO - COLLISION: Balle a rebondi sur une raquette à la position (15, 403)
2025-05-03 17:24:03,154 - INFO - JOUEUR: Raquette gauche déplacée de 371 à 378
2025-05-03 17:24:03,154 - INFO - IA: Raquette droite déplacée de 343 à 350
2025-05-03 17:24:03,154 - INFO - COLLISION: Balle a rebondi sur une raquette à la position (30, 408)
2025-05-03 17:24:03,171 - INFO - JOUEUR: Raquette gauche déplacée de 378 à 385
2025-05-03 17:24:03,172 - INFO - IA: Raquette droite déplacée de 350 à 343
2025-05-03 17:24:03,172 - INFO - COLLISION: Balle a rebondi sur une raquette à la position (15, 413)
2025-05-03 17:24:03,190 - INFO - JOUEUR: Raquette gauche déplacée de 385 à 390
2025-05-03 17:24:03,190 - INFO - IA: Raquette droite déplacée de 343 à 350
2025-05-03 17:24:03,190 - INFO - COLLISION: Balle a rebondi sur une raquette à la position (30, 418)
2025-05-03 17:24:03,207 - INFO - IA: Raquette droite déplacée de 350 à 357
2025-05-03 17:24:03,207 - INFO - COLLISION: Balle a rebondi sur une raquette à la position (15, 423)
2025-05-03 17:24:03,225 - INFO - IA: Raquette droite déplacée de 357 à 364
2025-05-03 17:24:03,225 - INFO - COLLISION: Balle a rebondi sur une raquette à la position (30, 428)
2025-05-03 17:24:03,243 - INFO - INPUT: Joueur relâche les touches directionnelles
2025-05-03 17:24:03,243 - INFO - IA: Raquette droite déplacée de 364 à 371
2025-05-03 17:24:03,244 - INFO - COLLISION: Balle a rebondi sur une raquette à la position (15, 433)
2025-05-03 17:24:03,261 - INFO - IA: Raquette droite déplacée de 371 à 378
2025-05-03 17:24:03,261 - INFO - COLLISION: Balle a rebondi sur une raquette à la position (30, 438)
2025-05-03 17:24:03,278 - INFO - IA: Raquette droite déplacée de 378 à 385
2025-05-03 17:24:03,279 - INFO - COLLISION: Balle a rebondi sur une raquette à la position (15, 443)
2025-05-03 17:24:03,296 - INFO - IA: Raquette droite déplacée de 385 à 390
2025-05-03 17:24:03,296 - INFO - COLLISION: Balle a rebondi sur une raquette à la position (30, 448)
2025-05-03 17:24:03,313 - INFO - COLLISION: Balle a rebondi sur une raquette à la position (15, 453)
2025-05-03 17:24:03,330 - INFO - COLLISION: Balle a rebondi sur une raquette à la position (30, 458)
2025-05-03 17:24:03,348 - INFO - COLLISION: Balle a rebondi sur une raquette à la position (15, 463)
2025-05-03 17:24:03,365 - INFO - COLLISION: Balle a rebondi sur un mur à la position (30, 468)
2025-05-03 17:24:03,365 - INFO - COLLISION: Balle a rebondi sur une raquette à la position (30, 468)
2025-05-03 17:24:03,382 - INFO - COLLISION: Balle a rebondi sur une raquette à la position (15, 463)
2025-05-03 17:24:03,400 - INFO - COLLISION: Balle a rebondi sur une raquette à la position (30, 458)
2025-05-03 17:24:03,419 - INFO - COLLISION: Balle a rebondi sur une raquette à la position (15, 453)
2025-05-03 17:24:03,437 - INFO - COLLISION: Balle a rebondi sur une raquette à la position (30, 448)
2025-05-03 17:24:03,454 - INFO - COLLISION: Balle a rebondi sur une raquette à la position (15, 443)
2025-05-03 17:24:03,472 - INFO - COLLISION: Balle a rebondi sur une raquette à la position (30, 438)
2025-05-03 17:24:03,489 - INFO - COLLISION: Balle a rebondi sur une raquette à la position (15, 433)
2025-05-03 17:24:03,506 - INFO - COLLISION: Balle a rebondi sur une raquette à la position (30, 428)
2025-05-03 17:24:03,523 - INFO - IA: Raquette droite déplacée de 390 à 383
2025-05-03 17:24:03,524 - INFO - COLLISION: Balle a rebondi sur une raquette à la position (15, 423)
2025-05-03 17:24:03,540 - INFO - IA: Raquette droite déplacée de 383 à 376
2025-05-03 17:24:03,540 - INFO - COLLISION: Balle a rebondi sur une raquette à la position (30, 418)
2025-05-03 17:24:03,557 - INFO - IA: Raquette droite déplacée de 376 à 383
2025-05-03 17:24:03,558 - INFO - COLLISION: Balle a rebondi sur une raquette à la position (15, 413)
2025-05-03 17:24:03,575 - INFO - IA: Raquette droite déplacée de 383 à 376
2025-05-03 17:24:03,575 - INFO - COLLISION: Balle a rebondi sur une raquette à la position (30, 408)
2025-05-03 17:24:03,593 - INFO - IA: Raquette droite déplacée de 376 à 369
2025-05-03 17:24:03,593 - INFO - COLLISION: Balle a rebondi sur une raquette à la position (15, 403)
2025-05-03 17:24:03,610 - INFO - IA: Raquette droite déplacée de 369 à 362
2025-05-03 17:24:03,610 - INFO - COLLISION: Balle a rebondi sur une raquette à la position (30, 398)
2025-05-03 17:24:03,627 - INFO - IA: Raquette droite déplacée de 362 à 355
2025-05-03 17:24:03,627 - INFO - COLLISION: Balle a rebondi sur une raquette à la position (15, 393)
2025-05-03 17:24:03,645 - INFO - IA: Raquette droite déplacée de 355 à 362
2025-05-03 17:24:03,645 - INFO - COLLISION: Balle a rebondi sur une raquette à la position (30, 388)
2025-05-03 17:24:03,662 - INFO - IA: Raquette droite déplacée de 362 à 369
2025-05-03 17:24:03,662 - INFO - COLLISION: Balle a rebondi sur une raquette à la position (15, 383)
2025-05-03 17:24:03,679 - INFO - IA: Raquette droite déplacée de 369 à 362
2025-05-03 17:24:03,679 - INFO - COLLISION: Balle a rebondi sur une raquette à la position (30, 378)
2025-05-03 17:24:03,697 - INFO - IA: Raquette droite déplacée de 362 à 355
2025-05-03 17:24:03,714 - INFO - IA: Raquette droite déplacée de 355 à 348
2025-05-03 17:24:03,714 - INFO - POINT: Joueur droite (IA) marque un point! Score: 0-4
2025-05-03 17:24:03,730 - INFO - IA: Raquette droite déplacée de 348 à 341
2025-05-03 17:24:03,748 - INFO - IA: Raquette droite déplacée de 341 à 334
2025-05-03 17:24:03,765 - INFO - IA: Raquette droite déplacée de 334 à 327
2025-05-03 17:24:03,782 - INFO - IA: Raquette droite déplacée de 327 à 320
2025-05-03 17:24:03,799 - INFO - IA: Raquette droite déplacée de 320 à 313
2025-05-03 17:24:03,817 - INFO - IA: Raquette droite déplacée de 313 à 306
2025-05-03 17:24:03,835 - INFO - IA: Raquette droite déplacée de 306 à 299
2025-05-03 17:24:03,852 - INFO - IA: Raquette droite déplacée de 299 à 292
2025-05-03 17:24:03,870 - INFO - IA: Raquette droite déplacée de 292 à 285
2025-05-03 17:24:03,888 - INFO - IA: Raquette droite déplacée de 285 à 278
2025-05-03 17:24:03,906 - INFO - IA: Raquette droite déplacée de 278 à 271
2025-05-03 17:24:03,923 - INFO - IA: Raquette droite déplacée de 271 à 264
2025-05-03 17:24:03,940 - INFO - IA: Raquette droite déplacée de 264 à 257
2025-05-03 17:24:03,958 - INFO - IA: Raquette droite déplacée de 257 à 250
2025-05-03 17:24:03,975 - INFO - IA: Raquette droite déplacée de 250 à 257
2025-05-03 17:24:03,992 - INFO - IA: Raquette droite déplacée de 257 à 264
2025-05-03 17:24:04,010 - INFO - IA: Raquette droite déplacée de 264 à 257
2025-05-03 17:24:04,027 - INFO - IA: Raquette droite déplacée de 257 à 264
2025-05-03 17:24:04,045 - INFO - IA: Raquette droite déplacée de 264 à 257
2025-05-03 17:24:04,062 - INFO - IA: Raquette droite déplacée de 257 à 264
2025-05-03 17:24:04,080 - INFO - IA: Raquette droite déplacée de 264 à 271
2025-05-03 17:24:04,097 - INFO - IA: Raquette droite déplacée de 271 à 278
2025-05-03 17:24:04,115 - INFO - IA: Raquette droite déplacée de 278 à 285
2025-05-03 17:24:04,132 - INFO - IA: Raquette droite déplacée de 285 à 292
2025-05-03 17:24:04,149 - INFO - IA: Raquette droite déplacée de 292 à 299
2025-05-03 17:24:04,167 - INFO - IA: Raquette droite déplacée de 299 à 292
2025-05-03 17:24:04,185 - INFO - IA: Raquette droite déplacée de 292 à 299
2025-05-03 17:24:04,202 - INFO - IA: Raquette droite déplacée de 299 à 306
2025-05-03 17:24:04,219 - INFO - IA: Raquette droite déplacée de 306 à 313
2025-05-03 17:24:04,237 - INFO - IA: Raquette droite déplacée de 313 à 306
2025-05-03 17:24:04,254 - INFO - IA: Raquette droite déplacée de 306 à 313
2025-05-03 17:24:04,272 - INFO - IA: Raquette droite déplacée de 313 à 320
2025-05-03 17:24:04,289 - INFO - IA: Raquette droite déplacée de 320 à 327
2025-05-03 17:24:04,307 - INFO - IA: Raquette droite déplacée de 327 à 334
2025-05-03 17:24:04,325 - INFO - IA: Raquette droite déplacée de 334 à 341
2025-05-03 17:24:04,342 - INFO - IA: Raquette droite déplacée de 341 à 348
2025-05-03 17:24:04,359 - INFO - IA: Raquette droite déplacée de 348 à 355
2025-05-03 17:24:04,377 - INFO - IA: Raquette droite déplacée de 355 à 362
2025-05-03 17:24:04,394 - INFO - IA: Raquette droite déplacée de 362 à 369
2025-05-03 17:24:04,411 - INFO - IA: Raquette droite déplacée de 369 à 362
2025-05-03 17:24:04,428 - INFO - IA: Raquette droite déplacée de 362 à 369
2025-05-03 17:24:04,445 - INFO - IA: Raquette droite déplacée de 369 à 376
2025-05-03 17:24:04,463 - INFO - IA: Raquette droite déplacée de 376 à 383
2025-05-03 17:24:04,480 - INFO - IA: Raquette droite déplacée de 383 à 390
2025-05-03 17:24:04,531 - INFO - COLLISION: Balle a rebondi sur un mur à la position (58, 468)
2025-05-03 17:24:04,616 - INFO - COLLISION: Balle a rebondi sur une raquette à la position (33, 443)
2025-05-03 17:24:04,650 - INFO - IA: Raquette droite déplacée de 390 à 383
2025-05-03 17:24:04,667 - INFO - IA: Raquette droite déplacée de 383 à 390
2025-05-03 17:24:04,702 - INFO - IA: Raquette droite déplacée de 390 à 383
2025-05-03 17:24:04,720 - INFO - IA: Raquette droite déplacée de 383 à 376
2025-05-03 17:24:04,738 - INFO - IA: Raquette droite déplacée de 376 à 369
2025-05-03 17:24:04,756 - INFO - IA: Raquette droite déplacée de 369 à 376
2025-05-03 17:24:04,773 - INFO - IA: Raquette droite déplacée de 376 à 369
2025-05-03 17:24:04,791 - INFO - IA: Raquette droite déplacée de 369 à 376
2025-05-03 17:24:04,808 - INFO - IA: Raquette droite déplacée de 376 à 369
2025-05-03 17:24:04,826 - INFO - IA: Raquette droite déplacée de 369 à 376
2025-05-03 17:24:04,844 - INFO - IA: Raquette droite déplacée de 376 à 369
2025-05-03 17:24:04,862 - INFO - IA: Raquette droite déplacée de 369 à 362
2025-05-03 17:24:04,879 - INFO - IA: Raquette droite déplacée de 362 à 355
2025-05-03 17:24:04,897 - INFO - IA: Raquette droite déplacée de 355 à 348
2025-05-03 17:24:04,914 - INFO - IA: Raquette droite déplacée de 348 à 341
2025-05-03 17:24:04,931 - INFO - IA: Raquette droite déplacée de 341 à 334
2025-05-03 17:24:04,949 - INFO - IA: Raquette droite déplacée de 334 à 327
2025-05-03 17:24:04,967 - INFO - IA: Raquette droite déplacée de 327 à 320
2025-05-03 17:24:04,985 - INFO - IA: Raquette droite déplacée de 320 à 327
2025-05-03 17:24:05,003 - INFO - IA: Raquette droite déplacée de 327 à 320
2025-05-03 17:24:05,020 - INFO - IA: Raquette droite déplacée de 320 à 313
2025-05-03 17:24:05,038 - INFO - IA: Raquette droite déplacée de 313 à 306
2025-05-03 17:24:05,055 - INFO - IA: Raquette droite déplacée de 306 à 299
2025-05-03 17:24:05,073 - INFO - IA: Raquette droite déplacée de 299 à 292
2025-05-03 17:24:05,090 - INFO - IA: Raquette droite déplacée de 292 à 285
2025-05-03 17:24:05,108 - INFO - IA: Raquette droite déplacée de 285 à 278
2025-05-03 17:24:05,124 - INFO - IA: Raquette droite déplacée de 278 à 271
2025-05-03 17:24:05,142 - INFO - IA: Raquette droite déplacée de 271 à 264
2025-05-03 17:24:05,158 - INFO - IA: Raquette droite déplacée de 264 à 257
2025-05-03 17:24:05,175 - INFO - IA: Raquette droite déplacée de 257 à 264
2025-05-03 17:24:05,192 - INFO - IA: Raquette droite déplacée de 264 à 257
2025-05-03 17:24:05,209 - INFO - IA: Raquette droite déplacée de 257 à 250
2025-05-03 17:24:05,226 - INFO - IA: Raquette droite déplacée de 250 à 243
2025-05-03 17:24:05,243 - INFO - IA: Raquette droite déplacée de 243 à 236
2025-05-03 17:24:05,260 - INFO - IA: Raquette droite déplacée de 236 à 229
2025-05-03 17:24:05,277 - INFO - IA: Raquette droite déplacée de 229 à 222
2025-05-03 17:24:05,295 - INFO - IA: Raquette droite déplacée de 222 à 215
2025-05-03 17:24:05,312 - INFO - IA: Raquette droite déplacée de 215 à 208
2025-05-03 17:24:05,329 - INFO - IA: Raquette droite déplacée de 208 à 201
2025-05-03 17:24:05,347 - INFO - IA: Raquette droite déplacée de 201 à 208
2025-05-03 17:24:05,364 - INFO - IA: Raquette droite déplacée de 208 à 201
2025-05-03 17:24:05,382 - INFO - IA: Raquette droite déplacée de 201 à 194
2025-05-03 17:24:05,399 - INFO - IA: Raquette droite déplacée de 194 à 187
2025-05-03 17:24:05,417 - INFO - IA: Raquette droite déplacée de 187 à 194
2025-05-03 17:24:05,433 - INFO - IA: Raquette droite déplacée de 194 à 201
2025-05-03 17:24:05,450 - INFO - IA: Raquette droite déplacée de 201 à 194
2025-05-03 17:24:05,468 - INFO - IA: Raquette droite déplacée de 194 à 187
2025-05-03 17:24:05,485 - INFO - IA: Raquette droite déplacée de 187 à 180
2025-05-03 17:24:05,502 - INFO - IA: Raquette droite déplacée de 180 à 173
2025-05-03 17:24:05,520 - INFO - IA: Raquette droite déplacée de 173 à 166
2025-05-03 17:24:05,537 - INFO - IA: Raquette droite déplacée de 166 à 159
2025-05-03 17:24:05,554 - INFO - IA: Raquette droite déplacée de 159 à 152
2025-05-03 17:24:05,572 - INFO - IA: Raquette droite déplacée de 152 à 145
2025-05-03 17:24:05,589 - INFO - IA: Raquette droite déplacée de 145 à 152
2025-05-03 17:24:05,606 - INFO - IA: Raquette droite déplacée de 152 à 145
2025-05-03 17:24:05,624 - INFO - IA: Raquette droite déplacée de 145 à 138
2025-05-03 17:24:05,642 - INFO - IA: Raquette droite déplacée de 138 à 131
2025-05-03 17:24:05,660 - INFO - IA: Raquette droite déplacée de 131 à 138
2025-05-03 17:24:05,676 - INFO - IA: Raquette droite déplacée de 138 à 131
2025-05-03 17:24:05,694 - INFO - IA: Raquette droite déplacée de 131 à 124
2025-05-03 17:24:05,711 - INFO - IA: Raquette droite déplacée de 124 à 117
2025-05-03 17:24:05,745 - INFO - IA: Raquette droite déplacée de 117 à 110
2025-05-03 17:24:05,763 - INFO - IA: Raquette droite déplacée de 110 à 103
2025-05-03 17:24:05,797 - INFO - IA: Raquette droite déplacée de 103 à 96
2025-05-03 17:24:05,815 - INFO - IA: Raquette droite déplacée de 96 à 89
2025-05-03 17:24:05,832 - INFO - IA: Raquette droite déplacée de 89 à 82
2025-05-03 17:24:05,849 - INFO - IA: Raquette droite déplacée de 82 à 75
2025-05-03 17:24:05,868 - INFO - IA: Raquette droite déplacée de 75 à 68
2025-05-03 17:24:05,887 - INFO - IA: Raquette droite déplacée de 68 à 61
2025-05-03 17:24:05,906 - INFO - IA: Raquette droite déplacée de 61 à 54
2025-05-03 17:24:05,923 - INFO - IA: Raquette droite déplacée de 54 à 61
2025-05-03 17:24:05,941 - INFO - IA: Raquette droite déplacée de 61 à 54
2025-05-03 17:24:05,959 - INFO - IA: Raquette droite déplacée de 54 à 47
2025-05-03 17:24:05,977 - INFO - IA: Raquette droite déplacée de 47 à 40
2025-05-03 17:24:05,994 - INFO - IA: Raquette droite déplacée de 40 à 47
2025-05-03 17:24:06,011 - INFO - IA: Raquette droite déplacée de 47 à 40
2025-05-03 17:24:06,029 - INFO - IA: Raquette droite déplacée de 40 à 33
2025-05-03 17:24:06,047 - INFO - IA: Raquette droite déplacée de 33 à 26
2025-05-03 17:24:06,064 - INFO - IA: Raquette droite déplacée de 26 à 19
2025-05-03 17:24:06,080 - INFO - IA: Raquette droite déplacée de 19 à 12
2025-05-03 17:24:06,097 - INFO - IA: Raquette droite déplacée de 12 à 5
2025-05-03 17:24:06,115 - INFO - INPUT: Joueur appuie sur la touche HAUT
2025-05-03 17:24:06,115 - INFO - JOUEUR: Raquette gauche déplacée de 390 à 383
2025-05-03 17:24:06,115 - INFO - IA: Raquette droite déplacée de 5 à 0
2025-05-03 17:24:06,133 - INFO - JOUEUR: Raquette gauche déplacée de 383 à 376
2025-05-03 17:24:06,133 - INFO - COLLISION: Balle a rebondi sur une raquette à la position (555, 8)
2025-05-03 17:24:06,150 - INFO - JOUEUR: Raquette gauche déplacée de 376 à 369
2025-05-03 17:24:06,167 - INFO - JOUEUR: Raquette gauche déplacée de 369 à 362
2025-05-03 17:24:06,168 - INFO - COLLISION: Balle a rebondi sur un mur à la position (543, -2)
2025-05-03 17:24:06,185 - INFO - JOUEUR: Raquette gauche déplacée de 362 à 355
2025-05-03 17:24:06,203 - INFO - JOUEUR: Raquette gauche déplacée de 355 à 348
2025-05-03 17:24:06,220 - INFO - JOUEUR: Raquette gauche déplacée de 348 à 341
2025-05-03 17:24:06,237 - INFO - JOUEUR: Raquette gauche déplacée de 341 à 334
2025-05-03 17:24:06,255 - INFO - JOUEUR: Raquette gauche déplacée de 334 à 327
2025-05-03 17:24:06,272 - INFO - JOUEUR: Raquette gauche déplacée de 327 à 320
2025-05-03 17:24:06,272 - INFO - IA: Raquette droite déplacée de 0 à 7
2025-05-03 17:24:06,288 - INFO - JOUEUR: Raquette gauche déplacée de 320 à 313
2025-05-03 17:24:06,289 - INFO - IA: Raquette droite déplacée de 7 à 14
2025-05-03 17:24:06,306 - INFO - JOUEUR: Raquette gauche déplacée de 313 à 306
2025-05-03 17:24:06,306 - INFO - IA: Raquette droite déplacée de 14 à 21
2025-05-03 17:24:06,323 - INFO - JOUEUR: Raquette gauche déplacée de 306 à 299
2025-05-03 17:24:06,323 - INFO - IA: Raquette droite déplacée de 21 à 14
2025-05-03 17:24:06,340 - INFO - JOUEUR: Raquette gauche déplacée de 299 à 292
2025-05-03 17:24:06,341 - INFO - IA: Raquette droite déplacée de 14 à 21
2025-05-03 17:24:06,358 - INFO - JOUEUR: Raquette gauche déplacée de 292 à 285
2025-05-03 17:24:06,359 - INFO - IA: Raquette droite déplacée de 21 à 28
2025-05-03 17:24:06,376 - INFO - JOUEUR: Raquette gauche déplacée de 285 à 278
2025-05-03 17:24:06,377 - INFO - IA: Raquette droite déplacée de 28 à 21
2025-05-03 17:24:06,394 - INFO - JOUEUR: Raquette gauche déplacée de 278 à 271
2025-05-03 17:24:06,394 - INFO - IA: Raquette droite déplacée de 21 à 14
2025-05-03 17:24:06,412 - INFO - JOUEUR: Raquette gauche déplacée de 271 à 264
2025-05-03 17:24:06,412 - INFO - IA: Raquette droite déplacée de 14 à 21
2025-05-03 17:24:06,429 - INFO - JOUEUR: Raquette gauche déplacée de 264 à 257
2025-05-03 17:24:06,429 - INFO - IA: Raquette droite déplacée de 21 à 14
2025-05-03 17:24:06,446 - INFO - JOUEUR: Raquette gauche déplacée de 257 à 250
2025-05-03 17:24:06,446 - INFO - IA: Raquette droite déplacée de 14 à 21
2025-05-03 17:24:06,464 - INFO - JOUEUR: Raquette gauche déplacée de 250 à 243
2025-05-03 17:24:06,464 - INFO - IA: Raquette droite déplacée de 21 à 14
2025-05-03 17:24:06,482 - INFO - JOUEUR: Raquette gauche déplacée de 243 à 236
2025-05-03 17:24:06,482 - INFO - IA: Raquette droite déplacée de 14 à 21
2025-05-03 17:24:06,499 - INFO - JOUEUR: Raquette gauche déplacée de 236 à 229
2025-05-03 17:24:06,499 - INFO - IA: Raquette droite déplacée de 21 à 28
2025-05-03 17:24:06,516 - INFO - JOUEUR: Raquette gauche déplacée de 229 à 222
2025-05-03 17:24:06,516 - INFO - IA: Raquette droite déplacée de 28 à 35
2025-05-03 17:24:06,533 - INFO - JOUEUR: Raquette gauche déplacée de 222 à 215
2025-05-03 17:24:06,533 - INFO - IA: Raquette droite déplacée de 35 à 28
2025-05-03 17:24:06,550 - INFO - JOUEUR: Raquette gauche déplacée de 215 à 208
2025-05-03 17:24:06,550 - INFO - IA: Raquette droite déplacée de 28 à 35
2025-05-03 17:24:06,568 - INFO - JOUEUR: Raquette gauche déplacée de 208 à 201
2025-05-03 17:24:06,568 - INFO - IA: Raquette droite déplacée de 35 à 42
2025-05-03 17:24:06,585 - INFO - INPUT: Joueur relâche les touches directionnelles
2025-05-03 17:24:06,586 - INFO - IA: Raquette droite déplacée de 42 à 49
2025-05-03 17:24:06,604 - INFO - IA: Raquette droite déplacée de 49 à 56
2025-05-03 17:24:06,621 - INFO - IA: Raquette droite déplacée de 56 à 63
2025-05-03 17:24:06,638 - INFO - IA: Raquette droite déplacée de 63 à 70
2025-05-03 17:24:06,656 - INFO - IA: Raquette droite déplacée de 70 à 77
2025-05-03 17:24:06,674 - INFO - IA: Raquette droite déplacée de 77 à 84
2025-05-03 17:24:06,691 - INFO - IA: Raquette droite déplacée de 84 à 91
2025-05-03 17:24:06,708 - INFO - IA: Raquette droite déplacée de 91 à 98
2025-05-03 17:24:06,725 - INFO - IA: Raquette droite déplacée de 98 à 91
2025-05-03 17:24:06,742 - INFO - IA: Raquette droite déplacée de 91 à 98
2025-05-03 17:24:06,760 - INFO - IA: Raquette droite déplacée de 98 à 105
2025-05-03 17:24:06,778 - INFO - IA: Raquette droite déplacée de 105 à 112
2025-05-03 17:24:06,795 - INFO - IA: Raquette droite déplacée de 112 à 119
2025-05-03 17:24:06,811 - INFO - IA: Raquette droite déplacée de 119 à 112
2025-05-03 17:24:06,828 - INFO - IA: Raquette droite déplacée de 112 à 119
2025-05-03 17:24:06,846 - INFO - IA: Raquette droite déplacée de 119 à 126
2025-05-03 17:24:06,863 - INFO - IA: Raquette droite déplacée de 126 à 133
2025-05-03 17:24:06,881 - INFO - IA: Raquette droite déplacée de 133 à 140
2025-05-03 17:24:06,898 - INFO - IA: Raquette droite déplacée de 140 à 147
2025-05-03 17:24:06,916 - INFO - IA: Raquette droite déplacée de 147 à 154
2025-05-03 17:24:06,934 - INFO - IA: Raquette droite déplacée de 154 à 161
2025-05-03 17:24:06,952 - INFO - IA: Raquette droite déplacée de 161 à 154
2025-05-03 17:24:06,969 - INFO - IA: Raquette droite déplacée de 154 à 161
2025-05-03 17:24:06,987 - INFO - IA: Raquette droite déplacée de 161 à 168
2025-05-03 17:24:07,004 - INFO - IA: Raquette droite déplacée de 168 à 175
2025-05-03 17:24:07,021 - INFO - IA: Raquette droite déplacée de 175 à 182
2025-05-03 17:24:07,038 - INFO - IA: Raquette droite déplacée de 182 à 189
2025-05-03 17:24:07,055 - INFO - IA: Raquette droite déplacée de 189 à 196
2025-05-03 17:24:07,073 - INFO - IA: Raquette droite déplacée de 196 à 203
2025-05-03 17:24:07,090 - INFO - IA: Raquette droite déplacée de 203 à 210
2025-05-03 17:24:07,108 - INFO - IA: Raquette droite déplacée de 210 à 203
2025-05-03 17:24:07,125 - INFO - IA: Raquette droite déplacée de 203 à 210
2025-05-03 17:24:07,143 - INFO - IA: Raquette droite déplacée de 210 à 217
2025-05-03 17:24:07,161 - INFO - IA: Raquette droite déplacée de 217 à 224
2025-05-03 17:24:07,180 - INFO - INPUT: Joueur appuie sur la touche BAS
2025-05-03 17:24:07,181 - INFO - JOUEUR: Raquette gauche déplacée de 201 à 208
2025-05-03 17:24:07,181 - INFO - IA: Raquette droite déplacée de 224 à 231
2025-05-03 17:24:07,198 - INFO - JOUEUR: Raquette gauche déplacée de 208 à 215
2025-05-03 17:24:07,198 - INFO - IA: Raquette droite déplacée de 231 à 238
2025-05-03 17:24:07,215 - INFO - JOUEUR: Raquette gauche déplacée de 215 à 222
2025-05-03 17:24:07,215 - INFO - IA: Raquette droite déplacée de 238 à 231
2025-05-03 17:24:07,232 - INFO - JOUEUR: Raquette gauche déplacée de 222 à 229
2025-05-03 17:24:07,232 - INFO - IA: Raquette droite déplacée de 231 à 238
2025-05-03 17:24:07,250 - INFO - JOUEUR: Raquette gauche déplacée de 229 à 236
2025-05-03 17:24:07,250 - INFO - IA: Raquette droite déplacée de 238 à 245
2025-05-03 17:24:07,267 - INFO - JOUEUR: Raquette gauche déplacée de 236 à 243
2025-05-03 17:24:07,267 - INFO - IA: Raquette droite déplacée de 245 à 252
2025-05-03 17:24:07,285 - INFO - JOUEUR: Raquette gauche déplacée de 243 à 250
2025-05-03 17:24:07,285 - INFO - IA: Raquette droite déplacée de 252 à 259
2025-05-03 17:24:07,302 - INFO - JOUEUR: Raquette gauche déplacée de 250 à 257
2025-05-03 17:24:07,302 - INFO - IA: Raquette droite déplacée de 259 à 266
2025-05-03 17:24:07,319 - INFO - JOUEUR: Raquette gauche déplacée de 257 à 264
2025-05-03 17:24:07,320 - INFO - IA: Raquette droite déplacée de 266 à 273
2025-05-03 17:24:07,337 - INFO - JOUEUR: Raquette gauche déplacée de 264 à 271
2025-05-03 17:24:07,337 - INFO - IA: Raquette droite déplacée de 273 à 280
2025-05-03 17:24:07,354 - INFO - JOUEUR: Raquette gauche déplacée de 271 à 278
2025-05-03 17:24:07,355 - INFO - IA: Raquette droite déplacée de 280 à 287
2025-05-03 17:24:07,371 - INFO - JOUEUR: Raquette gauche déplacée de 278 à 285
2025-05-03 17:24:07,371 - INFO - IA: Raquette droite déplacée de 287 à 294
2025-05-03 17:24:07,389 - INFO - JOUEUR: Raquette gauche déplacée de 285 à 292
2025-05-03 17:24:07,389 - INFO - IA: Raquette droite déplacée de 294 à 301
2025-05-03 17:24:07,406 - INFO - JOUEUR: Raquette gauche déplacée de 292 à 299
2025-05-03 17:24:07,406 - INFO - IA: Raquette droite déplacée de 301 à 308
2025-05-03 17:24:07,423 - INFO - JOUEUR: Raquette gauche déplacée de 299 à 306
2025-05-03 17:24:07,423 - INFO - IA: Raquette droite déplacée de 308 à 301
2025-05-03 17:24:07,440 - INFO - JOUEUR: Raquette gauche déplacée de 306 à 313
2025-05-03 17:24:07,440 - INFO - IA: Raquette droite déplacée de 301 à 308
2025-05-03 17:24:07,458 - INFO - JOUEUR: Raquette gauche déplacée de 313 à 320
2025-05-03 17:24:07,459 - INFO - IA: Raquette droite déplacée de 308 à 315
2025-05-03 17:24:07,476 - INFO - JOUEUR: Raquette gauche déplacée de 320 à 327
2025-05-03 17:24:07,477 - INFO - IA: Raquette droite déplacée de 315 à 322
2025-05-03 17:24:07,493 - INFO - JOUEUR: Raquette gauche déplacée de 327 à 334
2025-05-03 17:24:07,494 - INFO - IA: Raquette droite déplacée de 322 à 315
2025-05-03 17:24:07,511 - INFO - JOUEUR: Raquette gauche déplacée de 334 à 341
2025-05-03 17:24:07,511 - INFO - IA: Raquette droite déplacée de 315 à 322
2025-05-03 17:24:07,528 - INFO - JOUEUR: Raquette gauche déplacée de 341 à 348
2025-05-03 17:24:07,528 - INFO - IA: Raquette droite déplacée de 322 à 329
2025-05-03 17:24:07,546 - INFO - JOUEUR: Raquette gauche déplacée de 348 à 355
2025-05-03 17:24:07,546 - INFO - IA: Raquette droite déplacée de 329 à 336
2025-05-03 17:24:07,563 - INFO - JOUEUR: Raquette gauche déplacée de 355 à 362
2025-05-03 17:24:07,563 - INFO - IA: Raquette droite déplacée de 336 à 343
2025-05-03 17:24:07,579 - INFO - JOUEUR: Raquette gauche déplacée de 362 à 369
2025-05-03 17:24:07,580 - INFO - IA: Raquette droite déplacée de 343 à 350
2025-05-03 17:24:07,597 - INFO - JOUEUR: Raquette gauche déplacée de 369 à 376
2025-05-03 17:24:07,597 - INFO - IA: Raquette droite déplacée de 350 à 357
2025-05-03 17:24:07,614 - INFO - JOUEUR: Raquette gauche déplacée de 376 à 383
2025-05-03 17:24:07,614 - INFO - IA: Raquette droite déplacée de 357 à 364
2025-05-03 17:24:07,632 - INFO - JOUEUR: Raquette gauche déplacée de 383 à 390
2025-05-03 17:24:07,633 - INFO - IA: Raquette droite déplacée de 364 à 357
2025-05-03 17:24:07,650 - INFO - IA: Raquette droite déplacée de 357 à 364
2025-05-03 17:24:07,650 - INFO - COLLISION: Balle a rebondi sur une raquette à la position (33, 423)
2025-05-03 17:24:07,668 - INFO - IA: Raquette droite déplacée de 364 à 357
2025-05-03 17:24:07,686 - INFO - IA: Raquette droite déplacée de 357 à 364
2025-05-03 17:24:07,704 - INFO - IA: Raquette droite déplacée de 364 à 371
2025-05-03 17:24:07,722 - INFO - IA: Raquette droite déplacée de 371 à 378
2025-05-03 17:24:07,739 - INFO - IA: Raquette droite déplacée de 378 à 385
2025-05-03 17:24:07,756 - INFO - IA: Raquette droite déplacée de 385 à 390
2025-05-03 17:24:07,773 - INFO - INPUT: Joueur relâche les touches directionnelles
2025-05-03 17:24:07,809 - INFO - COLLISION: Balle a rebondi sur un mur à la position (96, 468)
2025-05-03 17:24:07,948 - INFO - IA: Raquette droite déplacée de 390 à 383
2025-05-03 17:24:07,966 - INFO - IA: Raquette droite déplacée de 383 à 390
2025-05-03 17:24:08,003 - INFO - IA: Raquette droite déplacée de 390 à 383
2025-05-03 17:24:08,020 - INFO - IA: Raquette droite déplacée de 383 à 376
2025-05-03 17:24:08,037 - INFO - IA: Raquette droite déplacée de 376 à 369
2025-05-03 17:24:08,055 - INFO - IA: Raquette droite déplacée de 369 à 376
2025-05-03 17:24:08,073 - INFO - IA: Raquette droite déplacée de 376 à 369
2025-05-03 17:24:08,091 - INFO - IA: Raquette droite déplacée de 369 à 362
2025-05-03 17:24:08,108 - INFO - IA: Raquette droite déplacée de 362 à 369
2025-05-03 17:24:08,126 - INFO - IA: Raquette droite déplacée de 369 à 376
2025-05-03 17:24:08,143 - INFO - IA: Raquette droite déplacée de 376 à 369
2025-05-03 17:24:08,161 - INFO - INPUT: Joueur appuie sur la touche HAUT
2025-05-03 17:24:08,161 - INFO - JOUEUR: Raquette gauche déplacée de 390 à 383
2025-05-03 17:24:08,161 - INFO - IA: Raquette droite déplacée de 369 à 362
2025-05-03 17:24:08,179 - INFO - JOUEUR: Raquette gauche déplacée de 383 à 376
2025-05-03 17:24:08,179 - INFO - IA: Raquette droite déplacée de 362 à 355
2025-05-03 17:24:08,196 - INFO - JOUEUR: Raquette gauche déplacée de 376 à 369
2025-05-03 17:24:08,196 - INFO - IA: Raquette droite déplacée de 355 à 348
2025-05-03 17:24:08,214 - INFO - JOUEUR: Raquette gauche déplacée de 369 à 362
2025-05-03 17:24:08,214 - INFO - IA: Raquette droite déplacée de 348 à 341
2025-05-03 17:24:08,231 - INFO - JOUEUR: Raquette gauche déplacée de 362 à 355
2025-05-03 17:24:08,231 - INFO - IA: Raquette droite déplacée de 341 à 334
2025-05-03 17:24:08,249 - INFO - JOUEUR: Raquette gauche déplacée de 355 à 348
2025-05-03 17:24:08,249 - INFO - IA: Raquette droite déplacée de 334 à 327
2025-05-03 17:24:08,267 - INFO - JOUEUR: Raquette gauche déplacée de 348 à 341
2025-05-03 17:24:08,267 - INFO - IA: Raquette droite déplacée de 327 à 320
2025-05-03 17:24:08,284 - INFO - JOUEUR: Raquette gauche déplacée de 341 à 334
2025-05-03 17:24:08,285 - INFO - IA: Raquette droite déplacée de 320 à 313
2025-05-03 17:24:08,302 - INFO - JOUEUR: Raquette gauche déplacée de 334 à 327
2025-05-03 17:24:08,302 - INFO - IA: Raquette droite déplacée de 313 à 306
2025-05-03 17:24:08,319 - INFO - JOUEUR: Raquette gauche déplacée de 327 à 320
2025-05-03 17:24:08,319 - INFO - IA: Raquette droite déplacée de 306 à 299
2025-05-03 17:24:08,337 - INFO - JOUEUR: Raquette gauche déplacée de 320 à 313
2025-05-03 17:24:08,337 - INFO - IA: Raquette droite déplacée de 299 à 292
2025-05-03 17:24:08,354 - INFO - JOUEUR: Raquette gauche déplacée de 313 à 306
2025-05-03 17:24:08,354 - INFO - IA: Raquette droite déplacée de 292 à 299
2025-05-03 17:24:08,371 - INFO - JOUEUR: Raquette gauche déplacée de 306 à 299
2025-05-03 17:24:08,371 - INFO - IA: Raquette droite déplacée de 299 à 292
2025-05-03 17:24:08,389 - INFO - JOUEUR: Raquette gauche déplacée de 299 à 292
2025-05-03 17:24:08,389 - INFO - IA: Raquette droite déplacée de 292 à 285
2025-05-03 17:24:08,406 - INFO - JOUEUR: Raquette gauche déplacée de 292 à 285
2025-05-03 17:24:08,406 - INFO - IA: Raquette droite déplacée de 285 à 278
2025-05-03 17:24:08,423 - INFO - JOUEUR: Raquette gauche déplacée de 285 à 278
2025-05-03 17:24:08,423 - INFO - IA: Raquette droite déplacée de 278 à 271
2025-05-03 17:24:08,441 - INFO - JOUEUR: Raquette gauche déplacée de 278 à 271
2025-05-03 17:24:08,441 - INFO - IA: Raquette droite déplacée de 271 à 264
2025-05-03 17:24:08,458 - INFO - JOUEUR: Raquette gauche déplacée de 271 à 264
2025-05-03 17:24:08,458 - INFO - IA: Raquette droite déplacée de 264 à 257
2025-05-03 17:24:08,475 - INFO - JOUEUR: Raquette gauche déplacée de 264 à 257
2025-05-03 17:24:08,475 - INFO - IA: Raquette droite déplacée de 257 à 250
2025-05-03 17:24:08,493 - INFO - JOUEUR: Raquette gauche déplacée de 257 à 250
2025-05-03 17:24:08,493 - INFO - IA: Raquette droite déplacée de 250 à 257
2025-05-03 17:24:08,510 - INFO - JOUEUR: Raquette gauche déplacée de 250 à 243
2025-05-03 17:24:08,510 - INFO - IA: Raquette droite déplacée de 257 à 250
2025-05-03 17:24:08,527 - INFO - JOUEUR: Raquette gauche déplacée de 243 à 236
2025-05-03 17:24:08,527 - INFO - IA: Raquette droite déplacée de 250 à 243
2025-05-03 17:24:08,545 - INFO - JOUEUR: Raquette gauche déplacée de 236 à 229
2025-05-03 17:24:08,545 - INFO - IA: Raquette droite déplacée de 243 à 236
2025-05-03 17:24:08,562 - INFO - JOUEUR: Raquette gauche déplacée de 229 à 222
2025-05-03 17:24:08,562 - INFO - IA: Raquette droite déplacée de 236 à 243
2025-05-03 17:24:08,579 - INFO - JOUEUR: Raquette gauche déplacée de 222 à 215
2025-05-03 17:24:08,579 - INFO - IA: Raquette droite déplacée de 243 à 236
2025-05-03 17:24:08,597 - INFO - JOUEUR: Raquette gauche déplacée de 215 à 208
2025-05-03 17:24:08,597 - INFO - IA: Raquette droite déplacée de 236 à 229
2025-05-03 17:24:08,614 - INFO - JOUEUR: Raquette gauche déplacée de 208 à 201
2025-05-03 17:24:08,614 - INFO - IA: Raquette droite déplacée de 229 à 222
2025-05-03 17:24:08,631 - INFO - JOUEUR: Raquette gauche déplacée de 201 à 194
2025-05-03 17:24:08,631 - INFO - IA: Raquette droite déplacée de 222 à 215
2025-05-03 17:24:08,649 - INFO - JOUEUR: Raquette gauche déplacée de 194 à 187
2025-05-03 17:24:08,649 - INFO - IA: Raquette droite déplacée de 215 à 208
2025-05-03 17:24:08,667 - INFO - JOUEUR: Raquette gauche déplacée de 187 à 180
2025-05-03 17:24:08,667 - INFO - IA: Raquette droite déplacée de 208 à 215
2025-05-03 17:24:08,685 - INFO - JOUEUR: Raquette gauche déplacée de 180 à 173
2025-05-03 17:24:08,685 - INFO - IA: Raquette droite déplacée de 215 à 208
2025-05-03 17:24:08,702 - INFO - JOUEUR: Raquette gauche déplacée de 173 à 166
2025-05-03 17:24:08,719 - INFO - JOUEUR: Raquette gauche déplacée de 166 à 159
2025-05-03 17:24:08,719 - INFO - IA: Raquette droite déplacée de 208 à 201
2025-05-03 17:24:08,737 - INFO - JOUEUR: Raquette gauche déplacée de 159 à 152
2025-05-03 17:24:08,737 - INFO - IA: Raquette droite déplacée de 201 à 194
2025-05-03 17:24:08,755 - INFO - JOUEUR: Raquette gauche déplacée de 152 à 145
2025-05-03 17:24:08,755 - INFO - IA: Raquette droite déplacée de 194 à 187
2025-05-03 17:24:08,773 - INFO - JOUEUR: Raquette gauche déplacée de 145 à 138
2025-05-03 17:24:08,773 - INFO - IA: Raquette droite déplacée de 187 à 180
2025-05-03 17:24:08,791 - INFO - JOUEUR: Raquette gauche déplacée de 138 à 131
2025-05-03 17:24:08,791 - INFO - IA: Raquette droite déplacée de 180 à 187
2025-05-03 17:24:08,809 - INFO - JOUEUR: Raquette gauche déplacée de 131 à 124
2025-05-03 17:24:08,809 - INFO - IA: Raquette droite déplacée de 187 à 180
2025-05-03 17:24:08,826 - INFO - JOUEUR: Raquette gauche déplacée de 124 à 117
2025-05-03 17:24:08,826 - INFO - IA: Raquette droite déplacée de 180 à 173
2025-05-03 17:24:08,843 - INFO - JOUEUR: Raquette gauche déplacée de 117 à 110
2025-05-03 17:24:08,843 - INFO - IA: Raquette droite déplacée de 173 à 166
2025-05-03 17:24:08,861 - INFO - JOUEUR: Raquette gauche déplacée de 110 à 103
2025-05-03 17:24:08,861 - INFO - IA: Raquette droite déplacée de 166 à 159
2025-05-03 17:24:08,879 - INFO - JOUEUR: Raquette gauche déplacée de 103 à 96
2025-05-03 17:24:08,879 - INFO - IA: Raquette droite déplacée de 159 à 152
2025-05-03 17:24:08,896 - INFO - JOUEUR: Raquette gauche déplacée de 96 à 89
2025-05-03 17:24:08,897 - INFO - IA: Raquette droite déplacée de 152 à 145
2025-05-03 17:24:08,914 - INFO - JOUEUR: Raquette gauche déplacée de 89 à 82
2025-05-03 17:24:08,915 - INFO - IA: Raquette droite déplacée de 145 à 138
2025-05-03 17:24:08,932 - INFO - JOUEUR: Raquette gauche déplacée de 82 à 75
2025-05-03 17:24:08,932 - INFO - IA: Raquette droite déplacée de 138 à 131
2025-05-03 17:24:08,950 - INFO - INPUT: Joueur relâche les touches directionnelles
2025-05-03 17:24:08,950 - INFO - IA: Raquette droite déplacée de 131 à 124
2025-05-03 17:24:08,950 - INFO - COLLISION: Balle a rebondi sur une raquette à la position (551, 143)
2025-05-03 17:24:08,967 - INFO - IA: Raquette droite déplacée de 124 à 131
2025-05-03 17:24:08,985 - INFO - IA: Raquette droite déplacée de 131 à 124
2025-05-03 17:24:09,004 - INFO - IA: Raquette droite déplacée de 124 à 117
2025-05-03 17:24:09,023 - INFO - IA: Raquette droite déplacée de 117 à 110
2025-05-03 17:24:09,040 - INFO - IA: Raquette droite déplacée de 110 à 103
2025-05-03 17:24:09,058 - INFO - IA: Raquette droite déplacée de 103 à 96
2025-05-03 17:24:09,075 - INFO - IA: Raquette droite déplacée de 96 à 89
2025-05-03 17:24:09,093 - INFO - IA: Raquette droite déplacée de 89 à 82
2025-05-03 17:24:09,110 - INFO - IA: Raquette droite déplacée de 82 à 75
2025-05-03 17:24:09,127 - INFO - IA: Raquette droite déplacée de 75 à 68
2025-05-03 17:24:09,144 - INFO - IA: Raquette droite déplacée de 68 à 61
2025-05-03 17:24:09,162 - INFO - IA: Raquette droite déplacée de 61 à 54
2025-05-03 17:24:09,179 - INFO - IA: Raquette droite déplacée de 54 à 61
2025-05-03 17:24:09,196 - INFO - IA: Raquette droite déplacée de 61 à 68
2025-05-03 17:24:09,214 - INFO - IA: Raquette droite déplacée de 68 à 61
2025-05-03 17:24:09,232 - INFO - IA: Raquette droite déplacée de 61 à 54
2025-05-03 17:24:09,249 - INFO - IA: Raquette droite déplacée de 54 à 47
2025-05-03 17:24:09,266 - INFO - IA: Raquette droite déplacée de 47 à 40
2025-05-03 17:24:09,285 - INFO - IA: Raquette droite déplacée de 40 à 33
2025-05-03 17:24:09,302 - INFO - IA: Raquette droite déplacée de 33 à 40
2025-05-03 17:24:09,319 - INFO - IA: Raquette droite déplacée de 40 à 33
2025-05-03 17:24:09,336 - INFO - IA: Raquette droite déplacée de 33 à 26
2025-05-03 17:24:09,353 - INFO - IA: Raquette droite déplacée de 26 à 19
2025-05-03 17:24:09,370 - INFO - IA: Raquette droite déplacée de 19 à 12
2025-05-03 17:24:09,387 - INFO - IA: Raquette droite déplacée de 12 à 5
2025-05-03 17:24:09,404 - INFO - IA: Raquette droite déplacée de 5 à 12
2025-05-03 17:24:09,421 - INFO - IA: Raquette droite déplacée de 12 à 5
2025-05-03 17:24:09,438 - INFO - IA: Raquette droite déplacée de 5 à 0
2025-05-03 17:24:09,455 - INFO - COLLISION: Balle a rebondi sur un mur à la position (348, -2)
2025-05-03 17:24:09,558 - INFO - IA: Raquette droite déplacée de 0 à 7
2025-05-03 17:24:09,575 - INFO - IA: Raquette droite déplacée de 7 à 0
2025-05-03 17:24:09,626 - INFO - IA: Raquette droite déplacée de 0 à 7
2025-05-03 17:24:09,643 - INFO - IA: Raquette droite déplacée de 7 à 14
2025-05-03 17:24:09,661 - INFO - IA: Raquette droite déplacée de 14 à 7
2025-05-03 17:24:09,679 - INFO - IA: Raquette droite déplacée de 7 à 14
2025-05-03 17:24:09,696 - INFO - IA: Raquette droite déplacée de 14 à 21
2025-05-03 17:24:09,713 - INFO - INPUT: Joueur appuie sur la touche BAS
2025-05-03 17:24:09,713 - INFO - JOUEUR: Raquette gauche déplacée de 75 à 82
2025-05-03 17:24:09,713 - INFO - IA: Raquette droite déplacée de 21 à 28
2025-05-03 17:24:09,730 - INFO - JOUEUR: Raquette gauche déplacée de 82 à 89
2025-05-03 17:24:09,730 - INFO - IA: Raquette droite déplacée de 28 à 35
2025-05-03 17:24:09,747 - INFO - JOUEUR: Raquette gauche déplacée de 89 à 96
2025-05-03 17:24:09,748 - INFO - IA: Raquette droite déplacée de 35 à 28
2025-05-03 17:24:09,765 - INFO - JOUEUR: Raquette gauche déplacée de 96 à 103
2025-05-03 17:24:09,765 - INFO - IA: Raquette droite déplacée de 28 à 35
2025-05-03 17:24:09,783 - INFO - JOUEUR: Raquette gauche déplacée de 103 à 110
2025-05-03 17:24:09,783 - INFO - IA: Raquette droite déplacée de 35 à 42
2025-05-03 17:24:09,800 - INFO - JOUEUR: Raquette gauche déplacée de 110 à 117
2025-05-03 17:24:09,801 - INFO - IA: Raquette droite déplacée de 42 à 49
2025-05-03 17:24:09,818 - INFO - JOUEUR: Raquette gauche déplacée de 117 à 124
2025-05-03 17:24:09,818 - INFO - IA: Raquette droite déplacée de 49 à 56
2025-05-03 17:24:09,835 - INFO - INPUT: Joueur relâche les touches directionnelles
2025-05-03 17:24:09,835 - INFO - IA: Raquette droite déplacée de 56 à 63
2025-05-03 17:24:09,852 - INFO - IA: Raquette droite déplacée de 63 à 70
2025-05-03 17:24:09,870 - INFO - IA: Raquette droite déplacée de 70 à 77
2025-05-03 17:24:09,887 - INFO - IA: Raquette droite déplacée de 77 à 70
2025-05-03 17:24:09,905 - INFO - IA: Raquette droite déplacée de 70 à 77
2025-05-03 17:24:09,922 - INFO - IA: Raquette droite déplacée de 77 à 84
2025-05-03 17:24:09,939 - INFO - IA: Raquette droite déplacée de 84 à 77
2025-05-03 17:24:09,957 - INFO - IA: Raquette droite déplacée de 77 à 84
2025-05-03 17:24:09,974 - INFO - IA: Raquette droite déplacée de 84 à 91
2025-05-03 17:24:09,992 - INFO - IA: Raquette droite déplacée de 91 à 98
2025-05-03 17:24:10,009 - INFO - IA: Raquette droite déplacée de 98 à 105
2025-05-03 17:24:10,027 - INFO - IA: Raquette droite déplacée de 105 à 112
2025-05-03 17:24:10,045 - INFO - IA: Raquette droite déplacée de 112 à 119
2025-05-03 17:24:10,063 - INFO - INPUT: Joueur appuie sur la touche BAS
2025-05-03 17:24:10,063 - INFO - JOUEUR: Raquette gauche déplacée de 124 à 131
2025-05-03 17:24:10,063 - INFO - IA: Raquette droite déplacée de 119 à 126
2025-05-03 17:24:10,081 - INFO - JOUEUR: Raquette gauche déplacée de 131 à 138
2025-05-03 17:24:10,081 - INFO - IA: Raquette droite déplacée de 126 à 119
2025-05-03 17:24:10,098 - INFO - JOUEUR: Raquette gauche déplacée de 138 à 145
2025-05-03 17:24:10,098 - INFO - IA: Raquette droite déplacée de 119 à 126
2025-05-03 17:24:10,116 - INFO - JOUEUR: Raquette gauche déplacée de 145 à 152
2025-05-03 17:24:10,116 - INFO - IA: Raquette droite déplacée de 126 à 133
2025-05-03 17:24:10,133 - INFO - JOUEUR: Raquette gauche déplacée de 152 à 159
2025-05-03 17:24:10,133 - INFO - IA: Raquette droite déplacée de 133 à 126
2025-05-03 17:24:10,150 - INFO - JOUEUR: Raquette gauche déplacée de 159 à 166
2025-05-03 17:24:10,150 - INFO - IA: Raquette droite déplacée de 126 à 133
2025-05-03 17:24:10,168 - INFO - JOUEUR: Raquette gauche déplacée de 166 à 173
2025-05-03 17:24:10,168 - INFO - IA: Raquette droite déplacée de 133 à 140
2025-05-03 17:24:10,185 - INFO - JOUEUR: Raquette gauche déplacée de 173 à 180
2025-05-03 17:24:10,185 - INFO - IA: Raquette droite déplacée de 140 à 147
2025-05-03 17:24:10,203 - INFO - JOUEUR: Raquette gauche déplacée de 180 à 187
2025-05-03 17:24:10,203 - INFO - IA: Raquette droite déplacée de 147 à 154
2025-05-03 17:24:10,220 - INFO - INPUT: Joueur relâche les touches directionnelles
2025-05-03 17:24:10,221 - INFO - IA: Raquette droite déplacée de 154 à 161
2025-05-03 17:24:10,239 - INFO - IA: Raquette droite déplacée de 161 à 168
2025-05-03 17:24:10,239 - INFO - COLLISION: Balle a rebondi sur une raquette à la position (33, 223)
2025-05-03 17:24:10,256 - INFO - IA: Raquette droite déplacée de 168 à 175
2025-05-03 17:24:10,273 - INFO - IA: Raquette droite déplacée de 175 à 182
2025-05-03 17:24:10,291 - INFO - IA: Raquette droite déplacée de 182 à 189
2025-05-03 17:24:10,308 - INFO - IA: Raquette droite déplacée de 189 à 196
2025-05-03 17:24:10,325 - INFO - IA: Raquette droite déplacée de 196 à 189
2025-05-03 17:24:10,342 - INFO - IA: Raquette droite déplacée de 189 à 196
2025-05-03 17:24:10,359 - INFO - IA: Raquette droite déplacée de 196 à 203
2025-05-03 17:24:10,377 - INFO - IA: Raquette droite déplacée de 203 à 210
2025-05-03 17:24:10,393 - INFO - IA: Raquette droite déplacée de 210 à 203
2025-05-03 17:24:10,410 - INFO - IA: Raquette droite déplacée de 203 à 210
2025-05-03 17:24:10,427 - INFO - INPUT: Joueur appuie sur la touche BAS
2025-05-03 17:24:10,427 - INFO - JOUEUR: Raquette gauche déplacée de 187 à 194
2025-05-03 17:24:10,427 - INFO - IA: Raquette droite déplacée de 210 à 217
2025-05-03 17:24:10,444 - INFO - JOUEUR: Raquette gauche déplacée de 194 à 201
2025-05-03 17:24:10,445 - INFO - IA: Raquette droite déplacée de 217 à 210
2025-05-03 17:24:10,462 - INFO - JOUEUR: Raquette gauche déplacée de 201 à 208
2025-05-03 17:24:10,462 - INFO - IA: Raquette droite déplacée de 210 à 217
2025-05-03 17:24:10,479 - INFO - JOUEUR: Raquette gauche déplacée de 208 à 215
2025-05-03 17:24:10,479 - INFO - IA: Raquette droite déplacée de 217 à 224
2025-05-03 17:24:10,496 - INFO - JOUEUR: Raquette gauche déplacée de 215 à 222
2025-05-03 17:24:10,496 - INFO - IA: Raquette droite déplacée de 224 à 231
2025-05-03 17:24:10,513 - INFO - JOUEUR: Raquette gauche déplacée de 222 à 229
2025-05-03 17:24:10,513 - INFO - IA: Raquette droite déplacée de 231 à 238
2025-05-03 17:24:10,530 - INFO - JOUEUR: Raquette gauche déplacée de 229 à 236
2025-05-03 17:24:10,531 - INFO - IA: Raquette droite déplacée de 238 à 245
2025-05-03 17:24:10,551 - INFO - INPUT: Joueur relâche les touches directionnelles
2025-05-03 17:24:10,551 - INFO - IA: Raquette droite déplacée de 245 à 252
2025-05-03 17:24:10,569 - INFO - IA: Raquette droite déplacée de 252 à 259
2025-05-03 17:24:10,586 - INFO - IA: Raquette droite déplacée de 259 à 266
2025-05-03 17:24:10,603 - INFO - IA: Raquette droite déplacée de 266 à 273
2025-05-03 17:24:10,621 - INFO - IA: Raquette droite déplacée de 273 à 280
2025-05-03 17:24:10,639 - INFO - IA: Raquette droite déplacée de 280 à 273
2025-05-03 17:24:10,657 - INFO - IA: Raquette droite déplacée de 273 à 280
2025-05-03 17:24:10,675 - INFO - IA: Raquette droite déplacée de 280 à 287
2025-05-03 17:24:10,692 - INFO - IA: Raquette droite déplacée de 287 à 294
2025-05-03 17:24:10,709 - INFO - IA: Raquette droite déplacée de 294 à 301
2025-05-03 17:24:10,726 - INFO - IA: Raquette droite déplacée de 301 à 294
2025-05-03 17:24:10,743 - INFO - IA: Raquette droite déplacée de 294 à 301
2025-05-03 17:24:10,760 - INFO - IA: Raquette droite déplacée de 301 à 308
2025-05-03 17:24:10,777 - INFO - IA: Raquette droite déplacée de 308 à 315
2025-05-03 17:24:10,794 - INFO - IA: Raquette droite déplacée de 315 à 322
2025-05-03 17:24:10,812 - INFO - IA: Raquette droite déplacée de 322 à 329
2025-05-03 17:24:10,830 - INFO - IA: Raquette droite déplacée de 329 à 336
2025-05-03 17:24:10,848 - INFO - IA: Raquette droite déplacée de 336 à 343
2025-05-03 17:24:10,883 - INFO - IA: Raquette droite déplacée de 343 à 350
2025-05-03 17:24:10,900 - INFO - IA: Raquette droite déplacée de 350 à 357
2025-05-03 17:24:10,918 - INFO - IA: Raquette droite déplacée de 357 à 364
2025-05-03 17:24:10,935 - INFO - IA: Raquette droite déplacée de 364 à 357
2025-05-03 17:24:10,953 - INFO - IA: Raquette droite déplacée de 357 à 364
2025-05-03 17:24:10,970 - INFO - IA: Raquette droite déplacée de 364 à 371
2025-05-03 17:24:10,988 - INFO - IA: Raquette droite déplacée de 371 à 378
2025-05-03 17:24:11,005 - INFO - IA: Raquette droite déplacée de 378 à 385
2025-05-03 17:24:11,023 - INFO - IA: Raquette droite déplacée de 385 à 390
2025-05-03 17:24:11,040 - INFO - IA: Raquette droite déplacée de 390 à 383
2025-05-03 17:24:11,057 - INFO - IA: Raquette droite déplacée de 383 à 390
2025-05-03 17:24:11,092 - INFO - COLLISION: Balle a rebondi sur un mur à la position (425, 468)
2025-05-03 17:24:11,214 - INFO - IA: Raquette droite déplacée de 390 à 383
2025-05-03 17:24:11,231 - INFO - IA: Raquette droite déplacée de 383 à 390
2025-05-03 17:24:11,265 - INFO - IA: Raquette droite déplacée de 390 à 383
2025-05-03 17:24:11,282 - INFO - IA: Raquette droite déplacée de 383 à 390
2025-05-03 17:24:11,317 - INFO - IA: Raquette droite déplacée de 390 à 383
2025-05-03 17:24:11,334 - INFO - IA: Raquette droite déplacée de 383 à 376
2025-05-03 17:24:11,351 - INFO - IA: Raquette droite déplacée de 376 à 369
2025-05-03 17:24:11,369 - INFO - IA: Raquette droite déplacée de 369 à 362
2025-05-03 17:24:11,369 - INFO - COLLISION: Balle a rebondi sur une raquette à la position (553, 388)
2025-05-03 17:24:11,387 - INFO - IA: Raquette droite déplacée de 362 à 355
2025-05-03 17:24:11,404 - INFO - IA: Raquette droite déplacée de 355 à 362
2025-05-03 17:24:11,421 - INFO - IA: Raquette droite déplacée de 362 à 355
2025-05-03 17:24:11,438 - INFO - IA: Raquette droite déplacée de 355 à 348
2025-05-03 17:24:11,456 - INFO - IA: Raquette droite déplacée de 348 à 341
2025-05-03 17:24:11,474 - INFO - IA: Raquette droite déplacée de 341 à 348
2025-05-03 17:24:11,491 - INFO - IA: Raquette droite déplacée de 348 à 341
2025-05-03 17:24:11,508 - INFO - IA: Raquette droite déplacée de 341 à 334
2025-05-03 17:24:11,525 - INFO - INPUT: Joueur appuie sur la touche HAUT
2025-05-03 17:24:11,525 - INFO - JOUEUR: Raquette gauche déplacée de 236 à 229
2025-05-03 17:24:11,525 - INFO - IA: Raquette droite déplacée de 334 à 327
2025-05-03 17:24:11,542 - INFO - JOUEUR: Raquette gauche déplacée de 229 à 222
2025-05-03 17:24:11,542 - INFO - IA: Raquette droite déplacée de 327 à 320
2025-05-03 17:24:11,559 - INFO - JOUEUR: Raquette gauche déplacée de 222 à 215
2025-05-03 17:24:11,559 - INFO - IA: Raquette droite déplacée de 320 à 313
2025-05-03 17:24:11,576 - INFO - JOUEUR: Raquette gauche déplacée de 215 à 208
2025-05-03 17:24:11,576 - INFO - IA: Raquette droite déplacée de 313 à 306
2025-05-03 17:24:11,594 - INFO - JOUEUR: Raquette gauche déplacée de 208 à 201
2025-05-03 17:24:11,594 - INFO - IA: Raquette droite déplacée de 306 à 299
2025-05-03 17:24:11,611 - INFO - JOUEUR: Raquette gauche déplacée de 201 à 194
2025-05-03 17:24:11,611 - INFO - IA: Raquette droite déplacée de 299 à 292
2025-05-03 17:24:11,629 - INFO - JOUEUR: Raquette gauche déplacée de 194 à 187
2025-05-03 17:24:11,630 - INFO - IA: Raquette droite déplacée de 292 à 285
2025-05-03 17:24:11,649 - INFO - JOUEUR: Raquette gauche déplacée de 187 à 180
2025-05-03 17:24:11,649 - INFO - IA: Raquette droite déplacée de 285 à 292
2025-05-03 17:24:11,666 - INFO - JOUEUR: Raquette gauche déplacée de 180 à 173
2025-05-03 17:24:11,666 - INFO - IA: Raquette droite déplacée de 292 à 285
2025-05-03 17:24:11,684 - INFO - JOUEUR: Raquette gauche déplacée de 173 à 166
2025-05-03 17:24:11,684 - INFO - IA: Raquette droite déplacée de 285 à 278
2025-05-03 17:24:11,702 - INFO - JOUEUR: Raquette gauche déplacée de 166 à 159
2025-05-03 17:24:11,702 - INFO - IA: Raquette droite déplacée de 278 à 271
2025-05-03 17:24:11,719 - INFO - JOUEUR: Raquette gauche déplacée de 159 à 152
2025-05-03 17:24:11,719 - INFO - IA: Raquette droite déplacée de 271 à 278
2025-05-03 17:24:11,736 - INFO - JOUEUR: Raquette gauche déplacée de 152 à 145
2025-05-03 17:24:11,737 - INFO - IA: Raquette droite déplacée de 278 à 271
2025-05-03 17:24:11,754 - INFO - JOUEUR: Raquette gauche déplacée de 145 à 138
2025-05-03 17:24:11,754 - INFO - IA: Raquette droite déplacée de 271 à 264
2025-05-03 17:24:11,771 - INFO - JOUEUR: Raquette gauche déplacée de 138 à 131
2025-05-03 17:24:11,771 - INFO - IA: Raquette droite déplacée de 264 à 257
2025-05-03 17:24:11,789 - INFO - JOUEUR: Raquette gauche déplacée de 131 à 124
2025-05-03 17:24:11,789 - INFO - IA: Raquette droite déplacée de 257 à 250
2025-05-03 17:24:11,807 - INFO - JOUEUR: Raquette gauche déplacée de 124 à 117
2025-05-03 17:24:11,807 - INFO - IA: Raquette droite déplacée de 250 à 243
2025-05-03 17:24:11,824 - INFO - JOUEUR: Raquette gauche déplacée de 117 à 110
2025-05-03 17:24:11,825 - INFO - IA: Raquette droite déplacée de 243 à 236
2025-05-03 17:24:11,843 - INFO - JOUEUR: Raquette gauche déplacée de 110 à 103
2025-05-03 17:24:11,843 - INFO - IA: Raquette droite déplacée de 236 à 229
2025-05-03 17:24:11,859 - INFO - JOUEUR: Raquette gauche déplacée de 103 à 96
2025-05-03 17:24:11,859 - INFO - IA: Raquette droite déplacée de 229 à 222
2025-05-03 17:24:11,877 - INFO - JOUEUR: Raquette gauche déplacée de 96 à 89
2025-05-03 17:24:11,877 - INFO - IA: Raquette droite déplacée de 222 à 229
2025-05-03 17:24:11,896 - INFO - INPUT: Joueur relâche les touches directionnelles
2025-05-03 17:24:11,896 - INFO - IA: Raquette droite déplacée de 229 à 222
2025-05-03 17:24:11,914 - INFO - IA: Raquette droite déplacée de 222 à 215
2025-05-03 17:24:11,932 - INFO - IA: Raquette droite déplacée de 215 à 208
2025-05-03 17:24:11,949 - INFO - IA: Raquette droite déplacée de 208 à 201
2025-05-03 17:24:11,966 - INFO - IA: Raquette droite déplacée de 201 à 194
2025-05-03 17:24:11,984 - INFO - IA: Raquette droite déplacée de 194 à 201
2025-05-03 17:24:12,001 - INFO - IA: Raquette droite déplacée de 201 à 208
2025-05-03 17:24:12,019 - INFO - IA: Raquette droite déplacée de 208 à 201
2025-05-03 17:24:12,036 - INFO - IA: Raquette droite déplacée de 201 à 194
2025-05-03 17:24:12,054 - INFO - IA: Raquette droite déplacée de 194 à 187
2025-05-03 17:24:12,072 - INFO - IA: Raquette droite déplacée de 187 à 180
2025-05-03 17:24:12,090 - INFO - INPUT: Joueur appuie sur la touche BAS
2025-05-03 17:24:12,090 - INFO - JOUEUR: Raquette gauche déplacée de 89 à 96
2025-05-03 17:24:12,090 - INFO - IA: Raquette droite déplacée de 180 à 173
2025-05-03 17:24:12,107 - INFO - JOUEUR: Raquette gauche déplacée de 96 à 103
2025-05-03 17:24:12,108 - INFO - IA: Raquette droite déplacée de 173 à 166
2025-05-03 17:24:12,125 - INFO - JOUEUR: Raquette gauche déplacée de 103 à 110
2025-05-03 17:24:12,126 - INFO - IA: Raquette droite déplacée de 166 à 159
2025-05-03 17:24:12,142 - INFO - JOUEUR: Raquette gauche déplacée de 110 à 117
2025-05-03 17:24:12,142 - INFO - IA: Raquette droite déplacée de 159 à 152
2025-05-03 17:24:12,159 - INFO - JOUEUR: Raquette gauche déplacée de 117 à 124
2025-05-03 17:24:12,160 - INFO - IA: Raquette droite déplacée de 152 à 145
2025-05-03 17:24:12,178 - INFO - JOUEUR: Raquette gauche déplacée de 124 à 131
2025-05-03 17:24:12,178 - INFO - IA: Raquette droite déplacée de 145 à 138
2025-05-03 17:24:12,195 - INFO - JOUEUR: Raquette gauche déplacée de 131 à 138
2025-05-03 17:24:12,195 - INFO - IA: Raquette droite déplacée de 138 à 131
2025-05-03 17:24:12,212 - INFO - JOUEUR: Raquette gauche déplacée de 138 à 145
2025-05-03 17:24:12,212 - INFO - IA: Raquette droite déplacée de 131 à 124
2025-05-03 17:24:12,229 - INFO - JOUEUR: Raquette gauche déplacée de 145 à 152
2025-05-03 17:24:12,229 - INFO - IA: Raquette droite déplacée de 124 à 117
2025-05-03 17:24:12,247 - INFO - JOUEUR: Raquette gauche déplacée de 152 à 159
2025-05-03 17:24:12,247 - INFO - IA: Raquette droite déplacée de 117 à 110
2025-05-03 17:24:12,266 - INFO - INPUT: Joueur relâche les touches directionnelles
2025-05-03 17:24:12,266 - INFO - IA: Raquette droite déplacée de 110 à 103
2025-05-03 17:24:12,284 - INFO - IA: Raquette droite déplacée de 103 à 110
2025-05-03 17:24:12,302 - INFO - IA: Raquette droite déplacée de 110 à 117
2025-05-03 17:24:12,319 - INFO - IA: Raquette droite déplacée de 117 à 110
2025-05-03 17:24:12,336 - INFO - IA: Raquette droite déplacée de 110 à 103
2025-05-03 17:24:12,353 - INFO - IA: Raquette droite déplacée de 103 à 96
2025-05-03 17:24:12,370 - INFO - IA: Raquette droite déplacée de 96 à 89
2025-05-03 17:24:12,388 - INFO - IA: Raquette droite déplacée de 89 à 82
2025-05-03 17:24:12,405 - INFO - IA: Raquette droite déplacée de 82 à 75
2025-05-03 17:24:12,423 - INFO - IA: Raquette droite déplacée de 75 à 68
2025-05-03 17:24:12,441 - INFO - INPUT: Joueur appuie sur la touche HAUT
2025-05-03 17:24:12,441 - INFO - JOUEUR: Raquette gauche déplacée de 159 à 152
2025-05-03 17:24:12,441 - INFO - IA: Raquette droite déplacée de 68 à 61
2025-05-03 17:24:12,458 - INFO - JOUEUR: Raquette gauche déplacée de 152 à 145
2025-05-03 17:24:12,458 - INFO - IA: Raquette droite déplacée de 61 à 54
2025-05-03 17:24:12,458 - INFO - POINT: Joueur droite (IA) marque un point! Score: 0-5
2025-05-03 17:24:12,474 - INFO - JOUEUR: Raquette gauche déplacée de 145 à 138
2025-05-03 17:24:12,475 - INFO - IA: Raquette droite déplacée de 54 à 61
2025-05-03 17:24:12,492 - INFO - JOUEUR: Raquette gauche déplacée de 138 à 131
2025-05-03 17:24:12,492 - INFO - IA: Raquette droite déplacée de 61 à 68
2025-05-03 17:24:12,509 - INFO - JOUEUR: Raquette gauche déplacée de 131 à 124
2025-05-03 17:24:12,509 - INFO - IA: Raquette droite déplacée de 68 à 75
2025-05-03 17:24:12,526 - INFO - JOUEUR: Raquette gauche déplacée de 124 à 117
2025-05-03 17:24:12,526 - INFO - IA: Raquette droite déplacée de 75 à 82
2025-05-03 17:24:12,543 - INFO - JOUEUR: Raquette gauche déplacée de 117 à 110
2025-05-03 17:24:12,543 - INFO - IA: Raquette droite déplacée de 82 à 89
2025-05-03 17:24:12,560 - INFO - JOUEUR: Raquette gauche déplacée de 110 à 103
2025-05-03 17:24:12,560 - INFO - IA: Raquette droite déplacée de 89 à 96
2025-05-03 17:24:12,577 - INFO - JOUEUR: Raquette gauche déplacée de 103 à 96
2025-05-03 17:24:12,578 - INFO - IA: Raquette droite déplacée de 96 à 103
2025-05-03 17:24:12,595 - INFO - JOUEUR: Raquette gauche déplacée de 96 à 89
2025-05-03 17:24:12,595 - INFO - IA: Raquette droite déplacée de 103 à 110
2025-05-03 17:24:12,613 - INFO - JOUEUR: Raquette gauche déplacée de 89 à 82
2025-05-03 17:24:12,613 - INFO - IA: Raquette droite déplacée de 110 à 117
2025-05-03 17:24:12,630 - INFO - JOUEUR: Raquette gauche déplacée de 82 à 75
2025-05-03 17:24:12,631 - INFO - IA: Raquette droite déplacée de 117 à 124
2025-05-03 17:24:12,648 - INFO - JOUEUR: Raquette gauche déplacée de 75 à 68
2025-05-03 17:24:12,649 - INFO - IA: Raquette droite déplacée de 124 à 131
2025-05-03 17:24:12,666 - INFO - JOUEUR: Raquette gauche déplacée de 68 à 61
2025-05-03 17:24:12,666 - INFO - IA: Raquette droite déplacée de 131 à 138
2025-05-03 17:24:12,683 - INFO - INPUT: Joueur relâche les touches directionnelles
2025-05-03 17:24:12,684 - INFO - IA: Raquette droite déplacée de 138 à 131
2025-05-03 17:24:12,702 - INFO - IA: Raquette droite déplacée de 131 à 124
2025-05-03 17:24:12,719 - INFO - IA: Raquette droite déplacée de 124 à 117
2025-05-03 17:24:12,737 - INFO - IA: Raquette droite déplacée de 117 à 124
2025-05-03 17:24:12,754 - INFO - IA: Raquette droite déplacée de 124 à 117
2025-05-03 17:24:12,770 - INFO - IA: Raquette droite déplacée de 117 à 110
2025-05-03 17:24:12,787 - INFO - IA: Raquette droite déplacée de 110 à 103
2025-05-03 17:24:12,804 - INFO - IA: Raquette droite déplacée de 103 à 110
2025-05-03 17:24:12,821 - INFO - IA: Raquette droite déplacée de 110 à 103
2025-05-03 17:24:12,838 - INFO - IA: Raquette droite déplacée de 103 à 96
2025-05-03 17:24:12,855 - INFO - IA: Raquette droite déplacée de 96 à 89
2025-05-03 17:24:12,872 - INFO - IA: Raquette droite déplacée de 89 à 82
2025-05-03 17:24:12,889 - INFO - IA: Raquette droite déplacée de 82 à 89
2025-05-03 17:24:12,907 - INFO - IA: Raquette droite déplacée de 89 à 96
2025-05-03 17:24:12,925 - INFO - IA: Raquette droite déplacée de 96 à 89
2025-05-03 17:24:12,943 - INFO - IA: Raquette droite déplacée de 89 à 82
2025-05-03 17:24:12,960 - INFO - IA: Raquette droite déplacée de 82 à 75
2025-05-03 17:24:12,978 - INFO - IA: Raquette droite déplacée de 75 à 68
2025-05-03 17:24:12,995 - INFO - IA: Raquette droite déplacée de 68 à 75
2025-05-03 17:24:13,012 - INFO - IA: Raquette droite déplacée de 75 à 68
2025-05-03 17:24:13,029 - INFO - IA: Raquette droite déplacée de 68 à 61
2025-05-03 17:24:13,047 - INFO - IA: Raquette droite déplacée de 61 à 54
2025-05-03 17:24:13,065 - INFO - IA: Raquette droite déplacée de 54 à 47
2025-05-03 17:24:13,082 - INFO - IA: Raquette droite déplacée de 47 à 40
2025-05-03 17:24:13,099 - INFO - IA: Raquette droite déplacée de 40 à 33
2025-05-03 17:24:13,116 - INFO - IA: Raquette droite déplacée de 33 à 26
2025-05-03 17:24:13,133 - INFO - IA: Raquette droite déplacée de 26 à 19
2025-05-03 17:24:13,150 - INFO - IA: Raquette droite déplacée de 19 à 12
2025-05-03 17:24:13,167 - INFO - IA: Raquette droite déplacée de 12 à 19
2025-05-03 17:24:13,188 - INFO - IA: Raquette droite déplacée de 19 à 12
2025-05-03 17:24:13,206 - INFO - IA: Raquette droite déplacée de 12 à 5
2025-05-03 17:24:13,224 - INFO - IA: Raquette droite déplacée de 5 à 0
2025-05-03 17:24:13,241 - INFO - IA: Raquette droite déplacée de 0 à 7
2025-05-03 17:24:13,258 - INFO - IA: Raquette droite déplacée de 7 à 0
2025-05-03 17:24:13,275 - INFO - COLLISION: Balle a rebondi sur un mur à la position (58, -2)
2025-05-03 17:24:13,409 - INFO - IA: Raquette droite déplacée de 0 à 7
2025-05-03 17:24:13,426 - INFO - IA: Raquette droite déplacée de 7 à 14
2025-05-03 17:24:13,443 - INFO - IA: Raquette droite déplacée de 14 à 21
2025-05-03 17:24:13,443 - INFO - COLLISION: Balle a rebondi sur une raquette à la position (8, 48)
2025-05-03 17:24:13,461 - INFO - IA: Raquette droite déplacée de 21 à 14
2025-05-03 17:24:13,461 - INFO - COLLISION: Balle a rebondi sur une raquette à la position (14, 53)
2025-05-03 17:24:13,480 - INFO - IA: Raquette droite déplacée de 14 à 21
2025-05-03 17:24:13,480 - INFO - COLLISION: Balle a rebondi sur une raquette à la position (8, 58)
2025-05-03 17:24:13,499 - INFO - IA: Raquette droite déplacée de 21 à 28
2025-05-03 17:24:13,499 - INFO - COLLISION: Balle a rebondi sur une raquette à la position (15, 63)
2025-05-03 17:24:13,516 - INFO - COLLISION: Balle a rebondi sur une raquette à la position (8, 68)
2025-05-03 17:24:13,533 - INFO - IA: Raquette droite déplacée de 28 à 21
2025-05-03 17:24:13,533 - INFO - COLLISION: Balle a rebondi sur une raquette à la position (16, 73)
2025-05-03 17:24:13,550 - INFO - IA: Raquette droite déplacée de 21 à 14
2025-05-03 17:24:13,550 - INFO - COLLISION: Balle a rebondi sur une raquette à la position (7, 78)
2025-05-03 17:24:13,568 - INFO - IA: Raquette droite déplacée de 14 à 21
2025-05-03 17:24:13,568 - INFO - COLLISION: Balle a rebondi sur une raquette à la position (17, 83)
2025-05-03 17:24:13,585 - INFO - COLLISION: Balle a rebondi sur une raquette à la position (6, 88)
2025-05-03 17:24:13,603 - INFO - IA: Raquette droite déplacée de 21 à 28
2025-05-03 17:24:13,603 - INFO - COLLISION: Balle a rebondi sur une raquette à la position (18, 93)
2025-05-03 17:24:13,620 - INFO - IA: Raquette droite déplacée de 28 à 35
2025-05-03 17:24:13,637 - INFO - POINT: Joueur droite (IA) marque un point! Score: 0-6
2025-05-03 17:24:13,655 - INFO - IA: Raquette droite déplacée de 35 à 42
2025-05-03 17:24:13,673 - INFO - IA: Raquette droite déplacée de 42 à 49
2025-05-03 17:24:13,690 - INFO - IA: Raquette droite déplacée de 49 à 56
2025-05-03 17:24:13,706 - INFO - IA: Raquette droite déplacée de 56 à 63
2025-05-03 17:24:13,724 - INFO - IA: Raquette droite déplacée de 63 à 70
2025-05-03 17:24:13,741 - INFO - IA: Raquette droite déplacée de 70 à 77
2025-05-03 17:24:13,759 - INFO - IA: Raquette droite déplacée de 77 à 84
2025-05-03 17:24:13,776 - INFO - IA: Raquette droite déplacée de 84 à 91
2025-05-03 17:24:13,793 - INFO - IA: Raquette droite déplacée de 91 à 98
2025-05-03 17:24:13,810 - INFO - IA: Raquette droite déplacée de 98 à 105
2025-05-03 17:24:13,828 - INFO - IA: Raquette droite déplacée de 105 à 112
2025-05-03 17:24:13,845 - INFO - IA: Raquette droite déplacée de 112 à 119
2025-05-03 17:24:13,863 - INFO - IA: Raquette droite déplacée de 119 à 126
2025-05-03 17:24:13,880 - INFO - IA: Raquette droite déplacée de 126 à 133
2025-05-03 17:24:13,898 - INFO - IA: Raquette droite déplacée de 133 à 140
2025-05-03 17:24:13,916 - INFO - IA: Raquette droite déplacée de 140 à 147
2025-05-03 17:24:13,933 - INFO - IA: Raquette droite déplacée de 147 à 154
2025-05-03 17:24:13,950 - INFO - IA: Raquette droite déplacée de 154 à 161
2025-05-03 17:24:13,969 - INFO - IA: Raquette droite déplacée de 161 à 168
2025-05-03 17:24:13,987 - INFO - IA: Raquette droite déplacée de 168 à 175
2025-05-03 17:24:14,005 - INFO - IA: Raquette droite déplacée de 175 à 182
2025-05-03 17:24:14,022 - INFO - IA: Raquette droite déplacée de 182 à 189
2025-05-03 17:24:14,039 - INFO - IA: Raquette droite déplacée de 189 à 196
2025-05-03 17:24:14,057 - INFO - IA: Raquette droite déplacée de 196 à 203
2025-05-03 17:24:14,075 - INFO - IA: Raquette droite déplacée de 203 à 210
2025-05-03 17:24:14,092 - INFO - IA: Raquette droite déplacée de 210 à 217
2025-05-03 17:24:14,110 - INFO - IA: Raquette droite déplacée de 217 à 224
2025-05-03 17:24:14,127 - INFO - IA: Raquette droite déplacée de 224 à 231
2025-05-03 17:24:14,144 - INFO - IA: Raquette droite déplacée de 231 à 238
2025-05-03 17:24:14,162 - INFO - IA: Raquette droite déplacée de 238 à 245
2025-05-03 17:24:14,179 - INFO - IA: Raquette droite déplacée de 245 à 252
2025-05-03 17:24:14,198 - INFO - IA: Raquette droite déplacée de 252 à 259
2025-05-03 17:24:14,217 - INFO - IA: Raquette droite déplacée de 259 à 266
2025-05-03 17:24:14,234 - INFO - IA: Raquette droite déplacée de 266 à 273
2025-05-03 17:24:14,252 - INFO - IA: Raquette droite déplacée de 273 à 280
2025-05-03 17:24:14,270 - INFO - IA: Raquette droite déplacée de 280 à 287
2025-05-03 17:24:14,287 - INFO - IA: Raquette droite déplacée de 287 à 294
2025-05-03 17:24:14,304 - INFO - IA: Raquette droite déplacée de 294 à 301
2025-05-03 17:24:14,321 - INFO - IA: Raquette droite déplacée de 301 à 308
2025-05-03 17:24:14,338 - INFO - IA: Raquette droite déplacée de 308 à 315
2025-05-03 17:24:14,355 - INFO - IA: Raquette droite déplacée de 315 à 322
2025-05-03 17:24:14,373 - INFO - IA: Raquette droite déplacée de 322 à 329
2025-05-03 17:24:14,390 - INFO - IA: Raquette droite déplacée de 329 à 336
2025-05-03 17:24:14,407 - INFO - IA: Raquette droite déplacée de 336 à 343
2025-05-03 17:24:14,424 - INFO - IA: Raquette droite déplacée de 343 à 350
2025-05-03 17:24:14,441 - INFO - IA: Raquette droite déplacée de 350 à 357
2025-05-03 17:24:14,459 - INFO - IA: Raquette droite déplacée de 357 à 364
2025-05-03 17:24:14,459 - INFO - COLLISION: Balle a rebondi sur un mur à la position (58, 468)
2025-05-03 17:24:14,476 - INFO - IA: Raquette droite déplacée de 364 à 371
2025-05-03 17:24:14,494 - INFO - IA: Raquette droite déplacée de 371 à 378
2025-05-03 17:24:14,511 - INFO - IA: Raquette droite déplacée de 378 à 385
2025-05-03 17:24:14,529 - INFO - IA: Raquette droite déplacée de 385 à 390
2025-05-03 17:24:14,635 - INFO - IA: Raquette droite déplacée de 390 à 383
2025-05-03 17:24:14,653 - INFO - IA: Raquette droite déplacée de 383 à 390
2025-05-03 17:24:14,671 - INFO - IA: Raquette droite déplacée de 390 à 383
2025-05-03 17:24:14,671 - INFO - POINT: Joueur droite (IA) marque un point! Score: 0-7
2025-05-03 17:24:14,688 - INFO - IA: Raquette droite déplacée de 383 à 376
2025-05-03 17:24:14,705 - INFO - IA: Raquette droite déplacée de 376 à 369
2025-05-03 17:24:14,723 - INFO - IA: Raquette droite déplacée de 369 à 362
2025-05-03 17:24:14,741 - INFO - IA: Raquette droite déplacée de 362 à 355
2025-05-03 17:24:14,758 - INFO - IA: Raquette droite déplacée de 355 à 348
2025-05-03 17:24:14,775 - INFO - IA: Raquette droite déplacée de 348 à 341
2025-05-03 17:24:14,794 - INFO - IA: Raquette droite déplacée de 341 à 334
2025-05-03 17:24:14,920 - INFO - IA: Raquette droite déplacée de 334 à 327
